rango_ingresos,frec_ingresos,plan_jubilacion,gasto_entretenimiento,gasto_prod_financieros,prod_cuenta_ahorro,prod_tarjeta_debito,comp_falta_dinero,comp_atraso_pagos,solicito_credito,perc_puede_imprevisto,perc_asegura_futuro,perc_maneja_presupuesto,perc_deuda_manejable,perc_control_sit,nivel_educativo,miembros_empleo_estable,estrato,fragilidad_label,ahorra,genero_Masculino
3.0,0.0,1,0,0,0.0,0.0,5,1,0.0,2,1,5.0,5.0,1.0,2.0,1.0,1.0,3.0,1,0
4.0,0.0,1,1,0,0.0,0.0,5,5,0.0,1,1,4.0,3.0,5.0,1.0,1.0,1.0,2.0,0,0
3.0,4.0,1,0,0,0.0,1.0,4,4,3.0,5,5,5.0,5.0,1.0,1.0,0.0,1.0,2.0,0,0
3.0,0.0,1,1,0,0.0,0.0,5,1,0.0,2,1,1.0,5.0,1.0,2.0,1.0,2.0,1.0,1,0
8.0,4.0,1,1,1,1.0,1.0,3,1,1.0,3,4,4.0,5.0,3.0,4.0,2.0,4.0,3.0,0,0
2.0,4.0,1,0,0,1.0,0.0,3,3,0.0,3,2,3.0,5.0,5.0,2.0,1.0,3.0,2.0,0,1
6.0,1.0,1,0,0,0.0,0.0,5,1,0.0,4,4,5.0,5.0,5.0,1.0,0.0,3.0,1.0,1,1
3.0,4.0,0,0,0,0.0,0.0,1,1,0.0,4,1,1.0,5.0,4.0,2.0,1.0,2.0,2.0,0,0
4.0,4.0,1,0,0,0.0,0.0,4,5,0.0,4,5,5.0,5.0,5.0,1.0,0.0,1.0,3.0,0,0
3.0,4.0,0,1,1,1.0,1.0,3,1,3.0,2,3,5.0,5.0,1.0,3.0,0.0,1.0,3.0,1,0
4.0,4.0,1,0,0,1.0,0.0,5,5,0.0,1,5,1.0,1.0,1.0,1.0,1.0,2.0,1.0,1,1
5.0,3.0,1,1,1,1.0,1.0,3,1,0.0,4,4,1.0,5.0,5.0,4.0,2.0,1.0,1.0,0,1
5.0,0.0,0,1,1,1.0,1.0,1,1,0.0,3,5,5.0,5.0,4.0,5.0,1.0,1.0,2.0,0,0
4.0,4.0,1,0,0,0.0,0.0,4,2,0.0,5,1,5.0,2.0,2.0,1.0,1.0,1.0,3.0,0,0
5.0,4.0,0,1,0,0.0,0.0,4,3,0.0,5,4,2.0,5.0,5.0,2.0,1.0,1.0,3.0,0,0
4.0,3.0,1,0,0,0.0,0.0,5,1,0.0,1,2,5.0,5.0,5.0,1.0,1.0,2.0,1.0,1,0
5.0,3.0,1,0,0,0.0,0.0,5,1,0.0,1,1,1.0,1.0,1.0,2.0,1.0,1.0,3.0,0,0
6.0,3.0,1,0,0,1.0,0.0,4,2,0.0,4,3,2.0,4.0,1.0,3.0,2.0,1.0,1.0,1,0
1.0,0.0,0,0,0,0.0,1.0,4,1,0.0,1,1,2.0,3.0,2.0,2.0,0.0,1.0,1.0,0,1
2.0,0.0,0,0,0,1.0,0.0,5,2,0.0,3,1,3.0,3.0,1.0,2.0,1.0,1.0,2.0,0,0
4.0,0.0,1,0,0,0.0,0.0,4,4,0.0,2,1,1.0,2.0,1.0,2.0,1.0,1.0,3.0,0,0
7.0,2.0,1,1,0,1.0,1.0,1,1,0.0,3,1,5.0,5.0,5.0,5.0,2.0,2.0,1.0,1,0
8.0,0.0,1,1,0,1.0,1.0,3,2,1.0,4,4,5.0,4.0,5.0,6.0,2.0,2.0,2.0,0,1
4.0,3.0,1,0,0,1.0,0.0,4,4,0.0,2,3,2.0,1.0,2.0,2.0,1.0,1.0,2.0,1,0
4.0,3.0,1,0,0,0.0,0.0,5,1,1.0,4,2,2.0,5.0,1.0,1.0,0.0,1.0,3.0,0,0
5.0,3.0,1,0,0,1.0,1.0,1,2,0.0,2,2,2.0,3.0,4.0,2.0,0.0,2.0,2.0,0,1
5.0,2.0,0,0,0,0.0,0.0,5,5,0.0,2,1,1.0,5.0,5.0,2.0,0.0,2.0,1.0,0,0
1.0,0.0,0,0,0,0.0,0.0,4,5,0.0,2,2,1.0,2.0,1.0,2.0,0.0,2.0,3.0,0,0
5.0,4.0,1,0,0,0.0,0.0,5,4,0.0,1,3,3.0,2.0,5.0,1.0,1.0,2.0,1.0,1,0
1.0,0.0,1,0,0,0.0,0.0,5,4,0.0,4,1,5.0,5.0,1.0,1.0,0.0,1.0,1.0,0,0
1.0,3.0,0,0,0,0.0,0.0,5,5,0.0,1,4,4.0,5.0,2.0,1.0,0.0,1.0,3.0,0,1
4.0,4.0,1,0,0,1.0,0.0,4,1,1.0,4,3,5.0,5.0,5.0,2.0,1.0,1.0,3.0,0,0
5.0,0.0,1,0,0,0.0,0.0,4,4,0.0,3,3,4.0,3.0,5.0,5.0,2.0,3.0,1.0,1,0
8.0,4.0,1,1,0,1.0,1.0,2,1,1.0,3,3,5.0,5.0,4.0,3.0,1.0,2.0,2.0,1,0
2.0,4.0,0,1,0,0.0,0.0,5,1,0.0,2,2,5.0,5.0,4.0,1.0,0.0,2.0,2.0,0,0
5.0,4.0,1,0,1,0.0,0.0,4,2,0.0,3,4,2.0,2.0,2.0,2.0,1.0,2.0,2.0,1,0
4.0,0.0,1,0,0,0.0,0.0,2,1,0.0,5,4,1.0,3.0,3.0,2.0,1.0,3.0,3.0,1,0
4.0,4.0,1,0,0,0.0,0.0,5,3,0.0,1,1,1.0,2.0,5.0,2.0,1.0,2.0,2.0,0,0
5.0,2.0,0,1,0,0.0,0.0,4,1,1.0,1,2,5.0,5.0,5.0,2.0,0.0,2.0,3.0,0,0
5.0,4.0,1,0,0,0.0,0.0,3,2,0.0,2,3,5.0,4.0,5.0,1.0,1.0,1.0,3.0,1,0
6.0,4.0,1,0,0,0.0,0.0,5,2,1.0,4,1,1.0,5.0,5.0,2.0,2.0,2.0,3.0,0,1
2.0,4.0,1,0,0,1.0,0.0,5,5,0.0,5,2,1.0,1.0,3.0,1.0,0.0,3.0,2.0,0,1
2.0,0.0,1,0,0,0.0,0.0,4,3,0.0,2,1,4.0,4.0,1.0,1.0,0.0,2.0,2.0,0,0
6.0,1.0,1,1,1,1.0,0.0,3,3,0.0,2,3,3.0,3.0,3.0,2.0,2.0,2.0,3.0,0,1
6.0,0.0,1,1,1,1.0,1.0,3,3,1.0,4,5,5.0,2.0,1.0,5.0,1.0,3.0,2.0,0,1
2.0,0.0,1,0,0,0.0,0.0,5,2,0.0,1,1,5.0,4.0,2.0,1.0,0.0,2.0,3.0,0,0
3.0,3.0,1,0,0,0.0,0.0,5,4,0.0,2,1,1.0,4.0,3.0,2.0,1.0,2.0,3.0,1,0
8.0,4.0,0,0,1,0.0,0.0,5,3,0.0,4,4,4.0,5.0,3.0,2.0,1.0,2.0,3.0,1,0
5.0,0.0,1,1,1,1.0,1.0,4,2,0.0,5,2,4.0,4.0,4.0,2.0,1.0,2.0,1.0,1,1
4.0,3.0,1,0,0,0.0,0.0,1,1,0.0,1,4,5.0,5.0,5.0,5.0,0.0,3.0,1.0,0,0
1.0,0.0,1,0,0,0.0,0.0,3,2,0.0,5,2,5.0,5.0,5.0,1.0,1.0,1.0,1.0,1,0
1.0,0.0,1,0,0,0.0,0.0,3,3,0.0,5,5,3.0,3.0,3.0,1.0,0.0,1.0,1.0,0,0
6.0,4.0,1,1,0,1.0,1.0,1,3,1.0,4,4,5.0,5.0,5.0,4.0,1.0,4.0,1.0,1,1
4.0,0.0,1,0,0,0.0,0.0,2,1,0.0,4,2,4.0,5.0,4.0,1.0,2.0,2.0,3.0,1,0
5.0,4.0,1,0,0,0.0,0.0,3,1,0.0,3,4,1.0,5.0,5.0,2.0,2.0,2.0,2.0,1,0
3.0,3.0,1,0,0,0.0,0.0,5,5,0.0,4,5,3.0,5.0,1.0,2.0,1.0,2.0,3.0,1,1
4.0,4.0,0,1,0,1.0,0.0,2,3,1.0,2,2,4.0,3.0,5.0,4.0,1.0,1.0,1.0,1,0
5.0,2.0,1,1,0,0.0,0.0,4,2,0.0,3,2,3.0,5.0,5.0,2.0,1.0,3.0,2.0,0,0
6.0,4.0,1,0,0,0.0,0.0,1,1,0.0,4,4,5.0,5.0,5.0,5.0,0.0,3.0,2.0,0,0
7.0,4.0,1,0,0,1.0,0.0,3,2,1.0,3,3,5.0,5.0,5.0,3.0,1.0,2.0,1.0,1,0
3.0,4.0,1,0,0,0.0,0.0,4,1,0.0,3,5,5.0,5.0,4.0,2.0,1.0,2.0,2.0,1,0
1.0,4.0,1,0,0,1.0,0.0,3,3,0.0,2,1,1.0,5.0,1.0,1.0,1.0,1.0,3.0,1,0
3.0,2.0,0,0,1,1.0,0.0,3,1,3.0,4,5,3.0,3.0,3.0,3.0,1.0,1.0,2.0,0,0
2.0,0.0,1,0,0,0.0,0.0,3,1,0.0,1,1,5.0,5.0,5.0,2.0,0.0,1.0,1.0,1,0
3.0,1.0,1,1,0,0.0,0.0,2,2,0.0,3,2,5.0,5.0,3.0,2.0,0.0,2.0,2.0,1,0
4.0,4.0,1,0,0,0.0,0.0,4,1,0.0,1,1,5.0,1.0,1.0,1.0,0.0,2.0,2.0,0,0
1.0,0.0,1,0,0,1.0,0.0,3,3,0.0,3,3,3.0,4.0,4.0,2.0,1.0,2.0,2.0,0,1
6.0,4.0,0,0,0,0.0,0.0,5,3,0.0,5,5,1.0,5.0,1.0,1.0,0.0,2.0,2.0,0,1
4.0,4.0,1,0,0,0.0,0.0,5,3,0.0,2,1,2.0,4.0,5.0,2.0,2.0,2.0,3.0,0,0
7.0,4.0,1,1,0,1.0,1.0,3,2,0.0,4,2,4.0,5.0,4.0,3.0,2.0,1.0,2.0,1,1
2.0,0.0,1,1,1,1.0,1.0,5,4,0.0,2,2,1.0,2.0,3.0,2.0,0.0,2.0,3.0,1,0
5.0,0.0,0,1,0,1.0,0.0,4,1,0.0,3,3,3.0,4.0,3.0,2.0,1.0,1.0,3.0,1,0
1.0,0.0,1,0,0,0.0,0.0,3,3,0.0,3,5,4.0,3.0,3.0,2.0,2.0,1.0,2.0,1,0
4.0,2.0,0,1,0,0.0,0.0,4,3,0.0,4,4,2.0,5.0,2.0,2.0,2.0,1.0,3.0,0,1
1.0,0.0,1,0,0,,0.0,4,5,0.0,4,4,2.0,4.0,1.0,1.0,0.0,2.0,3.0,1,0
6.0,3.0,1,0,1,1.0,1.0,2,1,0.0,5,3,5.0,5.0,5.0,3.0,1.0,1.0,2.0,0,0
4.0,4.0,1,0,1,0.0,0.0,4,1,3.0,2,4,3.0,5.0,4.0,1.0,0.0,3.0,2.0,1,1
1.0,0.0,1,0,0,0.0,0.0,2,1,0.0,4,3,1.0,1.0,2.0,2.0,0.0,2.0,3.0,1,0
3.0,2.0,0,0,0,0.0,0.0,5,4,0.0,2,2,5.0,5.0,5.0,2.0,1.0,2.0,2.0,1,0
5.0,3.0,0,0,0,0.0,0.0,1,1,0.0,5,5,1.0,1.0,5.0,2.0,1.0,1.0,2.0,1,0
1.0,3.0,1,0,0,0.0,0.0,1,4,0.0,2,2,1.0,1.0,1.0,3.0,1.0,1.0,3.0,0,0
3.0,3.0,0,1,0,0.0,0.0,3,1,0.0,5,5,4.0,4.0,3.0,4.0,0.0,3.0,2.0,0,0
5.0,0.0,1,0,0,0.0,0.0,2,2,0.0,3,3,4.0,5.0,4.0,2.0,2.0,3.0,2.0,1,1
3.0,3.0,1,0,1,1.0,1.0,5,5,1.0,4,1,5.0,4.0,3.0,5.0,2.0,3.0,2.0,0,1
4.0,4.0,1,1,0,1.0,0.0,3,1,0.0,3,4,4.0,5.0,5.0,2.0,2.0,3.0,1.0,1,1
1.0,3.0,1,0,0,0.0,0.0,3,3,0.0,2,2,3.0,3.0,3.0,2.0,0.0,1.0,2.0,0,0
6.0,4.0,1,0,0,1.0,0.0,3,1,0.0,1,3,4.0,3.0,2.0,3.0,0.0,3.0,2.0,1,0
4.0,4.0,1,0,0,1.0,0.0,1,2,1.0,2,3,5.0,5.0,5.0,2.0,0.0,3.0,3.0,0,0
3.0,4.0,1,1,0,1.0,1.0,5,3,0.0,4,1,3.0,3.0,1.0,5.0,0.0,3.0,2.0,1,0
6.0,4.0,1,0,0,1.0,1.0,3,3,1.0,1,1,1.0,5.0,1.0,1.0,1.0,1.0,3.0,0,0
6.0,0.0,1,0,0,0.0,0.0,3,4,0.0,2,4,5.0,2.0,5.0,3.0,1.0,3.0,1.0,1,0
4.0,2.0,1,1,0,1.0,0.0,5,5,0.0,2,3,5.0,5.0,3.0,2.0,2.0,1.0,3.0,1,0
2.0,1.0,0,0,0,0.0,0.0,3,1,0.0,2,4,3.0,5.0,5.0,2.0,1.0,1.0,3.0,0,0
3.0,0.0,0,0,0,0.0,0.0,5,2,0.0,3,3,5.0,5.0,3.0,5.0,2.0,1.0,3.0,1,0
2.0,3.0,1,1,0,0.0,0.0,5,3,0.0,3,2,5.0,5.0,1.0,3.0,0.0,1.0,3.0,1,0
6.0,3.0,0,1,1,1.0,1.0,3,1,0.0,5,5,3.0,3.0,3.0,3.0,1.0,2.0,2.0,1,1
7.0,4.0,1,0,0,1.0,0.0,3,1,3.0,3,2,1.0,5.0,5.0,3.0,1.0,3.0,2.0,0,0
4.0,2.0,1,0,0,0.0,0.0,5,3,0.0,3,1,1.0,2.0,1.0,2.0,0.0,3.0,3.0,0,1
4.0,4.0,0,0,0,0.0,0.0,3,4,0.0,1,1,1.0,5.0,1.0,2.0,1.0,2.0,2.0,0,0
5.0,3.0,1,1,0,0.0,0.0,3,3,0.0,1,1,5.0,3.0,4.0,3.0,1.0,1.0,2.0,0,0
3.0,0.0,1,0,0,1.0,0.0,4,3,1.0,4,4,5.0,5.0,5.0,4.0,1.0,1.0,3.0,0,1
4.0,4.0,1,0,0,1.0,0.0,4,5,0.0,4,4,5.0,3.0,2.0,3.0,1.0,1.0,3.0,0,1
3.0,4.0,1,1,0,0.0,0.0,2,1,0.0,4,4,2.0,3.0,1.0,2.0,0.0,1.0,2.0,1,1
4.0,0.0,0,0,0,0.0,0.0,3,1,0.0,3,5,3.0,4.0,3.0,2.0,1.0,2.0,2.0,0,0
4.0,4.0,0,0,1,0.0,0.0,5,3,0.0,4,2,5.0,4.0,4.0,3.0,0.0,1.0,2.0,1,0
3.0,3.0,1,1,0,0.0,0.0,4,3,1.0,4,3,1.0,5.0,5.0,2.0,1.0,1.0,1.0,1,1
4.0,4.0,0,1,1,0.0,0.0,5,5,0.0,3,2,5.0,4.0,4.0,2.0,0.0,1.0,3.0,0,0
6.0,3.0,1,1,1,1.0,1.0,2,1,1.0,4,2,4.0,5.0,4.0,4.0,2.0,1.0,2.0,1,0
1.0,4.0,0,0,0,0.0,0.0,5,3,0.0,2,3,3.0,4.0,3.0,1.0,0.0,2.0,3.0,0,0
3.0,3.0,0,1,0,0.0,0.0,4,1,0.0,1,1,1.0,3.0,1.0,2.0,1.0,2.0,3.0,0,0
4.0,1.0,0,0,0,1.0,1.0,5,3,0.0,5,1,1.0,5.0,3.0,2.0,0.0,2.0,3.0,0,1
7.0,4.0,1,1,1,1.0,1.0,3,1,0.0,3,3,3.0,4.0,3.0,4.0,2.0,2.0,2.0,1,1
7.0,3.0,1,1,0,1.0,1.0,1,1,0.0,4,3,5.0,5.0,5.0,4.0,1.0,2.0,2.0,1,1
3.0,0.0,0,0,0,0.0,0.0,5,4,0.0,1,2,3.0,3.0,3.0,2.0,0.0,1.0,3.0,0,0
2.0,0.0,1,1,0,0.0,0.0,3,1,0.0,5,2,4.0,5.0,4.0,1.0,1.0,1.0,3.0,0,0
3.0,2.0,1,0,0,1.0,0.0,4,2,0.0,2,1,2.0,4.0,3.0,2.0,1.0,1.0,3.0,0,1
2.0,0.0,0,1,0,0.0,0.0,5,3,0.0,3,2,1.0,1.0,3.0,2.0,1.0,1.0,3.0,0,1
3.0,4.0,1,0,0,0.0,0.0,5,5,0.0,1,1,2.0,1.0,2.0,1.0,1.0,1.0,2.0,0,1
2.0,3.0,1,0,0,0.0,0.0,5,5,0.0,1,1,3.0,3.0,1.0,1.0,1.0,1.0,3.0,0,0
2.0,4.0,1,0,0,0.0,0.0,2,1,0.0,4,3,5.0,5.0,5.0,3.0,1.0,2.0,2.0,1,1
1.0,0.0,1,0,0,1.0,0.0,3,1,0.0,3,1,2.0,4.0,4.0,2.0,0.0,1.0,3.0,1,1
4.0,4.0,1,1,0,1.0,1.0,2,1,0.0,2,3,4.0,5.0,4.0,3.0,1.0,2.0,2.0,1,1
10.0,4.0,1,0,0,1.0,1.0,2,1,1.0,1,2,5.0,5.0,5.0,3.0,1.0,2.0,1.0,0,0
1.0,3.0,0,1,0,0.0,0.0,3,2,0.0,5,3,5.0,5.0,5.0,3.0,0.0,1.0,1.0,0,1
1.0,3.0,0,0,0,0.0,0.0,5,1,0.0,2,4,1.0,5.0,2.0,2.0,0.0,1.0,2.0,0,0
2.0,0.0,0,0,0,0.0,0.0,3,1,0.0,2,4,3.0,5.0,4.0,3.0,0.0,1.0,3.0,0,0
3.0,0.0,1,0,1,0.0,1.0,4,3,0.0,3,3,5.0,5.0,5.0,2.0,1.0,1.0,2.0,1,0
1.0,3.0,0,0,0,0.0,0.0,4,4,0.0,2,4,2.0,2.0,2.0,2.0,0.0,1.0,3.0,0,1
3.0,0.0,1,0,0,0.0,0.0,3,3,0.0,3,1,3.0,4.0,4.0,3.0,0.0,1.0,3.0,0,0
4.0,4.0,1,0,0,0.0,0.0,4,3,3.0,4,1,3.0,4.0,4.0,1.0,0.0,3.0,3.0,1,0
5.0,3.0,1,0,0,1.0,1.0,3,1,0.0,3,1,4.0,4.0,4.0,4.0,1.0,3.0,3.0,0,0
8.0,3.0,0,1,0,1.0,1.0,1,1,0.0,5,2,5.0,5.0,5.0,5.0,2.0,2.0,2.0,1,1
7.0,1.0,1,1,0,1.0,0.0,4,4,0.0,4,2,5.0,5.0,5.0,2.0,2.0,2.0,3.0,1,1
3.0,4.0,1,0,0,1.0,0.0,4,1,0.0,1,5,2.0,2.0,4.0,2.0,2.0,2.0,2.0,0,1
7.0,2.0,1,1,1,1.0,1.0,3,2,3.0,3,4,5.0,4.0,3.0,3.0,1.0,2.0,2.0,1,1
7.0,1.0,1,1,0,0.0,0.0,1,1,0.0,4,4,5.0,5.0,5.0,3.0,1.0,2.0,1.0,0,1
3.0,0.0,0,0,0,0.0,0.0,3,1,0.0,5,2,1.0,3.0,1.0,2.0,2.0,2.0,2.0,1,0
7.0,4.0,1,1,1,1.0,0.0,3,3,1.0,5,5,3.0,3.0,4.0,2.0,1.0,3.0,1.0,0,1
2.0,4.0,1,0,0,1.0,0.0,5,4,3.0,2,1,4.0,4.0,1.0,2.0,0.0,3.0,3.0,0,0
6.0,0.0,0,1,0,1.0,1.0,3,3,0.0,3,2,5.0,3.0,3.0,3.0,1.0,3.0,3.0,1,0
1.0,0.0,1,0,0,0.0,0.0,3,1,1.0,5,1,5.0,5.0,5.0,4.0,1.0,3.0,2.0,1,0
3.0,4.0,1,0,0,0.0,0.0,5,3,1.0,3,4,5.0,2.0,5.0,2.0,0.0,1.0,3.0,0,0
1.0,3.0,1,0,0,0.0,0.0,5,2,0.0,1,1,1.0,5.0,5.0,1.0,0.0,1.0,3.0,0,0
1.0,1.0,1,0,0,0.0,0.0,2,5,0.0,1,4,2.0,5.0,5.0,1.0,1.0,1.0,3.0,0,1
4.0,3.0,1,1,0,1.0,0.0,3,1,0.0,4,3,5.0,5.0,5.0,2.0,1.0,4.0,3.0,1,0
2.0,0.0,1,0,0,0.0,0.0,3,1,0.0,1,1,1.0,1.0,1.0,0.0,0.0,1.0,3.0,0,0
1.0,3.0,0,0,0,0.0,0.0,4,3,0.0,2,2,1.0,2.0,3.0,1.0,0.0,1.0,2.0,0,0
6.0,4.0,1,0,0,1.0,1.0,4,4,0.0,2,3,5.0,4.0,5.0,2.0,2.0,3.0,2.0,1,1
4.0,4.0,0,0,0,0.0,0.0,5,5,0.0,3,1,1.0,2.0,2.0,2.0,2.0,2.0,3.0,0,0
6.0,0.0,1,0,0,0.0,0.0,4,1,0.0,1,1,1.0,2.0,2.0,2.0,1.0,2.0,3.0,1,0
5.0,0.0,1,0,0,0.0,0.0,5,5,1.0,3,2,1.0,3.0,3.0,2.0,1.0,2.0,3.0,1,0
5.0,0.0,1,1,0,0.0,0.0,2,1,3.0,3,3,5.0,4.0,5.0,2.0,1.0,3.0,2.0,1,1
5.0,4.0,1,0,0,1.0,1.0,5,5,1.0,1,2,5.0,1.0,5.0,2.0,1.0,3.0,1.0,1,1
4.0,1.0,0,0,0,0.0,0.0,2,3,0.0,3,3,2.0,5.0,3.0,2.0,1.0,1.0,2.0,1,1
4.0,1.0,1,0,0,0.0,0.0,3,3,0.0,5,3,3.0,3.0,3.0,2.0,1.0,2.0,3.0,1,0
4.0,3.0,0,0,0,0.0,0.0,4,3,0.0,5,3,5.0,5.0,5.0,2.0,2.0,3.0,2.0,0,1
5.0,4.0,1,0,1,1.0,1.0,3,2,0.0,5,3,4.0,4.0,5.0,4.0,2.0,2.0,2.0,0,1
5.0,4.0,1,0,0,1.0,0.0,2,1,3.0,4,4,5.0,1.0,5.0,2.0,0.0,4.0,1.0,1,1
4.0,1.0,0,1,0,0.0,0.0,2,1,0.0,2,2,4.0,4.0,3.0,2.0,1.0,2.0,2.0,0,0
2.0,1.0,1,0,1,0.0,0.0,4,2,0.0,1,4,1.0,5.0,5.0,2.0,0.0,2.0,2.0,1,1
5.0,4.0,1,0,0,1.0,1.0,3,3,0.0,5,1,5.0,5.0,5.0,2.0,2.0,3.0,2.0,0,0
3.0,1.0,0,0,0,0.0,0.0,5,1,0.0,1,1,5.0,3.0,2.0,2.0,1.0,3.0,3.0,0,1
7.0,0.0,1,1,0,1.0,1.0,3,2,0.0,4,3,2.0,4.0,4.0,3.0,1.0,3.0,1.0,1,1
3.0,4.0,1,0,0,0.0,0.0,5,1,1.0,2,2,2.0,2.0,1.0,1.0,0.0,3.0,2.0,1,1
5.0,4.0,1,0,0,0.0,0.0,5,4,0.0,2,2,5.0,5.0,5.0,2.0,1.0,2.0,3.0,0,0
4.0,4.0,1,0,0,0.0,0.0,4,3,0.0,2,4,5.0,5.0,4.0,2.0,1.0,2.0,2.0,0,0
4.0,3.0,1,0,0,0.0,0.0,2,3,0.0,3,4,5.0,5.0,5.0,2.0,1.0,2.0,2.0,1,0
5.0,0.0,1,0,0,0.0,0.0,2,2,0.0,3,5,4.0,4.0,4.0,4.0,1.0,1.0,2.0,1,0
6.0,3.0,1,1,0,0.0,0.0,3,1,1.0,3,1,1.0,2.0,3.0,2.0,1.0,2.0,3.0,1,0
5.0,0.0,1,0,0,0.0,0.0,4,4,0.0,4,4,5.0,1.0,5.0,4.0,0.0,4.0,3.0,1,0
4.0,3.0,1,0,0,0.0,0.0,2,3,0.0,3,3,5.0,5.0,3.0,3.0,1.0,3.0,3.0,1,0
2.0,0.0,0,0,0,1.0,1.0,3,2,1.0,1,2,2.0,2.0,4.0,2.0,0.0,2.0,3.0,1,0
2.0,3.0,1,1,0,1.0,0.0,3,1,0.0,5,5,5.0,5.0,5.0,2.0,0.0,2.0,2.0,0,0
4.0,1.0,1,0,1,1.0,0.0,5,4,1.0,3,1,1.0,1.0,3.0,2.0,1.0,2.0,3.0,1,0
4.0,3.0,0,0,0,0.0,0.0,4,5,0.0,2,1,1.0,3.0,2.0,1.0,0.0,1.0,3.0,0,0
2.0,4.0,1,0,0,0.0,0.0,5,1,0.0,3,5,5.0,5.0,5.0,2.0,1.0,1.0,2.0,0,0
2.0,3.0,1,0,0,0.0,0.0,3,1,0.0,1,1,5.0,5.0,1.0,1.0,1.0,1.0,3.0,0,0
3.0,3.0,0,0,0,0.0,0.0,3,5,0.0,3,2,2.0,2.0,2.0,1.0,1.0,2.0,2.0,0,0
1.0,4.0,1,0,0,0.0,0.0,4,4,0.0,2,1,1.0,4.0,3.0,0.0,0.0,1.0,3.0,0,0
2.0,3.0,1,0,0,0.0,0.0,5,5,0.0,2,1,5.0,2.0,4.0,1.0,1.0,2.0,3.0,0,1
7.0,0.0,1,1,0,1.0,1.0,2,3,0.0,4,4,5.0,5.0,5.0,4.0,0.0,1.0,2.0,1,1
3.0,4.0,1,1,0,0.0,0.0,5,1,0.0,2,1,3.0,3.0,5.0,2.0,1.0,1.0,2.0,1,0
6.0,3.0,1,1,0,1.0,1.0,2,2,0.0,3,5,5.0,5.0,5.0,5.0,1.0,3.0,1.0,1,0
4.0,4.0,1,1,1,1.0,1.0,2,1,1.0,4,3,5.0,5.0,5.0,5.0,1.0,3.0,1.0,1,0
4.0,3.0,1,1,0,0.0,0.0,5,3,0.0,2,3,1.0,4.0,1.0,4.0,0.0,2.0,3.0,1,0
1.0,1.0,1,0,0,0.0,0.0,5,5,0.0,4,1,5.0,5.0,5.0,2.0,0.0,2.0,3.0,1,1
4.0,4.0,1,0,0,0.0,0.0,3,1,0.0,2,1,5.0,5.0,5.0,2.0,0.0,2.0,2.0,0,1
4.0,1.0,0,0,0,0.0,0.0,4,1,0.0,3,3,4.0,5.0,5.0,1.0,2.0,2.0,3.0,0,1
5.0,4.0,1,0,0,0.0,0.0,5,4,0.0,1,1,3.0,1.0,3.0,1.0,1.0,2.0,2.0,0,0
4.0,3.0,1,0,0,1.0,0.0,3,5,1.0,5,4,1.0,5.0,5.0,2.0,2.0,1.0,2.0,0,1
1.0,2.0,1,0,0,0.0,0.0,5,5,0.0,4,4,1.0,5.0,1.0,0.0,1.0,1.0,3.0,0,0
6.0,3.0,1,1,1,1.0,1.0,5,4,0.0,3,4,5.0,5.0,5.0,3.0,2.0,3.0,2.0,1,0
1.0,2.0,1,0,0,0.0,0.0,3,4,0.0,3,2,3.0,4.0,3.0,5.0,1.0,2.0,3.0,1,0
4.0,3.0,1,0,1,0.0,1.0,5,4,0.0,3,2,1.0,2.0,5.0,2.0,1.0,2.0,1.0,0,1
2.0,0.0,1,0,0,0.0,0.0,3,1,0.0,2,3,3.0,1.0,5.0,2.0,0.0,2.0,3.0,1,0
4.0,4.0,1,0,0,0.0,0.0,3,1,0.0,3,5,5.0,5.0,5.0,1.0,0.0,2.0,3.0,1,0
5.0,4.0,1,0,0,0.0,0.0,3,4,1.0,2,4,2.0,1.0,1.0,2.0,1.0,2.0,3.0,0,0
3.0,0.0,1,0,0,0.0,0.0,5,2,0.0,3,4,5.0,5.0,5.0,2.0,1.0,2.0,2.0,0,0
4.0,4.0,1,1,1,0.0,0.0,5,3,0.0,2,1,1.0,3.0,1.0,2.0,0.0,2.0,2.0,1,0
1.0,0.0,0,0,0,0.0,0.0,4,1,0.0,2,3,4.0,5.0,4.0,2.0,0.0,2.0,3.0,0,0
1.0,0.0,1,0,0,0.0,0.0,5,4,0.0,2,1,5.0,1.0,4.0,1.0,0.0,2.0,3.0,0,0
4.0,3.0,0,0,0,0.0,0.0,2,1,0.0,3,2,2.0,5.0,4.0,2.0,1.0,1.0,3.0,0,0
3.0,3.0,1,0,0,0.0,0.0,3,5,1.0,2,1,2.0,2.0,5.0,2.0,1.0,1.0,1.0,0,1
1.0,3.0,1,0,0,0.0,0.0,5,5,0.0,1,1,1.0,1.0,5.0,1.0,0.0,2.0,2.0,0,0
1.0,0.0,1,0,0,0.0,0.0,5,5,0.0,2,1,1.0,1.0,1.0,2.0,0.0,2.0,3.0,0,0
1.0,4.0,1,0,0,0.0,0.0,1,1,0.0,1,1,1.0,1.0,1.0,1.0,0.0,2.0,3.0,0,0
1.0,0.0,0,0,0,0.0,0.0,5,5,0.0,1,2,1.0,1.0,1.0,3.0,0.0,2.0,3.0,0,0
5.0,3.0,1,1,0,1.0,0.0,2,2,0.0,5,3,4.0,4.0,4.0,3.0,1.0,2.0,1.0,1,0
1.0,0.0,1,0,0,0.0,0.0,4,4,0.0,4,4,1.0,1.0,1.0,1.0,0.0,2.0,3.0,0,1
3.0,1.0,1,0,0,0.0,0.0,3,3,0.0,3,3,3.0,3.0,3.0,2.0,1.0,2.0,2.0,0,1
4.0,3.0,1,0,0,0.0,0.0,5,5,0.0,2,2,2.0,3.0,1.0,1.0,1.0,1.0,3.0,0,0
1.0,0.0,1,1,0,0.0,0.0,5,5,0.0,3,1,1.0,1.0,1.0,2.0,0.0,1.0,3.0,0,0
2.0,1.0,1,0,0,0.0,0.0,3,4,0.0,2,1,4.0,2.0,1.0,2.0,0.0,1.0,3.0,0,1
4.0,0.0,1,0,0,1.0,0.0,5,1,1.0,1,4,1.0,4.0,5.0,5.0,1.0,1.0,2.0,0,1
6.0,2.0,1,1,0,0.0,0.0,3,3,0.0,3,5,4.0,4.0,5.0,1.0,2.0,2.0,1.0,0,0
2.0,0.0,0,0,0,0.0,0.0,4,5,0.0,2,1,1.0,5.0,1.0,2.0,0.0,1.0,3.0,0,1
5.0,4.0,1,1,0,1.0,0.0,3,3,3.0,3,3,5.0,4.0,4.0,5.0,2.0,1.0,2.0,1,0
2.0,1.0,0,0,0,0.0,0.0,3,1,0.0,3,4,3.0,5.0,5.0,3.0,0.0,1.0,3.0,1,0
2.0,1.0,1,0,0,0.0,0.0,5,5,0.0,4,5,5.0,5.0,5.0,2.0,1.0,1.0,3.0,1,0
7.0,4.0,1,0,1,1.0,1.0,5,1,3.0,4,1,5.0,3.0,4.0,3.0,0.0,3.0,3.0,0,1
7.0,3.0,1,1,1,1.0,1.0,3,1,3.0,4,3,1.0,5.0,4.0,4.0,1.0,3.0,3.0,1,1
2.0,2.0,1,0,0,0.0,0.0,3,5,0.0,4,5,1.0,5.0,5.0,1.0,1.0,1.0,3.0,0,0
6.0,4.0,1,1,0,1.0,1.0,4,4,0.0,2,2,3.0,2.0,1.0,2.0,2.0,1.0,3.0,0,1
6.0,3.0,1,1,0,0.0,0.0,3,1,0.0,4,4,5.0,5.0,4.0,2.0,2.0,2.0,1.0,1,0
5.0,4.0,1,1,0,1.0,1.0,2,3,0.0,3,2,5.0,3.0,4.0,4.0,1.0,2.0,1.0,1,0
6.0,4.0,1,0,0,0.0,0.0,5,4,0.0,2,1,1.0,2.0,1.0,2.0,1.0,2.0,3.0,0,0
5.0,4.0,1,1,0,0.0,0.0,2,3,1.0,3,4,1.0,3.0,4.0,4.0,2.0,2.0,1.0,1,0
4.0,0.0,1,1,1,1.0,1.0,2,1,0.0,5,2,4.0,4.0,4.0,5.0,1.0,2.0,2.0,1,1
5.0,4.0,0,0,0,0.0,0.0,3,1,0.0,4,4,5.0,5.0,4.0,3.0,1.0,3.0,1.0,1,0
2.0,3.0,0,0,0,0.0,0.0,4,3,0.0,1,1,5.0,5.0,1.0,1.0,1.0,3.0,2.0,0,0
8.0,4.0,0,1,1,1.0,1.0,3,1,3.0,3,5,3.0,5.0,3.0,4.0,1.0,3.0,1.0,1,1
4.0,4.0,1,0,0,0.0,0.0,4,3,0.0,3,3,1.0,5.0,3.0,1.0,1.0,3.0,3.0,0,1
5.0,3.0,1,0,0,0.0,0.0,4,1,0.0,1,3,3.0,1.0,1.0,4.0,1.0,3.0,3.0,0,0
7.0,3.0,1,0,0,1.0,1.0,4,2,0.0,3,4,5.0,5.0,5.0,4.0,1.0,3.0,2.0,1,0
1.0,3.0,0,0,0,0.0,0.0,3,2,0.0,3,5,3.0,2.0,2.0,5.0,2.0,1.0,3.0,0,0
7.0,4.0,1,1,1,1.0,1.0,1,1,3.0,5,4,3.0,5.0,5.0,3.0,2.0,1.0,1.0,1,1
5.0,1.0,1,0,0,0.0,0.0,3,1,0.0,3,1,5.0,3.0,4.0,0.0,2.0,2.0,3.0,0,1
3.0,2.0,0,1,0,0.0,0.0,5,1,0.0,1,4,2.0,5.0,5.0,2.0,0.0,2.0,2.0,1,0
3.0,3.0,1,0,0,0.0,0.0,2,2,0.0,4,3,5.0,5.0,5.0,2.0,1.0,2.0,2.0,0,0
2.0,0.0,0,0,0,0.0,0.0,5,4,0.0,4,4,5.0,5.0,5.0,2.0,0.0,2.0,2.0,0,0
1.0,0.0,0,0,0,0.0,0.0,3,2,0.0,3,3,3.0,3.0,3.0,2.0,0.0,3.0,2.0,0,0
1.0,4.0,1,0,0,0.0,0.0,5,2,0.0,1,2,3.0,3.0,1.0,1.0,0.0,3.0,1.0,0,0
4.0,0.0,0,0,0,0.0,0.0,3,2,0.0,2,2,3.0,4.0,4.0,2.0,0.0,2.0,3.0,0,0
4.0,4.0,1,0,0,1.0,0.0,5,4,0.0,4,5,5.0,2.0,1.0,3.0,1.0,3.0,2.0,1,0
2.0,3.0,1,0,0,0.0,0.0,5,5,0.0,2,1,1.0,3.0,2.0,1.0,0.0,2.0,3.0,0,1
5.0,3.0,0,1,0,0.0,0.0,4,3,0.0,2,2,3.0,4.0,3.0,2.0,1.0,2.0,2.0,1,1
1.0,4.0,1,0,0,0.0,0.0,4,1,0.0,2,4,1.0,5.0,5.0,2.0,1.0,2.0,3.0,0,0
3.0,4.0,1,0,0,0.0,0.0,3,2,0.0,2,2,3.0,1.0,2.0,2.0,1.0,2.0,3.0,0,0
7.0,1.0,1,0,0,0.0,0.0,3,1,0.0,1,1,3.0,5.0,1.0,2.0,2.0,2.0,3.0,1,0
4.0,4.0,1,0,0,1.0,1.0,4,2,1.0,2,4,5.0,4.0,5.0,4.0,1.0,2.0,3.0,1,1
5.0,4.0,1,1,0,1.0,1.0,5,4,0.0,2,1,5.0,4.0,1.0,3.0,1.0,3.0,2.0,1,0
4.0,0.0,1,0,0,0.0,0.0,4,1,0.0,3,4,5.0,5.0,1.0,1.0,2.0,2.0,3.0,1,0
5.0,4.0,1,0,0,0.0,0.0,3,1,0.0,3,2,5.0,5.0,5.0,2.0,2.0,1.0,3.0,1,1
6.0,3.0,1,0,0,0.0,0.0,5,2,0.0,4,2,5.0,3.0,4.0,3.0,1.0,3.0,2.0,1,0
3.0,2.0,1,1,0,1.0,1.0,3,1,0.0,5,3,5.0,5.0,3.0,2.0,0.0,3.0,3.0,1,0
9.0,1.0,1,0,0,0.0,0.0,5,2,0.0,1,2,2.0,3.0,2.0,1.0,0.0,2.0,3.0,1,1
3.0,3.0,1,0,0,0.0,,3,3,1.0,3,1,3.0,3.0,4.0,2.0,1.0,1.0,3.0,0,1
5.0,4.0,0,1,1,1.0,1.0,4,2,3.0,2,4,1.0,5.0,5.0,6.0,2.0,2.0,3.0,1,0
4.0,3.0,0,0,0,0.0,0.0,4,1,0.0,3,5,4.0,1.0,1.0,3.0,1.0,2.0,3.0,0,0
1.0,3.0,0,0,0,0.0,0.0,4,5,1.0,4,4,5.0,1.0,5.0,1.0,0.0,2.0,3.0,0,0
5.0,4.0,1,0,0,1.0,1.0,1,5,0.0,4,2,5.0,4.0,3.0,1.0,1.0,2.0,3.0,0,0
3.0,2.0,1,0,0,0.0,0.0,5,1,0.0,3,1,1.0,5.0,3.0,1.0,2.0,1.0,3.0,0,0
9.0,3.0,1,0,0,1.0,0.0,3,2,1.0,4,4,1.0,5.0,1.0,3.0,0.0,2.0,3.0,1,0
4.0,0.0,1,1,0,0.0,0.0,1,1,0.0,1,2,1.0,5.0,1.0,5.0,1.0,2.0,2.0,0,0
6.0,3.0,0,1,0,0.0,0.0,4,1,0.0,2,3,3.0,4.0,3.0,2.0,2.0,2.0,1.0,0,1
5.0,0.0,1,1,1,1.0,0.0,3,3,0.0,2,5,3.0,4.0,4.0,2.0,1.0,3.0,1.0,1,1
2.0,1.0,1,0,0,0.0,0.0,5,1,0.0,2,2,5.0,4.0,3.0,2.0,2.0,2.0,3.0,0,1
4.0,4.0,1,0,0,0.0,0.0,3,1,0.0,3,5,5.0,4.0,5.0,1.0,0.0,1.0,2.0,0,1
5.0,1.0,1,0,0,1.0,0.0,3,2,3.0,5,5,1.0,5.0,1.0,1.0,1.0,1.0,2.0,1,1
3.0,0.0,1,0,0,0.0,0.0,5,1,0.0,3,2,3.0,5.0,3.0,1.0,1.0,3.0,3.0,1,0
6.0,3.0,1,1,0,0.0,0.0,3,1,0.0,4,2,3.0,5.0,3.0,3.0,1.0,1.0,1.0,1,1
5.0,1.0,1,1,0,0.0,0.0,3,5,0.0,5,1,1.0,5.0,5.0,2.0,0.0,1.0,3.0,1,1
7.0,0.0,1,0,0,1.0,1.0,2,2,3.0,4,5,5.0,4.0,3.0,3.0,2.0,1.0,2.0,1,0
1.0,2.0,1,0,0,0.0,0.0,5,1,0.0,1,1,3.0,2.0,1.0,0.0,1.0,2.0,3.0,0,0
2.0,4.0,1,0,0,0.0,0.0,3,2,1.0,1,1,1.0,4.0,1.0,0.0,0.0,3.0,3.0,0,0
6.0,3.0,1,1,0,0.0,0.0,5,5,0.0,3,2,5.0,2.0,5.0,4.0,1.0,2.0,2.0,0,0
4.0,0.0,0,0,0,0.0,0.0,5,1,0.0,3,1,2.0,4.0,3.0,1.0,1.0,2.0,3.0,1,0
4.0,0.0,0,0,0,0.0,0.0,5,2,0.0,3,2,5.0,3.0,1.0,2.0,1.0,1.0,3.0,0,0
4.0,0.0,0,1,0,0.0,0.0,4,1,0.0,3,2,2.0,3.0,3.0,2.0,2.0,1.0,3.0,1,1
4.0,4.0,0,1,0,0.0,0.0,3,1,0.0,3,2,3.0,5.0,4.0,3.0,2.0,2.0,2.0,0,0
4.0,4.0,1,0,0,0.0,0.0,5,5,0.0,2,1,3.0,3.0,1.0,5.0,1.0,3.0,3.0,0,0
5.0,4.0,1,0,0,0.0,0.0,5,5,0.0,4,1,1.0,5.0,5.0,0.0,1.0,1.0,2.0,1,0
4.0,4.0,1,1,0,1.0,0.0,4,3,0.0,5,3,3.0,1.0,4.0,2.0,1.0,3.0,2.0,0,1
4.0,0.0,1,0,0,1.0,1.0,4,4,0.0,3,5,5.0,2.0,3.0,2.0,1.0,3.0,3.0,0,1
2.0,3.0,1,1,0,0.0,0.0,2,1,0.0,1,3,2.0,2.0,3.0,0.0,0.0,1.0,3.0,0,1
3.0,3.0,0,0,0,0.0,0.0,5,3,0.0,3,3,1.0,2.0,2.0,5.0,1.0,3.0,2.0,0,0
5.0,0.0,1,0,1,1.0,1.0,1,2,0.0,3,3,4.0,4.0,3.0,6.0,1.0,3.0,1.0,1,1
4.0,3.0,1,0,0,0.0,0.0,5,1,0.0,1,1,1.0,5.0,5.0,0.0,0.0,3.0,3.0,0,0
2.0,2.0,1,0,0,0.0,0.0,5,5,1.0,4,1,1.0,1.0,1.0,2.0,0.0,2.0,1.0,1,0
7.0,0.0,1,0,0,0.0,0.0,2,3,0.0,2,4,3.0,1.0,3.0,2.0,1.0,2.0,1.0,0,1
5.0,0.0,0,1,0,1.0,1.0,4,5,0.0,3,5,2.0,5.0,5.0,2.0,1.0,2.0,2.0,1,1
2.0,0.0,1,0,0,0.0,0.0,1,1,0.0,1,3,3.0,5.0,5.0,3.0,1.0,1.0,1.0,0,1
5.0,4.0,1,1,0,1.0,1.0,5,5,0.0,1,2,5.0,1.0,1.0,2.0,1.0,1.0,3.0,0,1
4.0,4.0,1,0,0,1.0,1.0,5,3,1.0,3,3,1.0,3.0,5.0,4.0,1.0,1.0,2.0,0,0
6.0,3.0,1,1,1,1.0,1.0,3,3,1.0,3,4,5.0,5.0,5.0,4.0,1.0,3.0,1.0,0,1
10.0,4.0,1,1,1,1.0,1.0,1,1,1.0,4,5,4.0,5.0,4.0,5.0,1.0,3.0,1.0,1,1
7.0,0.0,1,0,1,1.0,1.0,3,1,1.0,3,3,5.0,5.0,2.0,5.0,1.0,3.0,1.0,1,0
6.0,3.0,1,0,0,0.0,0.0,1,1,0.0,1,1,4.0,5.0,5.0,2.0,2.0,2.0,1.0,0,0
3.0,3.0,0,0,0,0.0,0.0,4,4,0.0,2,1,4.0,5.0,1.0,1.0,1.0,2.0,3.0,0,0
4.0,1.0,1,1,1,0.0,0.0,5,5,0.0,1,3,1.0,3.0,5.0,2.0,1.0,2.0,2.0,1,1
5.0,0.0,0,0,0,1.0,0.0,2,1,0.0,4,4,5.0,4.0,4.0,3.0,2.0,2.0,2.0,1,1
5.0,3.0,1,0,0,0.0,0.0,5,5,0.0,1,1,5.0,5.0,2.0,2.0,0.0,2.0,3.0,0,0
2.0,0.0,1,0,0,0.0,0.0,5,5,0.0,3,1,1.0,1.0,1.0,1.0,0.0,2.0,3.0,0,0
3.0,0.0,1,0,0,0.0,0.0,5,5,0.0,1,1,2.0,2.0,2.0,2.0,0.0,2.0,3.0,0,1
2.0,4.0,1,0,0,0.0,0.0,5,5,0.0,1,1,1.0,1.0,1.0,2.0,0.0,1.0,3.0,0,0
6.0,3.0,0,1,0,1.0,1.0,2,2,0.0,2,2,1.0,5.0,5.0,2.0,2.0,2.0,1.0,1,0
9.0,3.0,1,1,1,1.0,1.0,1,1,0.0,4,4,3.0,5.0,5.0,6.0,2.0,2.0,1.0,1,0
4.0,4.0,1,0,0,0.0,0.0,4,4,0.0,1,2,3.0,3.0,4.0,2.0,1.0,2.0,2.0,1,0
3.0,4.0,1,0,0,0.0,1.0,4,4,0.0,2,1,1.0,1.0,2.0,3.0,2.0,1.0,2.0,1,1
4.0,1.0,1,0,1,0.0,0.0,4,1,3.0,2,5,5.0,5.0,1.0,1.0,2.0,1.0,3.0,1,0
4.0,0.0,0,1,0,1.0,0.0,3,2,0.0,2,2,1.0,3.0,2.0,2.0,1.0,1.0,3.0,1,0
4.0,3.0,1,0,0,0.0,0.0,3,1,0.0,2,1,4.0,4.0,5.0,3.0,1.0,1.0,3.0,0,0
5.0,3.0,0,0,0,0.0,0.0,1,1,0.0,2,1,5.0,5.0,2.0,2.0,2.0,2.0,3.0,0,0
4.0,0.0,1,0,0,0.0,0.0,5,5,0.0,2,1,1.0,2.0,3.0,1.0,0.0,2.0,2.0,1,0
6.0,4.0,0,0,0,1.0,1.0,3,2,0.0,2,2,4.0,4.0,3.0,4.0,1.0,2.0,2.0,0,0
4.0,3.0,1,0,0,0.0,0.0,3,5,0.0,5,4,3.0,5.0,3.0,2.0,1.0,2.0,3.0,0,0
2.0,3.0,1,0,0,1.0,0.0,3,1,0.0,4,4,5.0,5.0,2.0,2.0,0.0,1.0,3.0,0,0
1.0,0.0,1,0,0,0.0,0.0,5,5,1.0,1,1,1.0,1.0,1.0,0.0,0.0,1.0,3.0,0,0
5.0,1.0,1,0,0,0.0,0.0,3,1,1.0,2,3,4.0,3.0,3.0,2.0,0.0,1.0,3.0,1,0
4.0,2.0,0,0,0,0.0,0.0,3,4,0.0,3,2,3.0,2.0,3.0,2.0,1.0,2.0,2.0,1,1
4.0,0.0,1,1,0,0.0,0.0,4,3,0.0,5,2,4.0,5.0,5.0,2.0,2.0,1.0,1.0,0,1
5.0,4.0,1,0,0,0.0,0.0,5,2,0.0,4,4,1.0,3.0,2.0,2.0,1.0,2.0,3.0,0,0
1.0,3.0,1,0,0,0.0,0.0,3,1,0.0,2,4,5.0,5.0,4.0,2.0,0.0,2.0,2.0,1,0
2.0,3.0,0,0,0,0.0,0.0,3,5,0.0,2,1,5.0,5.0,5.0,2.0,1.0,2.0,3.0,0,0
4.0,3.0,1,0,0,0.0,0.0,4,4,0.0,5,2,4.0,3.0,3.0,3.0,1.0,2.0,3.0,0,0
3.0,3.0,1,0,0,0.0,0.0,5,5,0.0,2,1,3.0,4.0,2.0,2.0,0.0,1.0,2.0,1,0
5.0,2.0,1,1,1,0.0,0.0,2,1,0.0,3,3,4.0,1.0,4.0,2.0,2.0,2.0,2.0,1,1
3.0,0.0,1,0,0,0.0,0.0,3,3,0.0,2,3,2.0,3.0,3.0,1.0,0.0,2.0,2.0,1,0
8.0,4.0,0,0,0,1.0,0.0,3,3,3.0,1,1,5.0,5.0,5.0,3.0,1.0,2.0,3.0,0,0
4.0,4.0,1,0,0,0.0,1.0,5,5,0.0,1,1,3.0,5.0,1.0,2.0,1.0,3.0,1.0,1,1
3.0,3.0,1,0,0,0.0,0.0,3,1,0.0,3,1,4.0,4.0,5.0,1.0,0.0,2.0,3.0,1,0
1.0,3.0,0,0,0,0.0,0.0,3,5,0.0,1,2,1.0,1.0,5.0,1.0,0.0,1.0,2.0,1,0
4.0,1.0,1,1,0,1.0,0.0,3,3,0.0,3,2,3.0,3.0,3.0,2.0,2.0,2.0,3.0,0,1
1.0,0.0,1,0,0,0.0,0.0,1,1,0.0,5,1,1.0,1.0,5.0,2.0,1.0,1.0,3.0,1,0
1.0,3.0,1,0,0,0.0,0.0,5,3,0.0,1,1,5.0,4.0,1.0,0.0,1.0,1.0,3.0,0,0
2.0,4.0,0,0,0,1.0,0.0,3,1,0.0,2,2,4.0,3.0,5.0,2.0,0.0,1.0,3.0,0,0
2.0,4.0,1,0,0,0.0,0.0,4,3,0.0,2,5,5.0,5.0,4.0,2.0,0.0,1.0,2.0,0,0
3.0,1.0,1,0,0,0.0,0.0,5,5,0.0,2,1,3.0,1.0,4.0,2.0,0.0,2.0,3.0,0,0
1.0,4.0,0,0,0,0.0,0.0,5,5,0.0,1,1,1.0,3.0,1.0,1.0,0.0,2.0,3.0,0,0
2.0,4.0,1,0,0,0.0,1.0,5,3,1.0,1,1,5.0,1.0,1.0,3.0,0.0,3.0,2.0,0,0
3.0,3.0,1,0,0,0.0,0.0,4,2,0.0,3,1,3.0,2.0,5.0,1.0,0.0,3.0,2.0,0,0
5.0,3.0,1,0,0,0.0,0.0,5,4,0.0,4,4,5.0,5.0,5.0,4.0,1.0,3.0,2.0,0,1
3.0,4.0,1,0,0,0.0,0.0,4,3,3.0,2,3,1.0,5.0,1.0,2.0,1.0,2.0,3.0,0,0
3.0,3.0,1,0,0,0.0,1.0,4,4,0.0,2,2,3.0,2.0,5.0,1.0,1.0,4.0,3.0,0,1
4.0,3.0,1,0,0,0.0,0.0,5,2,0.0,1,2,1.0,3.0,1.0,2.0,1.0,2.0,3.0,1,0
2.0,4.0,1,0,0,1.0,1.0,5,4,0.0,4,1,5.0,5.0,5.0,2.0,0.0,2.0,3.0,0,0
9.0,4.0,1,0,0,0.0,0.0,3,3,3.0,4,3,2.0,5.0,4.0,1.0,2.0,2.0,3.0,0,0
2.0,4.0,0,0,0,0.0,0.0,4,4,0.0,2,2,1.0,5.0,1.0,2.0,0.0,1.0,3.0,0,0
2.0,4.0,1,0,0,1.0,0.0,4,1,0.0,2,2,2.0,3.0,4.0,3.0,0.0,2.0,2.0,1,0
4.0,0.0,0,0,0,0.0,0.0,5,5,0.0,4,1,3.0,1.0,3.0,1.0,1.0,1.0,3.0,1,1
1.0,3.0,0,0,0,0.0,0.0,3,1,0.0,3,1,1.0,1.0,1.0,2.0,0.0,2.0,2.0,0,1
6.0,4.0,1,0,0,1.0,0.0,5,4,1.0,4,1,5.0,1.0,1.0,2.0,1.0,1.0,2.0,0,0
6.0,3.0,1,1,1,1.0,0.0,1,1,1.0,5,4,5.0,5.0,5.0,2.0,1.0,2.0,2.0,1,0
4.0,4.0,1,1,0,0.0,1.0,3,3,1.0,4,4,5.0,3.0,4.0,2.0,2.0,2.0,2.0,1,1
4.0,3.0,1,0,0,1.0,0.0,3,4,0.0,3,1,2.0,2.0,3.0,2.0,0.0,2.0,3.0,0,1
5.0,4.0,1,1,0,1.0,1.0,2,1,0.0,3,3,5.0,5.0,4.0,2.0,1.0,2.0,1.0,1,1
7.0,3.0,1,1,1,1.0,1.0,2,1,1.0,3,3,5.0,4.0,4.0,6.0,2.0,3.0,1.0,0,0
4.0,3.0,1,0,0,1.0,0.0,3,3,3.0,5,5,3.0,4.0,3.0,2.0,2.0,2.0,3.0,0,1
5.0,0.0,1,0,0,1.0,0.0,3,3,0.0,3,4,5.0,4.0,3.0,2.0,1.0,3.0,2.0,1,0
4.0,3.0,1,0,0,0.0,0.0,4,1,0.0,3,1,5.0,5.0,1.0,2.0,0.0,3.0,1.0,1,0
6.0,3.0,1,0,0,0.0,0.0,3,1,0.0,3,3,5.0,5.0,5.0,3.0,0.0,3.0,2.0,0,0
7.0,3.0,0,0,0,0.0,0.0,2,1,0.0,3,1,5.0,5.0,5.0,2.0,2.0,1.0,3.0,1,0
4.0,0.0,1,0,0,1.0,1.0,3,2,0.0,5,4,3.0,3.0,2.0,2.0,1.0,2.0,1.0,1,1
5.0,4.0,1,0,1,1.0,0.0,5,1,0.0,5,3,5.0,5.0,5.0,5.0,1.0,1.0,2.0,1,0
5.0,4.0,0,1,1,0.0,0.0,2,5,3.0,4,2,1.0,1.0,1.0,2.0,1.0,1.0,3.0,0,0
5.0,2.0,1,1,0,0.0,0.0,2,1,0.0,2,5,2.0,5.0,4.0,2.0,1.0,1.0,1.0,1,1
4.0,1.0,0,0,0,0.0,0.0,2,1,0.0,5,5,5.0,5.0,5.0,2.0,2.0,1.0,2.0,1,1
1.0,2.0,0,0,0,0.0,0.0,4,4,0.0,4,1,3.0,1.0,5.0,2.0,1.0,1.0,2.0,0,0
4.0,4.0,1,0,0,0.0,0.0,4,4,0.0,1,5,3.0,2.0,1.0,1.0,1.0,3.0,3.0,1,0
7.0,3.0,0,0,0,1.0,0.0,4,1,0.0,4,2,5.0,4.0,3.0,4.0,2.0,3.0,2.0,1,0
4.0,0.0,0,1,0,1.0,1.0,3,2,3.0,3,4,5.0,5.0,5.0,2.0,1.0,1.0,3.0,1,0
7.0,3.0,1,1,0,0.0,1.0,2,1,0.0,4,4,4.0,5.0,5.0,2.0,1.0,2.0,1.0,1,0
3.0,4.0,0,0,0,0.0,0.0,5,1,0.0,1,1,3.0,4.0,1.0,2.0,0.0,2.0,3.0,0,0
2.0,1.0,1,1,0,0.0,0.0,5,5,0.0,5,1,1.0,1.0,4.0,2.0,1.0,1.0,2.0,0,1
5.0,0.0,1,0,0,0.0,0.0,5,4,0.0,2,1,5.0,2.0,5.0,5.0,0.0,3.0,3.0,0,1
5.0,4.0,0,1,0,1.0,0.0,1,1,0.0,3,1,1.0,5.0,5.0,5.0,1.0,3.0,3.0,0,0
10.0,2.0,1,1,0,1.0,1.0,1,1,0.0,4,4,5.0,5.0,5.0,5.0,2.0,3.0,1.0,1,1
6.0,4.0,1,0,1,1.0,1.0,5,3,0.0,2,1,5.0,3.0,3.0,5.0,0.0,3.0,1.0,0,0
1.0,0.0,1,0,0,0.0,0.0,3,2,0.0,1,1,2.0,4.0,1.0,1.0,1.0,2.0,3.0,0,1
7.0,0.0,1,1,1,1.0,1.0,3,3,3.0,3,1,5.0,3.0,3.0,3.0,2.0,2.0,1.0,1,0
2.0,3.0,0,0,1,1.0,0.0,4,4,1.0,2,1,1.0,1.0,1.0,2.0,1.0,2.0,3.0,0,1
5.0,0.0,1,1,0,0.0,0.0,5,5,1.0,3,2,2.0,2.0,1.0,3.0,0.0,2.0,2.0,1,0
1.0,2.0,1,0,0,0.0,0.0,2,1,0.0,2,2,1.0,5.0,1.0,2.0,1.0,2.0,3.0,1,0
9.0,4.0,0,0,0,0.0,0.0,3,2,0.0,4,1,2.0,5.0,5.0,5.0,1.0,4.0,2.0,1,0
8.0,3.0,0,0,0,1.0,1.0,1,1,0.0,4,1,5.0,5.0,5.0,5.0,1.0,3.0,1.0,0,0
10.0,3.0,1,1,0,1.0,1.0,3,1,0.0,3,4,1.0,3.0,5.0,2.0,2.0,2.0,1.0,1,1
2.0,0.0,1,0,0,0.0,0.0,5,5,0.0,2,1,3.0,3.0,3.0,2.0,0.0,1.0,1.0,0,1
3.0,0.0,1,1,0,0.0,0.0,5,3,0.0,1,1,3.0,1.0,1.0,2.0,1.0,1.0,3.0,0,0
2.0,0.0,0,1,0,1.0,0.0,5,5,0.0,3,1,1.0,2.0,2.0,3.0,1.0,1.0,3.0,0,0
1.0,0.0,1,0,0,0.0,0.0,4,3,3.0,3,3,5.0,5.0,3.0,1.0,0.0,1.0,3.0,0,0
5.0,0.0,1,0,1,0.0,0.0,3,4,0.0,3,3,5.0,3.0,5.0,2.0,1.0,2.0,3.0,1,0
6.0,4.0,1,0,0,0.0,0.0,3,1,0.0,1,3,5.0,5.0,3.0,1.0,1.0,3.0,2.0,0,0
6.0,2.0,0,0,1,0.0,0.0,2,1,1.0,3,3,5.0,5.0,5.0,2.0,2.0,3.0,1.0,0,0
4.0,4.0,1,1,0,0.0,0.0,4,3,1.0,3,3,4.0,4.0,5.0,2.0,1.0,1.0,3.0,0,0
4.0,3.0,1,0,0,1.0,0.0,5,5,0.0,1,1,5.0,1.0,5.0,1.0,1.0,2.0,3.0,0,0
5.0,3.0,0,1,0,0.0,1.0,3,3,0.0,5,4,3.0,3.0,2.0,3.0,1.0,3.0,3.0,1,0
4.0,3.0,1,1,0,0.0,0.0,5,2,0.0,2,3,5.0,5.0,5.0,1.0,1.0,2.0,2.0,1,0
4.0,4.0,1,0,0,1.0,1.0,3,2,0.0,2,2,5.0,5.0,5.0,3.0,0.0,3.0,2.0,0,0
4.0,4.0,1,1,0,1.0,0.0,4,1,0.0,2,3,5.0,5.0,5.0,5.0,0.0,3.0,2.0,0,1
1.0,0.0,1,0,0,0.0,0.0,3,3,0.0,3,3,1.0,3.0,1.0,3.0,0.0,1.0,3.0,0,0
2.0,0.0,1,0,0,0.0,0.0,1,4,0.0,2,2,2.0,2.0,2.0,2.0,0.0,2.0,3.0,0,1
4.0,3.0,1,0,0,0.0,0.0,5,2,0.0,2,2,5.0,3.0,4.0,0.0,1.0,1.0,3.0,0,1
5.0,3.0,1,1,1,1.0,1.0,2,2,3.0,5,1,2.0,5.0,5.0,2.0,1.0,2.0,2.0,1,1
6.0,3.0,1,0,1,1.0,1.0,3,3,1.0,3,3,3.0,4.0,4.0,2.0,1.0,2.0,2.0,0,1
4.0,4.0,1,0,0,0.0,0.0,5,5,0.0,4,1,1.0,1.0,5.0,2.0,1.0,2.0,2.0,0,1
3.0,3.0,1,1,0,0.0,0.0,4,5,0.0,2,1,1.0,5.0,1.0,3.0,1.0,1.0,3.0,0,0
7.0,0.0,1,1,0,0.0,0.0,3,1,1.0,3,5,5.0,5.0,5.0,2.0,1.0,1.0,1.0,1,1
2.0,0.0,0,0,0,0.0,0.0,4,1,0.0,2,3,1.0,1.0,1.0,2.0,0.0,1.0,3.0,0,1
6.0,4.0,1,1,0,1.0,1.0,3,2,0.0,3,2,3.0,3.0,5.0,2.0,1.0,1.0,3.0,0,1
5.0,2.0,1,1,0,1.0,1.0,4,1,0.0,2,3,5.0,4.0,5.0,2.0,2.0,1.0,3.0,1,1
3.0,4.0,1,0,1,0.0,0.0,3,1,0.0,3,4,3.0,5.0,5.0,3.0,1.0,1.0,2.0,1,1
7.0,3.0,1,1,0,1.0,1.0,3,1,1.0,4,4,5.0,5.0,5.0,5.0,1.0,3.0,1.0,1,1
1.0,1.0,0,0,0,0.0,0.0,4,3,0.0,4,5,1.0,3.0,3.0,2.0,0.0,1.0,2.0,0,0
1.0,1.0,1,0,0,0.0,0.0,5,1,0.0,1,1,1.0,1.0,1.0,1.0,0.0,1.0,3.0,0,0
1.0,0.0,0,0,0,0.0,0.0,4,1,0.0,1,1,5.0,1.0,1.0,1.0,0.0,1.0,3.0,0,0
1.0,2.0,1,0,0,0.0,0.0,5,1,0.0,3,3,5.0,5.0,5.0,1.0,0.0,1.0,3.0,0,1
3.0,4.0,1,0,0,1.0,1.0,3,1,0.0,1,1,2.0,5.0,4.0,3.0,1.0,1.0,3.0,0,0
6.0,4.0,1,0,1,1.0,1.0,3,2,1.0,5,2,5.0,5.0,5.0,1.0,0.0,3.0,1.0,0,1
2.0,4.0,1,0,0,0.0,0.0,3,3,0.0,1,1,2.0,4.0,1.0,1.0,1.0,2.0,2.0,0,1
6.0,4.0,1,1,1,1.0,1.0,3,2,3.0,4,4,5.0,4.0,3.0,3.0,2.0,2.0,3.0,1,1
3.0,2.0,0,0,0,0.0,0.0,5,1,0.0,1,1,1.0,1.0,5.0,2.0,1.0,3.0,3.0,0,0
2.0,3.0,1,0,0,0.0,0.0,5,1,0.0,1,1,3.0,4.0,1.0,2.0,0.0,3.0,3.0,0,0
5.0,4.0,1,1,0,1.0,0.0,3,1,0.0,3,3,5.0,3.0,5.0,4.0,2.0,2.0,2.0,1,0
1.0,0.0,1,0,0,0.0,0.0,5,4,0.0,2,1,5.0,5.0,5.0,1.0,0.0,1.0,3.0,0,0
6.0,2.0,1,1,1,1.0,1.0,1,1,0.0,3,4,2.0,5.0,5.0,3.0,0.0,2.0,2.0,1,0
4.0,4.0,1,0,0,0.0,0.0,4,5,0.0,1,1,3.0,3.0,1.0,5.0,1.0,2.0,3.0,0,0
1.0,4.0,1,0,0,0.0,0.0,4,1,0.0,2,2,2.0,4.0,1.0,1.0,0.0,1.0,3.0,0,0
10.0,4.0,1,1,1,1.0,1.0,2,2,1.0,3,3,4.0,4.0,4.0,5.0,2.0,1.0,1.0,1,0
8.0,4.0,1,1,1,1.0,1.0,4,1,3.0,5,3,3.0,4.0,4.0,2.0,1.0,2.0,3.0,0,1
2.0,4.0,1,0,0,0.0,0.0,3,1,0.0,1,1,1.0,5.0,1.0,1.0,1.0,2.0,3.0,1,0
7.0,0.0,1,0,0,0.0,0.0,3,1,0.0,5,3,5.0,5.0,5.0,1.0,2.0,3.0,1.0,1,1
7.0,0.0,0,0,0,1.0,0.0,1,1,1.0,5,5,4.0,5.0,5.0,3.0,2.0,1.0,2.0,1,0
1.0,4.0,1,0,0,0.0,0.0,2,1,0.0,2,1,4.0,3.0,1.0,1.0,0.0,2.0,3.0,1,0
2.0,3.0,0,1,0,1.0,0.0,3,2,0.0,4,4,2.0,4.0,4.0,2.0,1.0,2.0,2.0,1,0
7.0,4.0,1,1,1,1.0,1.0,5,3,1.0,3,4,4.0,5.0,3.0,5.0,2.0,4.0,2.0,0,1
10.0,4.0,1,1,1,1.0,1.0,2,3,0.0,5,5,4.0,4.0,3.0,5.0,2.0,4.0,2.0,1,1
7.0,2.0,1,0,0,0.0,0.0,3,1,0.0,4,3,3.0,5.0,3.0,2.0,2.0,4.0,2.0,0,1
2.0,4.0,1,0,1,0.0,0.0,5,2,0.0,4,4,5.0,3.0,5.0,3.0,0.0,2.0,3.0,1,1
4.0,3.0,1,1,1,1.0,1.0,2,1,3.0,3,2,4.0,4.0,3.0,2.0,1.0,2.0,3.0,0,0
4.0,1.0,1,0,0,0.0,0.0,3,1,0.0,1,1,5.0,2.0,5.0,1.0,1.0,1.0,3.0,1,1
4.0,1.0,0,1,1,0.0,0.0,3,3,0.0,4,4,3.0,4.0,1.0,2.0,1.0,1.0,3.0,1,1
1.0,3.0,1,1,0,0.0,0.0,4,1,0.0,2,3,3.0,5.0,1.0,2.0,0.0,2.0,3.0,0,1
2.0,0.0,1,0,0,0.0,0.0,4,3,0.0,3,1,4.0,3.0,3.0,3.0,1.0,2.0,3.0,0,0
9.0,4.0,1,1,1,0.0,0.0,2,3,0.0,4,5,3.0,1.0,5.0,2.0,2.0,1.0,2.0,1,0
4.0,0.0,1,0,0,0.0,0.0,3,1,0.0,2,4,5.0,5.0,1.0,2.0,1.0,1.0,2.0,1,0
5.0,3.0,0,1,0,1.0,0.0,3,1,0.0,3,5,3.0,4.0,4.0,2.0,1.0,1.0,2.0,1,1
6.0,1.0,1,0,0,0.0,0.0,4,5,0.0,1,4,2.0,5.0,5.0,3.0,1.0,1.0,3.0,1,1
2.0,4.0,1,1,1,0.0,1.0,5,3,3.0,3,1,5.0,5.0,5.0,2.0,1.0,3.0,2.0,0,1
2.0,3.0,1,0,0,0.0,0.0,5,1,0.0,3,1,2.0,5.0,5.0,0.0,1.0,3.0,2.0,1,0
3.0,3.0,1,1,1,1.0,1.0,2,2,1.0,2,4,3.0,5.0,5.0,2.0,1.0,2.0,2.0,1,1
1.0,1.0,1,0,0,0.0,0.0,1,3,0.0,4,5,1.0,3.0,2.0,1.0,2.0,1.0,3.0,0,0
4.0,0.0,1,0,0,1.0,1.0,3,2,0.0,2,3,4.0,4.0,4.0,3.0,2.0,2.0,2.0,0,1
3.0,3.0,0,0,0,1.0,0.0,4,3,0.0,2,4,5.0,5.0,5.0,1.0,2.0,2.0,2.0,1,0
6.0,4.0,1,0,0,1.0,0.0,4,1,0.0,1,2,3.0,3.0,3.0,2.0,1.0,2.0,3.0,0,1
4.0,1.0,1,1,0,0.0,0.0,3,2,0.0,3,4,5.0,5.0,5.0,5.0,0.0,2.0,3.0,1,0
2.0,2.0,0,0,0,0.0,0.0,5,2,0.0,2,4,2.0,3.0,3.0,1.0,0.0,2.0,2.0,0,0
3.0,0.0,0,0,0,1.0,1.0,4,4,0.0,2,2,1.0,1.0,1.0,2.0,0.0,2.0,3.0,0,0
5.0,4.0,1,0,0,1.0,0.0,5,5,0.0,4,4,5.0,3.0,4.0,2.0,1.0,2.0,2.0,0,0
5.0,3.0,1,0,0,0.0,0.0,4,3,0.0,4,2,2.0,3.0,3.0,2.0,1.0,3.0,3.0,0,0
1.0,3.0,1,0,0,1.0,0.0,3,1,0.0,2,5,5.0,5.0,5.0,2.0,1.0,1.0,2.0,1,0
4.0,4.0,1,0,0,1.0,0.0,1,1,0.0,1,4,5.0,5.0,5.0,1.0,1.0,3.0,1.0,1,0
3.0,0.0,1,0,0,0.0,0.0,4,3,1.0,2,1,1.0,1.0,1.0,1.0,0.0,3.0,3.0,0,0
6.0,3.0,0,0,0,1.0,0.0,4,4,0.0,2,4,5.0,1.0,5.0,3.0,1.0,3.0,2.0,0,0
6.0,0.0,1,1,1,1.0,1.0,5,5,3.0,2,3,3.0,4.0,3.0,4.0,1.0,3.0,2.0,1,1
6.0,4.0,1,1,1,1.0,1.0,2,2,3.0,3,5,5.0,4.0,5.0,5.0,2.0,2.0,1.0,1,1
9.0,3.0,1,0,0,0.0,0.0,4,2,0.0,1,1,4.0,4.0,5.0,1.0,2.0,2.0,2.0,0,1
4.0,3.0,1,1,0,1.0,1.0,4,1,0.0,1,2,3.0,3.0,5.0,2.0,1.0,2.0,2.0,1,1
10.0,4.0,1,0,0,0.0,1.0,2,5,0.0,1,1,5.0,4.0,5.0,3.0,2.0,2.0,1.0,1,0
2.0,0.0,1,0,0,0.0,0.0,5,1,0.0,2,1,3.0,5.0,4.0,3.0,1.0,1.0,3.0,1,0
2.0,0.0,0,1,0,1.0,0.0,4,2,0.0,2,3,3.0,3.0,3.0,3.0,1.0,1.0,3.0,0,1
2.0,3.0,1,0,0,0.0,0.0,5,1,0.0,2,1,5.0,5.0,5.0,1.0,0.0,1.0,2.0,0,1
10.0,4.0,1,1,0,1.0,1.0,4,2,0.0,1,5,1.0,2.0,5.0,3.0,2.0,3.0,2.0,1,1
3.0,2.0,1,1,0,0.0,0.0,4,2,0.0,3,2,2.0,5.0,5.0,5.0,1.0,2.0,2.0,1,0
4.0,1.0,1,0,0,0.0,0.0,4,5,3.0,3,4,5.0,5.0,5.0,2.0,1.0,2.0,2.0,0,0
10.0,0.0,1,0,1,1.0,1.0,1,1,3.0,3,4,5.0,5.0,5.0,3.0,1.0,6.0,1.0,1,1
9.0,0.0,0,1,1,1.0,1.0,2,1,1.0,3,3,3.0,3.0,3.0,5.0,1.0,6.0,2.0,0,0
5.0,4.0,1,0,1,1.0,1.0,2,1,1.0,3,3,1.0,1.0,5.0,3.0,1.0,2.0,1.0,1,1
4.0,4.0,1,0,0,1.0,1.0,5,4,3.0,3,2,3.0,3.0,3.0,2.0,0.0,2.0,2.0,1,0
3.0,4.0,0,0,0,1.0,0.0,3,3,0.0,5,2,5.0,4.0,4.0,2.0,1.0,4.0,2.0,0,0
7.0,0.0,1,1,1,1.0,1.0,1,1,0.0,3,3,5.0,5.0,5.0,6.0,2.0,3.0,1.0,1,1
7.0,4.0,0,1,1,1.0,1.0,2,1,0.0,4,4,5.0,5.0,5.0,5.0,2.0,3.0,1.0,1,1
4.0,4.0,1,0,0,0.0,0.0,3,1,0.0,1,1,5.0,5.0,5.0,2.0,1.0,1.0,3.0,0,0
5.0,0.0,1,1,0,0.0,0.0,3,2,0.0,2,1,2.0,2.0,1.0,2.0,2.0,2.0,3.0,1,0
4.0,3.0,1,0,0,0.0,0.0,4,1,1.0,2,3,2.0,3.0,3.0,1.0,2.0,2.0,2.0,0,0
3.0,0.0,1,0,0,0.0,0.0,4,4,0.0,1,1,3.0,2.0,2.0,3.0,0.0,3.0,3.0,1,1
3.0,4.0,0,0,0,1.0,0.0,4,1,0.0,3,3,1.0,5.0,1.0,2.0,0.0,3.0,1.0,1,0
4.0,0.0,1,0,0,0.0,0.0,3,4,0.0,4,3,5.0,3.0,5.0,3.0,0.0,3.0,3.0,0,0
10.0,4.0,0,1,1,1.0,1.0,1,1,0.0,5,3,5.0,5.0,5.0,2.0,2.0,3.0,2.0,1,1
10.0,4.0,1,1,1,1.0,1.0,2,1,3.0,5,4,5.0,5.0,5.0,5.0,2.0,4.0,1.0,1,1
5.0,4.0,1,0,0,0.0,0.0,4,2,0.0,2,5,2.0,4.0,2.0,2.0,1.0,3.0,2.0,0,1
4.0,3.0,1,1,0,1.0,1.0,3,3,0.0,4,3,5.0,1.0,3.0,2.0,1.0,2.0,3.0,0,1
5.0,4.0,1,0,0,1.0,0.0,4,5,1.0,1,1,1.0,1.0,1.0,3.0,1.0,2.0,3.0,0,1
7.0,3.0,1,1,0,1.0,1.0,5,4,0.0,3,1,5.0,5.0,5.0,3.0,2.0,2.0,2.0,1,0
4.0,2.0,1,0,0,0.0,0.0,4,4,0.0,2,2,3.0,4.0,3.0,2.0,1.0,2.0,2.0,1,1
5.0,3.0,1,1,0,1.0,1.0,4,2,0.0,4,5,5.0,2.0,4.0,4.0,1.0,1.0,2.0,1,1
3.0,0.0,1,0,0,0.0,0.0,5,1,0.0,4,2,5.0,5.0,5.0,2.0,2.0,1.0,2.0,0,0
5.0,4.0,1,0,0,0.0,0.0,5,5,0.0,3,1,1.0,1.0,1.0,5.0,0.0,4.0,3.0,0,1
1.0,0.0,1,0,0,0.0,0.0,5,1,0.0,1,3,4.0,1.0,1.0,2.0,0.0,1.0,2.0,0,0
7.0,4.0,1,1,1,1.0,1.0,3,1,1.0,5,3,3.0,5.0,4.0,5.0,1.0,3.0,1.0,1,0
4.0,0.0,0,0,0,0.0,0.0,4,3,0.0,5,2,3.0,3.0,2.0,1.0,1.0,2.0,3.0,0,0
2.0,0.0,0,0,0,0.0,0.0,5,1,0.0,1,1,5.0,4.0,4.0,2.0,0.0,2.0,3.0,0,0
2.0,3.0,1,0,0,0.0,0.0,3,3,0.0,2,5,1.0,1.0,5.0,1.0,0.0,2.0,3.0,0,1
2.0,3.0,0,1,0,0.0,0.0,4,3,0.0,4,5,1.0,3.0,2.0,2.0,0.0,1.0,2.0,0,0
4.0,3.0,0,1,0,0.0,0.0,4,4,0.0,5,4,3.0,3.0,2.0,2.0,1.0,1.0,3.0,0,1
2.0,4.0,1,0,0,0.0,0.0,4,5,0.0,4,1,1.0,1.0,1.0,2.0,0.0,1.0,3.0,0,0
8.0,4.0,0,0,0,0.0,1.0,3,1,0.0,3,3,3.0,5.0,4.0,5.0,2.0,3.0,1.0,1,0
8.0,4.0,1,1,0,1.0,1.0,2,4,0.0,3,2,3.0,3.0,2.0,5.0,2.0,3.0,3.0,0,1
3.0,1.0,1,0,0,0.0,0.0,5,4,0.0,1,1,1.0,4.0,3.0,2.0,2.0,1.0,3.0,1,0
5.0,3.0,1,1,0,0.0,0.0,2,2,0.0,3,1,3.0,5.0,5.0,5.0,2.0,2.0,2.0,1,1
1.0,1.0,0,1,1,1.0,0.0,3,2,1.0,2,3,3.0,2.0,4.0,2.0,1.0,1.0,2.0,1,0
1.0,2.0,1,0,0,1.0,1.0,5,1,3.0,2,1,5.0,5.0,5.0,5.0,1.0,3.0,3.0,1,0
8.0,4.0,1,1,1,1.0,1.0,2,2,1.0,3,3,3.0,4.0,5.0,4.0,1.0,3.0,2.0,1,1
10.0,4.0,1,1,1,1.0,1.0,3,3,0.0,4,5,2.0,4.0,3.0,5.0,2.0,2.0,2.0,1,0
1.0,0.0,0,1,0,0.0,0.0,5,5,0.0,1,1,2.0,1.0,3.0,2.0,0.0,2.0,3.0,0,0
5.0,0.0,1,1,1,1.0,0.0,3,3,1.0,4,4,5.0,5.0,1.0,4.0,1.0,3.0,2.0,0,0
7.0,3.0,1,0,0,1.0,1.0,3,1,0.0,2,1,2.0,4.0,3.0,2.0,2.0,3.0,3.0,1,0
5.0,2.0,1,0,0,0.0,0.0,5,2,0.0,4,3,5.0,5.0,1.0,1.0,0.0,1.0,3.0,0,0
4.0,2.0,1,1,0,1.0,1.0,1,2,0.0,5,4,5.0,4.0,4.0,4.0,0.0,2.0,1.0,1,0
1.0,4.0,1,0,0,0.0,0.0,3,1,0.0,1,1,1.0,1.0,5.0,1.0,1.0,2.0,2.0,1,1
4.0,3.0,1,1,0,1.0,1.0,2,1,3.0,3,2,5.0,5.0,5.0,2.0,1.0,2.0,2.0,0,0
3.0,1.0,0,1,1,1.0,1.0,1,1,1.0,3,4,4.0,5.0,5.0,2.0,2.0,3.0,1.0,1,1
5.0,4.0,1,0,1,0.0,1.0,5,1,3.0,5,1,5.0,5.0,5.0,2.0,2.0,2.0,1.0,0,0
7.0,0.0,1,0,0,0.0,0.0,3,1,0.0,5,3,3.0,5.0,5.0,3.0,2.0,3.0,1.0,1,1
4.0,4.0,1,0,0,0.0,0.0,4,2,0.0,2,2,5.0,4.0,1.0,2.0,0.0,3.0,3.0,0,0
7.0,4.0,1,0,0,0.0,0.0,1,1,0.0,5,1,5.0,5.0,5.0,2.0,2.0,3.0,2.0,0,0
4.0,0.0,0,0,0,1.0,1.0,3,2,0.0,3,5,5.0,4.0,2.0,3.0,1.0,2.0,3.0,1,0
4.0,4.0,1,0,0,1.0,1.0,5,3,0.0,4,2,4.0,2.0,3.0,2.0,1.0,2.0,2.0,0,0
6.0,4.0,1,0,1,1.0,1.0,2,2,1.0,4,3,4.0,4.0,5.0,4.0,2.0,3.0,2.0,1,1
3.0,3.0,1,0,0,0.0,0.0,4,1,0.0,2,1,1.0,1.0,1.0,2.0,2.0,2.0,2.0,0,0
8.0,4.0,1,1,1,1.0,1.0,2,1,0.0,3,3,5.0,5.0,5.0,5.0,2.0,2.0,1.0,1,1
6.0,0.0,1,1,0,0.0,0.0,3,2,0.0,3,2,3.0,5.0,3.0,2.0,2.0,3.0,2.0,0,1
2.0,0.0,1,0,0,1.0,0.0,3,1,0.0,3,3,2.0,3.0,3.0,3.0,2.0,2.0,2.0,1,1
3.0,3.0,1,0,0,0.0,0.0,4,3,0.0,4,2,2.0,2.0,2.0,3.0,2.0,2.0,3.0,1,1
6.0,3.0,1,1,0,0.0,1.0,4,1,0.0,3,1,1.0,5.0,5.0,5.0,1.0,4.0,3.0,0,0
6.0,4.0,1,1,0,1.0,1.0,4,1,0.0,3,2,5.0,5.0,5.0,3.0,1.0,4.0,3.0,0,0
6.0,4.0,1,0,1,1.0,1.0,2,1,3.0,3,4,3.0,5.0,3.0,1.0,2.0,2.0,2.0,1,1
8.0,0.0,1,1,0,1.0,1.0,3,2,0.0,2,3,5.0,4.0,4.0,4.0,2.0,2.0,1.0,1,1
4.0,4.0,1,0,0,1.0,1.0,3,2,0.0,3,5,1.0,1.0,5.0,3.0,1.0,3.0,3.0,0,0
6.0,3.0,1,1,0,1.0,0.0,2,1,1.0,4,2,3.0,5.0,5.0,2.0,2.0,3.0,2.0,0,1
2.0,4.0,1,0,0,0.0,0.0,2,2,0.0,2,1,5.0,5.0,4.0,1.0,0.0,3.0,3.0,0,1
2.0,1.0,1,0,0,0.0,0.0,3,1,0.0,1,1,1.0,1.0,4.0,1.0,1.0,1.0,3.0,1,0
4.0,3.0,1,0,0,0.0,1.0,3,4,0.0,4,5,2.0,4.0,2.0,2.0,1.0,1.0,2.0,1,0
1.0,3.0,1,0,0,0.0,0.0,5,3,0.0,1,1,5.0,1.0,1.0,1.0,0.0,1.0,2.0,0,0
2.0,3.0,1,0,0,0.0,0.0,5,5,0.0,2,4,1.0,1.0,1.0,3.0,0.0,1.0,3.0,0,0
4.0,4.0,1,0,0,1.0,1.0,5,4,0.0,2,1,1.0,2.0,5.0,1.0,2.0,2.0,3.0,1,0
6.0,2.0,1,0,0,0.0,1.0,5,5,0.0,2,1,1.0,3.0,3.0,2.0,2.0,2.0,3.0,0,1
7.0,0.0,0,1,0,0.0,0.0,4,1,0.0,5,5,5.0,5.0,5.0,1.0,0.0,3.0,2.0,0,1
7.0,4.0,0,0,0,1.0,1.0,1,3,0.0,4,2,5.0,5.0,5.0,3.0,2.0,3.0,2.0,0,0
7.0,4.0,1,1,1,1.0,1.0,2,2,1.0,2,5,5.0,2.0,4.0,5.0,1.0,6.0,2.0,1,0
8.0,2.0,1,1,1,1.0,1.0,1,2,1.0,4,4,5.0,5.0,5.0,5.0,2.0,6.0,1.0,1,0
3.0,0.0,1,1,0,1.0,1.0,2,2,0.0,4,3,5.0,2.0,1.0,3.0,0.0,3.0,2.0,0,0
2.0,1.0,1,0,0,0.0,0.0,5,3,0.0,1,1,1.0,2.0,4.0,2.0,0.0,3.0,3.0,0,1
5.0,3.0,1,1,0,1.0,1.0,5,5,0.0,2,1,5.0,2.0,3.0,5.0,2.0,3.0,2.0,1,0
9.0,3.0,1,1,1,1.0,1.0,2,1,0.0,3,3,5.0,5.0,4.0,5.0,2.0,3.0,2.0,1,1
4.0,2.0,0,0,0,1.0,1.0,3,2,0.0,5,1,3.0,4.0,3.0,2.0,0.0,3.0,2.0,1,1
9.0,0.0,0,1,1,1.0,1.0,1,1,3.0,3,2,3.0,5.0,5.0,5.0,1.0,6.0,2.0,1,0
10.0,4.0,0,1,1,1.0,1.0,2,1,1.0,2,4,5.0,5.0,5.0,6.0,1.0,6.0,1.0,0,1
4.0,1.0,1,1,0,1.0,1.0,5,5,0.0,4,5,5.0,3.0,3.0,2.0,1.0,5.0,1.0,1,1
4.0,0.0,1,0,1,0.0,0.0,4,5,0.0,2,1,5.0,4.0,1.0,2.0,0.0,3.0,2.0,0,0
5.0,4.0,1,1,1,1.0,1.0,4,1,3.0,3,2,2.0,5.0,5.0,2.0,1.0,2.0,2.0,1,0
10.0,3.0,1,0,1,1.0,1.0,3,2,0.0,3,2,3.0,4.0,4.0,5.0,2.0,4.0,2.0,0,1
5.0,3.0,1,0,0,1.0,0.0,4,4,0.0,1,4,3.0,4.0,4.0,2.0,1.0,1.0,2.0,0,1
1.0,0.0,1,0,0,0.0,0.0,5,4,0.0,3,2,1.0,1.0,1.0,2.0,0.0,2.0,2.0,0,0
9.0,1.0,1,1,1,1.0,1.0,2,1,1.0,5,5,5.0,5.0,5.0,5.0,2.0,3.0,1.0,1,1
8.0,0.0,1,0,1,1.0,1.0,1,1,1.0,3,1,1.0,5.0,5.0,2.0,1.0,2.0,1.0,1,1
1.0,0.0,0,0,0,1.0,0.0,5,4,0.0,2,1,5.0,1.0,2.0,2.0,1.0,1.0,3.0,0,0
1.0,0.0,0,0,0,0.0,0.0,5,5,0.0,1,1,1.0,1.0,1.0,1.0,1.0,1.0,3.0,0,0
6.0,4.0,0,0,0,1.0,0.0,3,3,0.0,2,2,2.0,3.0,3.0,1.0,0.0,2.0,2.0,1,1
2.0,1.0,1,0,0,0.0,0.0,5,5,0.0,4,1,4.0,4.0,1.0,1.0,0.0,1.0,3.0,0,0
3.0,1.0,1,0,0,0.0,0.0,4,1,0.0,2,4,5.0,5.0,5.0,2.0,2.0,2.0,2.0,0,1
3.0,2.0,1,0,0,1.0,0.0,2,5,0.0,1,1,1.0,5.0,4.0,1.0,0.0,1.0,3.0,1,0
4.0,3.0,0,1,1,1.0,1.0,2,1,0.0,5,1,3.0,5.0,5.0,2.0,2.0,1.0,2.0,0,1
10.0,0.0,1,1,1,1.0,1.0,2,2,3.0,5,4,5.0,5.0,4.0,5.0,2.0,6.0,1.0,1,1
8.0,1.0,1,1,1,1.0,0.0,1,2,3.0,3,2,4.0,4.0,3.0,3.0,2.0,6.0,1.0,1,0
6.0,4.0,1,0,0,1.0,1.0,5,2,0.0,3,2,1.0,2.0,3.0,2.0,1.0,3.0,2.0,0,1
6.0,4.0,0,1,0,0.0,0.0,3,1,0.0,2,4,5.0,5.0,2.0,3.0,1.0,4.0,1.0,0,0
2.0,0.0,1,0,0,0.0,0.0,4,1,0.0,3,3,3.0,1.0,4.0,5.0,1.0,3.0,2.0,0,1
5.0,3.0,1,0,0,1.0,0.0,3,3,0.0,4,4,5.0,5.0,5.0,4.0,1.0,3.0,2.0,0,0
5.0,1.0,1,1,0,0.0,1.0,3,3,0.0,5,4,5.0,3.0,5.0,4.0,1.0,3.0,3.0,0,1
4.0,4.0,1,0,0,1.0,1.0,5,3,0.0,2,1,1.0,5.0,1.0,1.0,1.0,3.0,2.0,1,0
2.0,4.0,1,0,0,1.0,0.0,4,3,3.0,3,1,5.0,5.0,2.0,2.0,1.0,3.0,3.0,0,0
4.0,1.0,0,0,0,0.0,0.0,5,1,0.0,1,4,2.0,5.0,5.0,2.0,1.0,2.0,3.0,0,0
9.0,4.0,0,0,0,1.0,1.0,5,2,0.0,3,3,4.0,4.0,4.0,3.0,2.0,1.0,2.0,0,1
3.0,4.0,1,0,0,0.0,0.0,4,1,0.0,2,2,4.0,2.0,4.0,2.0,1.0,1.0,2.0,0,0
5.0,4.0,1,1,0,1.0,1.0,2,1,0.0,4,5,5.0,5.0,5.0,3.0,1.0,2.0,1.0,1,0
5.0,3.0,1,1,0,0.0,0.0,1,1,0.0,4,5,5.0,4.0,3.0,2.0,1.0,1.0,2.0,1,0
3.0,2.0,1,0,0,0.0,0.0,5,5,0.0,3,1,5.0,5.0,1.0,1.0,2.0,1.0,1.0,1,0
4.0,3.0,1,0,0,1.0,1.0,5,1,0.0,3,1,4.0,5.0,5.0,2.0,1.0,4.0,2.0,0,0
1.0,3.0,1,0,0,0.0,0.0,3,1,0.0,5,2,2.0,3.0,2.0,1.0,0.0,2.0,1.0,0,0
4.0,0.0,0,0,0,0.0,0.0,5,1,0.0,3,3,2.0,3.0,2.0,2.0,2.0,1.0,2.0,0,1
5.0,3.0,0,1,0,1.0,1.0,1,1,3.0,3,5,5.0,5.0,4.0,2.0,2.0,2.0,1.0,1,1
6.0,4.0,1,0,0,1.0,1.0,3,3,1.0,3,3,4.0,4.0,4.0,3.0,2.0,2.0,2.0,1,0
7.0,4.0,1,0,0,0.0,0.0,1,1,0.0,3,3,5.0,1.0,5.0,3.0,1.0,2.0,2.0,1,0
4.0,4.0,0,1,1,1.0,1.0,2,1,0.0,2,4,5.0,5.0,5.0,6.0,2.0,2.0,1.0,1,0
4.0,0.0,1,0,0,0.0,0.0,4,2,0.0,2,2,1.0,2.0,2.0,3.0,2.0,3.0,3.0,0,0
6.0,4.0,1,1,0,1.0,1.0,2,2,0.0,1,4,1.0,1.0,1.0,4.0,1.0,6.0,2.0,1,1
4.0,2.0,1,1,1,1.0,0.0,2,2,1.0,3,3,5.0,5.0,5.0,5.0,2.0,6.0,1.0,1,0
1.0,2.0,1,0,0,0.0,0.0,1,1,0.0,1,1,1.0,1.0,1.0,0.0,0.0,1.0,3.0,0,0
1.0,0.0,0,1,0,0.0,0.0,4,5,0.0,3,3,3.0,3.0,2.0,2.0,0.0,2.0,2.0,1,0
4.0,3.0,1,0,0,0.0,0.0,5,5,0.0,2,4,5.0,2.0,1.0,2.0,0.0,1.0,3.0,1,0
3.0,0.0,1,0,0,0.0,0.0,5,1,0.0,4,3,5.0,4.0,3.0,5.0,1.0,1.0,3.0,0,1
6.0,4.0,1,1,0,1.0,1.0,1,1,0.0,4,4,5.0,5.0,4.0,2.0,2.0,3.0,2.0,1,1
7.0,3.0,1,1,1,1.0,1.0,2,1,1.0,3,2,4.0,5.0,5.0,4.0,2.0,3.0,2.0,1,1
7.0,4.0,1,0,0,0.0,1.0,5,1,1.0,1,1,5.0,5.0,5.0,1.0,1.0,3.0,3.0,0,0
1.0,0.0,1,0,0,1.0,0.0,5,1,0.0,1,1,1.0,2.0,1.0,1.0,1.0,1.0,3.0,0,0
5.0,1.0,1,0,0,0.0,0.0,2,1,0.0,2,2,5.0,2.0,4.0,1.0,0.0,2.0,1.0,0,1
4.0,3.0,1,0,0,0.0,0.0,5,1,0.0,3,2,3.0,1.0,4.0,2.0,1.0,1.0,3.0,0,0
3.0,4.0,1,0,0,0.0,0.0,4,4,0.0,2,2,4.0,5.0,5.0,1.0,0.0,2.0,3.0,0,0
2.0,0.0,1,0,0,0.0,0.0,3,1,0.0,2,3,5.0,5.0,5.0,5.0,1.0,1.0,3.0,1,0
6.0,3.0,1,0,0,0.0,0.0,5,5,0.0,1,1,1.0,1.0,1.0,2.0,0.0,3.0,3.0,0,1
4.0,0.0,1,0,0,0.0,0.0,1,1,0.0,3,2,3.0,2.0,3.0,1.0,0.0,1.0,3.0,0,0
9.0,2.0,1,0,0,0.0,0.0,3,1,0.0,1,1,3.0,3.0,3.0,4.0,2.0,2.0,1.0,0,0
5.0,1.0,0,1,0,1.0,0.0,1,1,0.0,5,2,5.0,5.0,4.0,2.0,2.0,1.0,1.0,1,1
5.0,2.0,0,1,0,0.0,0.0,3,1,0.0,2,3,3.0,5.0,5.0,2.0,2.0,2.0,2.0,1,1
9.0,4.0,0,1,0,1.0,1.0,1,1,0.0,4,4,5.0,5.0,5.0,6.0,2.0,5.0,1.0,1,0
10.0,4.0,1,1,0,1.0,1.0,2,2,0.0,3,3,4.0,4.0,4.0,6.0,0.0,5.0,1.0,1,1
1.0,0.0,0,0,0,0.0,0.0,3,4,0.0,3,4,1.0,1.0,1.0,2.0,1.0,3.0,1.0,1,1
8.0,1.0,1,1,0,0.0,0.0,3,2,0.0,3,2,5.0,5.0,5.0,5.0,1.0,3.0,2.0,1,0
1.0,2.0,1,0,0,0.0,0.0,5,4,1.0,1,4,1.0,5.0,5.0,0.0,2.0,1.0,2.0,1,0
1.0,0.0,1,0,0,0.0,0.0,3,5,0.0,4,1,1.0,1.0,1.0,2.0,0.0,1.0,1.0,0,0
1.0,0.0,1,0,0,0.0,0.0,3,4,0.0,5,1,2.0,5.0,5.0,1.0,1.0,1.0,3.0,1,1
7.0,4.0,1,0,1,1.0,1.0,4,1,1.0,3,3,4.0,5.0,4.0,6.0,2.0,2.0,2.0,1,0
6.0,4.0,1,1,0,1.0,1.0,3,3,3.0,3,2,5.0,3.0,2.0,5.0,1.0,3.0,2.0,1,0
5.0,3.0,1,0,0,1.0,0.0,5,4,0.0,5,2,1.0,5.0,5.0,2.0,2.0,6.0,2.0,0,0
5.0,4.0,1,1,1,1.0,1.0,3,2,1.0,3,3,5.0,4.0,3.0,3.0,1.0,2.0,2.0,1,0
6.0,4.0,1,1,1,1.0,1.0,2,1,0.0,3,2,3.0,5.0,3.0,3.0,1.0,1.0,2.0,1,0
3.0,3.0,1,0,0,0.0,0.0,5,5,0.0,4,2,3.0,3.0,4.0,2.0,0.0,3.0,1.0,1,0
8.0,3.0,1,1,1,1.0,1.0,3,1,3.0,4,2,3.0,4.0,3.0,4.0,1.0,3.0,2.0,1,1
10.0,0.0,1,1,1,1.0,0.0,3,2,0.0,2,3,4.0,4.0,4.0,2.0,2.0,3.0,2.0,1,0
4.0,3.0,0,0,0,0.0,0.0,3,3,0.0,2,2,3.0,3.0,3.0,2.0,0.0,3.0,2.0,0,0
3.0,0.0,1,0,0,0.0,0.0,5,5,0.0,3,1,1.0,4.0,2.0,2.0,0.0,4.0,3.0,0,1
2.0,4.0,1,1,0,0.0,0.0,5,3,0.0,1,2,1.0,5.0,4.0,2.0,1.0,3.0,3.0,1,0
9.0,4.0,1,1,0,1.0,1.0,2,1,0.0,4,4,5.0,4.0,3.0,5.0,2.0,3.0,1.0,1,1
5.0,2.0,1,0,0,0.0,0.0,1,3,0.0,2,1,5.0,5.0,1.0,2.0,1.0,1.0,2.0,1,0
8.0,1.0,1,1,0,0.0,0.0,1,1,0.0,4,5,5.0,5.0,4.0,2.0,2.0,2.0,2.0,1,1
7.0,3.0,1,0,0,0.0,0.0,3,3,0.0,2,1,5.0,5.0,1.0,1.0,1.0,1.0,3.0,1,0
1.0,0.0,0,0,0,0.0,0.0,3,1,0.0,4,5,2.0,1.0,3.0,2.0,1.0,2.0,2.0,0,1
5.0,3.0,1,0,1,0.0,0.0,4,3,0.0,5,3,2.0,5.0,3.0,3.0,2.0,3.0,2.0,1,1
4.0,4.0,1,0,1,0.0,0.0,5,1,3.0,2,2,5.0,5.0,5.0,3.0,1.0,2.0,1.0,0,0
2.0,4.0,0,1,0,0.0,0.0,5,4,0.0,3,2,2.0,4.0,1.0,2.0,0.0,1.0,3.0,0,0
3.0,1.0,1,0,0,0.0,0.0,3,3,0.0,1,1,1.0,1.0,1.0,1.0,0.0,1.0,3.0,0,1
1.0,1.0,0,1,0,0.0,0.0,4,3,0.0,4,3,5.0,2.0,5.0,2.0,0.0,1.0,3.0,1,0
1.0,4.0,1,0,0,0.0,0.0,2,1,0.0,2,1,3.0,5.0,4.0,1.0,0.0,2.0,3.0,1,0
9.0,3.0,1,0,0,0.0,0.0,5,3,0.0,4,5,5.0,4.0,4.0,3.0,2.0,2.0,2.0,1,1
5.0,0.0,1,0,1,1.0,0.0,5,3,0.0,1,1,1.0,1.0,1.0,3.0,1.0,1.0,3.0,0,0
5.0,4.0,1,0,1,1.0,1.0,5,1,0.0,2,1,1.0,5.0,3.0,1.0,0.0,2.0,3.0,0,1
5.0,4.0,1,1,0,0.0,0.0,5,4,1.0,2,1,2.0,1.0,1.0,3.0,0.0,3.0,3.0,0,0
3.0,4.0,1,1,0,0.0,0.0,3,2,0.0,2,2,3.0,4.0,3.0,3.0,1.0,1.0,2.0,1,0
5.0,3.0,1,1,1,1.0,1.0,2,1,0.0,3,3,2.0,5.0,4.0,5.0,2.0,2.0,1.0,1,1
4.0,3.0,0,1,0,0.0,0.0,2,1,0.0,2,2,4.0,4.0,4.0,2.0,2.0,2.0,2.0,1,0
1.0,0.0,1,0,0,1.0,0.0,5,4,0.0,2,1,2.0,2.0,2.0,2.0,1.0,1.0,3.0,0,1
7.0,0.0,0,1,0,1.0,0.0,2,1,0.0,3,5,4.0,5.0,4.0,5.0,1.0,1.0,2.0,1,0
3.0,4.0,1,0,0,0.0,0.0,1,2,0.0,1,1,1.0,1.0,1.0,1.0,2.0,1.0,3.0,0,1
7.0,2.0,1,0,0,0.0,0.0,1,1,0.0,4,4,5.0,5.0,5.0,3.0,2.0,2.0,2.0,0,0
10.0,4.0,1,0,1,1.0,1.0,1,1,1.0,3,5,5.0,5.0,5.0,6.0,2.0,3.0,1.0,1,1
2.0,0.0,0,0,0,0.0,0.0,5,1,0.0,1,1,1.0,1.0,1.0,2.0,0.0,2.0,3.0,0,1
1.0,4.0,0,1,0,0.0,0.0,4,1,0.0,2,2,5.0,5.0,5.0,2.0,2.0,1.0,3.0,1,1
5.0,0.0,1,0,0,0.0,0.0,3,3,1.0,5,5,5.0,5.0,3.0,3.0,1.0,1.0,2.0,1,1
1.0,4.0,1,0,0,0.0,0.0,4,3,0.0,1,1,1.0,1.0,1.0,1.0,0.0,2.0,3.0,0,0
8.0,0.0,1,0,0,0.0,1.0,1,1,0.0,5,4,3.0,4.0,5.0,3.0,2.0,2.0,2.0,0,1
2.0,2.0,1,0,0,1.0,0.0,5,4,0.0,5,5,2.0,5.0,2.0,2.0,1.0,1.0,2.0,1,0
1.0,4.0,1,0,0,0.0,0.0,5,1,0.0,1,1,3.0,5.0,4.0,0.0,0.0,1.0,3.0,0,0
6.0,3.0,0,1,1,1.0,1.0,1,1,1.0,3,5,4.0,4.0,4.0,4.0,1.0,1.0,1.0,1,1
1.0,4.0,0,0,0,0.0,0.0,5,3,0.0,3,1,2.0,3.0,4.0,2.0,0.0,1.0,3.0,0,0
7.0,4.0,1,0,0,1.0,1.0,4,2,0.0,3,2,5.0,4.0,3.0,4.0,2.0,2.0,2.0,0,0
6.0,4.0,1,1,0,1.0,1.0,4,5,0.0,3,5,3.0,3.0,3.0,5.0,1.0,3.0,1.0,0,0
7.0,0.0,0,1,0,1.0,0.0,2,3,1.0,3,4,3.0,4.0,3.0,5.0,2.0,3.0,2.0,1,1
5.0,4.0,1,0,0,1.0,0.0,5,1,0.0,3,4,5.0,5.0,5.0,2.0,1.0,3.0,2.0,0,0
8.0,4.0,1,1,0,1.0,0.0,1,1,0.0,4,5,5.0,5.0,5.0,5.0,2.0,4.0,1.0,1,0
3.0,0.0,1,0,1,0.0,0.0,2,1,1.0,4,2,5.0,4.0,5.0,5.0,2.0,4.0,2.0,1,1
6.0,0.0,1,0,0,1.0,0.0,3,3,0.0,3,3,5.0,5.0,4.0,4.0,2.0,4.0,3.0,0,1
4.0,2.0,1,0,0,0.0,0.0,1,1,0.0,1,1,5.0,2.0,4.0,2.0,0.0,2.0,1.0,0,1
3.0,4.0,1,0,0,0.0,0.0,5,5,0.0,1,1,2.0,2.0,1.0,1.0,1.0,2.0,3.0,0,0
2.0,4.0,1,0,0,0.0,0.0,4,1,0.0,2,2,2.0,1.0,3.0,0.0,0.0,1.0,3.0,0,1
2.0,4.0,1,0,0,0.0,0.0,4,3,0.0,2,2,1.0,1.0,1.0,2.0,0.0,1.0,3.0,0,1
7.0,1.0,1,1,1,1.0,1.0,3,2,0.0,3,2,4.0,4.0,3.0,5.0,2.0,4.0,2.0,1,1
4.0,4.0,1,1,0,1.0,1.0,3,3,0.0,3,3,2.0,5.0,1.0,5.0,1.0,2.0,3.0,0,0
6.0,3.0,1,0,0,0.0,0.0,5,3,0.0,4,2,3.0,3.0,1.0,4.0,1.0,2.0,3.0,0,0
3.0,3.0,0,1,0,0.0,0.0,2,1,0.0,5,5,5.0,5.0,5.0,2.0,1.0,2.0,1.0,0,0
1.0,1.0,1,1,0,0.0,0.0,5,4,1.0,4,4,2.0,1.0,1.0,1.0,1.0,1.0,3.0,1,1
4.0,0.0,1,1,0,1.0,0.0,3,1,0.0,3,3,4.0,3.0,3.0,5.0,0.0,2.0,3.0,0,0
3.0,4.0,1,0,0,0.0,1.0,5,1,0.0,2,2,3.0,1.0,1.0,1.0,0.0,2.0,3.0,0,0
7.0,4.0,1,0,1,1.0,0.0,3,2,3.0,5,2,3.0,4.0,4.0,5.0,1.0,2.0,2.0,0,0
5.0,4.0,1,1,0,0.0,1.0,2,2,0.0,5,5,5.0,4.0,4.0,4.0,2.0,2.0,1.0,0,0
4.0,0.0,0,1,0,1.0,1.0,3,1,0.0,3,5,5.0,5.0,5.0,5.0,1.0,4.0,2.0,1,1
7.0,3.0,1,1,1,1.0,0.0,3,2,0.0,5,5,5.0,4.0,2.0,4.0,2.0,2.0,3.0,1,0
1.0,1.0,1,0,0,0.0,0.0,5,1,0.0,1,1,3.0,2.0,4.0,0.0,1.0,2.0,3.0,0,0
3.0,0.0,1,0,0,1.0,0.0,3,1,0.0,3,3,4.0,5.0,5.0,1.0,1.0,3.0,2.0,1,1
2.0,2.0,1,0,0,1.0,0.0,3,1,0.0,2,4,5.0,5.0,5.0,3.0,1.0,2.0,2.0,1,0
2.0,0.0,0,0,0,1.0,0.0,4,1,3.0,2,1,1.0,5.0,1.0,2.0,0.0,3.0,3.0,1,0
6.0,3.0,1,0,0,1.0,1.0,5,3,1.0,2,2,5.0,5.0,1.0,2.0,1.0,4.0,2.0,0,1
5.0,4.0,1,0,0,1.0,0.0,5,5,1.0,1,2,5.0,4.0,1.0,2.0,1.0,4.0,3.0,0,1
5.0,4.0,0,0,0,0.0,0.0,2,3,0.0,2,1,2.0,3.0,2.0,2.0,1.0,4.0,2.0,1,1
6.0,1.0,1,1,1,1.0,1.0,3,2,0.0,3,5,5.0,4.0,3.0,5.0,1.0,4.0,1.0,0,0
5.0,4.0,0,0,0,0.0,0.0,3,2,0.0,3,3,3.0,4.0,3.0,2.0,1.0,4.0,2.0,0,0
1.0,1.0,0,0,0,0.0,0.0,5,3,0.0,5,2,1.0,5.0,5.0,2.0,1.0,1.0,1.0,0,0
5.0,0.0,1,0,0,1.0,1.0,3,3,0.0,2,1,2.0,1.0,5.0,2.0,2.0,1.0,3.0,1,1
6.0,2.0,0,1,0,0.0,0.0,3,3,0.0,2,4,5.0,4.0,3.0,2.0,0.0,4.0,3.0,0,1
4.0,4.0,1,0,0,0.0,0.0,3,1,0.0,1,1,4.0,2.0,2.0,2.0,2.0,2.0,1.0,0,1
3.0,3.0,1,0,0,1.0,0.0,3,1,0.0,1,1,5.0,5.0,5.0,3.0,0.0,2.0,3.0,0,0
5.0,1.0,1,0,0,0.0,0.0,3,3,0.0,2,2,5.0,4.0,3.0,2.0,1.0,2.0,3.0,0,0
2.0,2.0,1,0,0,0.0,0.0,4,4,0.0,1,2,1.0,1.0,2.0,2.0,1.0,3.0,3.0,1,0
3.0,3.0,1,1,0,0.0,0.0,4,1,0.0,4,2,5.0,5.0,5.0,2.0,2.0,2.0,3.0,1,0
3.0,4.0,1,0,0,1.0,0.0,5,4,0.0,3,2,4.0,3.0,5.0,2.0,1.0,2.0,2.0,0,0
4.0,3.0,1,0,0,1.0,0.0,5,5,1.0,1,2,2.0,2.0,1.0,2.0,2.0,2.0,3.0,0,0
3.0,4.0,0,0,0,0.0,0.0,4,5,3.0,2,3,2.0,4.0,3.0,2.0,0.0,1.0,2.0,1,1
1.0,4.0,1,0,0,0.0,0.0,5,4,0.0,2,1,3.0,3.0,3.0,1.0,0.0,1.0,3.0,0,1
2.0,2.0,0,0,0,0.0,0.0,4,4,0.0,5,2,1.0,5.0,5.0,1.0,2.0,2.0,3.0,1,1
6.0,0.0,1,0,1,1.0,1.0,5,5,3.0,1,1,2.0,3.0,1.0,5.0,1.0,3.0,2.0,0,1
4.0,0.0,1,0,0,0.0,0.0,4,4,0.0,3,1,1.0,4.0,3.0,2.0,1.0,2.0,3.0,1,1
4.0,3.0,1,0,0,0.0,0.0,5,1,0.0,1,3,1.0,5.0,3.0,2.0,1.0,2.0,3.0,0,0
5.0,4.0,1,0,0,1.0,0.0,3,1,0.0,3,5,5.0,5.0,2.0,2.0,1.0,2.0,1.0,0,1
4.0,0.0,1,0,0,0.0,0.0,5,1,0.0,2,2,3.0,1.0,2.0,2.0,1.0,1.0,3.0,0,1
4.0,4.0,1,0,0,1.0,0.0,5,1,0.0,4,3,4.0,5.0,4.0,2.0,0.0,1.0,1.0,0,0
2.0,4.0,1,0,0,0.0,0.0,4,4,3.0,2,2,3.0,3.0,2.0,3.0,1.0,1.0,2.0,0,0
7.0,4.0,1,1,1,1.0,1.0,3,3,3.0,3,3,4.0,4.0,3.0,4.0,2.0,4.0,2.0,1,1
9.0,3.0,1,1,0,1.0,1.0,5,2,3.0,2,2,3.0,3.0,2.0,5.0,2.0,4.0,2.0,0,1
3.0,1.0,1,1,0,0.0,0.0,4,1,0.0,4,4,5.0,5.0,5.0,3.0,1.0,2.0,2.0,1,0
1.0,3.0,1,1,0,0.0,0.0,5,4,0.0,2,2,3.0,1.0,1.0,2.0,1.0,1.0,3.0,1,0
10.0,0.0,1,1,1,1.0,0.0,1,1,0.0,4,2,5.0,5.0,4.0,4.0,2.0,2.0,2.0,1,1
3.0,4.0,0,0,0,0.0,0.0,4,3,0.0,3,2,1.0,3.0,3.0,1.0,0.0,1.0,3.0,1,0
7.0,4.0,1,0,0,1.0,1.0,2,1,1.0,5,4,5.0,5.0,5.0,4.0,1.0,1.0,3.0,1,1
5.0,0.0,1,0,0,1.0,1.0,5,2,0.0,1,1,1.0,4.0,2.0,2.0,2.0,1.0,3.0,0,1
4.0,0.0,1,0,0,0.0,0.0,4,1,0.0,1,1,1.0,5.0,1.0,1.0,0.0,1.0,3.0,0,0
7.0,2.0,1,1,0,1.0,1.0,3,1,0.0,3,1,5.0,5.0,5.0,2.0,0.0,1.0,3.0,0,1
7.0,4.0,1,1,1,1.0,1.0,1,1,0.0,4,4,5.0,5.0,2.0,6.0,1.0,5.0,2.0,0,0
4.0,4.0,1,0,0,0.0,0.0,3,3,0.0,3,2,5.0,3.0,3.0,2.0,1.0,3.0,3.0,1,0
4.0,0.0,0,0,0,0.0,0.0,3,3,0.0,3,4,1.0,1.0,5.0,1.0,0.0,1.0,3.0,1,1
4.0,4.0,1,0,1,1.0,1.0,2,1,0.0,3,5,5.0,5.0,5.0,2.0,0.0,2.0,1.0,1,0
4.0,1.0,0,0,0,0.0,0.0,5,3,0.0,2,2,3.0,3.0,4.0,2.0,2.0,2.0,3.0,1,0
5.0,3.0,1,0,0,0.0,0.0,4,1,0.0,3,2,3.0,1.0,2.0,2.0,2.0,1.0,2.0,1,1
6.0,4.0,0,0,1,1.0,1.0,3,3,1.0,2,3,5.0,5.0,5.0,3.0,1.0,1.0,3.0,0,1
1.0,3.0,1,0,0,0.0,0.0,1,1,0.0,2,4,2.0,1.0,3.0,1.0,0.0,2.0,3.0,0,0
2.0,3.0,1,0,0,1.0,1.0,5,5,3.0,1,1,1.0,1.0,1.0,2.0,0.0,1.0,3.0,0,1
1.0,3.0,0,0,0,0.0,0.0,2,1,0.0,4,3,5.0,5.0,3.0,1.0,0.0,1.0,3.0,0,1
7.0,0.0,1,1,0,0.0,0.0,3,2,1.0,3,2,5.0,5.0,4.0,5.0,1.0,1.0,1.0,1,1
7.0,3.0,1,1,1,1.0,1.0,2,1,0.0,5,3,5.0,4.0,3.0,3.0,1.0,4.0,2.0,1,1
3.0,3.0,1,1,1,1.0,1.0,3,3,0.0,3,2,3.0,3.0,3.0,3.0,1.0,5.0,2.0,0,0
7.0,4.0,0,0,0,0.0,0.0,1,1,0.0,4,4,5.0,5.0,5.0,5.0,0.0,4.0,1.0,1,0
10.0,4.0,0,1,0,1.0,0.0,1,1,0.0,4,3,5.0,5.0,5.0,2.0,0.0,4.0,1.0,1,1
10.0,4.0,1,1,1,1.0,1.0,1,3,3.0,4,5,5.0,5.0,5.0,2.0,1.0,5.0,2.0,1,1
5.0,0.0,1,1,0,0.0,0.0,3,2,0.0,5,5,4.0,5.0,3.0,3.0,1.0,1.0,1.0,1,0
2.0,3.0,0,0,0,0.0,0.0,5,1,0.0,2,1,1.0,5.0,1.0,2.0,1.0,1.0,2.0,0,0
2.0,1.0,1,0,0,0.0,0.0,4,1,0.0,2,3,5.0,5.0,1.0,2.0,0.0,1.0,2.0,1,0
4.0,0.0,0,1,0,1.0,1.0,2,2,0.0,3,3,3.0,5.0,4.0,3.0,1.0,1.0,2.0,0,1
5.0,4.0,1,1,1,1.0,0.0,1,1,0.0,4,2,1.0,3.0,3.0,3.0,2.0,1.0,1.0,1,0
6.0,0.0,1,0,0,0.0,0.0,4,3,0.0,5,2,5.0,1.0,1.0,1.0,0.0,1.0,3.0,1,1
4.0,3.0,1,0,0,1.0,0.0,4,3,0.0,2,1,4.0,3.0,3.0,2.0,0.0,2.0,2.0,0,0
4.0,0.0,1,0,0,0.0,0.0,4,3,0.0,2,1,2.0,3.0,2.0,1.0,1.0,2.0,3.0,1,0
4.0,0.0,0,0,0,0.0,0.0,3,2,0.0,5,1,5.0,4.0,1.0,1.0,1.0,2.0,3.0,1,0
9.0,1.0,1,1,0,1.0,1.0,2,1,1.0,3,3,3.0,1.0,5.0,5.0,1.0,4.0,1.0,1,1
2.0,2.0,1,0,0,0.0,0.0,5,2,0.0,3,3,5.0,4.0,4.0,5.0,1.0,3.0,3.0,1,0
4.0,1.0,1,1,0,0.0,0.0,4,1,3.0,3,1,3.0,4.0,4.0,2.0,1.0,2.0,3.0,1,0
2.0,3.0,1,0,0,0.0,0.0,3,1,0.0,2,1,1.0,2.0,5.0,2.0,1.0,2.0,3.0,1,0
7.0,2.0,1,1,1,0.0,0.0,3,2,3.0,4,2,3.0,4.0,3.0,2.0,1.0,1.0,3.0,1,0
6.0,4.0,1,1,0,0.0,0.0,3,1,0.0,3,3,2.0,2.0,4.0,2.0,2.0,1.0,2.0,1,1
4.0,3.0,1,0,0,0.0,0.0,1,1,0.0,4,3,5.0,5.0,4.0,2.0,0.0,5.0,3.0,0,0
4.0,4.0,1,1,0,1.0,0.0,1,1,0.0,2,1,5.0,5.0,5.0,2.0,0.0,2.0,1.0,1,1
10.0,4.0,1,1,0,1.0,1.0,1,1,0.0,4,5,5.0,1.0,5.0,3.0,1.0,3.0,1.0,1,1
4.0,4.0,1,0,0,1.0,1.0,5,3,1.0,1,1,5.0,1.0,1.0,4.0,0.0,3.0,3.0,0,1
2.0,2.0,0,0,0,0.0,0.0,4,4,0.0,1,1,1.0,3.0,3.0,4.0,1.0,2.0,3.0,0,0
8.0,4.0,0,1,1,1.0,1.0,1,1,0.0,2,4,3.0,5.0,3.0,4.0,2.0,4.0,3.0,1,0
7.0,3.0,1,1,0,0.0,1.0,4,5,0.0,3,1,2.0,1.0,5.0,3.0,2.0,4.0,2.0,0,0
7.0,4.0,0,0,0,1.0,1.0,3,1,0.0,3,3,1.0,5.0,5.0,4.0,1.0,4.0,3.0,0,0
8.0,2.0,1,1,1,1.0,0.0,3,2,3.0,3,3,3.0,3.0,3.0,3.0,1.0,2.0,2.0,1,1
4.0,2.0,1,1,0,0.0,0.0,3,2,0.0,1,3,2.0,3.0,2.0,2.0,2.0,2.0,1.0,0,1
7.0,3.0,1,1,0,1.0,1.0,3,1,0.0,3,5,5.0,4.0,5.0,4.0,2.0,2.0,3.0,1,1
10.0,4.0,1,1,1,1.0,1.0,3,2,0.0,2,3,3.0,3.0,1.0,5.0,1.0,2.0,3.0,1,1
6.0,4.0,1,1,0,0.0,1.0,3,1,0.0,2,2,5.0,4.0,2.0,1.0,1.0,2.0,1.0,1,0
7.0,4.0,1,1,1,1.0,1.0,3,2,0.0,5,3,4.0,3.0,4.0,5.0,2.0,2.0,2.0,1,0
5.0,2.0,1,1,0,0.0,0.0,4,3,0.0,4,4,4.0,5.0,4.0,1.0,2.0,1.0,2.0,1,1
8.0,3.0,1,1,0,1.0,1.0,1,2,0.0,3,3,1.0,5.0,3.0,5.0,1.0,2.0,1.0,1,1
7.0,4.0,1,1,0,1.0,1.0,3,5,0.0,3,4,5.0,5.0,4.0,5.0,2.0,2.0,2.0,0,1
4.0,4.0,1,0,0,1.0,0.0,5,3,0.0,1,5,1.0,3.0,3.0,1.0,0.0,2.0,2.0,0,0
5.0,0.0,1,1,0,0.0,0.0,1,1,0.0,4,4,5.0,5.0,5.0,4.0,1.0,2.0,3.0,0,0
3.0,0.0,0,1,0,0.0,0.0,3,3,0.0,2,2,2.0,1.0,1.0,2.0,0.0,1.0,3.0,0,0
4.0,3.0,1,0,0,0.0,0.0,2,5,0.0,1,1,1.0,1.0,1.0,3.0,0.0,1.0,3.0,0,0
5.0,3.0,1,1,0,1.0,0.0,4,4,0.0,2,2,2.0,1.0,1.0,2.0,1.0,1.0,3.0,0,0
4.0,4.0,0,1,0,0.0,0.0,3,3,0.0,1,1,1.0,1.0,1.0,2.0,0.0,1.0,3.0,0,0
3.0,4.0,1,1,0,0.0,0.0,3,3,0.0,3,2,5.0,4.0,5.0,5.0,1.0,1.0,2.0,1,0
2.0,1.0,1,0,0,0.0,0.0,4,5,0.0,1,1,1.0,5.0,1.0,1.0,0.0,1.0,3.0,0,0
5.0,0.0,1,1,0,0.0,0.0,4,2,0.0,2,1,3.0,3.0,3.0,2.0,1.0,1.0,3.0,0,1
4.0,3.0,1,0,0,0.0,0.0,5,5,0.0,1,1,3.0,4.0,4.0,0.0,0.0,2.0,3.0,0,0
1.0,3.0,0,0,0,0.0,0.0,4,2,0.0,5,4,2.0,5.0,5.0,1.0,0.0,2.0,2.0,0,0
7.0,4.0,1,1,0,0.0,0.0,3,1,0.0,5,4,4.0,4.0,5.0,5.0,2.0,3.0,2.0,1,0
9.0,4.0,1,1,1,1.0,1.0,1,3,3.0,5,4,5.0,4.0,5.0,5.0,1.0,3.0,1.0,1,1
8.0,3.0,1,1,0,1.0,0.0,3,3,0.0,3,4,4.0,2.0,4.0,5.0,2.0,3.0,3.0,1,0
1.0,4.0,1,0,0,0.0,0.0,5,1,0.0,1,1,1.0,5.0,5.0,1.0,0.0,1.0,3.0,0,0
1.0,0.0,1,0,0,0.0,0.0,2,4,0.0,2,3,1.0,1.0,1.0,2.0,0.0,1.0,3.0,0,0
5.0,2.0,1,1,0,0.0,0.0,2,1,0.0,5,4,1.0,5.0,4.0,3.0,1.0,3.0,2.0,1,1
4.0,3.0,1,0,0,1.0,0.0,3,1,0.0,4,5,5.0,5.0,1.0,2.0,2.0,4.0,2.0,1,0
4.0,4.0,0,1,0,1.0,1.0,5,5,0.0,1,1,5.0,5.0,1.0,3.0,0.0,3.0,3.0,1,1
6.0,4.0,1,1,1,1.0,1.0,2,3,3.0,3,4,3.0,3.0,3.0,5.0,2.0,3.0,2.0,1,0
9.0,3.0,1,1,1,1.0,1.0,2,2,3.0,4,3,4.0,3.0,3.0,2.0,2.0,3.0,2.0,1,0
1.0,1.0,1,0,0,0.0,0.0,5,4,0.0,1,2,5.0,5.0,4.0,2.0,0.0,1.0,3.0,0,0
2.0,1.0,1,1,0,0.0,0.0,3,2,0.0,3,4,5.0,4.0,5.0,2.0,0.0,1.0,2.0,0,0
5.0,0.0,1,0,0,0.0,0.0,5,3,0.0,1,2,5.0,5.0,5.0,4.0,0.0,3.0,3.0,0,0
4.0,3.0,1,0,0,0.0,0.0,5,1,0.0,3,1,5.0,3.0,4.0,2.0,0.0,3.0,3.0,0,0
1.0,3.0,1,0,0,0.0,0.0,5,1,0.0,1,1,1.0,5.0,5.0,2.0,0.0,3.0,3.0,0,0
8.0,4.0,1,1,0,1.0,1.0,2,1,0.0,4,4,4.0,1.0,5.0,5.0,2.0,3.0,1.0,1,0
2.0,0.0,1,0,1,1.0,1.0,5,5,1.0,1,2,5.0,3.0,1.0,3.0,1.0,3.0,3.0,1,0
2.0,4.0,1,0,0,0.0,0.0,5,1,0.0,2,1,2.0,1.0,2.0,2.0,1.0,1.0,3.0,0,0
4.0,4.0,1,0,0,1.0,0.0,4,1,0.0,2,1,1.0,1.0,5.0,5.0,1.0,1.0,3.0,0,0
5.0,3.0,0,1,0,1.0,1.0,1,1,0.0,3,4,4.0,4.0,4.0,5.0,2.0,1.0,1.0,0,1
5.0,3.0,1,0,0,1.0,0.0,1,1,0.0,2,3,5.0,5.0,5.0,3.0,2.0,1.0,1.0,0,0
2.0,0.0,0,0,0,0.0,0.0,2,1,0.0,1,1,1.0,3.0,5.0,2.0,0.0,1.0,2.0,0,1
3.0,1.0,0,1,0,0.0,0.0,4,5,0.0,4,3,2.0,4.0,4.0,2.0,2.0,1.0,2.0,0,1
4.0,4.0,1,0,0,0.0,0.0,5,2,0.0,1,1,3.0,4.0,5.0,1.0,1.0,1.0,3.0,0,0
4.0,4.0,0,0,0,0.0,0.0,4,1,0.0,1,5,3.0,1.0,1.0,2.0,0.0,1.0,3.0,1,0
4.0,3.0,0,0,0,0.0,0.0,3,1,0.0,2,2,3.0,5.0,1.0,2.0,1.0,2.0,3.0,0,0
8.0,4.0,0,1,1,0.0,0.0,2,1,0.0,3,5,3.0,5.0,5.0,5.0,1.0,3.0,1.0,1,0
6.0,0.0,1,0,0,0.0,0.0,3,1,3.0,2,2,1.0,5.0,1.0,2.0,1.0,3.0,3.0,0,0
2.0,4.0,1,0,0,0.0,0.0,4,4,0.0,1,1,3.0,3.0,3.0,1.0,0.0,3.0,2.0,0,0
4.0,4.0,0,0,0,1.0,0.0,4,4,0.0,5,2,4.0,2.0,4.0,1.0,1.0,1.0,3.0,0,0
5.0,2.0,0,1,0,0.0,0.0,3,1,0.0,3,5,4.0,5.0,4.0,2.0,2.0,3.0,2.0,1,0
5.0,2.0,1,0,0,0.0,0.0,3,1,0.0,1,2,2.0,5.0,5.0,2.0,2.0,2.0,2.0,0,0
5.0,3.0,1,0,0,1.0,0.0,2,3,3.0,1,4,3.0,4.0,3.0,2.0,1.0,1.0,1.0,1,1
4.0,3.0,1,0,0,0.0,0.0,5,5,0.0,2,2,1.0,1.0,1.0,2.0,1.0,1.0,3.0,0,0
7.0,1.0,1,1,0,0.0,0.0,1,1,0.0,4,4,5.0,5.0,4.0,2.0,2.0,3.0,3.0,1,1
7.0,3.0,0,1,0,0.0,0.0,2,2,0.0,3,2,3.0,4.0,5.0,6.0,1.0,3.0,1.0,0,0
9.0,4.0,1,1,1,1.0,1.0,3,2,0.0,3,5,4.0,4.0,4.0,6.0,1.0,5.0,2.0,1,1
6.0,3.0,1,0,0,0.0,0.0,3,2,0.0,2,5,5.0,5.0,5.0,2.0,2.0,2.0,2.0,0,0
7.0,4.0,1,0,0,1.0,0.0,2,1,0.0,3,3,4.0,5.0,5.0,2.0,1.0,2.0,1.0,0,0
7.0,0.0,1,1,1,1.0,1.0,3,1,3.0,3,5,5.0,5.0,5.0,2.0,2.0,2.0,1.0,0,1
4.0,4.0,1,0,0,0.0,0.0,5,1,0.0,1,2,1.0,5.0,1.0,1.0,2.0,2.0,3.0,0,0
4.0,1.0,0,0,0,0.0,0.0,5,5,0.0,1,1,1.0,5.0,5.0,2.0,0.0,1.0,3.0,1,1
2.0,2.0,1,0,0,0.0,0.0,4,5,0.0,1,1,1.0,5.0,1.0,2.0,0.0,1.0,3.0,1,1
5.0,4.0,1,0,0,1.0,1.0,3,1,1.0,2,2,5.0,5.0,5.0,2.0,0.0,1.0,1.0,0,0
3.0,0.0,0,0,0,0.0,0.0,4,4,0.0,5,5,3.0,2.0,4.0,4.0,0.0,2.0,2.0,1,0
3.0,3.0,1,1,0,1.0,1.0,3,1,0.0,1,4,1.0,1.0,5.0,2.0,1.0,2.0,3.0,1,0
7.0,4.0,0,0,0,0.0,0.0,3,1,0.0,2,3,4.0,4.0,4.0,2.0,2.0,2.0,1.0,1,0
6.0,2.0,0,1,0,0.0,0.0,4,4,0.0,4,1,3.0,3.0,4.0,5.0,1.0,2.0,3.0,1,1
6.0,3.0,1,1,0,1.0,1.0,1,2,1.0,5,5,5.0,4.0,2.0,5.0,1.0,6.0,2.0,1,0
6.0,4.0,1,0,0,1.0,1.0,3,1,0.0,5,2,3.0,1.0,3.0,2.0,0.0,6.0,2.0,1,0
6.0,3.0,1,1,1,1.0,1.0,2,2,0.0,4,4,4.0,4.0,4.0,5.0,1.0,6.0,2.0,1,0
8.0,4.0,1,1,1,1.0,1.0,2,2,0.0,5,5,4.0,4.0,3.0,4.0,1.0,6.0,2.0,1,0
9.0,4.0,1,0,0,1.0,1.0,1,2,0.0,3,1,4.0,4.0,3.0,5.0,0.0,6.0,2.0,1,0
6.0,4.0,1,0,1,1.0,1.0,3,1,1.0,2,2,5.0,5.0,5.0,3.0,2.0,3.0,3.0,0,0
5.0,1.0,1,1,1,0.0,0.0,3,4,0.0,3,4,3.0,3.0,4.0,2.0,1.0,1.0,3.0,1,1
10.0,4.0,1,0,0,1.0,1.0,1,1,1.0,1,4,5.0,5.0,5.0,4.0,2.0,3.0,1.0,1,1
5.0,3.0,1,1,1,1.0,1.0,1,3,0.0,1,1,5.0,5.0,4.0,4.0,1.0,5.0,1.0,1,1
7.0,0.0,1,1,0,1.0,1.0,4,4,0.0,3,2,5.0,4.0,3.0,4.0,1.0,5.0,1.0,0,1
5.0,4.0,1,0,1,1.0,1.0,5,2,0.0,4,4,5.0,4.0,5.0,2.0,2.0,3.0,3.0,0,1
7.0,4.0,1,1,0,1.0,1.0,1,1,0.0,4,3,5.0,5.0,5.0,5.0,2.0,3.0,2.0,1,0
6.0,4.0,1,0,0,1.0,1.0,3,2,0.0,3,4,5.0,3.0,5.0,3.0,2.0,3.0,3.0,0,0
5.0,3.0,1,0,0,0.0,0.0,4,4,0.0,3,2,4.0,4.0,2.0,5.0,2.0,3.0,3.0,0,0
6.0,2.0,1,0,1,1.0,1.0,2,3,3.0,3,1,5.0,5.0,5.0,1.0,2.0,2.0,3.0,1,0
7.0,4.0,1,1,1,1.0,1.0,4,1,3.0,5,5,4.0,4.0,4.0,6.0,1.0,2.0,2.0,1,1
4.0,0.0,1,0,0,0.0,1.0,5,4,1.0,2,1,1.0,5.0,5.0,1.0,0.0,3.0,3.0,0,1
6.0,3.0,1,1,0,1.0,0.0,2,1,0.0,3,3,3.0,4.0,4.0,4.0,2.0,1.0,2.0,1,1
5.0,4.0,1,1,1,0.0,0.0,3,3,0.0,4,4,2.0,4.0,5.0,2.0,2.0,3.0,1.0,1,1
1.0,4.0,1,0,0,0.0,0.0,4,4,0.0,4,5,5.0,3.0,4.0,2.0,0.0,2.0,1.0,0,0
1.0,3.0,1,1,0,0.0,0.0,4,4,0.0,5,5,5.0,1.0,5.0,2.0,1.0,2.0,1.0,1,1
4.0,3.0,1,0,0,0.0,0.0,4,1,0.0,2,3,1.0,5.0,5.0,2.0,1.0,2.0,2.0,0,0
9.0,1.0,1,1,0,0.0,0.0,1,1,0.0,2,5,1.0,5.0,5.0,3.0,1.0,4.0,1.0,1,1
8.0,0.0,1,1,1,1.0,1.0,3,3,1.0,3,3,4.0,4.0,4.0,2.0,0.0,3.0,1.0,1,1
10.0,3.0,1,0,0,0.0,0.0,5,1,0.0,4,2,5.0,5.0,4.0,3.0,2.0,2.0,3.0,1,0
5.0,3.0,0,1,0,0.0,0.0,3,2,0.0,2,1,4.0,3.0,3.0,2.0,2.0,2.0,1.0,0,0
3.0,0.0,0,0,0,0.0,0.0,5,5,3.0,1,1,1.0,3.0,1.0,3.0,0.0,2.0,3.0,0,0
4.0,3.0,0,0,0,1.0,0.0,5,1,0.0,3,5,1.0,1.0,4.0,3.0,0.0,1.0,1.0,1,0
3.0,4.0,1,1,1,1.0,1.0,4,3,1.0,4,1,5.0,5.0,5.0,2.0,2.0,1.0,1.0,0,1
4.0,3.0,1,0,0,0.0,0.0,3,1,0.0,2,2,2.0,2.0,4.0,2.0,1.0,1.0,1.0,0,0
7.0,4.0,1,1,0,1.0,1.0,2,1,3.0,3,2,1.0,5.0,5.0,5.0,2.0,1.0,3.0,1,1
7.0,2.0,1,0,1,1.0,0.0,5,3,3.0,3,3,4.0,3.0,2.0,1.0,2.0,1.0,3.0,0,1
4.0,4.0,1,0,0,0.0,0.0,3,1,0.0,3,2,1.0,1.0,4.0,2.0,0.0,2.0,2.0,0,0
4.0,0.0,0,1,0,1.0,0.0,1,1,0.0,2,1,5.0,5.0,4.0,5.0,0.0,3.0,3.0,0,0
4.0,4.0,1,0,0,0.0,0.0,5,4,0.0,3,1,4.0,5.0,1.0,2.0,2.0,2.0,3.0,0,0
4.0,1.0,1,0,0,0.0,0.0,5,4,0.0,4,1,3.0,2.0,4.0,5.0,2.0,1.0,3.0,1,0
7.0,3.0,1,1,0,1.0,0.0,1,1,0.0,5,4,4.0,5.0,4.0,4.0,2.0,3.0,1.0,1,1
6.0,3.0,1,0,0,1.0,0.0,3,1,0.0,4,3,3.0,3.0,2.0,5.0,1.0,3.0,3.0,0,1
1.0,0.0,1,0,0,0.0,0.0,4,1,0.0,1,1,5.0,1.0,2.0,2.0,0.0,1.0,3.0,0,0
4.0,3.0,1,1,0,1.0,1.0,3,1,1.0,2,1,4.0,4.0,4.0,2.0,2.0,1.0,3.0,0,1
1.0,3.0,1,1,0,0.0,0.0,3,3,0.0,2,3,3.0,4.0,5.0,5.0,2.0,1.0,3.0,0,1
5.0,4.0,1,1,0,1.0,1.0,3,2,0.0,2,3,4.0,3.0,4.0,4.0,2.0,2.0,1.0,1,0
7.0,3.0,0,0,0,1.0,0.0,5,2,0.0,4,2,3.0,4.0,3.0,3.0,2.0,2.0,3.0,1,0
4.0,0.0,1,0,0,0.0,0.0,2,2,1.0,5,3,2.0,2.0,4.0,1.0,1.0,2.0,2.0,1,0
4.0,4.0,1,1,0,0.0,0.0,3,2,0.0,4,4,5.0,5.0,5.0,2.0,0.0,2.0,1.0,0,1
9.0,3.0,1,1,1,1.0,1.0,2,1,0.0,4,2,4.0,5.0,4.0,3.0,2.0,2.0,2.0,1,1
8.0,3.0,1,1,1,1.0,1.0,3,1,3.0,5,3,5.0,5.0,5.0,3.0,2.0,2.0,2.0,1,1
2.0,4.0,1,0,0,1.0,0.0,4,3,0.0,5,5,4.0,5.0,5.0,2.0,2.0,2.0,3.0,1,0
9.0,4.0,1,1,1,1.0,1.0,1,1,3.0,4,3,5.0,5.0,5.0,2.0,1.0,2.0,1.0,1,1
3.0,4.0,0,1,0,0.0,0.0,3,1,0.0,4,5,2.0,4.0,3.0,3.0,1.0,2.0,2.0,1,0
5.0,3.0,1,0,0,1.0,1.0,3,2,0.0,3,3,3.0,2.0,4.0,3.0,1.0,4.0,2.0,1,1
6.0,0.0,1,1,1,1.0,1.0,3,2,0.0,3,2,3.0,4.0,4.0,3.0,1.0,2.0,1.0,1,0
5.0,0.0,0,1,0,0.0,0.0,3,2,0.0,3,2,4.0,4.0,4.0,2.0,2.0,1.0,2.0,0,1
4.0,4.0,1,0,0,0.0,0.0,5,2,0.0,1,2,3.0,1.0,5.0,2.0,1.0,2.0,2.0,1,1
6.0,3.0,1,0,1,1.0,1.0,4,3,0.0,2,5,5.0,5.0,5.0,2.0,2.0,2.0,3.0,1,1
5.0,4.0,1,1,0,0.0,0.0,3,4,0.0,2,2,1.0,1.0,5.0,2.0,1.0,1.0,3.0,1,1
4.0,4.0,1,0,0,0.0,0.0,4,2,0.0,1,3,4.0,4.0,3.0,2.0,0.0,1.0,3.0,0,0
1.0,3.0,0,0,0,0.0,0.0,4,1,0.0,2,1,3.0,5.0,3.0,1.0,0.0,1.0,2.0,0,0
5.0,4.0,1,0,0,0.0,0.0,4,1,0.0,2,3,3.0,4.0,3.0,1.0,1.0,1.0,2.0,0,1
6.0,1.0,1,0,0,0.0,0.0,3,2,0.0,2,4,5.0,4.0,4.0,5.0,2.0,2.0,3.0,1,0
4.0,3.0,1,0,1,0.0,0.0,4,5,1.0,1,2,3.0,1.0,1.0,2.0,2.0,3.0,3.0,0,1
3.0,0.0,0,1,0,0.0,0.0,3,3,0.0,1,1,5.0,3.0,3.0,1.0,1.0,2.0,3.0,0,1
6.0,4.0,1,0,1,1.0,1.0,3,2,1.0,5,4,5.0,4.0,5.0,5.0,0.0,3.0,1.0,1,0
3.0,3.0,1,0,1,0.0,0.0,3,3,0.0,2,3,3.0,3.0,4.0,3.0,1.0,3.0,1.0,0,0
6.0,3.0,0,1,1,1.0,1.0,3,2,0.0,3,3,1.0,5.0,5.0,3.0,2.0,4.0,2.0,0,1
2.0,3.0,1,1,0,1.0,1.0,4,1,0.0,2,1,4.0,5.0,3.0,2.0,0.0,3.0,1.0,0,1
3.0,4.0,1,0,0,1.0,0.0,3,1,0.0,3,5,5.0,5.0,5.0,1.0,0.0,3.0,3.0,0,0
3.0,0.0,1,0,0,0.0,0.0,3,2,0.0,4,4,5.0,5.0,5.0,1.0,0.0,3.0,3.0,0,1
10.0,1.0,1,1,0,0.0,1.0,5,3,0.0,1,3,5.0,5.0,5.0,4.0,2.0,3.0,1.0,0,1
4.0,4.0,1,1,0,1.0,1.0,5,3,3.0,4,3,1.0,1.0,1.0,0.0,0.0,1.0,3.0,0,0
5.0,4.0,0,0,0,0.0,0.0,1,1,0.0,5,1,1.0,5.0,5.0,2.0,1.0,1.0,2.0,0,0
1.0,0.0,0,0,0,0.0,0.0,4,1,0.0,2,2,2.0,4.0,5.0,2.0,1.0,1.0,3.0,0,0
4.0,3.0,0,0,0,0.0,0.0,4,1,0.0,4,2,3.0,2.0,3.0,2.0,2.0,2.0,3.0,0,0
4.0,0.0,1,0,0,0.0,0.0,4,1,0.0,5,5,5.0,5.0,5.0,2.0,2.0,2.0,2.0,1,0
6.0,3.0,1,0,0,0.0,0.0,1,1,3.0,4,4,5.0,5.0,5.0,2.0,2.0,2.0,1.0,1,0
8.0,3.0,1,1,0,0.0,0.0,2,2,0.0,5,5,5.0,5.0,5.0,4.0,2.0,2.0,2.0,1,0
5.0,4.0,1,0,0,0.0,0.0,3,1,0.0,1,2,1.0,5.0,1.0,1.0,2.0,3.0,1.0,1,1
10.0,2.0,1,1,1,1.0,1.0,1,1,0.0,4,5,4.0,5.0,4.0,5.0,2.0,2.0,1.0,1,1
4.0,4.0,1,0,1,1.0,1.0,3,2,3.0,3,5,3.0,5.0,4.0,2.0,2.0,2.0,3.0,1,0
7.0,3.0,1,0,0,1.0,0.0,2,1,0.0,4,5,2.0,1.0,1.0,2.0,1.0,2.0,1.0,1,0
7.0,4.0,1,1,0,1.0,1.0,3,2,0.0,5,4,4.0,4.0,5.0,3.0,2.0,2.0,2.0,1,1
6.0,4.0,0,0,0,1.0,0.0,5,5,0.0,1,1,2.0,3.0,5.0,2.0,1.0,3.0,3.0,0,0
5.0,1.0,0,1,0,0.0,0.0,2,3,0.0,3,5,4.0,5.0,4.0,3.0,0.0,2.0,1.0,1,1
1.0,0.0,1,0,0,0.0,0.0,4,1,1.0,2,2,5.0,5.0,5.0,2.0,2.0,2.0,3.0,1,0
5.0,4.0,1,1,0,0.0,0.0,1,3,0.0,4,4,1.0,3.0,4.0,1.0,0.0,2.0,1.0,1,0
2.0,3.0,1,0,0,0.0,0.0,4,3,0.0,5,4,1.0,5.0,5.0,1.0,1.0,1.0,3.0,0,0
4.0,2.0,1,0,0,1.0,1.0,2,2,0.0,3,3,5.0,4.0,5.0,5.0,2.0,2.0,2.0,0,1
2.0,0.0,1,0,1,1.0,0.0,5,5,0.0,1,1,4.0,2.0,4.0,5.0,0.0,1.0,3.0,0,0
2.0,4.0,1,0,0,0.0,0.0,5,1,0.0,3,2,1.0,4.0,4.0,1.0,0.0,1.0,3.0,0,0
1.0,4.0,0,0,0,0.0,0.0,5,4,0.0,2,1,3.0,2.0,2.0,3.0,0.0,1.0,2.0,0,0
6.0,1.0,1,1,0,0.0,0.0,5,4,0.0,1,2,1.0,3.0,5.0,2.0,2.0,1.0,1.0,1,1
5.0,1.0,1,0,0,1.0,0.0,1,3,0.0,3,3,5.0,3.0,5.0,2.0,2.0,1.0,3.0,0,1
8.0,1.0,1,0,0,1.0,0.0,5,5,0.0,5,4,5.0,3.0,2.0,2.0,2.0,1.0,3.0,0,0
2.0,2.0,1,0,0,0.0,0.0,2,2,0.0,3,2,3.0,2.0,1.0,1.0,1.0,1.0,3.0,0,0
1.0,3.0,0,0,0,0.0,0.0,4,5,0.0,2,3,1.0,3.0,5.0,2.0,0.0,1.0,1.0,1,0
7.0,0.0,0,1,1,1.0,1.0,2,1,0.0,4,3,4.0,5.0,4.0,5.0,1.0,1.0,2.0,0,1
8.0,4.0,1,1,0,1.0,1.0,1,1,3.0,2,2,5.0,5.0,2.0,3.0,0.0,4.0,2.0,1,0
1.0,4.0,1,0,0,0.0,0.0,5,5,0.0,4,1,1.0,5.0,3.0,2.0,1.0,1.0,3.0,1,0
1.0,2.0,0,0,0,1.0,0.0,5,3,0.0,4,5,1.0,5.0,5.0,3.0,0.0,1.0,2.0,0,0
6.0,3.0,1,0,0,1.0,0.0,2,4,3.0,5,2,4.0,3.0,4.0,2.0,1.0,3.0,2.0,1,1
5.0,3.0,0,0,0,0.0,1.0,3,4,0.0,2,1,5.0,1.0,5.0,2.0,1.0,1.0,3.0,0,0
3.0,2.0,0,0,0,0.0,0.0,1,1,0.0,1,2,1.0,1.0,1.0,3.0,1.0,2.0,1.0,0,0
1.0,3.0,0,0,0,0.0,0.0,1,1,0.0,1,1,5.0,5.0,5.0,2.0,0.0,2.0,1.0,0,0
5.0,4.0,1,1,0,1.0,1.0,3,2,0.0,2,2,5.0,5.0,5.0,3.0,2.0,1.0,2.0,0,1
3.0,2.0,1,0,0,0.0,0.0,5,3,3.0,3,2,4.0,4.0,2.0,2.0,2.0,2.0,2.0,0,0
7.0,3.0,1,0,0,0.0,0.0,4,3,0.0,5,5,5.0,5.0,4.0,2.0,2.0,2.0,1.0,1,1
5.0,2.0,1,0,0,0.0,0.0,3,3,0.0,1,2,5.0,5.0,5.0,2.0,0.0,2.0,2.0,0,0
7.0,0.0,1,0,1,1.0,1.0,3,1,3.0,2,3,4.0,4.0,2.0,3.0,2.0,1.0,2.0,1,1
7.0,4.0,1,0,0,1.0,1.0,3,1,0.0,2,5,5.0,5.0,5.0,1.0,1.0,2.0,2.0,0,1
5.0,1.0,1,1,0,0.0,0.0,2,2,0.0,3,3,1.0,5.0,5.0,2.0,1.0,3.0,2.0,1,1
2.0,1.0,0,0,0,0.0,0.0,5,5,0.0,4,4,1.0,2.0,1.0,0.0,1.0,1.0,3.0,0,0
4.0,1.0,1,1,0,0.0,0.0,5,2,0.0,5,4,2.0,5.0,5.0,1.0,1.0,2.0,3.0,1,1
3.0,3.0,1,0,0,1.0,0.0,2,3,0.0,4,4,1.0,3.0,4.0,2.0,1.0,2.0,3.0,0,0
3.0,4.0,1,0,0,0.0,0.0,4,3,0.0,3,2,1.0,5.0,1.0,2.0,1.0,2.0,1.0,1,0
5.0,4.0,1,0,0,1.0,0.0,3,1,0.0,4,4,4.0,4.0,4.0,2.0,2.0,3.0,2.0,0,1
3.0,3.0,1,0,0,0.0,0.0,5,5,0.0,2,2,2.0,2.0,3.0,1.0,0.0,2.0,2.0,0,0
4.0,1.0,1,0,0,0.0,0.0,2,1,0.0,2,3,5.0,5.0,3.0,2.0,1.0,5.0,3.0,1,1
8.0,4.0,1,1,1,1.0,1.0,3,3,0.0,3,3,3.0,2.0,4.0,5.0,1.0,4.0,3.0,1,0
2.0,4.0,1,0,0,0.0,0.0,5,1,0.0,4,1,5.0,5.0,5.0,1.0,0.0,2.0,2.0,0,1
5.0,1.0,1,0,0,0.0,0.0,5,1,0.0,1,4,1.0,5.0,1.0,0.0,2.0,2.0,3.0,0,0
6.0,1.0,0,1,1,1.0,1.0,2,1,0.0,3,2,5.0,5.0,3.0,4.0,0.0,3.0,1.0,0,0
3.0,0.0,0,0,1,1.0,0.0,3,1,3.0,4,2,3.0,4.0,1.0,2.0,1.0,2.0,3.0,1,1
5.0,3.0,1,1,1,1.0,1.0,4,2,0.0,3,2,2.0,4.0,3.0,4.0,1.0,2.0,3.0,1,1
3.0,0.0,1,1,0,1.0,1.0,4,2,0.0,5,1,4.0,5.0,4.0,3.0,1.0,2.0,2.0,0,1
7.0,1.0,1,1,0,0.0,0.0,3,3,0.0,1,1,1.0,1.0,1.0,2.0,0.0,2.0,3.0,1,1
1.0,0.0,1,0,0,0.0,0.0,5,5,0.0,3,1,3.0,2.0,1.0,1.0,0.0,2.0,1.0,0,1
1.0,0.0,1,0,0,0.0,0.0,4,1,0.0,1,1,2.0,1.0,1.0,4.0,0.0,2.0,1.0,0,1
7.0,3.0,1,1,1,1.0,1.0,2,1,0.0,5,5,3.0,5.0,5.0,4.0,2.0,3.0,2.0,1,0
5.0,4.0,1,0,0,1.0,1.0,5,5,0.0,3,1,5.0,5.0,5.0,2.0,0.0,3.0,3.0,0,0
7.0,3.0,0,1,0,0.0,0.0,1,1,0.0,4,4,1.0,5.0,5.0,2.0,2.0,3.0,2.0,0,0
7.0,3.0,0,0,0,0.0,0.0,1,1,0.0,2,4,5.0,5.0,3.0,1.0,0.0,3.0,2.0,0,1
6.0,4.0,0,0,1,1.0,0.0,3,1,0.0,5,2,2.0,2.0,2.0,2.0,1.0,1.0,1.0,1,1
3.0,4.0,1,0,1,0.0,0.0,5,5,0.0,4,2,2.0,1.0,1.0,2.0,0.0,1.0,3.0,0,0
1.0,4.0,0,0,0,1.0,0.0,5,5,0.0,1,1,1.0,1.0,1.0,5.0,1.0,1.0,1.0,0,1
1.0,3.0,0,0,0,0.0,0.0,4,5,0.0,1,2,1.0,4.0,2.0,1.0,0.0,1.0,3.0,0,1
2.0,1.0,0,1,0,0.0,0.0,3,3,0.0,1,1,2.0,4.0,5.0,2.0,0.0,1.0,1.0,0,1
4.0,2.0,1,0,0,0.0,0.0,5,5,0.0,2,3,5.0,5.0,4.0,2.0,1.0,1.0,3.0,0,1
3.0,0.0,1,0,0,1.0,0.0,4,5,0.0,2,1,5.0,5.0,5.0,2.0,2.0,1.0,2.0,1,0
1.0,4.0,1,0,0,0.0,0.0,4,2,0.0,3,1,3.0,2.0,2.0,2.0,0.0,1.0,3.0,0,1
2.0,0.0,1,0,0,0.0,0.0,4,1,0.0,1,2,5.0,1.0,1.0,1.0,0.0,2.0,3.0,0,1
3.0,0.0,1,0,0,1.0,0.0,4,3,0.0,1,1,1.0,5.0,1.0,1.0,0.0,2.0,3.0,0,0
4.0,3.0,1,1,0,0.0,0.0,4,5,0.0,5,5,1.0,1.0,1.0,1.0,0.0,2.0,2.0,0,1
1.0,3.0,1,0,0,0.0,0.0,1,1,0.0,1,1,1.0,1.0,1.0,0.0,0.0,2.0,3.0,0,0
1.0,0.0,1,0,0,0.0,0.0,3,3,0.0,1,3,2.0,3.0,4.0,1.0,2.0,2.0,3.0,0,0
3.0,2.0,1,0,0,0.0,0.0,4,3,0.0,2,3,5.0,4.0,5.0,2.0,0.0,2.0,3.0,0,1
1.0,2.0,1,0,0,0.0,0.0,3,5,0.0,2,3,3.0,2.0,1.0,1.0,0.0,1.0,3.0,0,1
4.0,0.0,1,0,0,0.0,0.0,4,3,0.0,2,4,5.0,1.0,1.0,1.0,0.0,1.0,3.0,0,1
2.0,0.0,1,0,0,0.0,0.0,3,1,0.0,4,1,2.0,5.0,3.0,0.0,0.0,1.0,2.0,0,0
1.0,0.0,0,0,0,0.0,0.0,4,3,0.0,1,1,3.0,2.0,1.0,2.0,1.0,1.0,2.0,0,0
1.0,0.0,0,0,0,0.0,0.0,3,3,0.0,2,1,2.0,3.0,4.0,1.0,0.0,1.0,2.0,0,1
1.0,4.0,1,0,0,0.0,0.0,4,1,0.0,2,3,4.0,5.0,5.0,0.0,0.0,1.0,2.0,1,0
2.0,2.0,0,1,0,1.0,0.0,4,3,0.0,2,4,2.0,5.0,5.0,2.0,0.0,1.0,3.0,1,0
2.0,4.0,1,0,0,0.0,0.0,3,2,0.0,1,1,1.0,5.0,5.0,0.0,1.0,2.0,2.0,0,1
2.0,0.0,0,0,0,0.0,0.0,5,2,0.0,3,4,5.0,5.0,5.0,1.0,0.0,1.0,2.0,1,0
1.0,4.0,1,0,0,0.0,0.0,5,5,0.0,4,3,1.0,1.0,1.0,2.0,0.0,1.0,1.0,0,0
3.0,4.0,1,0,0,0.0,0.0,1,1,0.0,2,4,1.0,1.0,5.0,3.0,0.0,1.0,1.0,1,1
2.0,3.0,1,0,0,0.0,0.0,2,3,0.0,5,5,5.0,2.0,4.0,1.0,0.0,1.0,3.0,0,0
2.0,4.0,1,0,0,0.0,0.0,4,3,0.0,2,2,3.0,4.0,5.0,1.0,0.0,1.0,3.0,0,0
1.0,4.0,0,0,0,0.0,0.0,4,3,0.0,5,4,3.0,2.0,3.0,1.0,0.0,2.0,3.0,0,0
1.0,4.0,0,1,0,0.0,0.0,2,1,1.0,2,5,2.0,1.0,4.0,2.0,0.0,1.0,2.0,0,1
4.0,3.0,1,1,0,0.0,0.0,2,1,0.0,3,3,3.0,1.0,1.0,2.0,0.0,1.0,2.0,0,0
1.0,1.0,1,0,0,0.0,0.0,2,1,0.0,1,1,5.0,5.0,3.0,2.0,2.0,1.0,1.0,0,0
1.0,4.0,0,0,0,0.0,0.0,4,1,0.0,5,2,1.0,5.0,5.0,2.0,0.0,1.0,2.0,0,0
6.0,4.0,1,1,0,1.0,0.0,1,1,0.0,4,5,5.0,5.0,4.0,2.0,2.0,3.0,1.0,1,0
2.0,4.0,1,1,0,1.0,0.0,4,1,0.0,4,4,5.0,4.0,3.0,3.0,0.0,2.0,2.0,0,0
6.0,4.0,0,0,0,1.0,1.0,4,1,0.0,1,1,4.0,1.0,1.0,3.0,2.0,2.0,3.0,0,0
4.0,1.0,1,1,1,1.0,1.0,2,2,3.0,3,2,3.0,5.0,5.0,2.0,0.0,2.0,2.0,1,0
4.0,0.0,1,0,0,1.0,0.0,3,1,0.0,1,1,5.0,5.0,1.0,1.0,0.0,2.0,3.0,0,0
4.0,4.0,0,0,0,1.0,1.0,3,2,0.0,3,3,4.0,4.0,4.0,2.0,1.0,1.0,2.0,0,0
4.0,3.0,1,0,0,0.0,0.0,3,2,0.0,3,4,3.0,5.0,4.0,2.0,1.0,1.0,2.0,0,1
4.0,4.0,0,0,0,0.0,0.0,4,3,0.0,3,1,3.0,3.0,3.0,1.0,0.0,1.0,2.0,0,0
5.0,4.0,0,0,0,0.0,0.0,3,1,0.0,2,2,5.0,5.0,5.0,3.0,1.0,1.0,2.0,0,0
2.0,4.0,1,0,0,1.0,1.0,3,1,0.0,3,4,3.0,5.0,5.0,5.0,1.0,1.0,1.0,1,0
4.0,0.0,1,0,0,1.0,0.0,2,1,0.0,2,2,2.0,1.0,5.0,3.0,1.0,1.0,2.0,1,0
6.0,4.0,1,1,0,0.0,0.0,3,2,0.0,4,3,5.0,5.0,4.0,5.0,2.0,1.0,2.0,1,1
1.0,4.0,0,0,0,0.0,0.0,4,2,0.0,1,5,2.0,5.0,3.0,1.0,1.0,1.0,3.0,0,1
5.0,4.0,1,0,0,1.0,1.0,4,1,0.0,2,2,2.0,4.0,5.0,2.0,0.0,1.0,3.0,1,1
4.0,4.0,1,0,0,0.0,0.0,3,2,0.0,1,1,1.0,2.0,4.0,2.0,0.0,2.0,3.0,0,0
2.0,1.0,1,0,0,1.0,0.0,5,3,0.0,3,1,4.0,2.0,1.0,2.0,0.0,1.0,3.0,0,1
2.0,1.0,1,1,1,1.0,1.0,3,3,0.0,3,3,4.0,3.0,1.0,3.0,1.0,2.0,3.0,1,0
2.0,4.0,1,1,0,0.0,0.0,3,3,0.0,2,5,4.0,4.0,5.0,3.0,1.0,1.0,1.0,0,0
4.0,4.0,0,0,0,0.0,0.0,3,3,0.0,2,2,5.0,1.0,5.0,3.0,1.0,1.0,2.0,0,0
9.0,4.0,1,1,0,1.0,1.0,3,2,1.0,3,5,4.0,4.0,4.0,5.0,1.0,6.0,1.0,1,1
1.0,0.0,1,0,0,0.0,0.0,5,1,0.0,2,1,2.0,2.0,2.0,2.0,0.0,1.0,3.0,0,0
5.0,0.0,0,1,1,1.0,1.0,4,3,1.0,3,3,2.0,2.0,2.0,5.0,1.0,1.0,2.0,0,1
4.0,0.0,1,0,0,0.0,0.0,4,1,0.0,4,2,3.0,5.0,3.0,2.0,2.0,1.0,2.0,1,0
5.0,4.0,1,0,0,0.0,1.0,3,1,0.0,2,2,4.0,4.0,5.0,2.0,1.0,1.0,2.0,0,0
4.0,0.0,0,0,0,0.0,0.0,5,5,0.0,5,5,1.0,5.0,5.0,1.0,0.0,1.0,2.0,0,0
1.0,2.0,0,0,0,1.0,0.0,5,5,0.0,4,4,3.0,1.0,5.0,1.0,1.0,2.0,3.0,1,0
2.0,3.0,1,0,0,0.0,0.0,2,3,0.0,4,4,1.0,3.0,3.0,2.0,2.0,1.0,2.0,0,1
9.0,4.0,1,1,1,1.0,1.0,1,1,0.0,1,2,5.0,5.0,5.0,3.0,2.0,1.0,2.0,1,1
3.0,0.0,1,0,0,0.0,0.0,4,4,0.0,4,3,5.0,5.0,5.0,2.0,2.0,1.0,2.0,1,0
8.0,3.0,1,1,1,1.0,1.0,3,3,0.0,4,4,5.0,5.0,5.0,5.0,2.0,3.0,3.0,0,1
4.0,0.0,1,0,0,0.0,0.0,3,3,0.0,2,3,3.0,3.0,4.0,3.0,2.0,3.0,2.0,1,1
1.0,0.0,1,0,0,0.0,0.0,5,5,0.0,4,5,2.0,5.0,4.0,1.0,1.0,1.0,3.0,1,0
4.0,0.0,1,0,1,1.0,0.0,3,1,1.0,3,3,5.0,5.0,5.0,2.0,1.0,2.0,2.0,1,0
4.0,0.0,1,0,0,0.0,0.0,3,4,0.0,1,1,1.0,5.0,1.0,1.0,0.0,2.0,2.0,0,0
2.0,3.0,0,0,1,0.0,0.0,4,1,1.0,1,1,2.0,3.0,3.0,2.0,1.0,1.0,3.0,0,0
2.0,0.0,1,1,0,0.0,0.0,2,1,0.0,3,5,3.0,2.0,3.0,2.0,2.0,2.0,3.0,1,1
1.0,0.0,1,0,0,0.0,0.0,5,2,0.0,1,1,3.0,4.0,5.0,1.0,2.0,1.0,3.0,0,0
6.0,4.0,1,1,1,1.0,1.0,3,1,3.0,3,2,5.0,5.0,4.0,4.0,2.0,2.0,2.0,1,0
1.0,4.0,1,0,0,0.0,0.0,4,3,0.0,3,2,2.0,2.0,5.0,1.0,0.0,1.0,3.0,0,0
3.0,0.0,1,0,0,1.0,1.0,4,3,1.0,2,2,1.0,1.0,1.0,2.0,1.0,2.0,3.0,0,0
3.0,0.0,1,1,1,1.0,1.0,4,2,3.0,2,2,1.0,5.0,1.0,2.0,1.0,1.0,3.0,1,0
4.0,0.0,0,0,0,1.0,0.0,3,1,0.0,3,3,3.0,3.0,3.0,4.0,2.0,1.0,2.0,1,1
3.0,4.0,1,0,0,0.0,0.0,5,1,0.0,2,2,5.0,1.0,3.0,0.0,1.0,1.0,2.0,0,1
6.0,0.0,0,1,0,0.0,0.0,3,1,0.0,2,3,3.0,4.0,3.0,3.0,2.0,3.0,2.0,0,1
5.0,3.0,1,0,0,0.0,0.0,4,1,0.0,1,3,5.0,5.0,1.0,1.0,2.0,2.0,2.0,0,0
2.0,4.0,1,0,0,0.0,0.0,3,1,0.0,1,3,5.0,5.0,5.0,1.0,1.0,2.0,3.0,0,0
5.0,4.0,0,0,0,1.0,0.0,4,1,0.0,2,1,5.0,5.0,3.0,3.0,0.0,2.0,3.0,0,0
4.0,4.0,1,0,0,0.0,0.0,3,1,0.0,3,4,5.0,2.0,1.0,2.0,1.0,2.0,2.0,0,0
2.0,0.0,1,0,0,0.0,0.0,5,3,0.0,1,1,1.0,5.0,1.0,2.0,0.0,1.0,3.0,0,0
2.0,4.0,1,1,0,0.0,0.0,4,3,0.0,2,1,4.0,4.0,2.0,2.0,0.0,2.0,3.0,0,0
2.0,0.0,1,0,0,0.0,0.0,4,3,0.0,3,3,5.0,5.0,5.0,2.0,1.0,1.0,3.0,0,0
1.0,4.0,1,0,0,0.0,0.0,3,1,0.0,1,1,5.0,5.0,3.0,2.0,0.0,2.0,2.0,1,0
6.0,2.0,1,0,0,1.0,0.0,3,1,3.0,3,4,5.0,5.0,5.0,2.0,1.0,2.0,2.0,1,0
2.0,2.0,1,1,0,1.0,0.0,1,1,0.0,5,5,2.0,5.0,2.0,2.0,2.0,3.0,2.0,1,1
2.0,3.0,1,1,0,0.0,0.0,4,1,0.0,1,2,3.0,4.0,4.0,2.0,2.0,3.0,3.0,0,0
4.0,2.0,1,0,0,0.0,0.0,5,2,0.0,4,2,5.0,5.0,5.0,2.0,1.0,2.0,3.0,0,0
8.0,3.0,0,1,0,1.0,1.0,3,2,0.0,3,5,1.0,3.0,4.0,3.0,1.0,3.0,1.0,1,0
4.0,4.0,1,0,1,1.0,1.0,5,1,1.0,2,1,4.0,4.0,1.0,2.0,0.0,4.0,2.0,0,0
5.0,1.0,1,0,0,0.0,0.0,3,3,0.0,3,4,5.0,5.0,5.0,2.0,2.0,3.0,3.0,1,1
6.0,4.0,1,0,1,1.0,1.0,5,1,3.0,2,1,4.0,4.0,5.0,5.0,0.0,4.0,1.0,0,1
8.0,4.0,1,0,0,0.0,0.0,2,1,0.0,5,4,5.0,5.0,5.0,5.0,1.0,4.0,1.0,0,1
7.0,3.0,0,1,1,0.0,0.0,3,2,0.0,3,5,5.0,5.0,5.0,4.0,2.0,3.0,1.0,1,1
4.0,4.0,1,0,0,1.0,1.0,1,1,0.0,2,4,4.0,5.0,4.0,2.0,1.0,1.0,1.0,1,1
5.0,0.0,1,0,0,0.0,1.0,5,4,0.0,2,1,1.0,1.0,1.0,2.0,2.0,3.0,3.0,0,1
5.0,3.0,1,1,0,0.0,0.0,4,4,0.0,3,2,5.0,5.0,5.0,2.0,2.0,3.0,2.0,0,1
4.0,4.0,1,0,0,0.0,0.0,4,5,0.0,2,4,1.0,4.0,1.0,2.0,2.0,3.0,2.0,0,1
6.0,4.0,1,1,0,1.0,0.0,3,1,0.0,5,4,3.0,3.0,4.0,2.0,2.0,3.0,2.0,1,1
8.0,4.0,1,0,0,1.0,1.0,4,4,1.0,3,2,3.0,2.0,3.0,5.0,1.0,5.0,2.0,1,1
6.0,4.0,1,1,0,1.0,1.0,4,2,1.0,5,2,4.0,5.0,2.0,2.0,0.0,5.0,3.0,0,0
6.0,2.0,0,1,0,0.0,0.0,5,1,0.0,1,1,2.0,2.0,3.0,5.0,1.0,2.0,1.0,0,1
4.0,0.0,1,0,0,0.0,0.0,5,3,0.0,5,1,5.0,1.0,1.0,1.0,2.0,3.0,3.0,0,0
8.0,2.0,0,1,1,1.0,0.0,2,1,0.0,3,5,5.0,4.0,4.0,6.0,1.0,4.0,2.0,1,0
5.0,3.0,1,1,0,0.0,0.0,3,2,0.0,5,2,5.0,2.0,3.0,2.0,1.0,3.0,3.0,1,0
6.0,4.0,1,1,0,1.0,1.0,2,1,0.0,2,4,3.0,1.0,5.0,2.0,2.0,3.0,1.0,0,1
6.0,3.0,0,1,0,1.0,1.0,1,1,0.0,4,4,5.0,5.0,5.0,3.0,1.0,6.0,2.0,1,1
3.0,1.0,1,1,0,0.0,0.0,2,3,0.0,3,2,4.0,3.0,3.0,5.0,0.0,4.0,2.0,1,0
10.0,1.0,1,1,0,1.0,1.0,1,1,0.0,3,3,5.0,5.0,5.0,5.0,1.0,5.0,2.0,1,1
6.0,3.0,0,1,0,1.0,1.0,1,1,0.0,4,4,4.0,5.0,5.0,2.0,1.0,5.0,1.0,1,1
4.0,2.0,1,1,1,0.0,1.0,2,2,1.0,3,3,3.0,4.0,4.0,5.0,1.0,6.0,1.0,0,0
2.0,0.0,0,0,0,0.0,0.0,4,3,0.0,3,5,1.0,1.0,1.0,2.0,0.0,1.0,2.0,0,0
4.0,0.0,1,1,1,1.0,0.0,4,4,0.0,3,3,5.0,5.0,4.0,2.0,1.0,1.0,3.0,0,1
1.0,0.0,1,1,0,0.0,0.0,5,3,0.0,4,2,1.0,5.0,1.0,1.0,0.0,1.0,1.0,0,0
2.0,0.0,1,0,0,0.0,0.0,5,4,1.0,2,1,1.0,5.0,5.0,1.0,1.0,1.0,3.0,0,1
2.0,4.0,0,0,0,0.0,0.0,1,1,0.0,2,1,1.0,3.0,1.0,2.0,0.0,1.0,2.0,0,0
2.0,4.0,1,0,0,0.0,0.0,3,5,0.0,1,4,5.0,1.0,5.0,2.0,0.0,1.0,2.0,1,0
3.0,4.0,1,0,0,0.0,0.0,5,1,0.0,4,2,2.0,5.0,2.0,2.0,0.0,2.0,3.0,0,0
1.0,3.0,1,0,0,0.0,0.0,1,3,0.0,1,2,2.0,5.0,3.0,2.0,0.0,2.0,3.0,1,0
3.0,4.0,1,0,0,0.0,0.0,4,1,0.0,3,1,1.0,3.0,5.0,2.0,1.0,2.0,3.0,0,0
5.0,4.0,1,1,0,0.0,0.0,5,5,0.0,2,2,1.0,5.0,1.0,3.0,0.0,2.0,2.0,1,0
4.0,2.0,0,0,0,0.0,0.0,5,1,0.0,3,3,5.0,4.0,3.0,4.0,1.0,3.0,3.0,1,0
6.0,4.0,1,1,0,0.0,1.0,3,1,0.0,4,3,4.0,5.0,4.0,2.0,0.0,3.0,3.0,1,0
1.0,0.0,0,0,0,1.0,0.0,5,4,0.0,3,3,1.0,5.0,1.0,2.0,0.0,1.0,2.0,0,0
1.0,0.0,1,0,0,0.0,0.0,3,3,0.0,5,3,2.0,3.0,3.0,2.0,0.0,2.0,3.0,1,0
2.0,3.0,0,1,0,1.0,1.0,2,1,0.0,3,3,3.0,5.0,4.0,3.0,2.0,1.0,1.0,0,1
1.0,2.0,1,0,0,0.0,0.0,4,3,0.0,2,4,5.0,5.0,5.0,2.0,0.0,2.0,3.0,0,0
8.0,3.0,1,1,0,1.0,1.0,1,1,1.0,4,4,5.0,5.0,5.0,5.0,1.0,3.0,1.0,1,1
4.0,0.0,1,0,0,1.0,0.0,3,3,1.0,2,3,5.0,3.0,3.0,2.0,0.0,2.0,2.0,1,0
5.0,3.0,1,1,0,0.0,0.0,3,1,0.0,2,5,5.0,5.0,5.0,2.0,1.0,1.0,2.0,1,0
4.0,3.0,1,0,0,0.0,0.0,5,1,0.0,3,1,3.0,2.0,3.0,2.0,1.0,2.0,2.0,1,0
5.0,0.0,1,1,0,0.0,0.0,3,1,1.0,3,5,5.0,5.0,5.0,2.0,1.0,2.0,1.0,0,0
2.0,1.0,1,0,0,0.0,0.0,1,3,0.0,2,3,5.0,5.0,4.0,2.0,1.0,1.0,1.0,0,1
4.0,0.0,1,1,0,0.0,0.0,5,4,0.0,4,4,4.0,5.0,5.0,1.0,1.0,1.0,3.0,0,0
1.0,3.0,1,1,0,0.0,0.0,3,1,0.0,1,1,5.0,2.0,4.0,1.0,0.0,1.0,3.0,0,1
2.0,2.0,0,0,0,0.0,1.0,3,3,1.0,4,3,5.0,5.0,5.0,2.0,1.0,1.0,1.0,0,0
4.0,0.0,0,0,0,0.0,0.0,5,1,0.0,1,1,1.0,5.0,5.0,2.0,2.0,1.0,3.0,0,0
5.0,2.0,0,1,0,0.0,0.0,1,1,0.0,4,4,5.0,5.0,4.0,3.0,0.0,1.0,2.0,1,0
6.0,4.0,1,0,0,0.0,0.0,1,1,0.0,4,4,5.0,5.0,5.0,2.0,1.0,1.0,3.0,1,0
2.0,1.0,1,0,0,0.0,1.0,4,5,0.0,3,2,4.0,5.0,5.0,0.0,1.0,1.0,3.0,1,0
3.0,1.0,1,1,0,0.0,0.0,3,3,0.0,3,2,3.0,3.0,3.0,2.0,0.0,1.0,2.0,1,1
2.0,4.0,1,0,0,0.0,0.0,5,4,0.0,5,4,2.0,1.0,1.0,2.0,1.0,1.0,1.0,1,0
3.0,4.0,1,0,0,0.0,0.0,5,2,1.0,2,1,5.0,5.0,5.0,1.0,0.0,1.0,3.0,0,0
3.0,1.0,1,0,0,0.0,0.0,4,2,0.0,2,5,3.0,5.0,3.0,2.0,1.0,1.0,3.0,0,0
4.0,4.0,1,0,0,0.0,0.0,5,1,0.0,1,5,1.0,5.0,1.0,1.0,1.0,1.0,2.0,0,1
3.0,2.0,1,1,1,1.0,1.0,1,1,1.0,4,3,4.0,5.0,4.0,2.0,2.0,1.0,1.0,1,1
2.0,4.0,1,0,0,0.0,0.0,5,5,0.0,1,1,1.0,1.0,1.0,1.0,1.0,2.0,3.0,1,1
1.0,3.0,1,0,0,0.0,0.0,3,1,0.0,1,1,1.0,1.0,1.0,0.0,0.0,1.0,3.0,1,0
7.0,4.0,1,1,0,1.0,0.0,2,1,0.0,3,5,5.0,4.0,4.0,2.0,1.0,3.0,2.0,1,0
5.0,4.0,1,0,0,0.0,0.0,3,1,0.0,2,1,5.0,5.0,5.0,2.0,1.0,3.0,3.0,0,0
7.0,0.0,1,1,0,0.0,0.0,5,5,1.0,3,1,1.0,2.0,1.0,5.0,0.0,3.0,3.0,1,1
5.0,3.0,1,1,0,1.0,0.0,3,1,0.0,4,4,1.0,5.0,5.0,5.0,1.0,2.0,2.0,0,0
7.0,3.0,1,0,0,1.0,1.0,3,3,0.0,4,3,4.0,3.0,2.0,2.0,1.0,2.0,2.0,1,1
6.0,3.0,1,1,1,0.0,0.0,2,3,0.0,3,4,5.0,5.0,5.0,3.0,1.0,2.0,2.0,1,0
8.0,4.0,1,0,0,0.0,0.0,3,1,0.0,2,3,5.0,5.0,5.0,4.0,2.0,4.0,1.0,1,1
10.0,4.0,1,1,1,1.0,1.0,2,1,0.0,4,4,5.0,5.0,5.0,5.0,1.0,5.0,1.0,1,1
3.0,4.0,0,0,0,1.0,0.0,5,1,0.0,5,1,2.0,5.0,3.0,2.0,1.0,3.0,3.0,0,0
1.0,4.0,1,0,0,0.0,0.0,5,3,0.0,1,1,5.0,1.0,4.0,2.0,0.0,2.0,2.0,0,0
2.0,1.0,1,0,0,0.0,0.0,5,5,0.0,2,2,3.0,3.0,1.0,1.0,1.0,2.0,3.0,0,0
2.0,0.0,1,0,0,1.0,0.0,1,2,0.0,3,2,2.0,2.0,2.0,4.0,2.0,2.0,1.0,0,0
5.0,1.0,1,0,0,0.0,0.0,5,4,0.0,2,4,4.0,5.0,1.0,3.0,2.0,3.0,3.0,0,1
6.0,2.0,1,1,0,1.0,0.0,1,1,0.0,4,4,5.0,5.0,5.0,2.0,1.0,3.0,2.0,1,0
4.0,2.0,1,0,0,0.0,0.0,3,1,0.0,4,1,5.0,4.0,5.0,2.0,0.0,2.0,3.0,0,1
9.0,3.0,0,1,0,1.0,0.0,5,1,0.0,1,4,5.0,5.0,4.0,5.0,2.0,2.0,3.0,0,1
3.0,0.0,1,1,0,0.0,0.0,5,5,0.0,2,1,1.0,1.0,1.0,2.0,1.0,1.0,3.0,0,0
5.0,0.0,1,1,0,1.0,0.0,5,1,0.0,3,2,1.0,5.0,5.0,2.0,1.0,1.0,1.0,1,0
4.0,0.0,1,0,0,0.0,0.0,5,2,0.0,1,2,1.0,5.0,1.0,1.0,1.0,1.0,3.0,0,0
1.0,0.0,1,0,0,0.0,0.0,5,1,0.0,4,1,1.0,1.0,3.0,1.0,0.0,2.0,3.0,0,0
5.0,0.0,1,1,0,0.0,0.0,3,1,0.0,5,2,5.0,5.0,5.0,3.0,2.0,1.0,1.0,1,1
5.0,1.0,1,1,0,0.0,0.0,3,1,0.0,3,3,5.0,5.0,5.0,2.0,2.0,1.0,3.0,0,1
5.0,4.0,1,0,0,0.0,0.0,3,1,0.0,3,2,4.0,5.0,5.0,2.0,2.0,1.0,2.0,0,0
4.0,0.0,1,1,1,1.0,1.0,2,1,0.0,2,3,5.0,5.0,1.0,2.0,1.0,1.0,2.0,0,1
1.0,4.0,1,0,0,1.0,0.0,4,3,0.0,3,1,5.0,5.0,5.0,2.0,2.0,1.0,1.0,0,0
2.0,4.0,1,0,0,0.0,0.0,5,3,3.0,2,1,5.0,3.0,5.0,5.0,0.0,1.0,2.0,1,0
4.0,4.0,0,1,0,1.0,0.0,3,2,0.0,5,3,4.0,1.0,1.0,3.0,2.0,2.0,1.0,1,1
4.0,0.0,1,1,0,0.0,0.0,5,5,0.0,1,1,2.0,1.0,1.0,3.0,0.0,3.0,3.0,0,0
3.0,4.0,1,1,0,0.0,0.0,5,4,0.0,1,1,1.0,1.0,1.0,2.0,0.0,2.0,3.0,0,0
3.0,0.0,1,0,0,0.0,0.0,5,5,0.0,1,1,3.0,1.0,1.0,3.0,0.0,2.0,3.0,0,1
4.0,3.0,0,1,0,0.0,0.0,5,1,0.0,2,3,1.0,2.0,3.0,2.0,2.0,1.0,3.0,1,1
5.0,4.0,1,1,1,0.0,0.0,3,3,0.0,3,4,3.0,2.0,2.0,2.0,1.0,1.0,3.0,0,1
5.0,2.0,0,0,0,0.0,0.0,4,1,1.0,3,4,5.0,5.0,5.0,2.0,2.0,1.0,2.0,1,0
1.0,0.0,1,0,0,1.0,0.0,4,4,0.0,1,1,5.0,1.0,5.0,2.0,0.0,1.0,2.0,1,0
3.0,2.0,1,0,0,0.0,0.0,5,1,0.0,1,1,5.0,5.0,1.0,2.0,1.0,1.0,3.0,0,0
2.0,3.0,0,0,0,0.0,0.0,4,2,0.0,3,2,1.0,1.0,5.0,2.0,0.0,1.0,3.0,0,0
3.0,0.0,1,0,0,0.0,0.0,5,4,1.0,5,4,1.0,5.0,2.0,2.0,2.0,1.0,3.0,0,0
1.0,1.0,0,0,0,0.0,0.0,1,1,0.0,1,2,1.0,3.0,4.0,2.0,2.0,1.0,3.0,0,0
2.0,2.0,1,0,0,0.0,0.0,5,3,0.0,1,1,5.0,4.0,1.0,1.0,1.0,2.0,3.0,0,1
1.0,4.0,0,0,0,0.0,0.0,3,3,0.0,3,3,5.0,5.0,3.0,2.0,0.0,2.0,3.0,1,0
2.0,2.0,1,0,0,1.0,1.0,4,1,1.0,1,1,3.0,3.0,3.0,2.0,0.0,2.0,2.0,1,0
5.0,3.0,1,1,0,1.0,0.0,4,2,0.0,4,4,5.0,5.0,5.0,2.0,2.0,2.0,1.0,1,0
5.0,3.0,1,0,0,0.0,0.0,2,1,0.0,2,2,5.0,3.0,5.0,2.0,1.0,2.0,2.0,1,0
2.0,4.0,1,0,0,0.0,0.0,1,3,0.0,1,1,2.0,3.0,3.0,1.0,0.0,1.0,1.0,0,1
1.0,3.0,1,0,0,1.0,0.0,5,5,0.0,2,4,5.0,1.0,1.0,2.0,0.0,1.0,2.0,0,1
5.0,4.0,0,0,0,0.0,0.0,3,3,0.0,2,3,5.0,5.0,5.0,2.0,2.0,1.0,3.0,1,1
7.0,0.0,0,0,0,1.0,0.0,2,1,0.0,2,3,3.0,5.0,5.0,2.0,1.0,3.0,3.0,0,0
4.0,4.0,1,0,0,0.0,0.0,5,4,0.0,3,3,2.0,4.0,2.0,1.0,1.0,2.0,1.0,0,1
5.0,3.0,1,0,0,1.0,1.0,3,3,0.0,3,2,3.0,3.0,3.0,3.0,2.0,3.0,3.0,0,1
7.0,3.0,1,1,0,1.0,0.0,1,3,0.0,2,5,5.0,5.0,5.0,5.0,2.0,3.0,1.0,1,1
9.0,0.0,1,1,1,1.0,1.0,1,1,0.0,4,4,4.0,4.0,5.0,5.0,2.0,3.0,1.0,1,0
6.0,3.0,1,0,1,1.0,1.0,4,3,0.0,2,4,5.0,3.0,4.0,3.0,1.0,1.0,2.0,1,1
6.0,4.0,0,0,0,0.0,0.0,2,3,0.0,3,5,2.0,2.0,3.0,2.0,1.0,1.0,2.0,1,1
6.0,3.0,1,0,0,0.0,0.0,5,5,0.0,1,5,5.0,5.0,5.0,2.0,2.0,1.0,3.0,1,1
5.0,4.0,1,0,0,0.0,0.0,5,1,0.0,4,5,1.0,5.0,5.0,2.0,1.0,2.0,2.0,0,0
5.0,0.0,0,0,0,0.0,0.0,3,3,0.0,5,2,1.0,2.0,3.0,3.0,1.0,2.0,3.0,0,1
1.0,3.0,1,0,0,0.0,0.0,1,1,0.0,2,1,4.0,5.0,5.0,2.0,1.0,1.0,2.0,1,0
1.0,0.0,1,0,0,0.0,0.0,2,1,0.0,1,2,1.0,1.0,1.0,3.0,1.0,1.0,3.0,1,0
5.0,4.0,1,1,1,1.0,1.0,5,5,3.0,1,4,3.0,3.0,1.0,2.0,0.0,2.0,1.0,0,1
4.0,4.0,1,0,0,1.0,1.0,2,2,0.0,5,3,5.0,5.0,5.0,1.0,2.0,1.0,1.0,0,1
4.0,3.0,1,0,0,0.0,0.0,5,5,0.0,5,1,1.0,1.0,2.0,1.0,1.0,1.0,3.0,0,1
2.0,4.0,0,0,0,0.0,0.0,3,1,0.0,1,2,1.0,5.0,1.0,2.0,1.0,2.0,2.0,1,0
2.0,4.0,0,0,0,0.0,0.0,2,1,0.0,1,1,5.0,5.0,1.0,2.0,0.0,1.0,2.0,0,0
6.0,4.0,1,0,0,0.0,1.0,3,1,0.0,3,2,5.0,4.0,5.0,2.0,0.0,2.0,1.0,0,1
6.0,0.0,1,0,0,0.0,0.0,2,2,0.0,5,5,4.0,5.0,4.0,4.0,1.0,2.0,2.0,1,0
5.0,0.0,1,1,0,0.0,0.0,4,4,0.0,4,4,5.0,4.0,4.0,2.0,1.0,2.0,2.0,0,0
4.0,4.0,1,0,0,1.0,0.0,4,3,0.0,3,2,3.0,2.0,2.0,2.0,0.0,1.0,3.0,1,0
5.0,1.0,1,0,0,0.0,0.0,5,3,0.0,5,5,4.0,3.0,3.0,2.0,1.0,2.0,2.0,1,0
7.0,4.0,1,1,0,1.0,0.0,3,4,1.0,5,3,4.0,4.0,4.0,5.0,1.0,3.0,2.0,0,0
3.0,1.0,1,0,0,0.0,0.0,5,5,0.0,1,1,5.0,5.0,5.0,1.0,1.0,3.0,3.0,0,1
5.0,3.0,1,1,0,0.0,0.0,3,1,0.0,3,2,1.0,3.0,1.0,2.0,1.0,3.0,3.0,1,0
5.0,3.0,1,0,0,1.0,0.0,5,5,0.0,1,2,1.0,5.0,1.0,1.0,1.0,2.0,3.0,0,1
7.0,4.0,1,0,1,1.0,1.0,5,1,3.0,3,3,4.0,4.0,3.0,6.0,2.0,2.0,2.0,1,1
1.0,0.0,1,0,0,1.0,0.0,1,3,0.0,2,1,1.0,1.0,2.0,1.0,1.0,1.0,2.0,0,0
6.0,3.0,1,1,1,1.0,1.0,3,1,0.0,3,5,5.0,5.0,5.0,3.0,1.0,1.0,3.0,1,0
5.0,4.0,1,0,0,0.0,0.0,3,1,0.0,3,3,1.0,2.0,4.0,2.0,1.0,3.0,3.0,0,0
3.0,4.0,0,0,0,1.0,1.0,3,1,0.0,3,2,1.0,5.0,3.0,2.0,0.0,1.0,2.0,0,0
5.0,1.0,1,0,0,0.0,0.0,2,1,0.0,4,4,1.0,5.0,5.0,3.0,2.0,1.0,2.0,1,1
4.0,3.0,1,0,0,1.0,1.0,5,3,0.0,1,4,5.0,5.0,5.0,5.0,2.0,1.0,1.0,0,1
1.0,0.0,0,0,0,1.0,1.0,5,5,0.0,1,2,3.0,1.0,1.0,3.0,1.0,1.0,3.0,0,0
2.0,0.0,0,0,0,0.0,0.0,5,3,0.0,3,1,5.0,2.0,2.0,2.0,0.0,1.0,2.0,0,0
7.0,4.0,0,1,0,1.0,0.0,5,1,0.0,2,5,1.0,3.0,2.0,2.0,2.0,1.0,2.0,0,1
4.0,4.0,1,0,0,0.0,0.0,1,1,0.0,4,2,5.0,5.0,5.0,5.0,0.0,2.0,1.0,0,1
8.0,4.0,1,1,0,0.0,0.0,3,1,0.0,1,1,3.0,4.0,1.0,1.0,2.0,3.0,2.0,1,1
7.0,4.0,1,1,1,1.0,1.0,2,2,0.0,4,5,5.0,5.0,4.0,6.0,2.0,2.0,1.0,1,0
10.0,2.0,0,1,0,1.0,1.0,1,1,0.0,3,5,5.0,5.0,5.0,5.0,2.0,5.0,2.0,0,0
6.0,4.0,1,1,0,0.0,0.0,4,3,0.0,3,4,3.0,4.0,1.0,5.0,1.0,6.0,2.0,1,1
4.0,4.0,1,0,0,0.0,0.0,2,1,1.0,5,4,2.0,5.0,2.0,2.0,1.0,1.0,2.0,0,0
4.0,3.0,1,1,0,1.0,0.0,5,2,0.0,2,5,2.0,1.0,2.0,2.0,1.0,1.0,1.0,0,1
8.0,0.0,0,1,0,1.0,1.0,2,3,3.0,3,2,3.0,3.0,5.0,2.0,0.0,2.0,1.0,0,1
3.0,2.0,1,1,0,0.0,0.0,2,1,0.0,5,5,3.0,4.0,3.0,2.0,2.0,1.0,2.0,0,1
1.0,4.0,1,0,0,0.0,0.0,5,4,1.0,1,1,3.0,4.0,1.0,1.0,1.0,1.0,2.0,0,0
2.0,3.0,1,1,1,0.0,0.0,5,1,0.0,1,1,1.0,5.0,5.0,1.0,1.0,1.0,3.0,1,0
7.0,0.0,1,0,0,0.0,1.0,1,1,0.0,5,5,5.0,5.0,5.0,5.0,2.0,1.0,2.0,0,0
4.0,3.0,1,0,0,0.0,0.0,4,4,0.0,1,4,1.0,1.0,1.0,1.0,0.0,1.0,3.0,0,1
4.0,0.0,1,0,0,1.0,0.0,2,1,1.0,2,2,3.0,4.0,2.0,2.0,0.0,2.0,2.0,0,0
4.0,4.0,1,0,0,0.0,0.0,2,1,0.0,3,4,3.0,5.0,5.0,2.0,1.0,1.0,1.0,1,1
3.0,0.0,0,0,0,0.0,0.0,1,1,0.0,3,4,2.0,5.0,5.0,2.0,0.0,1.0,3.0,1,0
4.0,2.0,1,1,0,0.0,0.0,4,2,0.0,2,1,5.0,5.0,5.0,5.0,1.0,2.0,1.0,0,0
1.0,4.0,1,0,0,0.0,0.0,2,2,0.0,1,1,4.0,3.0,2.0,1.0,0.0,1.0,3.0,0,0
5.0,3.0,1,1,1,1.0,1.0,2,3,0.0,3,4,5.0,5.0,5.0,2.0,2.0,1.0,1.0,1,1
1.0,2.0,1,0,0,0.0,0.0,5,4,0.0,2,4,5.0,5.0,5.0,2.0,1.0,1.0,2.0,0,0
5.0,4.0,1,1,1,1.0,1.0,4,1,0.0,5,2,1.0,1.0,5.0,4.0,2.0,1.0,2.0,1,1
5.0,4.0,1,1,1,0.0,0.0,5,1,0.0,4,5,1.0,1.0,3.0,2.0,1.0,2.0,2.0,1,0
5.0,3.0,1,0,0,1.0,1.0,5,3,3.0,5,4,5.0,1.0,5.0,2.0,0.0,2.0,2.0,1,1
4.0,0.0,1,0,0,0.0,0.0,5,5,0.0,1,1,5.0,3.0,2.0,2.0,2.0,3.0,1.0,1,0
5.0,0.0,1,0,0,1.0,0.0,5,5,1.0,4,2,1.0,1.0,1.0,3.0,0.0,3.0,3.0,0,0
5.0,3.0,1,0,0,0.0,0.0,3,3,0.0,3,1,1.0,1.0,2.0,2.0,0.0,3.0,3.0,0,1
7.0,0.0,1,0,0,0.0,0.0,3,1,0.0,1,1,5.0,5.0,5.0,1.0,1.0,3.0,2.0,1,0
4.0,4.0,1,0,0,0.0,0.0,3,3,0.0,1,1,2.0,1.0,5.0,1.0,1.0,3.0,3.0,0,0
9.0,4.0,1,0,0,0.0,1.0,5,1,0.0,3,5,2.0,5.0,4.0,5.0,2.0,4.0,2.0,1,1
5.0,3.0,1,0,0,1.0,1.0,5,2,0.0,1,1,3.0,2.0,2.0,3.0,1.0,2.0,3.0,0,1
2.0,2.0,1,0,0,0.0,0.0,3,2,0.0,5,3,3.0,5.0,5.0,1.0,0.0,2.0,3.0,0,0
4.0,2.0,1,0,0,0.0,0.0,4,1,0.0,3,5,3.0,1.0,3.0,3.0,1.0,2.0,3.0,0,1
6.0,0.0,0,0,0,1.0,0.0,3,2,0.0,3,3,3.0,5.0,4.0,3.0,2.0,2.0,2.0,1,1
5.0,4.0,1,0,0,1.0,1.0,3,3,0.0,4,4,5.0,3.0,3.0,5.0,1.0,2.0,2.0,0,1
5.0,3.0,1,0,0,1.0,0.0,4,5,0.0,4,4,4.0,5.0,5.0,2.0,0.0,2.0,2.0,0,0
4.0,2.0,0,0,0,0.0,0.0,5,3,0.0,4,5,2.0,4.0,4.0,2.0,1.0,2.0,2.0,0,1
6.0,2.0,1,1,0,0.0,0.0,1,1,0.0,3,5,4.0,5.0,5.0,5.0,2.0,3.0,2.0,0,1
1.0,0.0,0,0,0,0.0,0.0,3,1,0.0,2,3,2.0,5.0,1.0,1.0,1.0,1.0,3.0,0,1
4.0,3.0,1,0,0,1.0,0.0,5,4,3.0,2,2,1.0,1.0,1.0,2.0,0.0,3.0,3.0,0,0
7.0,0.0,0,1,0,1.0,1.0,1,1,0.0,2,3,4.0,5.0,5.0,3.0,1.0,3.0,1.0,0,0
6.0,0.0,0,1,0,0.0,0.0,1,1,0.0,4,4,5.0,3.0,1.0,3.0,0.0,3.0,3.0,0,1
8.0,4.0,1,1,1,1.0,1.0,2,1,3.0,3,5,3.0,4.0,4.0,5.0,1.0,2.0,2.0,1,1
5.0,3.0,1,1,0,1.0,0.0,3,1,0.0,3,3,5.0,4.0,4.0,3.0,1.0,2.0,3.0,0,1
5.0,3.0,0,0,0,1.0,1.0,2,1,0.0,3,2,5.0,4.0,4.0,2.0,1.0,2.0,1.0,0,1
3.0,2.0,0,0,0,1.0,1.0,1,1,0.0,1,4,5.0,4.0,4.0,1.0,0.0,2.0,2.0,0,0
2.0,4.0,1,1,0,0.0,0.0,5,4,0.0,5,2,5.0,5.0,5.0,1.0,1.0,2.0,1.0,1,0
3.0,3.0,1,0,0,0.0,0.0,4,5,1.0,5,2,4.0,2.0,5.0,2.0,2.0,2.0,2.0,0,0
8.0,4.0,1,0,0,0.0,0.0,3,3,0.0,4,3,5.0,5.0,3.0,3.0,2.0,2.0,2.0,1,0
4.0,3.0,0,0,0,0.0,0.0,2,5,0.0,2,4,5.0,4.0,3.0,3.0,1.0,3.0,3.0,0,0
1.0,0.0,0,1,0,0.0,0.0,4,3,1.0,2,5,3.0,5.0,5.0,4.0,1.0,3.0,2.0,0,1
4.0,4.0,0,1,0,1.0,0.0,2,2,0.0,3,2,4.0,5.0,5.0,2.0,0.0,3.0,3.0,1,1
8.0,3.0,1,1,1,1.0,1.0,3,1,1.0,5,4,4.0,4.0,5.0,5.0,2.0,3.0,1.0,1,0
9.0,0.0,0,1,1,1.0,1.0,3,1,1.0,5,5,4.0,3.0,3.0,5.0,1.0,3.0,2.0,1,1
5.0,4.0,1,0,0,0.0,0.0,5,5,1.0,1,1,3.0,3.0,1.0,1.0,0.0,2.0,3.0,0,0
3.0,0.0,1,0,0,0.0,0.0,5,1,0.0,4,1,1.0,1.0,2.0,2.0,1.0,2.0,3.0,0,0
1.0,4.0,1,0,0,0.0,0.0,5,3,0.0,3,1,5.0,4.0,3.0,2.0,2.0,1.0,3.0,0,0
1.0,1.0,1,0,0,0.0,0.0,5,4,1.0,1,1,1.0,1.0,1.0,2.0,1.0,1.0,1.0,0,1
1.0,4.0,1,0,0,1.0,0.0,5,5,1.0,4,3,5.0,1.0,5.0,2.0,0.0,2.0,3.0,0,1
7.0,4.0,1,1,0,1.0,1.0,2,1,0.0,5,3,5.0,5.0,5.0,5.0,2.0,3.0,2.0,1,0
2.0,4.0,1,0,0,0.0,0.0,5,3,0.0,2,1,2.0,5.0,5.0,1.0,0.0,2.0,3.0,0,0
2.0,4.0,1,0,0,0.0,0.0,3,2,0.0,2,2,2.0,1.0,1.0,1.0,0.0,1.0,2.0,0,0
5.0,4.0,1,1,1,1.0,1.0,5,3,3.0,3,3,1.0,5.0,5.0,1.0,0.0,3.0,3.0,1,0
4.0,3.0,0,0,0,0.0,0.0,3,2,0.0,3,2,5.0,4.0,4.0,2.0,1.0,3.0,3.0,1,0
4.0,4.0,1,0,0,1.0,1.0,4,2,0.0,3,2,4.0,4.0,4.0,2.0,0.0,2.0,2.0,0,0
1.0,0.0,1,0,0,0.0,0.0,3,3,0.0,2,2,5.0,2.0,5.0,1.0,0.0,2.0,1.0,0,0
6.0,4.0,1,0,0,0.0,0.0,5,5,0.0,1,1,1.0,5.0,2.0,2.0,1.0,2.0,3.0,0,0
4.0,4.0,1,1,0,1.0,1.0,3,1,0.0,5,3,3.0,2.0,4.0,5.0,2.0,2.0,2.0,1,0
1.0,2.0,1,0,0,1.0,0.0,5,5,0.0,4,4,4.0,5.0,5.0,2.0,2.0,2.0,2.0,1,1
7.0,4.0,1,0,0,1.0,0.0,2,1,0.0,4,2,3.0,4.0,4.0,2.0,1.0,3.0,2.0,1,1
1.0,4.0,1,0,0,0.0,0.0,5,1,0.0,2,2,2.0,2.0,4.0,2.0,0.0,1.0,2.0,0,0
7.0,0.0,1,1,0,0.0,0.0,2,2,0.0,3,3,4.0,4.0,4.0,2.0,2.0,2.0,1.0,0,0
6.0,2.0,1,1,0,1.0,1.0,3,1,3.0,4,3,3.0,5.0,3.0,5.0,2.0,3.0,1.0,1,1
3.0,4.0,1,0,1,0.0,1.0,4,5,1.0,4,1,1.0,1.0,1.0,1.0,0.0,2.0,3.0,1,0
3.0,0.0,1,0,1,0.0,0.0,1,1,0.0,1,1,5.0,5.0,5.0,0.0,0.0,2.0,1.0,1,0
4.0,0.0,1,0,0,0.0,0.0,4,5,3.0,1,1,5.0,4.0,5.0,1.0,1.0,2.0,1.0,0,0
3.0,3.0,1,1,0,0.0,0.0,1,1,0.0,1,1,1.0,1.0,5.0,1.0,1.0,1.0,1.0,0,0
4.0,2.0,1,0,0,0.0,0.0,5,2,0.0,2,5,3.0,5.0,1.0,0.0,1.0,2.0,2.0,1,1
5.0,3.0,1,0,0,0.0,0.0,5,3,0.0,4,4,1.0,5.0,5.0,2.0,1.0,2.0,2.0,0,1
2.0,1.0,1,0,0,0.0,0.0,5,1,0.0,4,5,2.0,1.0,5.0,2.0,0.0,2.0,1.0,0,0
3.0,4.0,1,0,0,0.0,0.0,3,4,1.0,1,1,3.0,4.0,1.0,1.0,1.0,2.0,2.0,1,0
1.0,4.0,0,0,0,0.0,0.0,5,1,0.0,3,1,5.0,5.0,4.0,2.0,1.0,2.0,1.0,0,0
5.0,4.0,1,0,0,0.0,0.0,5,4,0.0,5,2,5.0,5.0,1.0,2.0,1.0,1.0,3.0,0,0
6.0,3.0,1,1,0,0.0,0.0,3,2,0.0,3,5,4.0,4.0,4.0,3.0,1.0,1.0,1.0,1,0
3.0,2.0,0,0,0,0.0,0.0,3,3,0.0,2,1,5.0,5.0,5.0,1.0,0.0,1.0,1.0,0,0
3.0,3.0,1,1,1,1.0,1.0,3,2,0.0,3,2,3.0,5.0,5.0,2.0,1.0,1.0,3.0,0,1
6.0,3.0,0,1,0,1.0,1.0,3,2,0.0,5,2,4.0,3.0,3.0,2.0,1.0,3.0,2.0,0,1
4.0,1.0,1,1,0,0.0,0.0,5,5,0.0,4,4,3.0,2.0,3.0,4.0,0.0,1.0,2.0,0,1
1.0,3.0,1,0,0,0.0,0.0,3,3,0.0,3,1,1.0,1.0,1.0,1.0,0.0,2.0,1.0,1,1
6.0,4.0,1,1,1,1.0,0.0,4,4,0.0,4,5,3.0,3.0,4.0,3.0,2.0,3.0,2.0,0,1
3.0,4.0,0,0,0,1.0,1.0,3,1,0.0,5,3,4.0,5.0,4.0,3.0,2.0,2.0,2.0,0,1
1.0,4.0,1,0,0,1.0,1.0,4,5,0.0,5,5,1.0,3.0,5.0,1.0,0.0,2.0,2.0,1,0
1.0,3.0,1,0,0,0.0,0.0,3,2,0.0,2,1,1.0,5.0,1.0,2.0,1.0,1.0,1.0,0,0
1.0,4.0,0,0,0,1.0,0.0,2,2,0.0,2,2,1.0,1.0,1.0,2.0,0.0,2.0,1.0,0,0
7.0,4.0,1,1,1,1.0,1.0,2,2,3.0,5,4,5.0,5.0,4.0,5.0,2.0,2.0,1.0,1,0
6.0,1.0,1,1,1,1.0,1.0,3,2,0.0,3,3,4.0,4.0,2.0,5.0,2.0,2.0,2.0,1,1
5.0,3.0,1,1,0,0.0,0.0,2,1,0.0,3,5,4.0,5.0,1.0,3.0,1.0,2.0,1.0,1,1
4.0,2.0,1,1,0,0.0,1.0,4,4,0.0,5,3,5.0,2.0,3.0,2.0,1.0,1.0,2.0,1,1
5.0,3.0,1,0,0,0.0,0.0,4,3,0.0,3,2,5.0,4.0,4.0,2.0,2.0,2.0,2.0,0,1
4.0,0.0,0,1,0,0.0,0.0,5,4,0.0,4,4,5.0,5.0,5.0,1.0,1.0,2.0,3.0,0,1
4.0,4.0,1,0,0,0.0,0.0,4,1,0.0,1,1,3.0,4.0,5.0,2.0,0.0,2.0,3.0,0,0
3.0,4.0,1,1,0,1.0,1.0,5,1,0.0,5,2,2.0,4.0,5.0,2.0,1.0,1.0,3.0,0,1
5.0,0.0,1,1,1,1.0,1.0,3,1,0.0,3,3,5.0,5.0,5.0,3.0,2.0,2.0,1.0,1,1
2.0,4.0,1,1,0,0.0,0.0,3,1,0.0,5,5,5.0,5.0,5.0,2.0,1.0,1.0,2.0,0,0
5.0,2.0,0,0,0,0.0,0.0,4,3,0.0,2,1,2.0,2.0,2.0,2.0,2.0,1.0,3.0,0,1
2.0,1.0,1,0,0,0.0,0.0,5,3,0.0,1,3,5.0,5.0,5.0,2.0,1.0,1.0,3.0,0,0
5.0,4.0,1,0,0,1.0,1.0,4,3,0.0,4,3,5.0,4.0,5.0,3.0,2.0,1.0,2.0,0,1
3.0,1.0,0,1,0,0.0,0.0,3,3,1.0,4,2,5.0,4.0,2.0,3.0,2.0,1.0,3.0,1,1
3.0,1.0,0,0,0,0.0,0.0,4,3,0.0,3,2,5.0,4.0,3.0,1.0,2.0,2.0,2.0,0,1
6.0,4.0,1,0,0,0.0,1.0,4,1,0.0,3,5,5.0,4.0,4.0,3.0,2.0,2.0,3.0,0,1
6.0,3.0,1,1,0,0.0,0.0,4,2,0.0,3,3,4.0,4.0,4.0,3.0,2.0,2.0,3.0,0,0
9.0,4.0,1,1,0,1.0,1.0,2,1,1.0,3,5,5.0,5.0,5.0,6.0,0.0,3.0,1.0,1,0
7.0,4.0,1,0,1,1.0,1.0,3,3,3.0,3,3,5.0,4.0,3.0,6.0,1.0,3.0,1.0,0,0
1.0,3.0,1,0,0,0.0,0.0,5,5,0.0,1,1,4.0,3.0,1.0,1.0,0.0,1.0,2.0,1,0
4.0,0.0,0,0,0,0.0,0.0,4,4,0.0,2,1,4.0,1.0,5.0,5.0,0.0,2.0,3.0,0,1
4.0,1.0,0,0,0,0.0,0.0,1,1,0.0,1,1,5.0,4.0,4.0,0.0,1.0,2.0,1.0,0,1
7.0,4.0,1,1,1,1.0,1.0,3,2,1.0,5,5,5.0,4.0,5.0,5.0,2.0,2.0,2.0,1,1
1.0,0.0,1,1,0,0.0,0.0,2,3,0.0,4,2,1.0,4.0,4.0,1.0,2.0,2.0,2.0,1,0
7.0,4.0,1,1,0,1.0,1.0,2,2,0.0,1,4,5.0,5.0,5.0,4.0,1.0,3.0,1.0,1,1
6.0,4.0,1,1,0,0.0,1.0,1,1,0.0,3,3,5.0,5.0,5.0,5.0,2.0,2.0,2.0,1,1
2.0,0.0,0,1,0,0.0,0.0,5,5,0.0,1,2,5.0,1.0,1.0,2.0,0.0,2.0,3.0,0,0
5.0,0.0,1,0,0,0.0,0.0,3,5,0.0,2,3,2.0,1.0,1.0,2.0,1.0,3.0,3.0,0,0
4.0,0.0,1,0,0,1.0,0.0,5,5,1.0,2,1,1.0,1.0,1.0,5.0,1.0,3.0,3.0,0,0
8.0,4.0,1,0,0,0.0,0.0,4,3,1.0,4,2,5.0,2.0,2.0,2.0,0.0,1.0,3.0,0,0
3.0,3.0,0,0,0,0.0,0.0,3,2,0.0,1,2,4.0,5.0,3.0,2.0,1.0,2.0,2.0,0,1
6.0,3.0,1,0,0,0.0,0.0,5,5,0.0,3,3,3.0,5.0,5.0,2.0,2.0,1.0,1.0,1,1
1.0,2.0,0,0,0,0.0,0.0,5,2,0.0,3,3,1.0,5.0,3.0,2.0,2.0,1.0,2.0,0,0
4.0,0.0,1,1,0,0.0,0.0,5,1,0.0,2,4,1.0,4.0,5.0,2.0,0.0,2.0,3.0,1,1
3.0,1.0,1,0,0,0.0,0.0,1,1,0.0,1,1,2.0,5.0,5.0,1.0,0.0,1.0,3.0,0,0
2.0,4.0,1,0,0,1.0,1.0,4,2,0.0,2,1,4.0,4.0,3.0,4.0,1.0,1.0,2.0,1,1
4.0,3.0,0,1,0,0.0,0.0,2,1,0.0,4,5,2.0,4.0,4.0,2.0,1.0,1.0,2.0,0,1
3.0,4.0,1,0,0,0.0,0.0,5,5,0.0,1,1,3.0,1.0,1.0,1.0,0.0,2.0,3.0,0,1
4.0,4.0,1,0,0,0.0,0.0,5,1,0.0,1,1,1.0,1.0,1.0,2.0,1.0,2.0,1.0,0,0
3.0,0.0,1,0,0,0.0,0.0,1,1,0.0,1,1,2.0,1.0,1.0,2.0,1.0,2.0,3.0,0,1
5.0,0.0,1,1,0,1.0,0.0,2,1,0.0,3,3,4.0,4.0,3.0,3.0,1.0,2.0,2.0,1,0
1.0,4.0,1,0,0,0.0,1.0,5,5,0.0,1,1,1.0,1.0,1.0,0.0,0.0,2.0,1.0,0,0
4.0,3.0,1,1,0,1.0,1.0,5,2,0.0,2,3,1.0,5.0,4.0,3.0,1.0,3.0,3.0,0,1
2.0,1.0,1,0,0,0.0,0.0,5,3,0.0,2,1,1.0,4.0,2.0,3.0,1.0,3.0,2.0,0,0
5.0,4.0,1,1,0,0.0,1.0,2,1,0.0,4,3,5.0,5.0,5.0,4.0,2.0,3.0,2.0,0,0
9.0,4.0,1,1,1,1.0,1.0,2,2,3.0,4,5,5.0,5.0,5.0,6.0,2.0,3.0,1.0,1,0
4.0,4.0,1,0,0,1.0,0.0,1,1,0.0,5,5,5.0,5.0,5.0,1.0,1.0,2.0,1.0,1,1
3.0,4.0,1,0,0,0.0,0.0,5,2,0.0,5,3,5.0,5.0,5.0,2.0,1.0,1.0,2.0,1,0
1.0,0.0,1,0,0,1.0,0.0,3,2,0.0,2,3,4.0,5.0,3.0,4.0,1.0,2.0,3.0,1,1
3.0,0.0,0,1,0,0.0,0.0,3,1,0.0,2,2,3.0,5.0,3.0,2.0,0.0,1.0,2.0,0,0
3.0,3.0,1,0,0,0.0,0.0,3,2,0.0,3,2,2.0,4.0,5.0,3.0,0.0,1.0,2.0,0,0
7.0,0.0,0,0,0,0.0,0.0,3,3,0.0,2,2,3.0,3.0,3.0,2.0,0.0,1.0,2.0,0,1
2.0,0.0,1,0,0,0.0,0.0,5,3,0.0,4,4,3.0,2.0,2.0,2.0,1.0,2.0,2.0,1,1
4.0,3.0,1,1,0,0.0,0.0,3,5,0.0,1,2,5.0,3.0,2.0,1.0,1.0,1.0,1.0,1,0
6.0,4.0,1,1,0,1.0,0.0,5,3,0.0,3,4,1.0,5.0,3.0,2.0,0.0,1.0,2.0,1,0
2.0,3.0,1,0,0,0.0,0.0,2,1,0.0,3,1,5.0,2.0,4.0,2.0,0.0,1.0,2.0,0,0
5.0,4.0,1,0,0,0.0,0.0,5,1,0.0,1,5,5.0,1.0,5.0,1.0,1.0,1.0,2.0,0,1
2.0,3.0,0,0,0,0.0,0.0,3,1,0.0,2,4,2.0,3.0,5.0,3.0,0.0,1.0,2.0,1,1
3.0,4.0,1,1,0,0.0,0.0,5,3,0.0,4,2,3.0,5.0,4.0,2.0,0.0,1.0,3.0,0,1
3.0,4.0,1,0,0,0.0,0.0,3,1,0.0,4,2,2.0,1.0,1.0,2.0,2.0,2.0,2.0,1,1
5.0,0.0,1,1,0,1.0,0.0,3,1,0.0,2,1,3.0,5.0,3.0,2.0,1.0,2.0,3.0,1,1
4.0,4.0,1,0,0,1.0,1.0,4,1,0.0,1,2,1.0,4.0,1.0,1.0,0.0,3.0,3.0,0,1
3.0,0.0,1,0,0,0.0,0.0,5,3,0.0,2,1,3.0,5.0,5.0,3.0,1.0,1.0,3.0,0,0
5.0,3.0,1,0,0,0.0,0.0,1,2,0.0,3,5,5.0,5.0,3.0,2.0,0.0,1.0,1.0,0,1
3.0,2.0,1,0,0,0.0,0.0,3,3,0.0,5,3,5.0,3.0,4.0,4.0,1.0,1.0,1.0,1,1
5.0,3.0,0,1,0,0.0,0.0,3,1,0.0,2,3,4.0,5.0,4.0,2.0,1.0,1.0,2.0,1,1
5.0,2.0,1,0,0,1.0,0.0,4,3,3.0,5,4,5.0,3.0,5.0,1.0,0.0,2.0,2.0,1,1
4.0,3.0,1,0,0,0.0,0.0,4,3,0.0,3,1,4.0,2.0,4.0,1.0,0.0,2.0,3.0,0,0
4.0,4.0,1,1,0,0.0,0.0,3,1,0.0,2,4,3.0,4.0,5.0,3.0,0.0,1.0,2.0,1,0
2.0,4.0,1,0,0,0.0,0.0,5,1,0.0,1,1,1.0,1.0,1.0,1.0,0.0,2.0,3.0,0,0
2.0,3.0,1,0,0,0.0,0.0,5,1,0.0,1,1,1.0,1.0,1.0,2.0,0.0,1.0,3.0,0,0
3.0,3.0,0,1,0,1.0,1.0,1,1,0.0,3,3,5.0,5.0,5.0,2.0,1.0,1.0,2.0,0,1
5.0,2.0,0,1,1,1.0,0.0,4,3,0.0,4,1,3.0,5.0,3.0,2.0,2.0,2.0,2.0,0,1
2.0,1.0,0,0,0,0.0,0.0,4,1,0.0,2,2,3.0,2.0,2.0,2.0,2.0,1.0,3.0,0,0
7.0,0.0,1,1,1,1.0,1.0,3,3,1.0,3,4,3.0,4.0,4.0,4.0,2.0,2.0,2.0,1,1
3.0,3.0,1,1,0,0.0,0.0,4,4,0.0,2,5,2.0,5.0,1.0,2.0,1.0,2.0,1.0,1,1
3.0,3.0,1,0,0,1.0,0.0,5,1,0.0,1,1,1.0,3.0,1.0,1.0,0.0,1.0,1.0,0,1
4.0,2.0,1,0,0,0.0,0.0,1,1,0.0,2,1,5.0,5.0,4.0,1.0,2.0,1.0,2.0,0,1
2.0,4.0,1,0,0,0.0,0.0,5,5,0.0,3,1,5.0,5.0,1.0,1.0,1.0,1.0,3.0,0,0
4.0,2.0,1,1,0,0.0,0.0,4,3,0.0,2,1,4.0,3.0,3.0,2.0,2.0,1.0,2.0,1,1
5.0,4.0,1,0,0,0.0,0.0,3,2,0.0,2,2,3.0,2.0,3.0,2.0,1.0,2.0,3.0,0,1
4.0,1.0,1,0,0,0.0,0.0,4,5,0.0,4,2,3.0,1.0,3.0,1.0,2.0,2.0,2.0,0,0
6.0,3.0,1,0,0,0.0,0.0,3,1,0.0,2,2,4.0,5.0,4.0,1.0,2.0,1.0,2.0,1,0
4.0,2.0,1,0,0,0.0,0.0,5,1,0.0,2,4,1.0,4.0,5.0,1.0,0.0,1.0,2.0,0,1
6.0,4.0,1,0,0,0.0,1.0,1,1,0.0,5,4,5.0,4.0,5.0,4.0,2.0,2.0,1.0,1,0
2.0,0.0,1,0,0,0.0,0.0,5,2,0.0,1,1,1.0,5.0,1.0,2.0,0.0,2.0,3.0,0,0
2.0,3.0,1,0,0,0.0,0.0,5,1,0.0,1,1,2.0,2.0,2.0,1.0,0.0,1.0,2.0,0,1
4.0,3.0,0,1,0,0.0,0.0,2,1,0.0,3,3,5.0,5.0,4.0,2.0,0.0,1.0,2.0,1,0
9.0,1.0,0,1,0,1.0,1.0,2,1,0.0,1,4,5.0,5.0,5.0,2.0,2.0,1.0,1.0,1,1
1.0,0.0,1,0,0,0.0,0.0,4,5,0.0,2,1,5.0,4.0,3.0,1.0,1.0,3.0,3.0,0,1
3.0,1.0,1,0,0,0.0,0.0,5,3,0.0,2,1,1.0,4.0,3.0,2.0,1.0,2.0,3.0,0,1
5.0,3.0,1,1,1,1.0,1.0,3,1,1.0,2,5,3.0,4.0,3.0,3.0,2.0,1.0,2.0,1,0
1.0,4.0,1,0,0,1.0,0.0,1,1,0.0,1,1,1.0,1.0,1.0,2.0,1.0,2.0,2.0,0,1
2.0,0.0,1,0,0,1.0,1.0,4,4,0.0,1,1,1.0,2.0,1.0,1.0,0.0,1.0,3.0,0,0
6.0,1.0,1,0,0,0.0,0.0,1,3,0.0,4,4,1.0,5.0,4.0,1.0,2.0,2.0,2.0,0,1
5.0,3.0,1,1,0,0.0,0.0,3,1,0.0,3,5,4.0,5.0,5.0,2.0,2.0,1.0,2.0,1,1
5.0,0.0,0,0,0,1.0,0.0,4,3,0.0,5,3,4.0,5.0,2.0,3.0,1.0,1.0,2.0,1,0
2.0,1.0,1,0,0,0.0,0.0,4,1,0.0,2,5,2.0,1.0,2.0,2.0,2.0,3.0,1.0,1,0
5.0,4.0,1,0,1,0.0,0.0,4,1,0.0,2,2,5.0,3.0,4.0,2.0,1.0,3.0,3.0,1,0
5.0,0.0,1,0,0,0.0,0.0,3,2,0.0,4,3,5.0,4.0,5.0,4.0,2.0,3.0,3.0,1,0
9.0,4.0,0,0,0,0.0,0.0,1,1,0.0,3,1,5.0,4.0,5.0,5.0,2.0,3.0,1.0,1,0
2.0,4.0,1,0,0,0.0,0.0,3,3,0.0,3,2,4.0,4.0,3.0,2.0,1.0,2.0,1.0,1,1
5.0,0.0,1,1,0,1.0,0.0,2,2,0.0,4,3,3.0,3.0,1.0,2.0,1.0,2.0,2.0,0,1
4.0,2.0,1,0,0,1.0,1.0,4,3,0.0,5,3,1.0,3.0,2.0,5.0,2.0,2.0,2.0,0,0
7.0,4.0,1,1,0,0.0,0.0,3,1,0.0,3,2,1.0,5.0,5.0,1.0,2.0,2.0,1.0,1,0
1.0,0.0,0,0,0,0.0,0.0,4,3,0.0,2,3,1.0,5.0,2.0,1.0,1.0,1.0,3.0,0,1
2.0,0.0,1,0,0,0.0,0.0,4,1,0.0,2,2,1.0,2.0,1.0,2.0,1.0,1.0,3.0,1,1
2.0,0.0,0,0,0,0.0,0.0,4,2,0.0,4,3,1.0,5.0,1.0,1.0,1.0,1.0,3.0,0,1
3.0,0.0,0,0,0,0.0,0.0,5,4,3.0,2,5,1.0,1.0,1.0,1.0,1.0,1.0,3.0,1,1
8.0,3.0,1,1,0,0.0,0.0,4,2,0.0,3,2,3.0,4.0,3.0,3.0,2.0,2.0,2.0,1,1
8.0,4.0,0,1,1,1.0,1.0,2,1,1.0,5,3,5.0,5.0,4.0,3.0,1.0,2.0,1.0,1,1
6.0,3.0,1,1,1,1.0,1.0,3,3,3.0,5,5,3.0,3.0,2.0,4.0,2.0,3.0,2.0,1,1
7.0,4.0,1,1,1,0.0,0.0,5,3,0.0,2,3,5.0,5.0,5.0,2.0,1.0,3.0,2.0,1,0
6.0,4.0,1,1,0,1.0,1.0,1,1,0.0,5,5,2.0,5.0,5.0,2.0,2.0,3.0,1.0,1,1
2.0,3.0,0,1,0,1.0,0.0,3,1,0.0,5,3,1.0,5.0,5.0,2.0,1.0,2.0,2.0,1,1
10.0,4.0,1,1,1,1.0,1.0,3,1,0.0,4,5,5.0,5.0,5.0,2.0,1.0,3.0,1.0,1,1
4.0,3.0,1,0,0,1.0,1.0,4,3,0.0,2,4,5.0,4.0,4.0,2.0,1.0,2.0,2.0,1,1
6.0,4.0,1,0,1,1.0,1.0,5,2,1.0,2,1,4.0,4.0,3.0,5.0,0.0,2.0,2.0,0,0
1.0,3.0,1,0,0,0.0,0.0,3,1,0.0,4,4,5.0,4.0,1.0,1.0,1.0,1.0,2.0,0,0
1.0,0.0,1,0,0,0.0,0.0,2,1,0.0,2,5,5.0,5.0,1.0,2.0,0.0,1.0,3.0,0,1
2.0,0.0,0,0,0,0.0,0.0,4,3,0.0,2,3,3.0,3.0,3.0,2.0,1.0,1.0,3.0,0,0
7.0,3.0,0,0,0,0.0,0.0,3,2,3.0,2,2,5.0,5.0,1.0,2.0,2.0,2.0,3.0,1,0
4.0,4.0,1,1,0,1.0,0.0,2,1,3.0,3,4,5.0,5.0,5.0,2.0,1.0,1.0,2.0,1,1
10.0,1.0,1,1,1,1.0,1.0,2,2,0.0,5,4,4.0,4.0,3.0,3.0,0.0,2.0,1.0,1,1
1.0,1.0,1,0,0,0.0,0.0,1,4,0.0,1,1,4.0,1.0,4.0,1.0,1.0,1.0,3.0,0,1
1.0,4.0,1,0,0,0.0,0.0,5,1,0.0,2,3,5.0,5.0,5.0,1.0,1.0,2.0,3.0,0,0
2.0,0.0,0,1,1,1.0,0.0,1,1,0.0,3,5,3.0,5.0,5.0,2.0,0.0,2.0,1.0,0,1
5.0,1.0,1,0,0,1.0,0.0,3,1,0.0,1,3,1.0,5.0,3.0,2.0,0.0,2.0,1.0,1,1
2.0,4.0,1,1,1,0.0,1.0,5,3,0.0,5,4,1.0,5.0,2.0,1.0,2.0,3.0,3.0,1,0
7.0,4.0,1,1,1,1.0,1.0,3,4,3.0,3,5,4.0,2.0,2.0,4.0,1.0,3.0,2.0,1,1
5.0,0.0,0,0,1,1.0,1.0,3,3,0.0,3,3,4.0,4.0,4.0,3.0,0.0,2.0,2.0,0,1
3.0,4.0,0,0,0,0.0,0.0,5,3,0.0,2,2,3.0,2.0,1.0,1.0,0.0,2.0,2.0,0,0
1.0,0.0,0,0,0,0.0,0.0,3,1,0.0,5,2,5.0,5.0,5.0,2.0,1.0,1.0,2.0,0,1
7.0,1.0,0,1,0,0.0,0.0,2,2,0.0,3,4,5.0,1.0,5.0,3.0,2.0,2.0,1.0,0,0
6.0,4.0,1,1,0,1.0,1.0,3,1,0.0,2,4,5.0,5.0,5.0,2.0,1.0,2.0,1.0,1,1
2.0,3.0,1,1,0,0.0,0.0,5,5,0.0,1,2,5.0,5.0,5.0,2.0,1.0,2.0,2.0,1,0
2.0,4.0,1,0,0,1.0,1.0,5,1,0.0,2,1,5.0,5.0,4.0,2.0,0.0,3.0,3.0,1,0
9.0,3.0,1,1,0,1.0,1.0,2,1,0.0,3,3,4.0,5.0,4.0,5.0,2.0,3.0,2.0,1,1
5.0,0.0,1,0,0,0.0,0.0,5,3,0.0,3,4,5.0,5.0,5.0,2.0,1.0,3.0,2.0,1,1
9.0,4.0,1,1,1,1.0,1.0,2,1,0.0,5,4,4.0,5.0,5.0,5.0,2.0,5.0,2.0,1,0
8.0,3.0,1,0,1,1.0,1.0,2,2,3.0,3,3,4.0,4.0,4.0,4.0,2.0,5.0,1.0,1,1
8.0,2.0,1,0,0,1.0,0.0,3,3,1.0,3,5,3.0,4.0,4.0,3.0,2.0,4.0,2.0,1,1
6.0,4.0,1,1,0,0.0,0.0,3,2,0.0,4,5,1.0,5.0,3.0,5.0,1.0,2.0,2.0,0,0
2.0,3.0,1,0,0,1.0,1.0,4,3,0.0,4,5,5.0,5.0,5.0,2.0,1.0,2.0,1.0,0,1
2.0,4.0,1,0,0,0.0,0.0,4,1,0.0,3,1,1.0,1.0,1.0,2.0,0.0,4.0,1.0,0,0
2.0,3.0,1,0,0,0.0,0.0,2,1,0.0,3,3,5.0,3.0,4.0,2.0,1.0,4.0,1.0,0,0
2.0,1.0,1,0,1,0.0,0.0,5,1,1.0,3,3,5.0,5.0,5.0,2.0,1.0,3.0,1.0,0,1
1.0,2.0,1,0,0,0.0,0.0,3,1,0.0,2,4,4.0,5.0,3.0,2.0,1.0,2.0,3.0,1,0
1.0,1.0,1,0,0,0.0,0.0,5,5,0.0,1,1,1.0,1.0,1.0,2.0,1.0,2.0,3.0,0,1
7.0,3.0,1,0,0,0.0,0.0,5,1,0.0,1,2,5.0,5.0,5.0,2.0,1.0,4.0,3.0,0,0
4.0,2.0,1,0,0,0.0,0.0,4,1,0.0,2,3,5.0,4.0,3.0,2.0,0.0,3.0,3.0,0,1
4.0,4.0,1,0,0,0.0,0.0,4,1,0.0,2,5,5.0,5.0,1.0,2.0,2.0,3.0,2.0,0,0
4.0,4.0,0,1,0,0.0,0.0,3,1,0.0,3,1,1.0,3.0,3.0,2.0,0.0,3.0,3.0,0,1
4.0,4.0,1,0,0,1.0,0.0,2,1,0.0,5,2,3.0,2.0,3.0,2.0,1.0,2.0,1.0,0,0
2.0,0.0,1,0,0,0.0,0.0,2,5,0.0,4,5,1.0,1.0,5.0,1.0,0.0,2.0,2.0,0,0
3.0,2.0,1,1,0,0.0,0.0,3,2,0.0,4,3,3.0,3.0,4.0,2.0,2.0,2.0,2.0,1,0
5.0,3.0,0,0,0,0.0,0.0,5,1,1.0,5,2,4.0,5.0,4.0,2.0,1.0,1.0,3.0,0,1
3.0,0.0,1,1,1,1.0,0.0,2,2,0.0,3,3,3.0,5.0,5.0,2.0,0.0,1.0,2.0,0,1
5.0,3.0,0,0,0,1.0,1.0,3,1,0.0,3,2,4.0,5.0,4.0,2.0,1.0,1.0,2.0,0,1
8.0,0.0,1,1,1,0.0,0.0,4,4,0.0,3,4,4.0,5.0,4.0,2.0,2.0,2.0,3.0,1,1
1.0,0.0,1,0,0,0.0,0.0,3,1,0.0,4,2,1.0,5.0,1.0,2.0,0.0,2.0,3.0,0,1
1.0,2.0,1,0,0,0.0,0.0,5,1,0.0,2,1,2.0,3.0,4.0,1.0,0.0,2.0,2.0,1,1
1.0,0.0,0,1,0,0.0,0.0,4,1,0.0,1,1,1.0,3.0,1.0,1.0,0.0,2.0,1.0,0,0
1.0,0.0,1,0,0,1.0,0.0,5,5,0.0,2,1,4.0,5.0,1.0,2.0,0.0,2.0,2.0,0,0
4.0,0.0,1,1,1,1.0,1.0,4,3,0.0,3,4,4.0,4.0,5.0,1.0,1.0,2.0,2.0,1,1
1.0,0.0,1,1,0,0.0,0.0,1,1,0.0,4,5,1.0,4.0,5.0,2.0,0.0,1.0,1.0,0,1
7.0,0.0,1,1,0,0.0,0.0,3,1,0.0,4,3,5.0,4.0,4.0,3.0,2.0,2.0,1.0,1,0
2.0,3.0,0,1,0,0.0,0.0,2,3,0.0,2,1,2.0,4.0,3.0,2.0,1.0,2.0,3.0,0,0
7.0,3.0,1,0,0,0.0,0.0,3,1,0.0,2,2,1.0,3.0,3.0,2.0,2.0,4.0,2.0,0,0
9.0,4.0,1,1,0,1.0,1.0,3,3,1.0,2,3,5.0,5.0,5.0,5.0,1.0,2.0,2.0,0,1
4.0,3.0,1,0,0,0.0,0.0,4,2,0.0,2,2,2.0,2.0,3.0,1.0,1.0,2.0,2.0,0,0
4.0,2.0,1,1,0,0.0,0.0,5,5,0.0,4,4,5.0,1.0,1.0,2.0,2.0,2.0,3.0,0,0
5.0,0.0,0,0,0,0.0,0.0,2,3,0.0,2,2,5.0,5.0,5.0,2.0,2.0,1.0,3.0,1,1
2.0,0.0,1,0,0,0.0,0.0,3,1,0.0,4,4,5.0,5.0,5.0,2.0,0.0,3.0,1.0,1,1
8.0,4.0,0,1,0,1.0,1.0,2,2,0.0,3,5,5.0,5.0,4.0,5.0,2.0,3.0,3.0,1,1
3.0,4.0,0,0,0,0.0,0.0,2,2,0.0,4,3,3.0,3.0,4.0,1.0,1.0,3.0,2.0,0,0
6.0,4.0,0,1,1,1.0,1.0,3,3,0.0,4,4,5.0,5.0,4.0,2.0,1.0,4.0,3.0,1,0
4.0,4.0,1,0,0,0.0,0.0,4,2,0.0,3,5,5.0,3.0,5.0,2.0,1.0,2.0,2.0,1,0
2.0,4.0,1,0,0,1.0,1.0,5,3,0.0,2,1,4.0,1.0,4.0,0.0,1.0,2.0,1.0,0,1
4.0,0.0,1,0,0,1.0,1.0,4,1,0.0,2,3,5.0,5.0,5.0,2.0,1.0,2.0,2.0,1,0
5.0,1.0,0,1,0,0.0,0.0,4,5,0.0,2,1,3.0,3.0,2.0,3.0,1.0,1.0,2.0,0,1
1.0,0.0,1,0,0,1.0,1.0,5,5,0.0,1,2,1.0,1.0,2.0,2.0,0.0,1.0,3.0,0,0
6.0,3.0,1,0,1,1.0,1.0,5,5,3.0,3,1,2.0,1.0,1.0,2.0,2.0,1.0,3.0,0,1
7.0,0.0,1,1,0,1.0,1.0,1,2,0.0,5,4,5.0,5.0,5.0,3.0,1.0,1.0,1.0,1,1
1.0,4.0,0,0,0,0.0,0.0,3,1,0.0,3,2,3.0,2.0,3.0,4.0,0.0,1.0,3.0,0,0
1.0,3.0,0,1,0,1.0,1.0,4,1,0.0,3,1,3.0,4.0,3.0,3.0,0.0,1.0,3.0,0,0
4.0,3.0,1,0,0,0.0,0.0,5,3,0.0,2,1,4.0,3.0,5.0,2.0,1.0,3.0,3.0,0,0
3.0,3.0,1,0,0,1.0,0.0,5,5,3.0,4,5,5.0,1.0,1.0,1.0,2.0,1.0,2.0,0,1
3.0,0.0,0,1,0,0.0,0.0,3,3,0.0,3,2,3.0,5.0,5.0,3.0,1.0,2.0,2.0,1,0
2.0,4.0,1,0,0,0.0,0.0,5,2,0.0,4,2,2.0,4.0,1.0,1.0,0.0,1.0,2.0,0,1
2.0,0.0,1,0,0,0.0,0.0,4,3,0.0,1,2,4.0,2.0,3.0,2.0,1.0,1.0,1.0,1,1
2.0,3.0,1,0,0,0.0,0.0,3,3,3.0,5,5,3.0,1.0,1.0,1.0,2.0,1.0,1.0,0,0
2.0,3.0,0,0,0,0.0,0.0,3,3,0.0,4,3,5.0,5.0,5.0,1.0,2.0,1.0,3.0,0,0
3.0,3.0,1,0,0,0.0,0.0,5,5,0.0,4,1,2.0,1.0,1.0,5.0,1.0,2.0,2.0,0,1
4.0,3.0,0,0,0,1.0,1.0,3,3,0.0,2,1,1.0,5.0,1.0,2.0,1.0,1.0,3.0,0,1
2.0,2.0,0,0,0,1.0,0.0,4,1,0.0,2,1,5.0,4.0,4.0,3.0,0.0,2.0,3.0,1,0
9.0,1.0,1,1,1,1.0,1.0,1,2,3.0,4,4,5.0,4.0,5.0,5.0,2.0,2.0,2.0,1,1
3.0,4.0,1,0,0,0.0,0.0,4,1,3.0,5,1,2.0,5.0,2.0,1.0,0.0,2.0,1.0,0,0
5.0,0.0,1,1,1,0.0,0.0,1,3,0.0,2,1,3.0,2.0,1.0,1.0,0.0,2.0,3.0,0,1
4.0,0.0,0,0,0,0.0,0.0,5,3,0.0,5,2,4.0,5.0,4.0,2.0,0.0,1.0,2.0,1,1
3.0,0.0,0,0,0,0.0,0.0,4,1,0.0,3,4,5.0,5.0,5.0,1.0,0.0,1.0,3.0,0,1
3.0,2.0,0,0,0,0.0,0.0,1,1,0.0,2,3,5.0,5.0,4.0,5.0,1.0,3.0,2.0,0,0
8.0,3.0,1,1,1,0.0,1.0,1,1,0.0,4,4,5.0,5.0,5.0,2.0,1.0,3.0,2.0,1,1
1.0,0.0,0,0,0,0.0,0.0,5,1,0.0,1,4,1.0,4.0,1.0,2.0,0.0,2.0,3.0,0,0
5.0,1.0,0,1,0,0.0,0.0,3,1,0.0,2,1,2.0,5.0,5.0,2.0,1.0,2.0,2.0,0,1
1.0,0.0,1,0,0,0.0,0.0,3,3,0.0,3,3,3.0,3.0,2.0,5.0,0.0,3.0,3.0,0,1
2.0,0.0,1,0,0,0.0,0.0,5,3,0.0,5,5,4.0,2.0,4.0,4.0,1.0,3.0,2.0,1,0
4.0,4.0,0,0,0,0.0,0.0,4,3,0.0,1,2,5.0,4.0,1.0,2.0,1.0,2.0,3.0,0,0
2.0,1.0,1,0,0,0.0,0.0,5,4,0.0,2,2,1.0,1.0,1.0,2.0,0.0,1.0,3.0,0,0
5.0,2.0,1,1,0,0.0,0.0,3,3,0.0,2,2,3.0,2.0,2.0,1.0,2.0,2.0,3.0,1,0
3.0,3.0,1,1,0,0.0,0.0,5,1,0.0,2,4,5.0,5.0,5.0,5.0,2.0,2.0,2.0,0,0
4.0,3.0,1,0,0,0.0,0.0,5,3,0.0,2,2,4.0,3.0,2.0,5.0,1.0,2.0,1.0,0,0
4.0,3.0,1,1,0,0.0,0.0,4,5,0.0,4,1,3.0,4.0,5.0,1.0,0.0,2.0,3.0,0,0
3.0,2.0,1,0,0,0.0,0.0,3,3,0.0,5,4,1.0,1.0,5.0,2.0,1.0,1.0,3.0,1,0
4.0,4.0,0,1,0,1.0,1.0,2,2,0.0,3,2,3.0,4.0,3.0,2.0,1.0,1.0,3.0,1,1
4.0,4.0,1,1,0,1.0,0.0,3,3,0.0,5,5,2.0,4.0,5.0,2.0,1.0,1.0,3.0,0,0
9.0,2.0,1,1,0,1.0,1.0,3,5,1.0,1,1,1.0,1.0,1.0,2.0,1.0,2.0,1.0,1,1
3.0,1.0,1,0,0,0.0,0.0,3,2,0.0,1,1,1.0,5.0,1.0,2.0,0.0,2.0,2.0,0,0
4.0,1.0,0,1,0,1.0,1.0,1,2,3.0,4,3,5.0,5.0,5.0,5.0,2.0,2.0,1.0,1,1
5.0,2.0,1,1,0,1.0,1.0,1,1,0.0,5,4,5.0,5.0,5.0,5.0,1.0,2.0,1.0,1,1
1.0,0.0,0,1,0,0.0,0.0,2,1,0.0,3,2,4.0,4.0,4.0,5.0,1.0,1.0,3.0,0,0
2.0,0.0,1,0,0,1.0,0.0,4,4,1.0,5,5,5.0,5.0,5.0,1.0,0.0,1.0,2.0,1,1
1.0,1.0,1,0,0,0.0,0.0,4,1,0.0,1,1,5.0,5.0,5.0,1.0,0.0,1.0,1.0,1,0
1.0,1.0,1,0,0,0.0,0.0,5,5,0.0,2,1,1.0,1.0,4.0,3.0,0.0,1.0,3.0,1,0
7.0,3.0,1,0,0,0.0,0.0,2,2,1.0,4,5,4.0,5.0,5.0,3.0,2.0,1.0,2.0,1,1
2.0,2.0,1,0,0,0.0,0.0,2,2,0.0,3,3,4.0,5.0,4.0,2.0,2.0,1.0,3.0,1,1
2.0,4.0,1,0,0,0.0,0.0,1,2,0.0,4,1,4.0,2.0,3.0,0.0,0.0,2.0,2.0,0,0
1.0,0.0,1,1,0,0.0,0.0,3,1,0.0,3,3,4.0,3.0,3.0,2.0,0.0,2.0,2.0,1,0
3.0,1.0,1,0,0,0.0,0.0,5,5,0.0,4,1,1.0,1.0,4.0,1.0,1.0,1.0,3.0,1,0
2.0,4.0,1,0,0,0.0,0.0,4,4,0.0,4,3,1.0,1.0,5.0,2.0,1.0,2.0,1.0,1,0
4.0,3.0,1,0,0,0.0,0.0,5,3,0.0,2,3,2.0,4.0,2.0,2.0,1.0,1.0,2.0,0,0
3.0,0.0,0,0,0,0.0,0.0,3,3,0.0,2,2,2.0,4.0,4.0,2.0,1.0,1.0,2.0,0,0
3.0,3.0,1,0,0,0.0,0.0,4,4,0.0,2,1,4.0,1.0,1.0,3.0,1.0,2.0,3.0,1,0
3.0,4.0,1,0,0,0.0,0.0,4,4,0.0,3,3,3.0,1.0,1.0,1.0,1.0,2.0,3.0,0,0
2.0,3.0,1,0,0,0.0,0.0,5,2,0.0,2,1,2.0,2.0,2.0,1.0,1.0,1.0,2.0,1,0
4.0,4.0,1,1,0,0.0,1.0,1,2,0.0,4,4,5.0,5.0,5.0,6.0,1.0,2.0,2.0,1,0
4.0,0.0,1,0,0,0.0,0.0,3,4,0.0,2,1,2.0,3.0,2.0,2.0,0.0,2.0,3.0,0,0
2.0,1.0,1,0,0,0.0,0.0,5,4,0.0,1,1,1.0,5.0,5.0,1.0,0.0,1.0,3.0,0,0
5.0,4.0,1,0,0,0.0,0.0,5,4,0.0,4,5,3.0,3.0,3.0,2.0,1.0,1.0,2.0,0,0
5.0,3.0,0,0,0,0.0,0.0,3,2,0.0,3,3,2.0,4.0,3.0,1.0,1.0,1.0,2.0,0,1
6.0,2.0,0,0,0,0.0,0.0,3,2,0.0,3,2,3.0,4.0,3.0,2.0,2.0,1.0,3.0,0,0
2.0,3.0,1,0,0,0.0,0.0,4,1,0.0,1,1,1.0,2.0,1.0,1.0,0.0,2.0,3.0,0,1
4.0,3.0,0,0,0,0.0,0.0,5,1,0.0,2,2,1.0,5.0,4.0,2.0,0.0,2.0,3.0,0,1
3.0,4.0,1,0,0,0.0,0.0,2,3,1.0,1,2,1.0,1.0,1.0,3.0,0.0,2.0,3.0,0,0
4.0,4.0,1,0,0,0.0,0.0,4,1,0.0,2,3,4.0,5.0,5.0,2.0,1.0,2.0,2.0,1,0
4.0,3.0,1,1,0,0.0,0.0,3,1,1.0,3,3,5.0,5.0,5.0,5.0,0.0,3.0,1.0,1,1
1.0,2.0,1,1,0,1.0,1.0,3,1,0.0,5,3,5.0,5.0,2.0,2.0,1.0,3.0,3.0,1,0
5.0,4.0,1,1,1,0.0,0.0,3,3,3.0,2,3,3.0,3.0,5.0,2.0,1.0,2.0,1.0,1,1
6.0,3.0,0,1,0,0.0,0.0,4,1,0.0,5,4,5.0,5.0,5.0,3.0,1.0,3.0,3.0,1,0
6.0,4.0,1,1,1,1.0,0.0,2,1,0.0,4,3,5.0,5.0,5.0,2.0,1.0,2.0,2.0,0,1
1.0,1.0,1,0,0,0.0,0.0,4,1,0.0,3,5,3.0,5.0,5.0,1.0,2.0,1.0,2.0,1,1
7.0,1.0,1,1,1,1.0,1.0,2,2,0.0,3,2,3.0,4.0,5.0,3.0,2.0,2.0,2.0,1,1
4.0,0.0,0,0,1,1.0,0.0,1,1,0.0,4,2,2.0,5.0,5.0,2.0,2.0,3.0,1.0,0,1
6.0,3.0,1,0,0,1.0,0.0,3,1,0.0,5,3,5.0,2.0,2.0,1.0,2.0,1.0,1.0,1,1
8.0,3.0,1,1,0,1.0,0.0,4,3,0.0,2,2,3.0,3.0,3.0,2.0,1.0,1.0,3.0,1,1
10.0,2.0,1,0,0,0.0,0.0,4,2,0.0,4,5,5.0,1.0,5.0,1.0,2.0,2.0,3.0,1,0
7.0,3.0,1,1,0,1.0,1.0,3,4,0.0,3,4,2.0,2.0,4.0,3.0,2.0,2.0,1.0,1,1
8.0,4.0,1,1,1,1.0,0.0,3,2,1.0,3,5,5.0,4.0,3.0,6.0,1.0,3.0,2.0,1,1
7.0,4.0,1,1,1,1.0,1.0,2,1,0.0,4,4,5.0,5.0,4.0,5.0,2.0,2.0,2.0,1,1
7.0,4.0,1,0,0,0.0,0.0,3,1,0.0,2,1,2.0,5.0,3.0,5.0,2.0,3.0,3.0,1,0
5.0,4.0,1,0,0,1.0,1.0,5,1,0.0,2,4,5.0,5.0,2.0,2.0,0.0,3.0,2.0,1,1
3.0,4.0,1,0,0,0.0,0.0,4,4,0.0,5,1,1.0,5.0,1.0,2.0,0.0,2.0,3.0,0,0
6.0,4.0,1,0,0,0.0,0.0,4,2,0.0,3,2,2.0,5.0,5.0,3.0,1.0,2.0,2.0,1,0
6.0,3.0,1,1,1,1.0,0.0,2,2,3.0,3,1,5.0,5.0,5.0,2.0,2.0,2.0,2.0,1,0
7.0,4.0,1,1,0,1.0,1.0,3,1,0.0,2,2,5.0,5.0,5.0,2.0,0.0,2.0,1.0,0,1
5.0,3.0,1,0,1,1.0,0.0,1,1,0.0,2,3,5.0,4.0,5.0,2.0,1.0,2.0,2.0,0,1
7.0,2.0,1,0,0,0.0,0.0,3,1,0.0,4,1,1.0,5.0,5.0,2.0,2.0,3.0,2.0,0,1
3.0,2.0,1,1,0,1.0,1.0,3,2,0.0,3,5,4.0,3.0,2.0,2.0,1.0,4.0,2.0,1,0
6.0,1.0,1,1,1,0.0,0.0,1,1,3.0,5,3,3.0,5.0,4.0,4.0,1.0,3.0,3.0,1,1
3.0,1.0,0,0,0,0.0,0.0,5,1,0.0,2,1,2.0,4.0,1.0,1.0,1.0,3.0,3.0,0,1
4.0,4.0,1,0,1,1.0,0.0,4,1,0.0,1,5,4.0,5.0,5.0,1.0,0.0,3.0,3.0,0,1
3.0,3.0,1,0,0,0.0,0.0,5,1,3.0,2,3,2.0,3.0,1.0,1.0,0.0,1.0,1.0,0,0
4.0,0.0,1,1,0,0.0,0.0,3,3,0.0,1,3,3.0,4.0,3.0,2.0,1.0,1.0,3.0,0,1
1.0,0.0,1,0,0,0.0,0.0,5,4,0.0,4,2,1.0,5.0,5.0,2.0,1.0,2.0,3.0,0,0
4.0,0.0,1,0,0,0.0,0.0,4,5,0.0,2,1,1.0,2.0,3.0,2.0,0.0,1.0,2.0,0,0
5.0,1.0,0,0,0,0.0,0.0,3,3,0.0,4,3,4.0,2.0,3.0,2.0,1.0,1.0,3.0,1,1
5.0,3.0,1,1,0,0.0,0.0,2,1,0.0,4,5,5.0,5.0,5.0,5.0,2.0,2.0,2.0,1,1
7.0,3.0,1,0,0,0.0,0.0,5,5,0.0,5,5,5.0,5.0,5.0,2.0,2.0,2.0,2.0,1,1
4.0,4.0,1,1,1,1.0,1.0,3,3,0.0,2,4,3.0,2.0,4.0,2.0,1.0,2.0,3.0,0,1
6.0,4.0,0,0,0,0.0,0.0,4,1,0.0,3,1,1.0,5.0,5.0,2.0,1.0,3.0,3.0,0,0
5.0,1.0,1,1,0,0.0,0.0,1,1,0.0,4,4,1.0,5.0,5.0,1.0,1.0,1.0,1.0,1,1
4.0,4.0,1,0,1,1.0,1.0,4,5,3.0,3,5,1.0,1.0,1.0,4.0,1.0,3.0,2.0,0,0
10.0,4.0,1,1,1,1.0,1.0,1,1,3.0,3,4,5.0,4.0,2.0,4.0,1.0,3.0,2.0,0,1
1.0,0.0,1,0,0,0.0,0.0,5,4,0.0,2,1,1.0,1.0,1.0,1.0,0.0,3.0,2.0,0,0
3.0,3.0,1,1,1,1.0,1.0,1,1,0.0,2,4,2.0,1.0,2.0,2.0,1.0,3.0,2.0,0,1
3.0,0.0,1,0,0,1.0,0.0,3,3,0.0,3,3,3.0,3.0,3.0,1.0,0.0,3.0,3.0,0,1
3.0,4.0,1,0,0,0.0,0.0,5,1,0.0,3,1,4.0,5.0,1.0,1.0,0.0,3.0,3.0,0,0
2.0,0.0,1,0,0,0.0,0.0,5,4,0.0,2,1,3.0,2.0,3.0,3.0,0.0,3.0,2.0,0,1
4.0,0.0,0,1,1,0.0,0.0,4,4,0.0,3,3,1.0,5.0,5.0,5.0,0.0,3.0,3.0,0,1
4.0,2.0,1,0,0,1.0,0.0,2,3,0.0,5,3,5.0,5.0,5.0,3.0,1.0,3.0,2.0,1,0
7.0,4.0,1,1,1,1.0,0.0,3,3,0.0,4,4,5.0,5.0,5.0,4.0,2.0,1.0,1.0,1,1
1.0,4.0,0,0,0,0.0,0.0,5,3,0.0,1,1,1.0,3.0,4.0,0.0,1.0,1.0,3.0,0,0
2.0,3.0,1,0,0,0.0,0.0,5,5,0.0,3,1,5.0,1.0,1.0,1.0,2.0,1.0,3.0,0,0
5.0,4.0,1,1,0,1.0,1.0,2,1,0.0,4,3,2.0,2.0,2.0,2.0,2.0,2.0,2.0,1,1
4.0,3.0,1,0,0,1.0,0.0,3,1,0.0,1,1,5.0,5.0,2.0,1.0,1.0,3.0,3.0,1,0
1.0,0.0,0,1,0,0.0,0.0,4,1,0.0,3,1,1.0,4.0,3.0,1.0,1.0,2.0,1.0,0,1
1.0,0.0,1,0,0,1.0,1.0,5,4,0.0,3,2,3.0,3.0,3.0,3.0,0.0,2.0,1.0,0,0
9.0,3.0,1,0,1,1.0,0.0,2,1,3.0,5,4,4.0,4.0,4.0,2.0,2.0,3.0,2.0,1,1
4.0,1.0,0,0,0,0.0,0.0,1,1,0.0,1,1,4.0,4.0,4.0,3.0,0.0,2.0,2.0,0,0
2.0,0.0,1,0,0,1.0,1.0,3,1,0.0,1,1,3.0,5.0,3.0,1.0,0.0,2.0,1.0,0,0
7.0,4.0,1,1,0,1.0,1.0,3,3,1.0,3,4,4.0,5.0,4.0,2.0,1.0,2.0,1.0,0,1
3.0,1.0,1,0,0,0.0,0.0,3,3,1.0,3,3,5.0,5.0,5.0,2.0,2.0,3.0,3.0,1,1
1.0,4.0,1,0,0,0.0,0.0,5,5,0.0,1,1,1.0,5.0,1.0,0.0,0.0,1.0,3.0,0,1
3.0,0.0,0,0,0,0.0,0.0,3,2,0.0,5,4,3.0,4.0,3.0,2.0,1.0,3.0,2.0,1,1
5.0,4.0,1,0,0,0.0,0.0,4,3,0.0,2,3,4.0,4.0,4.0,5.0,1.0,3.0,3.0,0,0
1.0,3.0,0,0,0,0.0,0.0,5,4,0.0,1,1,1.0,3.0,5.0,5.0,0.0,3.0,3.0,1,1
1.0,3.0,1,0,0,0.0,0.0,4,4,0.0,1,2,3.0,3.0,3.0,2.0,0.0,3.0,1.0,0,0
7.0,4.0,0,0,0,0.0,0.0,4,3,0.0,2,4,5.0,5.0,5.0,2.0,0.0,3.0,3.0,1,1
4.0,3.0,1,0,0,0.0,0.0,5,3,0.0,1,1,5.0,3.0,3.0,2.0,0.0,2.0,3.0,0,1
1.0,0.0,0,0,0,0.0,0.0,4,2,0.0,1,2,5.0,5.0,3.0,5.0,2.0,3.0,2.0,1,0
2.0,0.0,1,0,0,0.0,0.0,4,1,0.0,2,1,5.0,5.0,5.0,1.0,0.0,2.0,2.0,0,0
4.0,0.0,1,0,0,0.0,0.0,5,5,0.0,1,4,1.0,4.0,1.0,1.0,0.0,1.0,2.0,0,0
6.0,3.0,0,1,0,1.0,0.0,2,1,0.0,3,5,5.0,5.0,5.0,2.0,1.0,1.0,2.0,1,0
1.0,3.0,1,0,0,0.0,0.0,3,3,0.0,1,1,2.0,4.0,5.0,1.0,0.0,1.0,3.0,1,1
5.0,4.0,1,0,0,1.0,1.0,3,4,0.0,3,5,4.0,3.0,4.0,3.0,1.0,1.0,3.0,1,0
6.0,0.0,1,0,0,1.0,1.0,2,1,0.0,3,3,4.0,4.0,4.0,2.0,1.0,3.0,2.0,0,0
6.0,3.0,0,0,0,0.0,0.0,3,1,0.0,3,2,3.0,4.0,2.0,2.0,2.0,3.0,2.0,0,0
4.0,0.0,0,1,0,0.0,0.0,2,1,0.0,3,4,2.0,2.0,5.0,3.0,1.0,3.0,3.0,0,1
5.0,3.0,1,1,1,1.0,1.0,2,1,1.0,3,4,3.0,5.0,4.0,3.0,1.0,1.0,2.0,1,0
5.0,4.0,1,0,0,1.0,0.0,4,1,0.0,4,4,5.0,5.0,5.0,2.0,2.0,2.0,1.0,0,0
4.0,2.0,1,0,0,0.0,0.0,3,3,0.0,2,1,5.0,3.0,1.0,3.0,1.0,2.0,3.0,1,0
4.0,4.0,0,0,0,0.0,0.0,1,1,0.0,1,1,2.0,1.0,1.0,0.0,0.0,2.0,3.0,0,0
4.0,0.0,1,0,0,0.0,0.0,5,5,0.0,1,1,4.0,4.0,1.0,1.0,0.0,2.0,3.0,0,0
2.0,4.0,1,0,0,0.0,0.0,3,1,0.0,1,1,1.0,1.0,1.0,2.0,0.0,1.0,3.0,0,1
2.0,4.0,1,1,0,0.0,0.0,3,3,0.0,3,2,3.0,3.0,1.0,2.0,0.0,1.0,3.0,1,0
2.0,0.0,1,0,0,0.0,0.0,5,4,0.0,2,1,4.0,2.0,1.0,1.0,0.0,1.0,2.0,0,0
4.0,1.0,1,1,0,0.0,0.0,3,1,0.0,1,2,1.0,1.0,1.0,2.0,1.0,2.0,3.0,1,1
1.0,0.0,1,0,0,0.0,0.0,5,1,0.0,4,4,5.0,5.0,5.0,2.0,1.0,2.0,2.0,1,0
6.0,4.0,0,0,0,1.0,1.0,3,1,0.0,4,3,1.0,5.0,5.0,5.0,0.0,3.0,2.0,1,0
1.0,1.0,1,0,0,0.0,0.0,5,5,0.0,3,2,1.0,5.0,5.0,5.0,2.0,2.0,2.0,0,1
6.0,3.0,1,1,1,1.0,1.0,3,1,0.0,3,3,3.0,2.0,3.0,4.0,2.0,2.0,1.0,1,1
4.0,0.0,1,0,0,0.0,0.0,3,1,0.0,5,5,3.0,1.0,3.0,2.0,0.0,3.0,1.0,0,1
5.0,2.0,1,1,0,0.0,0.0,5,1,0.0,4,2,4.0,2.0,3.0,2.0,2.0,1.0,2.0,0,1
4.0,4.0,1,1,0,0.0,0.0,3,2,0.0,1,3,5.0,3.0,3.0,2.0,1.0,2.0,1.0,0,1
2.0,1.0,1,0,0,0.0,0.0,2,5,0.0,1,2,3.0,5.0,1.0,2.0,2.0,1.0,3.0,0,1
4.0,3.0,1,0,1,1.0,1.0,4,4,1.0,3,5,5.0,1.0,4.0,3.0,1.0,1.0,1.0,0,1
6.0,1.0,0,0,0,0.0,0.0,3,3,0.0,2,4,1.0,5.0,5.0,2.0,0.0,1.0,3.0,0,1
3.0,0.0,1,0,0,0.0,0.0,3,3,0.0,2,2,3.0,3.0,2.0,2.0,0.0,1.0,2.0,0,1
4.0,1.0,1,0,0,0.0,0.0,1,1,0.0,5,2,5.0,5.0,5.0,1.0,2.0,1.0,2.0,0,1
3.0,0.0,1,0,0,0.0,0.0,5,5,0.0,1,1,1.0,1.0,1.0,2.0,1.0,2.0,3.0,0,0
4.0,2.0,1,1,0,0.0,0.0,3,1,1.0,2,4,2.0,5.0,5.0,2.0,2.0,1.0,3.0,0,1
5.0,4.0,1,1,0,1.0,1.0,3,3,0.0,2,4,4.0,5.0,5.0,3.0,1.0,1.0,2.0,0,1
4.0,3.0,1,1,0,0.0,0.0,5,5,1.0,5,3,2.0,2.0,2.0,3.0,0.0,1.0,3.0,1,1
4.0,0.0,1,0,0,0.0,0.0,5,1,0.0,1,1,2.0,5.0,5.0,2.0,1.0,2.0,2.0,0,0
4.0,2.0,1,0,0,0.0,0.0,4,1,0.0,2,2,5.0,2.0,5.0,2.0,1.0,2.0,2.0,1,0
2.0,4.0,1,0,0,0.0,0.0,5,1,0.0,1,1,1.0,5.0,1.0,1.0,0.0,2.0,3.0,0,0
2.0,0.0,0,0,0,0.0,0.0,4,1,0.0,2,3,1.0,5.0,5.0,2.0,0.0,2.0,1.0,0,1
4.0,4.0,1,0,0,0.0,0.0,3,1,0.0,2,4,5.0,5.0,1.0,0.0,0.0,1.0,3.0,0,0
2.0,0.0,0,0,0,1.0,0.0,3,5,0.0,2,1,1.0,2.0,5.0,2.0,1.0,4.0,2.0,0,1
7.0,0.0,1,0,0,1.0,1.0,5,3,0.0,2,1,5.0,1.0,3.0,4.0,2.0,2.0,2.0,1,1
4.0,4.0,0,0,0,0.0,0.0,4,1,3.0,2,2,2.0,4.0,3.0,2.0,1.0,1.0,2.0,0,0
4.0,3.0,0,0,0,0.0,0.0,2,3,0.0,2,2,3.0,5.0,4.0,2.0,2.0,2.0,3.0,0,1
4.0,4.0,1,0,0,1.0,1.0,3,1,0.0,3,5,5.0,5.0,5.0,2.0,1.0,1.0,3.0,0,1
2.0,4.0,1,0,0,0.0,0.0,5,1,0.0,1,1,5.0,5.0,1.0,2.0,1.0,2.0,3.0,0,0
6.0,3.0,1,0,0,1.0,0.0,3,1,0.0,3,2,4.0,5.0,4.0,2.0,1.0,4.0,2.0,0,0
5.0,1.0,0,0,0,0.0,0.0,3,3,0.0,2,1,4.0,4.0,5.0,2.0,2.0,5.0,2.0,1,0
8.0,4.0,1,1,1,1.0,1.0,3,3,3.0,5,4,1.0,4.0,5.0,5.0,1.0,3.0,2.0,1,1
4.0,4.0,1,0,0,0.0,0.0,4,3,0.0,2,4,2.0,5.0,4.0,1.0,1.0,1.0,3.0,0,1
2.0,4.0,1,0,0,1.0,1.0,3,3,0.0,1,1,4.0,3.0,4.0,2.0,2.0,3.0,3.0,0,1
4.0,3.0,1,1,0,1.0,1.0,5,3,0.0,2,2,4.0,4.0,3.0,2.0,1.0,1.0,3.0,0,1
8.0,3.0,1,1,1,0.0,0.0,1,2,0.0,4,4,5.0,5.0,5.0,2.0,2.0,3.0,2.0,1,1
1.0,4.0,0,0,0,0.0,0.0,5,1,0.0,2,2,1.0,5.0,2.0,4.0,0.0,3.0,3.0,0,1
4.0,0.0,0,0,0,0.0,0.0,5,3,3.0,2,2,1.0,1.0,5.0,1.0,0.0,2.0,2.0,0,0
4.0,4.0,1,1,0,1.0,1.0,3,3,3.0,3,2,3.0,5.0,5.0,2.0,1.0,2.0,1.0,0,0
1.0,0.0,0,1,0,0.0,1.0,4,5,0.0,1,5,2.0,5.0,1.0,2.0,0.0,3.0,2.0,1,1
2.0,0.0,1,1,0,0.0,0.0,4,3,0.0,3,1,3.0,5.0,3.0,2.0,0.0,2.0,2.0,0,1
1.0,0.0,1,0,0,0.0,0.0,5,2,0.0,2,4,4.0,5.0,5.0,2.0,0.0,2.0,1.0,0,0
3.0,0.0,1,0,0,0.0,0.0,3,3,0.0,4,3,5.0,5.0,5.0,2.0,1.0,2.0,2.0,1,0
1.0,3.0,1,0,0,0.0,0.0,4,5,0.0,4,5,5.0,1.0,5.0,2.0,1.0,1.0,3.0,0,0
8.0,4.0,1,0,0,1.0,1.0,2,1,3.0,5,5,5.0,4.0,4.0,5.0,1.0,3.0,2.0,1,1
5.0,4.0,1,1,1,0.0,0.0,3,3,0.0,4,4,5.0,5.0,5.0,2.0,1.0,2.0,2.0,1,0
3.0,2.0,1,0,0,0.0,0.0,3,2,0.0,2,2,3.0,4.0,2.0,1.0,0.0,2.0,2.0,0,1
1.0,0.0,0,0,0,0.0,0.0,3,3,0.0,1,2,3.0,1.0,2.0,1.0,0.0,1.0,1.0,0,1
4.0,1.0,0,1,0,0.0,0.0,5,5,0.0,3,2,1.0,2.0,1.0,2.0,0.0,1.0,3.0,1,1
1.0,4.0,1,0,0,0.0,0.0,4,1,0.0,1,1,3.0,3.0,1.0,0.0,0.0,1.0,3.0,0,0
1.0,1.0,1,0,0,0.0,0.0,5,4,0.0,1,1,1.0,1.0,5.0,1.0,0.0,1.0,2.0,0,1
2.0,3.0,1,0,0,0.0,0.0,3,3,0.0,2,1,5.0,5.0,1.0,2.0,1.0,1.0,3.0,0,0
4.0,3.0,1,0,0,1.0,0.0,5,5,0.0,1,1,1.0,1.0,1.0,2.0,2.0,2.0,3.0,1,0
3.0,0.0,1,0,0,0.0,0.0,5,4,0.0,2,3,3.0,2.0,3.0,3.0,0.0,3.0,2.0,0,0
7.0,4.0,1,1,1,1.0,1.0,2,3,1.0,5,3,5.0,2.0,4.0,5.0,2.0,2.0,1.0,1,1
8.0,3.0,1,1,1,1.0,1.0,4,1,1.0,3,4,5.0,5.0,3.0,6.0,2.0,5.0,2.0,1,1
8.0,0.0,1,1,1,1.0,1.0,3,1,0.0,2,1,2.0,4.0,3.0,5.0,0.0,5.0,2.0,0,0
8.0,2.0,1,1,0,1.0,1.0,2,2,0.0,3,4,5.0,5.0,5.0,2.0,2.0,5.0,2.0,1,1
8.0,4.0,0,0,0,0.0,0.0,4,4,0.0,3,2,1.0,2.0,5.0,1.0,0.0,2.0,1.0,0,0
4.0,4.0,1,0,0,1.0,0.0,5,1,0.0,2,4,4.0,5.0,3.0,3.0,1.0,2.0,3.0,1,0
7.0,3.0,1,0,0,1.0,0.0,3,2,0.0,3,3,4.0,5.0,4.0,2.0,1.0,2.0,2.0,1,1
5.0,4.0,1,1,1,1.0,1.0,5,5,1.0,4,4,5.0,5.0,5.0,3.0,1.0,2.0,3.0,1,1
4.0,2.0,0,0,0,0.0,0.0,5,2,0.0,1,2,3.0,3.0,3.0,2.0,1.0,2.0,3.0,0,1
2.0,4.0,1,1,0,0.0,0.0,1,1,0.0,1,1,3.0,1.0,5.0,1.0,0.0,1.0,3.0,0,0
9.0,0.0,1,1,0,0.0,0.0,1,1,0.0,5,4,5.0,5.0,5.0,6.0,1.0,3.0,1.0,1,1
1.0,0.0,1,0,0,0.0,0.0,4,3,0.0,1,4,2.0,2.0,1.0,2.0,0.0,3.0,3.0,0,1
4.0,1.0,0,1,0,0.0,0.0,2,3,0.0,3,4,5.0,3.0,3.0,4.0,2.0,3.0,2.0,1,0
5.0,0.0,0,1,0,1.0,1.0,2,1,0.0,5,5,4.0,4.0,3.0,5.0,0.0,3.0,3.0,1,1
1.0,4.0,0,1,0,1.0,0.0,3,1,0.0,4,3,4.0,5.0,3.0,3.0,1.0,3.0,3.0,1,0
4.0,3.0,1,1,0,0.0,0.0,1,1,0.0,2,2,5.0,5.0,1.0,2.0,2.0,2.0,1.0,1,1
5.0,0.0,1,1,0,1.0,1.0,4,3,0.0,3,5,2.0,3.0,5.0,2.0,2.0,3.0,1.0,1,1
8.0,4.0,0,1,1,1.0,1.0,2,2,0.0,3,2,3.0,4.0,3.0,6.0,2.0,2.0,1.0,1,1
6.0,1.0,1,1,0,0.0,0.0,3,1,0.0,5,5,4.0,5.0,2.0,1.0,2.0,3.0,1.0,0,1
5.0,3.0,1,0,0,0.0,0.0,5,1,0.0,1,1,5.0,5.0,5.0,2.0,1.0,3.0,3.0,0,0
7.0,4.0,0,0,0,0.0,0.0,5,3,0.0,5,2,4.0,3.0,5.0,4.0,1.0,4.0,1.0,0,0
2.0,1.0,1,1,0,0.0,0.0,4,3,0.0,4,5,5.0,4.0,4.0,2.0,1.0,2.0,3.0,0,0
9.0,4.0,1,1,1,1.0,1.0,2,3,3.0,2,3,3.0,1.0,3.0,5.0,1.0,2.0,1.0,1,0
4.0,2.0,1,0,0,0.0,0.0,3,3,0.0,2,2,3.0,3.0,4.0,2.0,1.0,2.0,3.0,0,0
3.0,4.0,1,0,0,1.0,0.0,3,1,0.0,3,2,5.0,4.0,1.0,2.0,2.0,4.0,3.0,0,0
6.0,0.0,1,1,0,1.0,0.0,3,2,1.0,3,5,5.0,3.0,5.0,2.0,0.0,4.0,1.0,1,1
4.0,4.0,1,1,0,1.0,1.0,4,2,0.0,3,4,2.0,2.0,4.0,6.0,2.0,3.0,2.0,1,1
7.0,4.0,1,0,0,1.0,1.0,1,1,0.0,3,3,3.0,5.0,5.0,3.0,2.0,3.0,2.0,1,0
3.0,0.0,1,1,0,0.0,0.0,5,5,0.0,5,1,5.0,2.0,5.0,2.0,0.0,3.0,2.0,1,0
7.0,0.0,1,1,0,0.0,0.0,3,1,0.0,3,1,5.0,5.0,5.0,2.0,2.0,4.0,2.0,1,1
1.0,1.0,1,0,0,0.0,0.0,3,4,0.0,4,4,1.0,5.0,5.0,1.0,1.0,2.0,1.0,0,0
5.0,0.0,0,0,0,0.0,0.0,3,1,0.0,1,2,5.0,2.0,5.0,2.0,1.0,1.0,1.0,0,1
5.0,0.0,0,0,0,0.0,0.0,3,1,0.0,4,1,2.0,2.0,4.0,2.0,1.0,1.0,2.0,0,0
1.0,0.0,0,1,0,0.0,0.0,3,1,0.0,1,1,1.0,5.0,1.0,1.0,1.0,1.0,3.0,0,1
4.0,0.0,0,0,0,0.0,0.0,2,1,0.0,2,2,2.0,4.0,3.0,2.0,1.0,2.0,3.0,0,1
9.0,3.0,1,0,0,1.0,1.0,4,1,0.0,2,1,4.0,5.0,4.0,4.0,2.0,3.0,2.0,0,1
7.0,2.0,0,0,0,0.0,0.0,3,1,0.0,3,3,4.0,4.0,3.0,3.0,2.0,3.0,2.0,1,1
4.0,3.0,0,0,0,0.0,0.0,4,1,0.0,1,1,1.0,1.0,1.0,2.0,1.0,2.0,3.0,0,0
3.0,4.0,1,0,0,0.0,0.0,5,4,0.0,3,3,1.0,1.0,5.0,1.0,0.0,1.0,3.0,0,0
5.0,4.0,0,1,1,0.0,0.0,3,1,0.0,5,2,1.0,1.0,3.0,2.0,1.0,1.0,2.0,0,1
4.0,3.0,1,0,0,0.0,0.0,5,5,0.0,5,3,5.0,1.0,5.0,2.0,1.0,2.0,2.0,0,0
9.0,1.0,1,1,0,0.0,0.0,1,1,0.0,2,3,2.0,5.0,1.0,2.0,0.0,3.0,3.0,0,1
2.0,0.0,1,1,0,0.0,0.0,1,1,0.0,2,2,1.0,1.0,1.0,2.0,2.0,2.0,1.0,0,1
8.0,0.0,1,1,0,1.0,1.0,4,3,0.0,2,1,5.0,2.0,5.0,2.0,1.0,2.0,1.0,1,0
6.0,0.0,1,1,0,0.0,0.0,4,4,1.0,2,2,2.0,2.0,1.0,2.0,1.0,2.0,2.0,1,1
2.0,0.0,1,0,0,0.0,0.0,4,4,0.0,4,2,2.0,2.0,5.0,2.0,0.0,1.0,3.0,1,0
10.0,2.0,1,1,0,1.0,1.0,2,3,0.0,4,3,5.0,4.0,3.0,5.0,1.0,1.0,1.0,0,1
4.0,2.0,1,0,0,1.0,0.0,4,3,0.0,5,1,3.0,2.0,1.0,2.0,0.0,1.0,2.0,0,0
3.0,1.0,1,1,0,0.0,0.0,4,2,0.0,2,5,1.0,3.0,3.0,1.0,2.0,3.0,1.0,0,1
8.0,3.0,1,1,1,1.0,1.0,1,1,0.0,3,2,5.0,5.0,5.0,4.0,2.0,3.0,1.0,0,1
7.0,2.0,1,0,0,1.0,1.0,1,1,0.0,3,3,5.0,5.0,4.0,5.0,2.0,3.0,2.0,0,1
7.0,2.0,0,0,0,0.0,0.0,1,1,0.0,4,2,5.0,5.0,5.0,2.0,2.0,2.0,2.0,1,1
6.0,1.0,0,0,0,0.0,0.0,1,1,0.0,4,4,5.0,5.0,5.0,1.0,2.0,3.0,2.0,1,1
9.0,3.0,1,1,0,0.0,0.0,1,1,0.0,5,4,1.0,1.0,5.0,1.0,2.0,3.0,1.0,1,1
1.0,0.0,0,0,0,0.0,0.0,5,5,0.0,1,1,1.0,1.0,1.0,1.0,0.0,2.0,3.0,0,0
2.0,3.0,1,0,0,0.0,0.0,5,4,0.0,5,3,5.0,5.0,1.0,2.0,1.0,2.0,3.0,0,0
5.0,4.0,1,1,0,0.0,0.0,3,1,0.0,4,4,4.0,5.0,5.0,2.0,1.0,2.0,2.0,1,0
5.0,4.0,1,1,0,1.0,1.0,3,4,0.0,2,3,5.0,1.0,5.0,2.0,1.0,2.0,1.0,0,1
5.0,4.0,1,0,0,0.0,1.0,1,1,1.0,4,1,5.0,5.0,5.0,2.0,0.0,2.0,2.0,0,0
5.0,4.0,1,1,0,1.0,1.0,1,1,0.0,4,4,5.0,4.0,4.0,2.0,1.0,3.0,1.0,1,0
4.0,2.0,0,0,0,0.0,0.0,3,2,0.0,3,4,3.0,3.0,2.0,2.0,1.0,2.0,3.0,0,1
4.0,3.0,1,0,0,0.0,0.0,3,3,3.0,2,2,2.0,2.0,2.0,1.0,2.0,2.0,3.0,0,1
2.0,0.0,0,0,0,0.0,0.0,3,3,1.0,5,4,3.0,2.0,1.0,2.0,1.0,2.0,2.0,0,0
8.0,1.0,1,0,0,1.0,0.0,2,2,0.0,4,4,5.0,1.0,5.0,3.0,0.0,3.0,2.0,1,1
4.0,3.0,0,0,0,0.0,0.0,4,5,0.0,2,4,1.0,1.0,2.0,4.0,0.0,3.0,3.0,0,0
6.0,0.0,1,0,0,0.0,0.0,3,4,1.0,5,5,4.0,3.0,3.0,1.0,0.0,2.0,2.0,1,1
3.0,2.0,1,1,0,0.0,0.0,5,4,0.0,4,2,5.0,2.0,2.0,0.0,1.0,2.0,2.0,0,1
3.0,3.0,1,1,1,0.0,0.0,3,4,0.0,5,4,4.0,5.0,4.0,2.0,1.0,1.0,1.0,1,0
5.0,3.0,1,1,0,1.0,0.0,4,3,0.0,3,2,3.0,3.0,2.0,1.0,1.0,2.0,3.0,0,1
5.0,4.0,0,0,0,0.0,0.0,2,1,3.0,5,3,3.0,4.0,3.0,2.0,2.0,1.0,2.0,1,0
1.0,2.0,1,0,0,0.0,0.0,3,3,1.0,2,2,2.0,5.0,1.0,1.0,0.0,2.0,3.0,0,0
1.0,0.0,1,0,0,0.0,0.0,3,1,0.0,3,2,1.0,1.0,4.0,0.0,0.0,2.0,2.0,0,0
5.0,4.0,0,0,0,0.0,1.0,5,1,0.0,2,1,3.0,1.0,3.0,2.0,2.0,1.0,2.0,0,0
4.0,3.0,1,0,0,1.0,1.0,5,3,1.0,2,3,4.0,5.0,2.0,2.0,1.0,1.0,2.0,0,1
2.0,3.0,1,0,0,0.0,0.0,5,5,0.0,1,1,1.0,1.0,1.0,2.0,0.0,1.0,1.0,0,1
5.0,4.0,0,0,0,0.0,0.0,5,1,0.0,1,1,2.0,1.0,1.0,2.0,1.0,2.0,3.0,0,0
3.0,4.0,1,0,0,0.0,0.0,5,1,0.0,1,1,1.0,1.0,1.0,1.0,0.0,2.0,3.0,0,1
6.0,3.0,1,0,0,1.0,1.0,1,1,0.0,4,4,5.0,5.0,5.0,2.0,1.0,1.0,2.0,0,1
6.0,1.0,0,0,0,0.0,0.0,4,5,0.0,2,1,2.0,5.0,3.0,2.0,2.0,1.0,3.0,0,1
10.0,4.0,1,1,1,0.0,0.0,2,1,0.0,4,5,5.0,5.0,5.0,5.0,1.0,3.0,1.0,1,0
2.0,3.0,1,0,0,0.0,0.0,5,1,0.0,1,1,2.0,2.0,2.0,1.0,0.0,1.0,3.0,0,0
4.0,2.0,1,0,0,0.0,0.0,3,4,0.0,4,5,2.0,4.0,4.0,1.0,2.0,1.0,2.0,0,1
5.0,0.0,1,0,0,0.0,0.0,3,1,0.0,4,3,5.0,5.0,5.0,3.0,2.0,1.0,3.0,1,1
2.0,1.0,1,0,0,0.0,0.0,4,1,0.0,4,2,1.0,1.0,1.0,2.0,0.0,1.0,3.0,0,1
4.0,4.0,1,0,0,0.0,0.0,4,2,0.0,2,2,5.0,4.0,5.0,1.0,1.0,1.0,2.0,0,0
6.0,2.0,1,1,1,1.0,1.0,5,3,3.0,2,1,5.0,5.0,5.0,1.0,2.0,2.0,2.0,0,1
4.0,1.0,1,1,0,0.0,0.0,3,1,0.0,5,3,3.0,4.0,3.0,2.0,0.0,1.0,2.0,1,1
2.0,2.0,1,0,0,1.0,1.0,4,1,0.0,2,2,3.0,5.0,5.0,2.0,1.0,2.0,2.0,0,0
5.0,4.0,1,1,1,1.0,0.0,5,4,1.0,2,1,3.0,3.0,1.0,3.0,2.0,1.0,3.0,0,0
6.0,4.0,1,1,1,1.0,1.0,3,1,3.0,3,5,5.0,5.0,5.0,6.0,1.0,2.0,2.0,1,0
5.0,3.0,1,0,0,1.0,0.0,4,4,0.0,3,2,1.0,1.0,1.0,2.0,0.0,2.0,3.0,1,0
4.0,0.0,0,0,0,1.0,1.0,1,1,1.0,2,2,2.0,5.0,3.0,1.0,1.0,3.0,1.0,0,1
4.0,4.0,1,0,0,0.0,0.0,5,1,0.0,1,1,5.0,5.0,5.0,1.0,1.0,3.0,3.0,0,1
7.0,1.0,1,1,1,1.0,1.0,2,2,3.0,2,1,3.0,5.0,2.0,5.0,2.0,2.0,3.0,0,1
6.0,3.0,0,1,0,1.0,0.0,2,1,0.0,5,4,5.0,4.0,2.0,5.0,2.0,3.0,2.0,1,1
5.0,4.0,1,0,0,1.0,1.0,4,2,0.0,3,2,5.0,3.0,3.0,2.0,1.0,3.0,2.0,0,1
2.0,0.0,1,0,0,0.0,0.0,3,3,1.0,2,2,1.0,5.0,1.0,1.0,0.0,1.0,3.0,0,1
7.0,4.0,1,1,0,1.0,1.0,1,1,1.0,4,5,5.0,5.0,5.0,5.0,1.0,4.0,2.0,0,1
9.0,4.0,1,1,1,1.0,1.0,5,5,1.0,2,5,5.0,3.0,3.0,6.0,2.0,5.0,2.0,0,1
5.0,4.0,1,1,1,1.0,1.0,3,3,1.0,3,4,4.0,4.0,4.0,3.0,2.0,2.0,2.0,1,1
2.0,0.0,0,1,0,0.0,0.0,3,2,0.0,2,2,2.0,4.0,4.0,3.0,0.0,3.0,3.0,1,1
6.0,4.0,1,1,0,1.0,0.0,3,2,3.0,3,2,5.0,4.0,4.0,3.0,2.0,3.0,1.0,1,0
2.0,2.0,1,1,0,1.0,1.0,5,4,0.0,2,2,5.0,5.0,5.0,2.0,0.0,3.0,1.0,1,1
1.0,4.0,1,0,0,0.0,0.0,1,1,0.0,1,1,5.0,5.0,5.0,2.0,0.0,3.0,3.0,0,1
4.0,4.0,1,0,0,0.0,0.0,3,3,0.0,4,3,5.0,5.0,5.0,3.0,1.0,3.0,2.0,1,1
3.0,1.0,1,1,0,0.0,0.0,5,5,0.0,2,5,2.0,2.0,1.0,1.0,2.0,1.0,3.0,1,1
6.0,2.0,1,1,0,1.0,1.0,3,1,0.0,4,4,5.0,5.0,5.0,2.0,1.0,1.0,2.0,1,1
1.0,4.0,1,0,0,0.0,0.0,5,1,0.0,3,4,5.0,5.0,5.0,1.0,2.0,1.0,2.0,1,1
1.0,1.0,1,0,0,0.0,0.0,5,5,0.0,2,1,1.0,5.0,3.0,5.0,1.0,1.0,3.0,1,1
4.0,0.0,0,0,0,1.0,0.0,3,2,0.0,3,3,1.0,4.0,5.0,2.0,1.0,2.0,2.0,1,0
7.0,0.0,0,1,0,1.0,1.0,3,3,1.0,2,3,4.0,4.0,3.0,2.0,2.0,2.0,2.0,1,1
5.0,3.0,1,0,0,1.0,1.0,4,1,0.0,4,4,3.0,5.0,5.0,5.0,1.0,1.0,2.0,1,1
6.0,3.0,1,1,0,1.0,1.0,3,1,1.0,5,4,3.0,5.0,5.0,2.0,2.0,2.0,2.0,1,1
2.0,3.0,1,0,0,0.0,0.0,3,3,0.0,5,4,3.0,5.0,4.0,2.0,1.0,1.0,2.0,1,0
8.0,4.0,1,1,1,1.0,1.0,4,1,1.0,4,4,1.0,3.0,4.0,6.0,1.0,2.0,2.0,1,1
4.0,3.0,1,1,0,0.0,0.0,3,3,0.0,1,1,5.0,5.0,1.0,5.0,2.0,1.0,2.0,1,1
2.0,4.0,0,0,0,0.0,0.0,5,5,0.0,1,1,1.0,1.0,1.0,1.0,1.0,2.0,3.0,0,0
8.0,3.0,1,1,0,1.0,1.0,2,1,0.0,3,3,5.0,1.0,3.0,5.0,2.0,5.0,1.0,1,1
6.0,4.0,1,1,1,1.0,1.0,4,3,0.0,1,3,3.0,4.0,3.0,5.0,1.0,5.0,3.0,1,0
10.0,3.0,1,1,1,1.0,1.0,3,1,0.0,3,4,5.0,5.0,5.0,6.0,2.0,5.0,2.0,1,0
4.0,0.0,0,1,0,0.0,0.0,4,1,0.0,3,1,5.0,4.0,4.0,3.0,2.0,2.0,3.0,0,0
5.0,3.0,1,1,0,1.0,0.0,5,1,0.0,3,3,3.0,4.0,4.0,2.0,1.0,2.0,2.0,1,1
6.0,0.0,0,1,1,1.0,1.0,4,1,0.0,1,2,1.0,5.0,5.0,3.0,1.0,2.0,3.0,1,0
7.0,3.0,1,1,0,1.0,1.0,1,1,0.0,5,5,4.0,5.0,5.0,3.0,2.0,2.0,1.0,1,1
6.0,4.0,1,1,0,0.0,0.0,4,1,1.0,4,3,5.0,5.0,5.0,2.0,1.0,2.0,2.0,0,1
5.0,4.0,1,1,0,0.0,0.0,3,2,0.0,3,2,3.0,4.0,4.0,2.0,2.0,2.0,2.0,1,0
4.0,0.0,1,0,0,0.0,0.0,4,1,0.0,3,2,4.0,4.0,4.0,2.0,1.0,2.0,2.0,0,0
3.0,1.0,1,0,0,0.0,0.0,5,3,0.0,5,2,5.0,5.0,1.0,3.0,0.0,3.0,1.0,0,0
1.0,0.0,1,0,0,0.0,0.0,5,3,0.0,3,2,3.0,1.0,5.0,5.0,0.0,1.0,3.0,1,1
8.0,3.0,1,1,0,0.0,0.0,4,4,1.0,1,3,3.0,4.0,3.0,6.0,2.0,4.0,1.0,1,0
9.0,1.0,1,1,0,1.0,0.0,3,2,0.0,2,3,2.0,1.0,3.0,3.0,2.0,5.0,1.0,1,1
5.0,3.0,1,0,0,1.0,1.0,5,3,0.0,3,4,2.0,4.0,5.0,4.0,1.0,5.0,2.0,1,1
5.0,2.0,1,1,0,0.0,0.0,5,1,0.0,3,2,3.0,5.0,3.0,2.0,2.0,3.0,3.0,1,1
3.0,0.0,1,0,0,0.0,0.0,5,1,0.0,2,1,4.0,1.0,1.0,5.0,0.0,2.0,3.0,0,1
4.0,4.0,1,0,0,0.0,1.0,1,1,0.0,2,2,4.0,5.0,5.0,3.0,1.0,2.0,2.0,0,0
4.0,1.0,0,0,0,0.0,0.0,5,4,0.0,1,1,1.0,5.0,1.0,2.0,0.0,3.0,3.0,0,1
2.0,3.0,0,1,0,1.0,0.0,1,3,0.0,2,4,5.0,5.0,5.0,2.0,1.0,3.0,2.0,1,0
5.0,4.0,1,0,0,1.0,1.0,5,5,0.0,2,5,2.0,5.0,3.0,1.0,2.0,2.0,2.0,0,0
2.0,2.0,1,1,0,0.0,0.0,2,1,0.0,3,2,5.0,3.0,4.0,3.0,2.0,1.0,1.0,1,1
4.0,4.0,1,0,0,0.0,0.0,3,1,0.0,4,1,5.0,5.0,5.0,2.0,0.0,1.0,2.0,0,1
3.0,3.0,0,1,0,1.0,1.0,2,2,0.0,2,1,3.0,5.0,4.0,2.0,1.0,1.0,2.0,0,1
6.0,4.0,1,0,0,0.0,0.0,2,1,0.0,2,3,5.0,5.0,2.0,4.0,1.0,4.0,1.0,0,0
1.0,4.0,1,0,0,0.0,0.0,4,1,0.0,2,1,4.0,2.0,3.0,3.0,1.0,1.0,1.0,0,0
1.0,0.0,1,0,0,0.0,0.0,4,2,0.0,2,1,2.0,2.0,2.0,0.0,0.0,2.0,2.0,0,0
3.0,0.0,1,0,0,0.0,0.0,5,3,0.0,2,4,2.0,5.0,5.0,2.0,1.0,1.0,1.0,0,0
8.0,1.0,1,1,1,1.0,1.0,3,3,1.0,5,5,3.0,2.0,1.0,6.0,1.0,2.0,1.0,1,1
1.0,4.0,0,0,0,0.0,0.0,2,1,1.0,1,1,1.0,5.0,5.0,2.0,0.0,2.0,3.0,0,1
4.0,0.0,0,0,0,0.0,0.0,3,1,0.0,3,3,1.0,1.0,5.0,2.0,0.0,2.0,2.0,0,1
3.0,0.0,1,0,0,0.0,0.0,5,2,3.0,2,3,5.0,2.0,1.0,3.0,0.0,1.0,1.0,1,0
1.0,0.0,0,0,0,0.0,0.0,4,1,0.0,1,1,1.0,1.0,1.0,1.0,1.0,2.0,3.0,0,0
1.0,0.0,1,0,0,0.0,0.0,4,4,0.0,1,1,1.0,1.0,1.0,2.0,0.0,2.0,3.0,0,0
4.0,4.0,1,0,0,0.0,0.0,4,4,0.0,1,2,2.0,1.0,1.0,2.0,1.0,2.0,3.0,0,0
4.0,0.0,0,0,0,1.0,1.0,3,2,0.0,4,5,1.0,5.0,1.0,3.0,2.0,2.0,3.0,0,1
2.0,1.0,0,1,0,0.0,0.0,5,4,0.0,4,2,2.0,3.0,4.0,1.0,1.0,3.0,3.0,0,1
5.0,3.0,1,1,0,0.0,0.0,2,3,0.0,3,2,1.0,4.0,5.0,2.0,1.0,2.0,2.0,0,1
2.0,2.0,1,0,0,1.0,0.0,4,2,0.0,1,1,1.0,4.0,5.0,1.0,0.0,2.0,3.0,0,1
5.0,3.0,1,1,0,0.0,0.0,3,1,0.0,3,5,3.0,2.0,4.0,2.0,2.0,2.0,2.0,0,1
4.0,0.0,1,0,0,0.0,0.0,1,1,0.0,3,4,3.0,4.0,4.0,2.0,1.0,2.0,2.0,0,0
5.0,0.0,0,0,0,1.0,0.0,4,4,0.0,1,1,5.0,5.0,5.0,0.0,2.0,2.0,2.0,0,1
6.0,0.0,1,1,0,1.0,0.0,2,1,0.0,3,5,4.0,5.0,4.0,4.0,1.0,2.0,2.0,1,0
6.0,3.0,0,1,0,1.0,1.0,5,1,3.0,4,4,4.0,5.0,5.0,2.0,1.0,2.0,2.0,0,1
1.0,2.0,0,1,0,1.0,0.0,3,2,0.0,5,4,3.0,5.0,4.0,1.0,1.0,2.0,3.0,0,1
4.0,4.0,0,0,0,0.0,0.0,3,1,0.0,3,4,5.0,2.0,5.0,4.0,2.0,3.0,3.0,1,1
4.0,1.0,1,0,1,0.0,0.0,3,3,1.0,4,4,5.0,5.0,5.0,1.0,1.0,2.0,2.0,0,1
4.0,4.0,0,0,0,0.0,0.0,1,1,0.0,2,2,1.0,5.0,3.0,2.0,1.0,3.0,1.0,0,0
7.0,1.0,1,1,1,1.0,1.0,2,1,0.0,2,3,5.0,5.0,5.0,2.0,1.0,4.0,2.0,1,1
5.0,2.0,1,0,0,1.0,1.0,2,1,0.0,3,2,4.0,4.0,3.0,4.0,1.0,3.0,2.0,0,1
3.0,2.0,0,0,0,0.0,0.0,3,1,0.0,1,2,2.0,2.0,2.0,1.0,0.0,6.0,3.0,0,1
6.0,2.0,1,0,0,0.0,0.0,1,1,1.0,1,5,5.0,5.0,5.0,0.0,0.0,1.0,1.0,1,1
1.0,4.0,1,1,0,0.0,0.0,4,1,0.0,2,1,3.0,4.0,1.0,1.0,0.0,1.0,1.0,0,1
1.0,3.0,1,0,0,0.0,0.0,2,1,0.0,3,2,1.0,2.0,1.0,1.0,2.0,2.0,3.0,1,1
4.0,0.0,1,1,0,0.0,0.0,4,2,0.0,2,2,2.0,3.0,3.0,5.0,0.0,2.0,3.0,1,0
5.0,2.0,1,1,1,1.0,1.0,3,3,3.0,3,2,5.0,3.0,4.0,5.0,1.0,2.0,2.0,0,1
4.0,4.0,0,1,1,1.0,1.0,2,1,0.0,3,4,4.0,5.0,3.0,5.0,1.0,2.0,2.0,1,1
1.0,1.0,0,0,0,0.0,0.0,4,1,0.0,5,4,4.0,3.0,5.0,2.0,2.0,2.0,3.0,1,1
4.0,4.0,1,0,0,1.0,1.0,2,2,0.0,4,4,2.0,4.0,5.0,4.0,2.0,1.0,1.0,0,1
1.0,4.0,1,0,0,0.0,0.0,4,5,0.0,3,1,1.0,5.0,1.0,2.0,0.0,1.0,2.0,1,1
4.0,3.0,1,0,0,0.0,0.0,3,1,0.0,3,3,3.0,4.0,3.0,2.0,0.0,2.0,2.0,0,1
6.0,0.0,1,1,0,1.0,1.0,3,3,0.0,4,4,5.0,3.0,3.0,2.0,0.0,1.0,1.0,0,1
1.0,0.0,1,0,0,0.0,0.0,3,3,0.0,5,2,2.0,5.0,5.0,2.0,2.0,1.0,3.0,1,0
4.0,3.0,1,0,0,0.0,0.0,5,1,0.0,5,5,1.0,1.0,1.0,1.0,2.0,1.0,3.0,0,1
2.0,4.0,0,0,0,0.0,0.0,4,4,0.0,3,1,2.0,4.0,1.0,2.0,1.0,1.0,3.0,0,1
8.0,1.0,0,1,0,0.0,0.0,1,2,0.0,3,1,4.0,4.0,3.0,2.0,1.0,1.0,1.0,1,1
1.0,0.0,1,1,0,0.0,0.0,5,4,0.0,2,1,5.0,1.0,2.0,1.0,0.0,1.0,3.0,0,1
4.0,4.0,0,0,1,0.0,0.0,4,1,0.0,1,1,1.0,5.0,5.0,1.0,0.0,1.0,3.0,0,0
1.0,3.0,0,0,0,1.0,0.0,3,1,0.0,2,3,4.0,4.0,3.0,2.0,0.0,1.0,1.0,0,0
1.0,0.0,1,0,0,0.0,0.0,2,2,0.0,3,5,4.0,3.0,3.0,2.0,0.0,1.0,3.0,0,1
1.0,0.0,0,0,0,0.0,0.0,4,3,0.0,5,5,5.0,5.0,5.0,2.0,2.0,1.0,2.0,0,1
9.0,2.0,1,0,1,1.0,0.0,3,1,3.0,3,3,1.0,5.0,1.0,1.0,0.0,2.0,2.0,0,1
3.0,2.0,0,0,0,0.0,0.0,5,5,0.0,2,1,1.0,1.0,1.0,1.0,1.0,2.0,3.0,0,0
6.0,2.0,0,0,0,0.0,0.0,5,5,0.0,4,3,1.0,5.0,5.0,2.0,0.0,1.0,3.0,0,1
1.0,4.0,1,0,0,0.0,0.0,5,1,0.0,1,1,1.0,5.0,1.0,2.0,0.0,2.0,3.0,0,0
6.0,4.0,1,1,0,1.0,0.0,3,3,0.0,2,4,4.0,5.0,5.0,5.0,2.0,1.0,1.0,1,1
5.0,0.0,0,0,0,0.0,0.0,3,1,0.0,1,2,3.0,5.0,3.0,2.0,1.0,1.0,2.0,0,0
4.0,0.0,1,0,0,1.0,1.0,1,1,0.0,4,2,5.0,1.0,1.0,2.0,1.0,1.0,3.0,1,0
3.0,0.0,0,1,0,1.0,0.0,3,3,0.0,3,2,5.0,5.0,2.0,3.0,0.0,2.0,3.0,0,0
2.0,4.0,1,1,0,0.0,0.0,4,5,0.0,2,2,3.0,5.0,3.0,2.0,0.0,2.0,3.0,0,1
6.0,4.0,1,1,1,1.0,1.0,4,1,3.0,2,3,3.0,4.0,3.0,5.0,1.0,2.0,3.0,1,1
7.0,4.0,1,1,1,1.0,1.0,2,2,0.0,4,4,3.0,3.0,3.0,6.0,1.0,2.0,1.0,1,1
7.0,1.0,1,0,0,1.0,1.0,3,3,0.0,2,2,4.0,3.0,3.0,2.0,0.0,4.0,2.0,1,0
7.0,1.0,0,0,1,1.0,1.0,3,1,0.0,1,3,4.0,4.0,3.0,6.0,1.0,3.0,3.0,1,1
4.0,4.0,1,0,0,0.0,0.0,1,1,0.0,2,1,5.0,4.0,1.0,1.0,1.0,3.0,2.0,0,1
4.0,4.0,1,0,0,0.0,0.0,4,1,0.0,1,2,1.0,5.0,1.0,2.0,0.0,2.0,2.0,0,1
5.0,3.0,1,1,0,0.0,0.0,3,1,0.0,3,2,5.0,3.0,4.0,1.0,0.0,3.0,3.0,1,1
4.0,1.0,1,0,0,0.0,0.0,3,2,3.0,4,4,1.0,5.0,1.0,2.0,1.0,2.0,2.0,1,1
8.0,3.0,0,1,1,0.0,0.0,3,1,0.0,2,3,5.0,5.0,5.0,2.0,2.0,3.0,2.0,1,1
5.0,1.0,1,1,0,0.0,0.0,3,4,0.0,4,1,5.0,4.0,1.0,0.0,2.0,3.0,3.0,1,1
5.0,2.0,1,0,0,1.0,0.0,3,3,0.0,4,4,2.0,5.0,5.0,2.0,2.0,3.0,2.0,1,1
8.0,4.0,0,1,0,1.0,1.0,3,2,0.0,3,5,2.0,3.0,3.0,4.0,2.0,3.0,2.0,0,1
2.0,4.0,1,1,1,1.0,1.0,5,3,0.0,3,2,3.0,3.0,1.0,2.0,0.0,4.0,2.0,0,1
10.0,2.0,1,1,1,0.0,0.0,2,2,0.0,4,5,5.0,4.0,4.0,4.0,2.0,4.0,2.0,1,1
8.0,4.0,1,1,0,1.0,1.0,4,2,0.0,4,2,4.0,4.0,3.0,3.0,1.0,4.0,1.0,1,1
7.0,0.0,1,1,0,0.0,0.0,3,4,0.0,5,3,3.0,3.0,1.0,4.0,1.0,3.0,2.0,1,0
2.0,4.0,1,0,0,1.0,1.0,5,5,3.0,1,1,5.0,1.0,5.0,2.0,0.0,3.0,3.0,0,0
3.0,4.0,0,0,0,1.0,1.0,1,3,1.0,4,4,1.0,1.0,5.0,3.0,1.0,3.0,1.0,1,0
4.0,0.0,1,0,0,0.0,0.0,3,3,0.0,2,3,5.0,5.0,4.0,4.0,0.0,2.0,3.0,1,1
2.0,0.0,1,0,0,0.0,0.0,4,3,0.0,3,1,3.0,4.0,3.0,2.0,0.0,2.0,2.0,0,0
2.0,0.0,0,0,0,0.0,0.0,3,1,0.0,4,1,1.0,5.0,5.0,2.0,0.0,2.0,2.0,0,0
5.0,0.0,1,1,1,1.0,0.0,3,3,0.0,3,4,5.0,5.0,5.0,2.0,0.0,2.0,1.0,1,1
4.0,2.0,1,0,0,0.0,0.0,3,1,0.0,3,2,5.0,5.0,5.0,2.0,1.0,2.0,3.0,0,0
4.0,3.0,1,0,1,1.0,0.0,3,1,3.0,3,3,5.0,5.0,5.0,2.0,2.0,1.0,3.0,0,0
3.0,3.0,0,0,0,0.0,0.0,5,1,0.0,4,4,1.0,3.0,5.0,2.0,1.0,1.0,2.0,0,0
2.0,1.0,1,0,0,0.0,0.0,4,4,0.0,5,2,5.0,1.0,2.0,2.0,2.0,1.0,3.0,1,0
3.0,4.0,0,0,0,0.0,0.0,3,1,0.0,3,1,1.0,5.0,5.0,2.0,1.0,2.0,3.0,1,0
4.0,3.0,1,0,0,0.0,0.0,3,1,0.0,5,3,2.0,5.0,5.0,5.0,2.0,2.0,2.0,1,0
10.0,4.0,0,1,1,1.0,1.0,2,1,3.0,3,5,5.0,5.0,5.0,5.0,2.0,4.0,1.0,1,1
5.0,3.0,1,1,1,0.0,0.0,1,1,3.0,5,2,1.0,3.0,4.0,2.0,0.0,3.0,2.0,0,1
4.0,3.0,1,1,0,1.0,0.0,3,3,0.0,5,2,5.0,5.0,5.0,5.0,0.0,3.0,3.0,1,1
3.0,4.0,1,1,1,0.0,0.0,5,5,0.0,3,2,4.0,4.0,1.0,2.0,0.0,3.0,1.0,1,1
4.0,0.0,1,1,0,0.0,0.0,1,5,0.0,2,2,1.0,5.0,5.0,1.0,0.0,2.0,2.0,0,1
5.0,3.0,1,1,0,1.0,1.0,4,2,0.0,3,2,3.0,4.0,3.0,4.0,2.0,2.0,3.0,0,1
6.0,2.0,1,1,0,0.0,0.0,3,1,0.0,5,4,5.0,5.0,5.0,2.0,1.0,1.0,2.0,1,1
4.0,4.0,1,1,0,0.0,1.0,5,4,0.0,3,2,1.0,5.0,3.0,3.0,1.0,1.0,3.0,0,0
2.0,4.0,1,0,0,0.0,0.0,3,2,0.0,3,1,2.0,5.0,2.0,2.0,0.0,2.0,2.0,1,0
1.0,0.0,1,0,0,0.0,0.0,5,1,0.0,3,3,1.0,1.0,1.0,1.0,0.0,3.0,3.0,1,0
7.0,0.0,1,0,0,0.0,0.0,4,4,1.0,2,2,5.0,5.0,1.0,2.0,2.0,3.0,2.0,1,0
7.0,0.0,1,1,0,1.0,1.0,2,1,0.0,5,4,5.0,5.0,5.0,5.0,2.0,3.0,2.0,1,0
6.0,4.0,0,0,0,0.0,0.0,4,1,0.0,2,2,3.0,3.0,3.0,4.0,2.0,3.0,3.0,1,1
6.0,4.0,1,1,0,1.0,0.0,3,1,0.0,4,2,5.0,5.0,5.0,2.0,2.0,3.0,2.0,0,0
4.0,4.0,1,0,0,0.0,0.0,4,1,0.0,2,4,5.0,5.0,3.0,2.0,1.0,1.0,3.0,0,0
4.0,4.0,1,0,0,0.0,0.0,3,1,0.0,3,2,5.0,5.0,5.0,4.0,1.0,1.0,2.0,1,0
1.0,2.0,1,0,0,0.0,0.0,5,5,1.0,2,1,1.0,5.0,1.0,1.0,2.0,1.0,3.0,0,0
4.0,4.0,1,0,1,1.0,0.0,3,1,3.0,5,3,4.0,3.0,4.0,2.0,1.0,1.0,2.0,1,1
7.0,4.0,1,1,1,1.0,1.0,3,2,3.0,3,5,5.0,5.0,4.0,5.0,1.0,2.0,1.0,1,1
2.0,2.0,1,0,0,0.0,0.0,5,1,0.0,2,2,1.0,3.0,1.0,2.0,1.0,2.0,3.0,0,0
6.0,4.0,1,0,0,0.0,0.0,3,1,0.0,3,4,5.0,5.0,5.0,4.0,1.0,2.0,2.0,1,0
4.0,1.0,1,0,0,0.0,0.0,4,3,0.0,4,1,5.0,5.0,5.0,5.0,2.0,2.0,2.0,0,0
8.0,3.0,1,0,0,0.0,0.0,3,2,0.0,5,1,3.0,5.0,5.0,2.0,2.0,2.0,1.0,0,0
6.0,4.0,1,0,0,1.0,1.0,2,1,1.0,5,4,5.0,2.0,3.0,2.0,2.0,2.0,1.0,0,1
4.0,2.0,0,0,0,0.0,0.0,4,3,0.0,3,2,3.0,3.0,4.0,2.0,2.0,2.0,2.0,1,1
2.0,0.0,0,0,0,0.0,0.0,4,1,0.0,1,1,1.0,2.0,4.0,2.0,0.0,2.0,2.0,0,0
4.0,3.0,0,0,0,0.0,0.0,3,3,0.0,1,3,5.0,2.0,3.0,1.0,0.0,3.0,2.0,1,0
7.0,4.0,1,1,0,1.0,1.0,3,3,0.0,1,3,5.0,5.0,3.0,6.0,1.0,3.0,2.0,1,1
5.0,2.0,1,1,0,0.0,0.0,3,1,0.0,4,5,3.0,5.0,3.0,4.0,1.0,3.0,2.0,1,1
4.0,4.0,1,0,0,0.0,0.0,3,1,0.0,1,2,5.0,4.0,1.0,1.0,0.0,2.0,2.0,1,0
8.0,4.0,1,1,0,0.0,1.0,3,1,0.0,5,3,1.0,5.0,5.0,2.0,1.0,2.0,1.0,0,0
2.0,4.0,1,1,0,0.0,0.0,4,1,0.0,4,1,1.0,1.0,5.0,1.0,2.0,4.0,2.0,1,1
2.0,0.0,1,0,0,0.0,0.0,5,4,0.0,2,1,1.0,2.0,1.0,1.0,0.0,2.0,3.0,0,0
7.0,0.0,1,1,0,0.0,0.0,3,3,0.0,5,5,4.0,4.0,5.0,1.0,2.0,3.0,2.0,1,1
4.0,0.0,1,0,0,0.0,0.0,5,5,0.0,1,1,1.0,1.0,5.0,1.0,0.0,2.0,3.0,1,0
5.0,4.0,1,1,0,0.0,0.0,3,3,0.0,3,2,2.0,3.0,5.0,2.0,2.0,2.0,2.0,1,1
5.0,1.0,0,1,0,0.0,0.0,3,2,0.0,3,2,5.0,5.0,5.0,1.0,0.0,2.0,2.0,1,1
4.0,2.0,0,0,0,0.0,0.0,5,1,0.0,1,3,1.0,5.0,1.0,2.0,0.0,1.0,3.0,0,1
10.0,4.0,1,1,0,1.0,1.0,4,3,0.0,2,3,3.0,4.0,2.0,4.0,2.0,2.0,2.0,1,1
2.0,3.0,1,0,0,0.0,0.0,3,4,0.0,3,2,3.0,4.0,3.0,2.0,1.0,2.0,2.0,0,0
1.0,0.0,0,1,0,0.0,0.0,3,5,0.0,2,5,5.0,1.0,5.0,2.0,0.0,2.0,3.0,1,0
1.0,0.0,1,1,0,1.0,1.0,3,1,0.0,2,4,5.0,1.0,2.0,5.0,1.0,2.0,3.0,1,1
10.0,3.0,0,0,0,0.0,0.0,3,2,0.0,4,4,5.0,4.0,5.0,2.0,2.0,2.0,1.0,0,1
7.0,0.0,1,1,0,1.0,1.0,3,2,1.0,3,2,5.0,5.0,5.0,2.0,1.0,2.0,1.0,0,1
3.0,4.0,1,0,0,1.0,1.0,4,3,1.0,3,1,5.0,5.0,5.0,1.0,1.0,2.0,2.0,0,0
10.0,0.0,0,0,0,0.0,0.0,4,3,0.0,2,2,1.0,3.0,2.0,5.0,2.0,1.0,1.0,0,1
2.0,2.0,1,0,0,1.0,0.0,3,2,0.0,2,4,2.0,5.0,5.0,2.0,2.0,2.0,3.0,1,1
10.0,4.0,1,1,0,1.0,0.0,2,1,1.0,4,2,5.0,5.0,4.0,5.0,2.0,3.0,1.0,1,0
6.0,3.0,1,1,1,1.0,1.0,3,1,1.0,3,3,3.0,4.0,3.0,5.0,1.0,4.0,2.0,0,1
5.0,4.0,1,1,0,1.0,0.0,3,1,0.0,3,1,1.0,5.0,5.0,2.0,2.0,3.0,2.0,0,1
9.0,4.0,1,1,1,1.0,1.0,2,1,1.0,3,2,2.0,4.0,3.0,5.0,1.0,4.0,1.0,1,0
6.0,4.0,1,1,0,1.0,1.0,3,1,0.0,4,5,3.0,2.0,4.0,4.0,2.0,4.0,3.0,1,1
4.0,0.0,1,1,0,0.0,0.0,4,4,0.0,2,2,3.0,5.0,1.0,2.0,2.0,3.0,2.0,0,0
6.0,0.0,0,1,0,0.0,1.0,3,1,3.0,2,3,3.0,4.0,4.0,2.0,2.0,3.0,2.0,0,1
5.0,1.0,0,0,1,0.0,0.0,3,2,3.0,4,4,5.0,4.0,4.0,1.0,1.0,3.0,2.0,0,1
2.0,4.0,0,0,0,0.0,0.0,3,2,0.0,4,3,3.0,4.0,4.0,5.0,1.0,2.0,2.0,1,0
2.0,4.0,0,0,0,0.0,0.0,4,4,1.0,5,4,5.0,3.0,1.0,2.0,0.0,2.0,2.0,0,0
7.0,1.0,0,1,1,1.0,1.0,3,3,1.0,3,3,4.0,4.0,4.0,5.0,1.0,1.0,1.0,1,1
9.0,4.0,1,1,0,1.0,0.0,4,2,0.0,1,1,2.0,4.0,2.0,5.0,1.0,2.0,1.0,0,1
6.0,3.0,1,1,1,1.0,1.0,2,1,0.0,3,5,5.0,5.0,5.0,3.0,2.0,1.0,1.0,1,1
2.0,0.0,0,1,0,0.0,0.0,5,1,0.0,4,4,5.0,5.0,5.0,5.0,0.0,3.0,1.0,1,1
4.0,0.0,1,1,1,0.0,0.0,5,4,0.0,2,2,5.0,1.0,5.0,2.0,1.0,3.0,2.0,0,1
5.0,0.0,0,0,1,0.0,0.0,5,4,0.0,3,2,3.0,3.0,2.0,2.0,0.0,2.0,3.0,0,0
6.0,3.0,1,0,0,1.0,1.0,2,2,0.0,3,3,2.0,4.0,4.0,3.0,1.0,2.0,2.0,1,0
1.0,3.0,1,0,0,0.0,0.0,5,5,0.0,1,3,1.0,5.0,1.0,0.0,0.0,2.0,3.0,0,0
1.0,0.0,1,0,0,1.0,1.0,5,3,1.0,5,5,5.0,2.0,5.0,1.0,0.0,2.0,2.0,0,1
1.0,4.0,1,0,0,1.0,0.0,5,1,0.0,1,2,1.0,1.0,1.0,0.0,0.0,2.0,2.0,1,1
4.0,4.0,0,1,0,0.0,0.0,4,3,3.0,4,4,3.0,3.0,1.0,2.0,0.0,2.0,3.0,1,0
4.0,1.0,0,0,0,0.0,0.0,4,3,0.0,1,1,3.0,5.0,5.0,0.0,1.0,3.0,2.0,0,1
4.0,4.0,1,0,1,0.0,0.0,4,2,1.0,3,2,5.0,5.0,5.0,1.0,2.0,2.0,3.0,1,1
7.0,3.0,1,0,0,1.0,1.0,2,1,0.0,5,2,2.0,5.0,2.0,2.0,2.0,2.0,2.0,1,1
4.0,0.0,0,0,0,0.0,0.0,3,3,0.0,4,2,1.0,3.0,4.0,1.0,2.0,3.0,3.0,0,1
3.0,4.0,1,0,0,1.0,1.0,3,4,0.0,4,1,5.0,5.0,5.0,2.0,2.0,2.0,1.0,0,1
9.0,2.0,0,1,0,1.0,1.0,1,1,0.0,5,3,5.0,5.0,4.0,5.0,2.0,2.0,2.0,1,1
2.0,3.0,0,0,0,0.0,0.0,4,2,0.0,1,2,3.0,2.0,3.0,0.0,0.0,3.0,3.0,0,0
1.0,4.0,1,0,0,0.0,0.0,4,4,0.0,1,3,5.0,1.0,3.0,0.0,0.0,2.0,3.0,0,0
4.0,3.0,0,0,0,0.0,0.0,5,2,0.0,4,1,4.0,3.0,1.0,1.0,0.0,2.0,2.0,0,0
5.0,3.0,0,1,0,1.0,0.0,5,1,0.0,3,4,5.0,4.0,3.0,1.0,2.0,2.0,3.0,0,1
3.0,2.0,0,1,0,0.0,0.0,2,1,0.0,5,1,3.0,5.0,4.0,2.0,2.0,2.0,1.0,1,1
2.0,1.0,0,0,0,0.0,0.0,4,1,0.0,2,1,1.0,4.0,3.0,2.0,0.0,2.0,3.0,1,0
4.0,3.0,0,0,0,1.0,1.0,3,1,0.0,4,2,4.0,2.0,5.0,1.0,0.0,2.0,2.0,1,1
7.0,4.0,1,1,0,1.0,1.0,2,1,1.0,3,3,5.0,4.0,4.0,5.0,2.0,3.0,1.0,1,1
8.0,2.0,1,1,0,0.0,0.0,4,4,0.0,3,3,4.0,3.0,3.0,2.0,1.0,3.0,2.0,1,1
8.0,4.0,1,1,0,0.0,1.0,1,3,0.0,3,5,5.0,5.0,5.0,2.0,2.0,3.0,2.0,0,1
4.0,4.0,1,0,0,0.0,0.0,5,1,0.0,1,1,5.0,4.0,5.0,1.0,1.0,2.0,2.0,0,0
2.0,4.0,1,0,0,0.0,0.0,5,3,0.0,1,1,1.0,1.0,1.0,2.0,2.0,2.0,3.0,0,0
1.0,4.0,1,0,0,1.0,0.0,3,2,0.0,4,3,4.0,3.0,3.0,2.0,2.0,1.0,2.0,0,0
3.0,1.0,0,0,0,0.0,0.0,3,1,0.0,5,2,3.0,4.0,5.0,3.0,1.0,2.0,3.0,1,0
9.0,3.0,1,1,0,1.0,1.0,2,3,0.0,4,4,5.0,5.0,5.0,1.0,2.0,1.0,1.0,1,1
6.0,4.0,1,1,0,1.0,1.0,3,3,0.0,2,3,5.0,3.0,3.0,3.0,2.0,4.0,2.0,1,1
5.0,4.0,1,1,0,0.0,0.0,4,1,0.0,2,2,1.0,5.0,5.0,2.0,1.0,3.0,3.0,0,1
6.0,4.0,1,1,0,1.0,1.0,3,3,0.0,3,4,1.0,5.0,1.0,2.0,2.0,3.0,2.0,1,0
10.0,4.0,1,0,1,1.0,1.0,1,1,3.0,4,4,5.0,3.0,5.0,6.0,2.0,3.0,1.0,1,1
7.0,2.0,1,1,0,1.0,1.0,4,4,0.0,4,5,5.0,5.0,4.0,3.0,2.0,3.0,2.0,1,1
6.0,4.0,1,0,0,0.0,0.0,3,2,0.0,3,5,5.0,5.0,3.0,4.0,1.0,3.0,2.0,1,0
6.0,3.0,1,0,0,1.0,0.0,5,2,1.0,3,4,3.0,5.0,5.0,3.0,0.0,3.0,3.0,1,0
3.0,4.0,1,1,0,0.0,0.0,4,2,0.0,4,3,5.0,5.0,4.0,3.0,2.0,1.0,2.0,1,1
6.0,4.0,0,1,0,0.0,0.0,3,1,0.0,3,4,5.0,1.0,5.0,4.0,1.0,2.0,3.0,0,1
1.0,0.0,1,1,1,0.0,0.0,3,3,0.0,2,1,4.0,5.0,2.0,2.0,2.0,3.0,2.0,0,1
4.0,4.0,1,1,0,0.0,0.0,3,1,0.0,3,3,5.0,5.0,1.0,5.0,0.0,2.0,1.0,1,1
3.0,3.0,1,0,1,1.0,0.0,5,1,1.0,2,1,3.0,2.0,3.0,4.0,1.0,1.0,2.0,0,1
10.0,4.0,1,1,0,1.0,1.0,2,1,0.0,5,2,5.0,5.0,4.0,5.0,2.0,4.0,1.0,0,1
7.0,4.0,1,1,0,1.0,0.0,2,1,0.0,1,1,5.0,5.0,5.0,2.0,1.0,3.0,2.0,0,1
4.0,4.0,1,0,0,0.0,0.0,2,1,0.0,4,4,4.0,3.0,3.0,2.0,2.0,3.0,1.0,1,1
4.0,4.0,1,0,0,1.0,1.0,1,1,0.0,1,1,5.0,5.0,5.0,1.0,1.0,3.0,2.0,0,0
7.0,3.0,0,1,0,1.0,0.0,1,1,0.0,1,2,1.0,1.0,3.0,2.0,2.0,3.0,2.0,0,1
4.0,4.0,1,1,1,1.0,1.0,1,1,3.0,4,4,5.0,5.0,5.0,6.0,2.0,3.0,2.0,0,1
9.0,4.0,1,1,0,1.0,1.0,1,1,3.0,4,4,2.0,5.0,5.0,5.0,2.0,4.0,1.0,1,0
6.0,4.0,1,0,0,0.0,0.0,4,2,0.0,3,2,3.0,5.0,4.0,5.0,1.0,3.0,2.0,1,1
6.0,3.0,0,1,0,0.0,0.0,4,3,0.0,4,4,1.0,1.0,5.0,2.0,2.0,4.0,3.0,1,0
7.0,4.0,1,1,0,1.0,0.0,3,3,0.0,4,2,3.0,2.0,5.0,2.0,2.0,5.0,3.0,1,1
5.0,4.0,1,1,1,1.0,1.0,3,1,0.0,3,3,5.0,5.0,4.0,5.0,1.0,3.0,2.0,1,1
4.0,4.0,0,0,0,1.0,1.0,1,1,0.0,4,5,1.0,5.0,5.0,2.0,1.0,4.0,3.0,0,0
6.0,2.0,0,1,0,0.0,1.0,1,1,0.0,3,4,5.0,5.0,5.0,2.0,0.0,4.0,2.0,0,1
5.0,4.0,1,0,0,1.0,1.0,3,1,3.0,3,3,5.0,5.0,5.0,2.0,1.0,4.0,2.0,1,0
6.0,3.0,0,1,0,1.0,0.0,4,1,0.0,4,2,5.0,4.0,4.0,5.0,2.0,4.0,2.0,1,1
3.0,2.0,1,0,0,0.0,0.0,5,3,0.0,1,3,5.0,1.0,5.0,3.0,1.0,3.0,1.0,0,0
8.0,3.0,1,1,0,0.0,0.0,5,2,0.0,2,3,4.0,4.0,3.0,3.0,2.0,3.0,2.0,0,1
7.0,4.0,1,1,1,1.0,1.0,5,1,1.0,4,3,1.0,4.0,3.0,5.0,2.0,1.0,2.0,1,1
3.0,0.0,1,0,0,0.0,0.0,4,4,0.0,1,2,1.0,4.0,1.0,2.0,0.0,2.0,3.0,0,0
5.0,3.0,0,1,0,0.0,0.0,4,1,0.0,5,5,1.0,5.0,5.0,2.0,1.0,1.0,3.0,0,0
3.0,0.0,1,1,0,1.0,1.0,1,2,0.0,5,5,1.0,5.0,5.0,2.0,0.0,2.0,2.0,0,1
7.0,4.0,1,1,0,0.0,0.0,4,3,0.0,2,1,5.0,4.0,5.0,4.0,1.0,5.0,2.0,0,1
5.0,3.0,1,0,0,0.0,0.0,2,1,0.0,4,5,5.0,5.0,5.0,2.0,2.0,1.0,2.0,1,0
4.0,0.0,1,1,0,0.0,0.0,2,1,0.0,4,3,1.0,5.0,1.0,2.0,1.0,2.0,2.0,0,1
3.0,0.0,1,0,0,0.0,0.0,3,3,0.0,3,1,1.0,5.0,5.0,2.0,2.0,1.0,3.0,0,0
8.0,4.0,1,1,1,1.0,1.0,2,2,3.0,3,2,3.0,5.0,4.0,2.0,2.0,4.0,1.0,1,1
4.0,3.0,1,1,0,1.0,0.0,5,3,0.0,3,4,3.0,2.0,3.0,2.0,1.0,1.0,3.0,0,1
5.0,3.0,1,0,0,0.0,0.0,3,2,0.0,1,1,5.0,4.0,4.0,2.0,1.0,2.0,2.0,0,0
5.0,4.0,1,0,1,1.0,0.0,5,4,0.0,2,2,1.0,5.0,5.0,1.0,1.0,1.0,2.0,0,1
2.0,0.0,0,1,1,0.0,0.0,5,3,0.0,5,3,4.0,3.0,5.0,2.0,1.0,1.0,3.0,1,0
10.0,1.0,1,1,0,1.0,1.0,2,1,0.0,5,2,3.0,5.0,4.0,2.0,0.0,5.0,1.0,1,1
8.0,0.0,1,1,0,1.0,1.0,5,2,0.0,3,1,1.0,3.0,2.0,5.0,0.0,4.0,3.0,0,1
6.0,4.0,1,1,0,1.0,1.0,4,2,0.0,3,3,3.0,3.0,4.0,2.0,1.0,4.0,2.0,0,1
9.0,4.0,1,1,1,1.0,1.0,2,1,1.0,3,3,5.0,5.0,5.0,5.0,1.0,4.0,1.0,1,1
4.0,1.0,1,0,1,0.0,0.0,3,3,1.0,2,2,1.0,5.0,1.0,3.0,1.0,2.0,3.0,0,1
5.0,4.0,1,0,1,0.0,1.0,3,3,0.0,5,5,4.0,5.0,3.0,2.0,1.0,2.0,2.0,0,1
8.0,4.0,1,1,1,1.0,1.0,3,1,0.0,5,5,5.0,3.0,3.0,5.0,2.0,2.0,1.0,1,1
5.0,4.0,1,1,0,1.0,1.0,5,3,0.0,3,5,1.0,3.0,2.0,0.0,2.0,2.0,2.0,1,1
6.0,0.0,1,1,0,1.0,0.0,1,1,0.0,5,4,5.0,5.0,5.0,3.0,1.0,3.0,1.0,1,1
2.0,0.0,1,0,1,0.0,0.0,4,5,0.0,4,2,5.0,1.0,3.0,2.0,0.0,2.0,1.0,1,1
9.0,0.0,1,1,0,1.0,1.0,5,1,0.0,3,4,5.0,5.0,3.0,4.0,2.0,2.0,3.0,1,0
9.0,2.0,0,0,0,0.0,0.0,3,2,0.0,4,3,4.0,2.0,5.0,1.0,2.0,2.0,1.0,1,0
1.0,4.0,1,0,0,0.0,0.0,4,1,0.0,5,5,5.0,4.0,5.0,1.0,0.0,2.0,3.0,0,0
2.0,0.0,1,0,0,0.0,0.0,5,1,0.0,3,3,4.0,5.0,3.0,2.0,1.0,2.0,2.0,1,0
1.0,2.0,0,0,0,0.0,0.0,4,4,0.0,4,5,3.0,1.0,4.0,0.0,1.0,3.0,2.0,0,1
1.0,0.0,1,0,0,0.0,0.0,1,5,0.0,1,1,3.0,4.0,1.0,0.0,0.0,1.0,2.0,0,1
2.0,0.0,1,0,0,0.0,0.0,3,5,0.0,4,5,5.0,1.0,1.0,2.0,0.0,2.0,2.0,0,1
4.0,4.0,1,0,0,0.0,0.0,5,5,0.0,2,2,3.0,2.0,2.0,0.0,0.0,2.0,1.0,0,1
7.0,3.0,1,0,1,1.0,1.0,5,3,3.0,3,4,5.0,4.0,5.0,2.0,1.0,2.0,3.0,1,0
10.0,4.0,1,1,0,1.0,1.0,1,1,0.0,3,4,5.0,5.0,5.0,4.0,2.0,2.0,1.0,1,1
7.0,4.0,1,1,1,1.0,1.0,2,1,0.0,5,5,4.0,5.0,5.0,6.0,2.0,2.0,1.0,1,1
2.0,3.0,1,0,0,1.0,0.0,1,1,0.0,1,1,1.0,5.0,1.0,1.0,0.0,2.0,2.0,0,1
6.0,3.0,1,1,0,0.0,0.0,3,1,0.0,4,5,5.0,5.0,5.0,3.0,1.0,3.0,3.0,1,1
3.0,4.0,1,0,1,1.0,1.0,4,3,1.0,5,5,5.0,5.0,5.0,3.0,1.0,2.0,3.0,1,0
7.0,3.0,0,0,0,0.0,0.0,3,1,0.0,3,2,4.0,4.0,5.0,5.0,1.0,3.0,2.0,0,1
5.0,4.0,1,0,0,1.0,0.0,5,3,0.0,4,2,5.0,4.0,3.0,3.0,2.0,3.0,3.0,1,0
4.0,4.0,0,0,0,1.0,0.0,4,3,0.0,2,1,5.0,3.0,3.0,2.0,1.0,3.0,3.0,0,0
4.0,2.0,1,1,1,1.0,0.0,2,1,1.0,5,5,3.0,5.0,5.0,1.0,2.0,2.0,2.0,1,1
3.0,4.0,1,0,0,0.0,0.0,5,2,3.0,3,2,3.0,4.0,3.0,2.0,0.0,1.0,1.0,1,1
2.0,2.0,0,0,0,0.0,0.0,5,4,1.0,3,4,5.0,5.0,5.0,2.0,1.0,1.0,2.0,0,1
4.0,4.0,1,1,0,1.0,0.0,4,3,0.0,1,2,5.0,5.0,4.0,2.0,0.0,2.0,3.0,1,0
2.0,4.0,1,0,0,1.0,0.0,1,1,0.0,1,5,5.0,5.0,5.0,2.0,1.0,2.0,1.0,1,1
3.0,4.0,1,0,0,0.0,0.0,2,2,0.0,3,3,4.0,4.0,3.0,5.0,0.0,1.0,2.0,1,1
3.0,4.0,1,0,0,0.0,1.0,3,1,0.0,5,1,4.0,4.0,5.0,3.0,1.0,2.0,2.0,0,0
6.0,4.0,1,1,0,1.0,1.0,5,1,0.0,1,4,3.0,3.0,3.0,2.0,0.0,2.0,1.0,0,1
1.0,4.0,1,0,0,0.0,0.0,4,1,0.0,4,5,5.0,3.0,2.0,2.0,1.0,1.0,3.0,0,0
3.0,4.0,1,0,0,1.0,0.0,4,2,3.0,5,4,4.0,3.0,3.0,5.0,1.0,1.0,1.0,1,1
1.0,2.0,1,1,0,1.0,0.0,3,2,3.0,1,2,5.0,5.0,4.0,5.0,1.0,2.0,1.0,1,1
9.0,4.0,1,0,0,1.0,1.0,3,1,0.0,2,3,4.0,4.0,4.0,5.0,0.0,1.0,3.0,0,1
1.0,0.0,1,1,0,0.0,0.0,5,3,0.0,2,2,1.0,5.0,1.0,1.0,0.0,1.0,3.0,1,1
5.0,0.0,1,1,1,1.0,1.0,3,3,1.0,3,3,5.0,5.0,5.0,5.0,0.0,2.0,2.0,0,0
2.0,2.0,1,0,0,0.0,0.0,3,5,0.0,3,2,4.0,4.0,1.0,2.0,2.0,1.0,3.0,1,0
2.0,1.0,1,0,0,1.0,0.0,4,1,0.0,2,1,1.0,1.0,2.0,3.0,0.0,2.0,3.0,0,1
2.0,4.0,1,0,0,0.0,0.0,4,4,0.0,1,1,1.0,2.0,1.0,1.0,0.0,2.0,3.0,0,1
1.0,2.0,0,1,0,0.0,0.0,5,1,0.0,2,1,3.0,3.0,1.0,5.0,2.0,2.0,3.0,0,0
5.0,4.0,1,1,0,1.0,0.0,3,1,0.0,1,1,5.0,5.0,4.0,2.0,1.0,2.0,2.0,0,1
5.0,0.0,0,0,1,0.0,0.0,3,1,3.0,2,1,4.0,5.0,4.0,3.0,1.0,2.0,3.0,1,0
10.0,4.0,1,0,0,1.0,1.0,2,1,3.0,2,1,3.0,5.0,4.0,5.0,1.0,4.0,2.0,1,1
10.0,0.0,0,1,0,0.0,0.0,3,2,0.0,3,3,4.0,4.0,3.0,5.0,1.0,4.0,2.0,1,0
3.0,4.0,1,0,0,1.0,1.0,3,2,1.0,2,3,3.0,2.0,3.0,2.0,1.0,3.0,3.0,0,0
1.0,4.0,1,0,0,0.0,0.0,5,1,0.0,1,1,4.0,3.0,2.0,2.0,1.0,1.0,1.0,0,0
2.0,4.0,1,0,0,0.0,0.0,4,5,0.0,4,2,5.0,3.0,2.0,2.0,2.0,1.0,3.0,1,0
4.0,0.0,1,0,0,0.0,0.0,4,5,1.0,3,5,5.0,3.0,4.0,5.0,2.0,2.0,2.0,0,1
7.0,2.0,0,0,0,0.0,0.0,3,2,0.0,3,3,4.0,3.0,4.0,2.0,1.0,2.0,3.0,0,1
6.0,4.0,1,1,0,1.0,0.0,2,1,0.0,1,5,5.0,5.0,4.0,3.0,1.0,2.0,1.0,0,1
1.0,1.0,1,0,0,0.0,0.0,5,5,0.0,1,2,3.0,1.0,1.0,1.0,0.0,1.0,2.0,0,0
5.0,3.0,1,1,1,1.0,0.0,3,3,3.0,2,2,3.0,2.0,2.0,3.0,2.0,2.0,2.0,0,0
8.0,4.0,1,1,1,1.0,0.0,3,1,1.0,5,3,3.0,4.0,3.0,6.0,1.0,2.0,1.0,1,1
4.0,4.0,1,0,0,1.0,0.0,5,4,3.0,2,2,5.0,1.0,3.0,2.0,1.0,2.0,2.0,1,0
4.0,4.0,1,0,0,1.0,0.0,3,1,0.0,2,5,3.0,1.0,4.0,2.0,2.0,1.0,1.0,1,1
1.0,3.0,1,0,0,0.0,0.0,5,3,0.0,3,1,3.0,4.0,1.0,2.0,1.0,1.0,2.0,0,1
5.0,0.0,1,0,0,1.0,0.0,5,4,1.0,3,2,5.0,1.0,1.0,5.0,0.0,1.0,3.0,1,0
1.0,0.0,1,0,0,0.0,0.0,5,1,0.0,1,1,5.0,5.0,2.0,2.0,0.0,1.0,3.0,0,0
7.0,4.0,0,1,0,0.0,0.0,4,1,0.0,1,2,5.0,5.0,5.0,5.0,1.0,1.0,3.0,0,0
4.0,1.0,1,0,0,0.0,0.0,2,1,0.0,5,4,5.0,5.0,5.0,2.0,1.0,1.0,1.0,0,0
7.0,4.0,1,1,0,1.0,1.0,3,1,3.0,4,4,5.0,5.0,5.0,3.0,1.0,1.0,1.0,1,1
4.0,2.0,1,0,0,0.0,0.0,3,3,0.0,2,5,3.0,3.0,2.0,2.0,2.0,1.0,1.0,0,1
5.0,3.0,1,1,0,0.0,0.0,4,1,0.0,3,2,5.0,5.0,5.0,3.0,1.0,1.0,3.0,1,1
5.0,4.0,0,1,0,1.0,0.0,1,1,0.0,5,4,5.0,5.0,5.0,3.0,1.0,4.0,2.0,1,0
5.0,4.0,0,1,0,0.0,0.0,3,4,0.0,3,2,2.0,2.0,3.0,2.0,1.0,4.0,2.0,1,1
7.0,0.0,1,1,1,1.0,1.0,3,3,0.0,3,2,5.0,4.0,4.0,6.0,2.0,4.0,2.0,0,0
7.0,4.0,1,1,0,1.0,1.0,2,2,1.0,3,3,4.0,3.0,4.0,3.0,2.0,2.0,2.0,0,1
7.0,4.0,0,0,0,0.0,0.0,2,1,0.0,4,3,1.0,5.0,5.0,3.0,1.0,4.0,2.0,0,0
2.0,3.0,1,0,0,1.0,0.0,3,1,0.0,3,4,1.0,5.0,1.0,2.0,1.0,3.0,2.0,0,0
7.0,1.0,1,1,0,0.0,0.0,3,1,0.0,5,3,5.0,5.0,5.0,1.0,2.0,3.0,1.0,1,1
8.0,0.0,1,1,0,1.0,1.0,1,1,0.0,4,4,5.0,5.0,5.0,5.0,0.0,4.0,1.0,1,1
6.0,3.0,1,0,0,1.0,1.0,5,5,0.0,1,1,1.0,1.0,4.0,2.0,2.0,3.0,2.0,0,1
2.0,2.0,1,0,0,0.0,0.0,3,4,0.0,2,2,1.0,5.0,5.0,2.0,0.0,3.0,3.0,0,0
5.0,4.0,1,0,0,0.0,0.0,5,5,0.0,1,1,1.0,1.0,1.0,1.0,1.0,2.0,3.0,0,0
5.0,3.0,1,1,1,1.0,1.0,2,1,0.0,3,3,3.0,5.0,5.0,2.0,1.0,2.0,1.0,1,1
4.0,4.0,1,0,0,0.0,0.0,3,3,0.0,2,2,3.0,2.0,2.0,1.0,1.0,2.0,1.0,0,1
6.0,3.0,1,0,0,0.0,1.0,3,2,1.0,5,5,4.0,4.0,4.0,4.0,2.0,2.0,2.0,0,1
1.0,0.0,1,0,1,1.0,0.0,5,5,0.0,2,1,1.0,5.0,5.0,5.0,1.0,2.0,3.0,1,1
3.0,4.0,1,0,0,0.0,0.0,5,5,0.0,2,1,1.0,3.0,1.0,2.0,0.0,3.0,3.0,0,0
5.0,0.0,1,0,0,1.0,0.0,2,1,1.0,3,4,3.0,5.0,5.0,2.0,1.0,3.0,2.0,0,0
5.0,0.0,1,0,0,1.0,1.0,4,1,0.0,3,1,5.0,5.0,1.0,3.0,1.0,3.0,2.0,1,1
5.0,2.0,1,1,0,0.0,1.0,5,1,0.0,2,1,5.0,4.0,3.0,5.0,2.0,3.0,3.0,1,0
5.0,4.0,1,1,0,1.0,0.0,3,3,3.0,3,2,2.0,1.0,1.0,2.0,2.0,2.0,2.0,0,1
6.0,3.0,1,0,0,0.0,1.0,5,5,0.0,4,4,4.0,5.0,3.0,2.0,1.0,2.0,3.0,0,1
5.0,3.0,1,1,0,1.0,1.0,3,2,0.0,2,3,4.0,4.0,4.0,2.0,0.0,2.0,2.0,1,1
4.0,0.0,1,0,0,0.0,0.0,5,1,0.0,2,1,5.0,1.0,5.0,1.0,1.0,2.0,3.0,0,1
7.0,4.0,1,0,0,1.0,1.0,3,1,0.0,1,2,3.0,4.0,4.0,1.0,2.0,3.0,2.0,0,1
2.0,3.0,1,0,0,0.0,0.0,5,5,0.0,3,1,1.0,1.0,1.0,1.0,0.0,3.0,3.0,0,0
9.0,4.0,1,0,0,1.0,1.0,3,2,0.0,5,5,3.0,4.0,4.0,5.0,2.0,3.0,1.0,1,0
2.0,0.0,1,0,0,1.0,0.0,5,3,1.0,4,2,1.0,4.0,2.0,1.0,1.0,3.0,1.0,1,1
10.0,4.0,1,0,0,1.0,1.0,1,1,0.0,3,4,1.0,1.0,1.0,2.0,1.0,4.0,1.0,0,1
7.0,4.0,1,0,0,1.0,1.0,2,3,1.0,3,2,4.0,3.0,4.0,6.0,1.0,4.0,2.0,0,0
6.0,0.0,1,0,0,0.0,0.0,2,1,0.0,4,3,2.0,3.0,5.0,2.0,1.0,4.0,2.0,0,1
5.0,4.0,1,1,1,1.0,1.0,2,1,0.0,3,3,5.0,5.0,5.0,3.0,1.0,2.0,2.0,1,1
4.0,4.0,1,1,0,0.0,0.0,2,1,0.0,4,3,5.0,5.0,5.0,3.0,2.0,2.0,2.0,1,0
4.0,3.0,1,1,0,0.0,0.0,3,3,0.0,4,4,5.0,5.0,5.0,4.0,1.0,3.0,2.0,1,0
6.0,4.0,1,1,1,1.0,1.0,5,3,3.0,2,2,5.0,5.0,1.0,5.0,1.0,4.0,1.0,0,1
6.0,2.0,1,0,0,1.0,1.0,1,1,0.0,3,1,5.0,5.0,5.0,5.0,1.0,4.0,3.0,0,0
8.0,4.0,1,0,0,1.0,1.0,3,1,0.0,1,4,3.0,1.0,5.0,5.0,1.0,4.0,1.0,1,1
5.0,3.0,0,0,0,0.0,0.0,4,1,0.0,5,4,3.0,4.0,3.0,2.0,2.0,4.0,3.0,1,0
6.0,4.0,1,0,0,1.0,1.0,2,1,0.0,3,3,5.0,5.0,5.0,5.0,2.0,4.0,1.0,0,1
1.0,3.0,1,0,0,0.0,0.0,1,1,0.0,4,5,4.0,1.0,3.0,1.0,0.0,2.0,2.0,0,0
4.0,3.0,0,0,0,0.0,0.0,1,1,3.0,5,1,1.0,5.0,1.0,1.0,1.0,2.0,3.0,0,0
1.0,0.0,1,0,0,0.0,0.0,5,2,0.0,3,1,4.0,4.0,5.0,0.0,0.0,2.0,3.0,0,1
3.0,1.0,1,0,0,1.0,0.0,4,1,0.0,1,2,5.0,5.0,4.0,0.0,0.0,2.0,3.0,0,1
4.0,0.0,1,1,0,1.0,0.0,3,2,0.0,4,3,5.0,5.0,5.0,5.0,1.0,4.0,1.0,1,1
7.0,3.0,1,0,0,1.0,1.0,3,1,0.0,3,5,5.0,5.0,5.0,3.0,2.0,4.0,2.0,1,1
6.0,3.0,1,1,1,1.0,1.0,2,2,1.0,3,3,5.0,5.0,4.0,3.0,1.0,4.0,2.0,1,0
6.0,4.0,1,1,1,1.0,1.0,4,1,1.0,4,5,5.0,5.0,5.0,4.0,2.0,2.0,2.0,1,1
9.0,3.0,1,1,0,1.0,0.0,2,2,0.0,3,3,5.0,4.0,4.0,3.0,2.0,2.0,2.0,1,1
2.0,4.0,0,0,0,0.0,0.0,3,2,0.0,3,3,3.0,3.0,4.0,4.0,2.0,2.0,2.0,0,0
2.0,4.0,1,0,0,0.0,0.0,5,1,0.0,4,5,5.0,5.0,1.0,2.0,0.0,2.0,2.0,0,0
4.0,2.0,0,0,0,1.0,1.0,2,2,0.0,3,4,3.0,5.0,5.0,4.0,1.0,2.0,1.0,0,1
1.0,0.0,0,0,1,1.0,0.0,3,3,3.0,3,1,1.0,4.0,3.0,4.0,1.0,1.0,2.0,1,1
5.0,4.0,1,1,1,1.0,0.0,1,3,0.0,2,4,5.0,5.0,4.0,5.0,2.0,2.0,2.0,0,0
5.0,0.0,1,0,0,1.0,1.0,5,3,0.0,2,1,5.0,3.0,3.0,4.0,2.0,2.0,2.0,1,0
5.0,0.0,1,1,1,1.0,1.0,2,1,0.0,2,5,4.0,4.0,4.0,5.0,2.0,3.0,3.0,1,1
7.0,4.0,1,1,1,1.0,1.0,2,2,3.0,3,3,5.0,4.0,4.0,6.0,2.0,2.0,1.0,1,1
2.0,0.0,0,0,0,0.0,0.0,5,4,0.0,4,2,3.0,5.0,2.0,2.0,2.0,2.0,2.0,0,0
3.0,4.0,1,0,0,0.0,0.0,4,3,1.0,2,3,5.0,5.0,5.0,2.0,1.0,2.0,1.0,1,0
7.0,2.0,0,0,0,1.0,0.0,5,4,0.0,1,1,3.0,2.0,2.0,2.0,0.0,3.0,3.0,0,1
6.0,2.0,1,0,0,0.0,0.0,4,1,0.0,3,1,1.0,5.0,1.0,1.0,2.0,3.0,3.0,0,0
5.0,3.0,1,0,0,0.0,0.0,5,1,0.0,1,1,1.0,5.0,1.0,6.0,1.0,2.0,3.0,0,0
4.0,4.0,1,1,1,1.0,1.0,3,2,1.0,3,3,4.0,3.0,3.0,6.0,0.0,2.0,1.0,1,1
7.0,4.0,1,0,1,1.0,1.0,3,2,3.0,3,2,3.0,3.0,2.0,3.0,1.0,3.0,2.0,1,1
2.0,0.0,1,0,0,0.0,0.0,5,4,0.0,4,3,1.0,2.0,5.0,3.0,0.0,2.0,2.0,0,0
2.0,0.0,1,0,0,0.0,0.0,3,5,0.0,2,1,5.0,1.0,1.0,2.0,0.0,2.0,3.0,0,1
2.0,4.0,1,0,0,0.0,0.0,4,3,0.0,3,3,1.0,1.0,4.0,3.0,1.0,1.0,1.0,0,1
1.0,4.0,1,0,0,0.0,0.0,3,5,0.0,5,3,1.0,1.0,1.0,2.0,1.0,1.0,2.0,1,0
2.0,0.0,0,0,0,0.0,0.0,3,3,0.0,1,5,1.0,1.0,1.0,1.0,0.0,1.0,2.0,0,1
4.0,4.0,1,1,1,1.0,1.0,2,3,0.0,3,3,3.0,4.0,4.0,5.0,1.0,1.0,1.0,1,1
5.0,4.0,1,1,1,1.0,1.0,4,3,0.0,3,2,3.0,4.0,2.0,5.0,2.0,3.0,3.0,0,0
10.0,1.0,1,1,1,1.0,0.0,1,1,0.0,4,4,5.0,5.0,5.0,2.0,2.0,2.0,1.0,1,1
6.0,4.0,0,0,0,0.0,0.0,3,1,0.0,3,3,4.0,4.0,4.0,2.0,1.0,1.0,3.0,0,1
2.0,0.0,1,1,0,0.0,0.0,4,3,0.0,2,5,5.0,5.0,5.0,2.0,0.0,2.0,1.0,1,0
4.0,3.0,1,0,0,1.0,0.0,3,3,0.0,2,2,2.0,2.0,2.0,2.0,1.0,2.0,3.0,0,1
2.0,4.0,1,0,0,0.0,0.0,4,1,0.0,4,5,1.0,1.0,1.0,1.0,2.0,2.0,1.0,0,1
4.0,3.0,1,0,0,1.0,1.0,4,5,3.0,2,4,5.0,3.0,3.0,1.0,1.0,2.0,1.0,1,1
3.0,0.0,0,0,0,0.0,0.0,3,2,0.0,4,4,2.0,4.0,4.0,2.0,1.0,1.0,2.0,0,1
1.0,4.0,1,0,0,0.0,0.0,5,4,0.0,1,3,5.0,5.0,2.0,2.0,1.0,1.0,2.0,0,0
2.0,4.0,0,0,0,0.0,0.0,3,3,0.0,5,5,5.0,5.0,5.0,3.0,1.0,1.0,1.0,1,0
2.0,4.0,1,0,0,0.0,0.0,2,1,0.0,2,3,5.0,5.0,5.0,2.0,1.0,1.0,2.0,0,1
2.0,0.0,0,0,0,0.0,0.0,5,1,0.0,4,3,1.0,5.0,1.0,3.0,0.0,1.0,3.0,0,1
2.0,0.0,1,0,0,0.0,0.0,3,3,0.0,2,2,1.0,1.0,1.0,2.0,0.0,2.0,3.0,0,1
9.0,0.0,1,0,0,1.0,1.0,2,1,0.0,5,2,4.0,5.0,4.0,6.0,2.0,4.0,1.0,1,1
5.0,3.0,0,1,0,0.0,0.0,3,1,0.0,2,2,3.0,5.0,5.0,1.0,2.0,1.0,2.0,1,0
2.0,2.0,1,0,0,0.0,0.0,4,5,0.0,2,3,3.0,5.0,3.0,2.0,1.0,3.0,2.0,1,1
6.0,4.0,1,1,0,1.0,0.0,4,2,1.0,4,4,5.0,5.0,3.0,3.0,1.0,2.0,2.0,1,1
4.0,4.0,1,0,0,0.0,0.0,5,3,0.0,1,3,1.0,5.0,1.0,3.0,0.0,2.0,2.0,1,0
3.0,1.0,1,1,0,0.0,0.0,2,1,0.0,5,4,3.0,5.0,5.0,2.0,2.0,1.0,1.0,1,1
6.0,4.0,1,0,1,0.0,0.0,2,1,1.0,4,2,3.0,5.0,5.0,1.0,0.0,2.0,3.0,0,1
2.0,4.0,1,1,0,1.0,1.0,4,3,0.0,4,5,1.0,1.0,2.0,3.0,1.0,1.0,2.0,1,1
6.0,4.0,1,1,1,1.0,1.0,3,3,3.0,3,5,4.0,3.0,4.0,2.0,1.0,2.0,2.0,1,1
8.0,4.0,1,0,1,0.0,1.0,5,1,3.0,2,2,4.0,5.0,5.0,1.0,1.0,2.0,1.0,0,0
4.0,0.0,1,1,0,0.0,0.0,3,3,0.0,2,1,2.0,3.0,1.0,2.0,1.0,3.0,3.0,1,1
2.0,3.0,0,0,0,1.0,1.0,2,1,0.0,5,2,5.0,5.0,5.0,1.0,2.0,1.0,1.0,1,0
3.0,1.0,1,1,0,0.0,0.0,5,1,0.0,1,1,1.0,5.0,1.0,0.0,0.0,1.0,3.0,0,1
7.0,0.0,1,1,0,0.0,0.0,2,1,0.0,3,3,3.0,5.0,3.0,2.0,1.0,5.0,3.0,1,1
4.0,0.0,1,0,0,0.0,0.0,4,1,0.0,3,1,3.0,5.0,1.0,2.0,2.0,5.0,2.0,1,0
9.0,4.0,1,1,1,1.0,1.0,2,1,0.0,3,5,4.0,4.0,4.0,5.0,2.0,5.0,2.0,1,0
3.0,4.0,1,0,0,0.0,0.0,3,1,0.0,3,2,4.0,5.0,2.0,1.0,2.0,1.0,1.0,0,1
6.0,0.0,1,1,0,0.0,0.0,4,3,0.0,4,4,5.0,5.0,1.0,2.0,0.0,2.0,3.0,0,1
5.0,4.0,0,0,0,1.0,1.0,3,1,1.0,3,4,5.0,5.0,5.0,3.0,2.0,2.0,1.0,1,1
4.0,3.0,1,0,0,0.0,0.0,4,3,0.0,1,1,5.0,1.0,1.0,1.0,0.0,2.0,3.0,0,0
4.0,0.0,1,1,1,0.0,0.0,5,1,1.0,4,4,5.0,5.0,5.0,3.0,2.0,2.0,2.0,1,0
5.0,4.0,1,0,0,0.0,0.0,3,4,0.0,1,2,2.0,1.0,3.0,2.0,2.0,3.0,2.0,0,1
5.0,0.0,1,0,0,1.0,0.0,4,3,0.0,3,2,1.0,1.0,1.0,2.0,1.0,3.0,3.0,0,0
10.0,1.0,1,1,0,1.0,1.0,1,1,0.0,4,4,5.0,5.0,5.0,5.0,2.0,3.0,1.0,1,1
7.0,0.0,1,1,1,1.0,1.0,3,1,0.0,3,4,5.0,5.0,5.0,4.0,2.0,2.0,2.0,0,0
7.0,4.0,1,1,1,1.0,0.0,1,1,0.0,4,5,2.0,5.0,5.0,5.0,2.0,2.0,1.0,1,0
7.0,0.0,1,0,0,0.0,0.0,4,1,0.0,2,5,4.0,5.0,5.0,2.0,1.0,2.0,3.0,1,1
7.0,4.0,1,1,1,0.0,1.0,4,4,3.0,3,4,3.0,2.0,3.0,4.0,0.0,3.0,2.0,1,0
2.0,0.0,1,0,1,1.0,1.0,4,1,0.0,2,2,3.0,5.0,2.0,3.0,0.0,2.0,3.0,1,0
6.0,4.0,1,1,0,0.0,0.0,2,1,0.0,5,4,1.0,2.0,4.0,2.0,2.0,1.0,2.0,1,1
2.0,4.0,1,1,1,1.0,0.0,3,1,0.0,5,5,1.0,5.0,5.0,1.0,1.0,2.0,2.0,1,0
1.0,2.0,1,0,0,0.0,0.0,3,1,0.0,2,5,5.0,1.0,4.0,2.0,0.0,3.0,3.0,1,0
9.0,0.0,1,1,0,0.0,0.0,2,1,0.0,4,5,1.0,2.0,5.0,1.0,2.0,2.0,1.0,0,1
6.0,4.0,1,1,1,1.0,1.0,3,1,3.0,4,4,5.0,5.0,5.0,3.0,1.0,3.0,1.0,0,1
8.0,3.0,1,1,1,1.0,1.0,2,1,1.0,3,3,4.0,4.0,5.0,2.0,2.0,2.0,1.0,1,1
6.0,4.0,1,1,0,1.0,1.0,2,1,0.0,5,3,4.0,5.0,4.0,5.0,1.0,3.0,1.0,1,1
6.0,4.0,1,1,0,1.0,1.0,3,2,1.0,4,3,4.0,4.0,4.0,5.0,1.0,3.0,1.0,1,1
6.0,3.0,1,0,0,0.0,0.0,3,2,0.0,3,3,4.0,3.0,3.0,2.0,0.0,3.0,1.0,1,0
4.0,4.0,1,0,0,0.0,0.0,2,2,0.0,1,4,5.0,5.0,5.0,1.0,0.0,3.0,3.0,1,0
9.0,3.0,1,0,0,1.0,1.0,2,2,0.0,5,3,4.0,4.0,3.0,5.0,1.0,3.0,2.0,0,1
9.0,3.0,0,1,1,0.0,1.0,3,2,3.0,4,3,3.0,3.0,2.0,5.0,2.0,3.0,1.0,1,1
7.0,3.0,1,1,1,1.0,1.0,3,1,1.0,2,3,3.0,5.0,4.0,5.0,2.0,3.0,2.0,0,1
10.0,4.0,1,1,1,1.0,1.0,3,1,0.0,3,3,5.0,3.0,4.0,6.0,2.0,3.0,1.0,0,1
7.0,1.0,1,1,0,0.0,1.0,2,1,0.0,4,3,5.0,5.0,5.0,6.0,1.0,5.0,2.0,1,1
6.0,3.0,1,1,1,1.0,1.0,2,1,0.0,4,4,1.0,5.0,5.0,5.0,1.0,4.0,1.0,1,1
3.0,0.0,1,0,0,0.0,0.0,5,4,0.0,1,1,5.0,5.0,2.0,2.0,1.0,4.0,3.0,1,1
9.0,3.0,1,1,0,1.0,0.0,3,3,0.0,2,1,4.0,4.0,5.0,2.0,1.0,4.0,2.0,0,1
5.0,4.0,1,0,0,0.0,0.0,5,1,0.0,1,1,1.0,5.0,5.0,2.0,1.0,3.0,1.0,0,1
7.0,2.0,1,1,0,1.0,1.0,2,1,0.0,3,2,3.0,4.0,3.0,3.0,2.0,3.0,3.0,1,1
3.0,3.0,1,0,0,1.0,0.0,5,5,0.0,2,1,5.0,1.0,5.0,0.0,0.0,3.0,2.0,0,1
4.0,3.0,0,0,0,0.0,0.0,3,5,0.0,1,1,1.0,1.0,4.0,2.0,0.0,3.0,3.0,0,0
6.0,3.0,0,0,0,1.0,1.0,5,5,3.0,4,2,5.0,5.0,5.0,2.0,2.0,3.0,2.0,0,1
4.0,2.0,0,1,1,0.0,1.0,5,5,1.0,2,1,5.0,2.0,3.0,2.0,2.0,2.0,3.0,0,0
8.0,1.0,1,0,0,1.0,1.0,2,1,3.0,4,5,5.0,5.0,4.0,5.0,2.0,3.0,2.0,1,1
9.0,1.0,0,1,0,0.0,0.0,2,3,0.0,5,3,5.0,4.0,4.0,2.0,2.0,2.0,1.0,1,1
2.0,0.0,1,0,0,0.0,0.0,5,1,0.0,1,1,1.0,3.0,5.0,1.0,0.0,1.0,3.0,0,1
3.0,3.0,1,0,0,1.0,0.0,5,5,0.0,2,5,3.0,1.0,1.0,4.0,1.0,2.0,3.0,0,1
1.0,0.0,0,0,0,0.0,0.0,2,1,0.0,2,1,3.0,2.0,1.0,1.0,1.0,3.0,2.0,0,0
3.0,0.0,1,0,0,1.0,0.0,1,5,0.0,1,2,5.0,5.0,5.0,2.0,1.0,3.0,3.0,0,1
3.0,0.0,0,0,0,0.0,0.0,5,5,0.0,2,5,4.0,4.0,3.0,2.0,1.0,3.0,3.0,0,0
1.0,1.0,0,0,0,1.0,0.0,3,1,0.0,3,3,3.0,5.0,4.0,5.0,1.0,1.0,2.0,0,0
1.0,4.0,1,0,0,0.0,0.0,5,5,0.0,1,1,1.0,5.0,5.0,3.0,0.0,1.0,2.0,0,1
1.0,3.0,1,0,0,0.0,0.0,2,3,0.0,2,1,3.0,3.0,5.0,2.0,0.0,1.0,2.0,0,1
2.0,0.0,1,0,1,0.0,0.0,5,5,0.0,2,2,3.0,5.0,4.0,1.0,1.0,1.0,2.0,0,0
4.0,1.0,0,0,0,0.0,0.0,2,2,0.0,3,5,4.0,4.0,4.0,3.0,1.0,2.0,1.0,1,1
5.0,3.0,1,1,0,0.0,0.0,1,1,3.0,4,4,2.0,2.0,2.0,1.0,1.0,1.0,1.0,1,1
1.0,3.0,0,0,0,0.0,0.0,5,4,0.0,1,1,3.0,1.0,1.0,2.0,0.0,1.0,2.0,0,0
1.0,1.0,1,0,0,0.0,0.0,3,3,0.0,5,3,3.0,4.0,4.0,2.0,1.0,1.0,1.0,1,1
3.0,0.0,1,0,0,0.0,0.0,1,1,0.0,2,2,1.0,3.0,3.0,1.0,0.0,2.0,2.0,0,1
5.0,4.0,0,0,0,0.0,0.0,3,2,0.0,1,2,4.0,3.0,4.0,3.0,1.0,1.0,3.0,0,0
1.0,4.0,1,0,0,0.0,0.0,3,3,0.0,1,1,1.0,1.0,1.0,1.0,1.0,1.0,2.0,1,0
1.0,4.0,1,0,0,0.0,0.0,3,3,0.0,1,1,1.0,1.0,1.0,0.0,0.0,1.0,2.0,1,0
4.0,3.0,0,0,0,0.0,0.0,5,1,0.0,2,1,5.0,5.0,5.0,2.0,1.0,1.0,3.0,0,1
2.0,4.0,1,0,0,0.0,0.0,3,1,0.0,1,1,2.0,3.0,1.0,1.0,1.0,1.0,2.0,0,1
1.0,0.0,1,0,0,0.0,0.0,3,2,0.0,2,4,5.0,5.0,5.0,2.0,1.0,1.0,2.0,1,1
4.0,3.0,1,0,1,1.0,0.0,2,1,1.0,4,3,5.0,5.0,5.0,2.0,1.0,3.0,2.0,1,1
9.0,3.0,1,1,0,1.0,1.0,2,1,0.0,5,4,5.0,5.0,5.0,2.0,2.0,3.0,1.0,1,1
1.0,0.0,1,0,0,0.0,,5,1,0.0,1,1,1.0,5.0,1.0,1.0,0.0,3.0,3.0,0,1
7.0,4.0,1,0,0,1.0,1.0,2,1,1.0,5,4,5.0,5.0,5.0,5.0,1.0,2.0,1.0,1,1
5.0,4.0,1,0,0,1.0,0.0,2,1,0.0,2,1,5.0,5.0,5.0,2.0,0.0,2.0,3.0,0,1
1.0,1.0,1,0,0,0.0,0.0,3,5,0.0,2,5,4.0,3.0,1.0,1.0,0.0,3.0,3.0,0,1
6.0,4.0,1,1,1,1.0,1.0,4,2,0.0,1,5,5.0,2.0,1.0,2.0,1.0,3.0,3.0,1,1
1.0,3.0,1,0,0,0.0,0.0,5,1,0.0,1,1,1.0,1.0,1.0,1.0,0.0,3.0,3.0,0,0
4.0,4.0,0,0,0,1.0,0.0,2,1,0.0,3,4,4.0,3.0,4.0,2.0,1.0,3.0,2.0,1,1
5.0,4.0,1,0,1,1.0,0.0,3,3,3.0,2,2,3.0,3.0,4.0,2.0,2.0,3.0,2.0,0,0
6.0,0.0,1,0,0,0.0,0.0,1,1,0.0,3,4,3.0,1.0,3.0,2.0,2.0,3.0,2.0,0,0
4.0,4.0,0,1,0,0.0,0.0,2,1,0.0,4,2,2.0,5.0,4.0,5.0,2.0,3.0,2.0,1,1
10.0,4.0,1,1,1,1.0,1.0,1,1,0.0,4,4,5.0,5.0,5.0,6.0,1.0,3.0,1.0,1,1
4.0,0.0,1,0,0,0.0,0.0,3,1,0.0,1,1,5.0,5.0,1.0,1.0,1.0,3.0,3.0,0,0
7.0,4.0,1,1,0,1.0,1.0,5,5,1.0,1,2,3.0,3.0,5.0,0.0,0.0,3.0,1.0,0,1
10.0,3.0,1,1,1,1.0,1.0,1,1,3.0,5,3,4.0,4.0,4.0,3.0,2.0,3.0,1.0,1,1
5.0,3.0,1,0,0,1.0,0.0,4,1,0.0,2,5,5.0,5.0,5.0,2.0,2.0,3.0,2.0,0,1
2.0,4.0,1,0,0,0.0,0.0,5,4,0.0,1,1,1.0,1.0,1.0,1.0,0.0,3.0,3.0,0,0
4.0,4.0,1,0,0,0.0,0.0,3,2,0.0,2,1,1.0,5.0,5.0,1.0,0.0,3.0,2.0,1,0
4.0,4.0,1,0,0,0.0,0.0,5,3,0.0,4,5,1.0,1.0,1.0,1.0,1.0,3.0,2.0,1,0
2.0,4.0,1,0,0,0.0,0.0,5,1,0.0,1,1,1.0,1.0,1.0,2.0,2.0,4.0,2.0,0,0
2.0,0.0,1,0,0,0.0,0.0,5,5,0.0,1,1,1.0,5.0,1.0,1.0,0.0,2.0,3.0,1,0
4.0,0.0,0,0,0,0.0,0.0,4,4,0.0,1,2,1.0,1.0,1.0,1.0,1.0,2.0,3.0,0,1
2.0,0.0,0,0,0,0.0,0.0,5,3,0.0,3,1,1.0,1.0,1.0,2.0,1.0,2.0,3.0,0,1
2.0,0.0,0,0,0,0.0,0.0,4,2,0.0,3,2,5.0,1.0,2.0,2.0,1.0,2.0,3.0,0,1
2.0,0.0,0,0,0,0.0,0.0,3,3,0.0,4,2,5.0,1.0,1.0,5.0,1.0,2.0,3.0,0,1
2.0,4.0,0,0,0,0.0,0.0,5,5,0.0,4,3,1.0,1.0,1.0,5.0,1.0,2.0,3.0,1,1
10.0,4.0,1,1,0,0.0,1.0,3,3,0.0,3,3,1.0,5.0,3.0,2.0,1.0,4.0,2.0,0,0
10.0,3.0,1,1,1,1.0,1.0,2,1,1.0,4,4,5.0,5.0,4.0,6.0,2.0,4.0,1.0,1,1
4.0,2.0,0,0,0,0.0,0.0,4,2,0.0,2,2,2.0,3.0,2.0,5.0,1.0,6.0,3.0,0,0
9.0,4.0,1,0,0,1.0,1.0,5,1,0.0,5,5,5.0,5.0,5.0,2.0,0.0,6.0,2.0,1,0
4.0,2.0,0,1,0,0.0,0.0,1,1,0.0,2,2,2.0,4.0,2.0,2.0,1.0,6.0,3.0,0,0
4.0,3.0,0,1,0,0.0,0.0,1,1,0.0,2,3,4.0,3.0,4.0,2.0,1.0,1.0,2.0,0,1
1.0,3.0,0,1,0,0.0,0.0,3,1,0.0,2,3,1.0,5.0,1.0,2.0,0.0,1.0,2.0,1,1
10.0,4.0,1,1,1,1.0,1.0,2,1,1.0,5,3,5.0,4.0,4.0,6.0,2.0,4.0,1.0,1,1
7.0,4.0,1,1,1,1.0,1.0,3,3,3.0,3,2,3.0,3.0,1.0,5.0,1.0,4.0,2.0,0,1
10.0,4.0,1,1,0,1.0,1.0,2,1,0.0,3,3,1.0,5.0,5.0,6.0,1.0,4.0,1.0,1,0
2.0,4.0,1,0,0,0.0,0.0,3,1,0.0,1,2,5.0,5.0,5.0,1.0,1.0,3.0,2.0,0,0
8.0,0.0,1,1,1,1.0,1.0,1,1,3.0,4,4,1.0,5.0,5.0,3.0,2.0,2.0,1.0,1,1
4.0,1.0,1,1,0,1.0,0.0,3,2,0.0,2,5,5.0,4.0,5.0,2.0,2.0,2.0,2.0,0,1
3.0,3.0,1,0,0,1.0,0.0,5,5,0.0,5,2,5.0,5.0,1.0,2.0,2.0,2.0,3.0,1,1
3.0,4.0,1,0,0,0.0,0.0,3,1,0.0,2,4,5.0,5.0,5.0,1.0,2.0,3.0,2.0,0,1
4.0,4.0,1,0,0,0.0,0.0,5,2,0.0,1,2,3.0,5.0,4.0,2.0,1.0,2.0,3.0,0,1
4.0,0.0,0,0,0,1.0,0.0,3,2,0.0,1,5,5.0,5.0,4.0,3.0,1.0,2.0,3.0,1,0
4.0,3.0,1,0,0,0.0,0.0,3,1,0.0,1,1,3.0,5.0,2.0,2.0,0.0,2.0,2.0,1,0
3.0,0.0,0,0,0,0.0,0.0,2,1,0.0,1,1,1.0,2.0,5.0,2.0,1.0,3.0,1.0,0,0
4.0,4.0,1,0,0,0.0,0.0,5,5,0.0,1,1,1.0,5.0,3.0,1.0,0.0,2.0,3.0,0,0
8.0,4.0,1,1,1,1.0,1.0,3,1,1.0,3,5,5.0,4.0,4.0,5.0,2.0,2.0,2.0,1,1
3.0,4.0,1,1,1,1.0,1.0,4,1,3.0,1,1,5.0,2.0,3.0,2.0,1.0,2.0,2.0,1,1
2.0,4.0,1,0,0,0.0,0.0,5,3,0.0,1,4,5.0,5.0,5.0,2.0,0.0,1.0,1.0,0,1
4.0,4.0,1,0,0,0.0,0.0,5,3,0.0,2,2,5.0,4.0,4.0,2.0,1.0,2.0,3.0,0,1
3.0,0.0,1,0,0,1.0,1.0,3,2,0.0,2,2,3.0,3.0,3.0,1.0,0.0,2.0,2.0,1,0
4.0,0.0,1,1,1,0.0,1.0,3,3,0.0,2,4,5.0,3.0,5.0,2.0,1.0,2.0,2.0,1,1
5.0,4.0,1,1,0,0.0,0.0,4,4,3.0,1,3,1.0,1.0,3.0,2.0,0.0,2.0,1.0,1,1
1.0,3.0,1,0,1,1.0,0.0,4,2,0.0,2,1,3.0,4.0,1.0,1.0,1.0,2.0,1.0,1,1
5.0,4.0,1,0,0,1.0,0.0,1,2,0.0,4,4,5.0,5.0,5.0,2.0,1.0,2.0,1.0,0,1
10.0,4.0,1,1,1,1.0,1.0,1,1,0.0,4,4,5.0,5.0,5.0,6.0,0.0,3.0,1.0,1,1
4.0,0.0,0,0,0,0.0,0.0,4,2,0.0,3,2,2.0,5.0,5.0,5.0,1.0,2.0,1.0,1,1
3.0,0.0,0,0,0,0.0,0.0,3,3,0.0,2,1,2.0,2.0,1.0,2.0,0.0,2.0,3.0,0,0
6.0,2.0,1,0,0,1.0,1.0,1,2,1.0,4,5,5.0,5.0,5.0,1.0,2.0,2.0,1.0,1,1
3.0,4.0,1,1,0,0.0,0.0,3,3,0.0,4,5,3.0,2.0,3.0,2.0,1.0,2.0,3.0,1,1
1.0,3.0,1,0,0,0.0,0.0,5,1,0.0,2,2,5.0,5.0,1.0,2.0,2.0,1.0,2.0,0,1
8.0,4.0,1,1,1,1.0,1.0,2,1,3.0,3,2,5.0,4.0,4.0,5.0,2.0,1.0,3.0,1,0
2.0,0.0,0,0,0,0.0,0.0,3,3,0.0,5,2,3.0,2.0,2.0,3.0,1.0,3.0,3.0,0,0
4.0,0.0,0,1,0,0.0,0.0,2,1,0.0,4,4,5.0,3.0,3.0,3.0,2.0,3.0,2.0,1,0
5.0,1.0,1,0,0,0.0,0.0,3,5,0.0,5,4,4.0,5.0,5.0,2.0,1.0,3.0,3.0,0,1
2.0,3.0,1,0,0,0.0,0.0,1,1,0.0,1,3,4.0,5.0,5.0,2.0,0.0,1.0,2.0,1,0
3.0,1.0,1,1,0,0.0,0.0,2,1,0.0,3,1,2.0,5.0,2.0,2.0,1.0,2.0,2.0,1,1
3.0,4.0,1,0,0,1.0,1.0,5,3,0.0,4,3,1.0,1.0,5.0,2.0,0.0,1.0,3.0,0,1
6.0,0.0,1,1,0,0.0,0.0,5,1,0.0,4,3,3.0,5.0,4.0,2.0,1.0,2.0,2.0,0,0
5.0,4.0,1,0,0,0.0,0.0,5,1,0.0,2,1,1.0,1.0,3.0,2.0,1.0,2.0,2.0,0,0
1.0,2.0,1,1,1,0.0,0.0,4,5,0.0,4,4,1.0,4.0,5.0,2.0,0.0,2.0,3.0,0,0
7.0,4.0,1,1,1,1.0,1.0,2,3,0.0,4,5,4.0,5.0,4.0,5.0,2.0,2.0,2.0,1,0
5.0,1.0,1,0,0,0.0,0.0,4,1,0.0,3,1,1.0,3.0,5.0,1.0,2.0,2.0,3.0,0,1
8.0,3.0,1,1,1,1.0,1.0,3,2,0.0,2,2,5.0,4.0,2.0,6.0,2.0,3.0,1.0,1,1
4.0,4.0,1,1,0,0.0,0.0,3,3,0.0,2,1,3.0,4.0,4.0,2.0,0.0,3.0,3.0,0,1
6.0,4.0,1,0,0,1.0,0.0,1,5,0.0,3,3,5.0,5.0,5.0,1.0,2.0,2.0,2.0,1,0
4.0,3.0,1,0,0,1.0,0.0,5,3,3.0,4,2,3.0,3.0,2.0,1.0,2.0,2.0,1.0,0,0
6.0,3.0,1,1,0,1.0,1.0,4,2,0.0,3,3,5.0,4.0,4.0,5.0,2.0,2.0,2.0,1,1
9.0,4.0,1,0,1,1.0,1.0,3,3,1.0,3,1,3.0,2.0,3.0,6.0,1.0,3.0,3.0,1,1
2.0,0.0,1,1,0,0.0,0.0,3,2,0.0,5,3,5.0,5.0,5.0,2.0,2.0,1.0,2.0,0,1
6.0,0.0,1,1,0,0.0,0.0,3,3,0.0,3,4,3.0,5.0,4.0,2.0,1.0,2.0,2.0,1,1
2.0,3.0,1,1,0,0.0,0.0,4,1,0.0,2,5,3.0,2.0,3.0,2.0,1.0,2.0,1.0,0,1
1.0,0.0,0,0,0,0.0,0.0,5,5,0.0,3,3,2.0,1.0,1.0,2.0,0.0,2.0,3.0,0,0
4.0,0.0,0,0,0,0.0,0.0,2,1,0.0,3,3,4.0,4.0,1.0,2.0,1.0,2.0,1.0,1,0
6.0,0.0,1,0,0,0.0,0.0,2,1,1.0,3,2,5.0,5.0,3.0,3.0,2.0,2.0,1.0,0,0
7.0,4.0,1,1,0,1.0,0.0,1,1,0.0,4,4,5.0,5.0,5.0,2.0,2.0,2.0,2.0,1,0
5.0,2.0,1,1,0,1.0,0.0,2,1,0.0,3,3,5.0,5.0,5.0,3.0,1.0,1.0,1.0,0,0
3.0,4.0,1,0,0,0.0,0.0,3,1,0.0,2,2,3.0,3.0,3.0,1.0,1.0,2.0,3.0,1,0
5.0,4.0,0,0,0,0.0,0.0,1,1,0.0,2,5,3.0,3.0,1.0,1.0,1.0,1.0,1.0,0,1
4.0,4.0,0,0,0,0.0,0.0,4,1,0.0,2,1,3.0,5.0,3.0,3.0,1.0,1.0,2.0,0,0
9.0,0.0,0,1,0,0.0,0.0,5,1,0.0,4,3,3.0,5.0,5.0,5.0,1.0,3.0,1.0,1,1
6.0,4.0,1,0,1,1.0,1.0,5,1,0.0,3,1,5.0,4.0,5.0,3.0,0.0,2.0,2.0,1,0
9.0,3.0,1,1,0,1.0,0.0,3,1,0.0,2,4,5.0,4.0,2.0,2.0,1.0,2.0,2.0,1,1
7.0,3.0,0,1,0,1.0,1.0,4,4,0.0,3,2,4.0,2.0,3.0,2.0,0.0,3.0,2.0,1,1
4.0,4.0,1,1,0,0.0,0.0,3,1,0.0,2,1,1.0,5.0,1.0,1.0,1.0,4.0,1.0,1,0
5.0,3.0,1,1,0,0.0,0.0,2,2,0.0,5,4,2.0,5.0,5.0,3.0,1.0,4.0,1.0,1,1
1.0,4.0,1,0,0,0.0,0.0,3,3,0.0,3,1,3.0,5.0,2.0,2.0,1.0,1.0,2.0,0,0
1.0,0.0,1,0,0,0.0,0.0,5,3,0.0,2,4,2.0,3.0,2.0,2.0,0.0,1.0,1.0,0,0
3.0,3.0,1,0,0,1.0,0.0,1,1,0.0,1,2,3.0,2.0,3.0,1.0,1.0,1.0,1.0,0,0
1.0,1.0,1,0,0,1.0,0.0,5,1,3.0,5,5,5.0,5.0,5.0,3.0,0.0,1.0,2.0,0,1
1.0,1.0,1,0,0,0.0,0.0,3,5,0.0,1,2,1.0,1.0,1.0,1.0,0.0,1.0,3.0,0,1
5.0,4.0,1,0,0,1.0,0.0,5,2,0.0,2,3,2.0,5.0,5.0,3.0,1.0,2.0,3.0,0,0
3.0,3.0,1,0,0,0.0,0.0,5,5,0.0,5,1,1.0,2.0,1.0,2.0,1.0,1.0,3.0,0,1
6.0,4.0,1,1,0,0.0,0.0,4,2,0.0,3,3,2.0,2.0,3.0,2.0,1.0,2.0,2.0,0,1
3.0,4.0,0,0,0,0.0,1.0,4,4,0.0,1,1,3.0,4.0,3.0,2.0,0.0,1.0,3.0,0,0
1.0,0.0,1,0,0,0.0,0.0,5,1,0.0,1,1,1.0,1.0,1.0,1.0,0.0,1.0,3.0,0,0
4.0,3.0,1,1,0,0.0,0.0,3,1,0.0,2,3,1.0,5.0,5.0,3.0,1.0,2.0,2.0,1,0
7.0,0.0,0,0,0,0.0,0.0,5,2,0.0,2,2,5.0,2.0,3.0,2.0,1.0,2.0,3.0,0,1
4.0,4.0,1,1,1,1.0,1.0,5,5,3.0,4,2,1.0,1.0,1.0,3.0,0.0,2.0,3.0,1,1
5.0,2.0,0,1,0,0.0,0.0,3,1,0.0,5,3,4.0,5.0,3.0,2.0,2.0,3.0,2.0,0,1
9.0,4.0,0,0,0,0.0,1.0,3,3,0.0,1,2,2.0,2.0,2.0,3.0,1.0,5.0,2.0,0,1
1.0,0.0,1,0,0,0.0,0.0,3,4,0.0,1,1,4.0,4.0,4.0,2.0,2.0,3.0,2.0,1,1
5.0,1.0,1,1,0,0.0,0.0,3,4,0.0,4,4,1.0,1.0,4.0,2.0,1.0,3.0,1.0,0,1
3.0,4.0,1,0,0,0.0,0.0,5,4,0.0,1,1,4.0,1.0,1.0,1.0,0.0,2.0,3.0,1,0
4.0,0.0,1,0,0,1.0,1.0,3,1,0.0,4,4,5.0,5.0,5.0,2.0,1.0,2.0,2.0,1,1
3.0,1.0,0,1,0,0.0,0.0,3,2,0.0,3,5,2.0,1.0,3.0,5.0,1.0,2.0,2.0,0,0
6.0,4.0,1,1,1,0.0,0.0,1,1,0.0,4,4,5.0,4.0,1.0,5.0,1.0,5.0,1.0,1,1
8.0,0.0,0,1,0,1.0,0.0,4,3,0.0,2,3,3.0,1.0,3.0,5.0,0.0,5.0,3.0,1,1
2.0,0.0,1,0,0,0.0,0.0,5,1,0.0,1,1,1.0,5.0,1.0,2.0,1.0,2.0,2.0,0,0
7.0,2.0,1,0,0,1.0,0.0,1,4,0.0,2,1,1.0,5.0,3.0,3.0,1.0,5.0,2.0,1,1
4.0,4.0,0,1,0,0.0,0.0,1,1,0.0,1,5,4.0,5.0,5.0,1.0,2.0,1.0,1.0,0,1
5.0,3.0,1,0,0,1.0,1.0,4,4,0.0,1,1,3.0,4.0,1.0,4.0,0.0,1.0,3.0,0,0
5.0,0.0,1,1,0,0.0,0.0,3,3,0.0,4,3,4.0,3.0,4.0,2.0,0.0,1.0,3.0,0,1
5.0,3.0,0,1,0,0.0,0.0,4,2,0.0,1,3,2.0,2.0,4.0,3.0,1.0,1.0,2.0,0,0
4.0,2.0,1,1,0,0.0,0.0,5,1,0.0,4,4,1.0,1.0,1.0,2.0,0.0,2.0,3.0,1,0
6.0,4.0,1,1,1,0.0,0.0,5,5,1.0,2,1,1.0,2.0,1.0,3.0,1.0,2.0,2.0,1,0
3.0,0.0,1,0,0,1.0,0.0,3,5,1.0,2,4,5.0,4.0,5.0,1.0,1.0,1.0,2.0,0,0
3.0,0.0,1,0,0,0.0,0.0,5,3,0.0,2,1,2.0,1.0,1.0,1.0,1.0,2.0,2.0,0,1
2.0,0.0,1,0,0,0.0,0.0,5,1,0.0,1,2,1.0,1.0,5.0,1.0,1.0,2.0,2.0,0,0
1.0,4.0,1,0,0,0.0,0.0,4,3,0.0,4,5,1.0,3.0,3.0,1.0,2.0,2.0,2.0,0,0
6.0,3.0,1,1,0,0.0,0.0,4,3,0.0,2,3,3.0,3.0,3.0,2.0,0.0,3.0,2.0,0,1
4.0,4.0,1,0,0,1.0,0.0,1,1,0.0,2,5,4.0,5.0,4.0,2.0,2.0,1.0,2.0,1,1
5.0,3.0,0,1,0,1.0,0.0,3,4,0.0,4,4,5.0,5.0,4.0,3.0,2.0,1.0,2.0,1,1
5.0,3.0,0,0,0,1.0,0.0,4,3,0.0,2,2,3.0,3.0,3.0,2.0,1.0,1.0,3.0,1,0
4.0,4.0,1,0,1,1.0,1.0,3,1,0.0,4,3,5.0,5.0,5.0,5.0,1.0,1.0,1.0,1,0
3.0,4.0,1,0,0,1.0,0.0,2,1,1.0,4,1,4.0,5.0,5.0,3.0,0.0,2.0,1.0,0,0
3.0,0.0,1,0,0,1.0,1.0,4,1,0.0,3,3,3.0,3.0,2.0,2.0,2.0,2.0,2.0,1,1
5.0,2.0,1,1,0,1.0,1.0,3,1,0.0,3,4,3.0,3.0,3.0,4.0,2.0,2.0,2.0,1,1
4.0,4.0,0,0,0,0.0,0.0,3,2,0.0,3,5,3.0,1.0,4.0,2.0,1.0,3.0,3.0,1,1
4.0,0.0,0,1,0,1.0,0.0,3,1,0.0,5,5,1.0,3.0,3.0,5.0,1.0,4.0,3.0,1,0
3.0,4.0,0,1,0,1.0,0.0,3,1,0.0,3,2,3.0,3.0,2.0,5.0,1.0,4.0,3.0,0,0
4.0,2.0,1,0,0,0.0,0.0,4,5,0.0,1,1,1.0,1.0,1.0,1.0,1.0,2.0,3.0,1,1
3.0,3.0,0,0,0,1.0,0.0,5,5,0.0,3,1,3.0,3.0,1.0,2.0,1.0,1.0,3.0,0,0
6.0,3.0,1,1,0,1.0,0.0,3,1,0.0,4,3,5.0,5.0,5.0,2.0,1.0,2.0,1.0,0,1
4.0,4.0,1,1,0,1.0,0.0,5,4,0.0,1,3,1.0,1.0,1.0,3.0,1.0,2.0,3.0,1,0
5.0,3.0,0,1,0,1.0,1.0,1,1,0.0,5,3,5.0,5.0,5.0,5.0,2.0,2.0,2.0,1,1
5.0,4.0,1,0,0,0.0,1.0,3,1,3.0,3,5,3.0,4.0,4.0,2.0,0.0,2.0,2.0,1,1
5.0,1.0,1,0,0,0.0,0.0,3,1,0.0,4,5,5.0,5.0,5.0,5.0,2.0,2.0,2.0,1,1
7.0,2.0,1,1,1,1.0,1.0,3,3,1.0,5,2,2.0,5.0,4.0,3.0,2.0,2.0,1.0,0,0
4.0,0.0,0,1,0,1.0,0.0,4,4,0.0,3,1,2.0,3.0,3.0,2.0,1.0,1.0,3.0,1,1
2.0,3.0,0,1,0,0.0,0.0,3,1,0.0,2,1,1.0,5.0,3.0,2.0,2.0,2.0,3.0,0,0
7.0,4.0,1,1,0,1.0,0.0,3,1,1.0,3,5,4.0,4.0,4.0,4.0,2.0,1.0,2.0,0,0
6.0,2.0,1,0,0,1.0,1.0,2,1,0.0,1,2,4.0,4.0,3.0,4.0,1.0,3.0,3.0,1,0
9.0,4.0,1,1,0,1.0,1.0,4,1,0.0,5,4,3.0,5.0,5.0,3.0,2.0,4.0,1.0,1,0
4.0,3.0,0,1,0,1.0,1.0,1,5,1.0,3,4,5.0,5.0,4.0,2.0,2.0,3.0,1.0,0,1
6.0,4.0,0,1,0,1.0,1.0,1,1,0.0,4,1,5.0,5.0,5.0,4.0,1.0,3.0,2.0,0,1
7.0,0.0,0,0,0,0.0,0.0,3,1,0.0,3,3,2.0,5.0,3.0,3.0,2.0,3.0,3.0,0,0
4.0,4.0,0,0,0,0.0,0.0,1,1,0.0,4,4,5.0,5.0,5.0,3.0,2.0,4.0,2.0,1,0
7.0,1.0,1,1,1,1.0,1.0,1,1,0.0,4,4,1.0,5.0,5.0,5.0,1.0,3.0,1.0,1,1
2.0,1.0,1,0,0,0.0,0.0,5,3,0.0,5,4,1.0,5.0,2.0,1.0,0.0,1.0,3.0,0,0
6.0,2.0,1,0,0,0.0,0.0,5,4,0.0,3,2,5.0,4.0,4.0,2.0,1.0,2.0,1.0,1,1
6.0,4.0,1,0,0,1.0,0.0,5,3,0.0,3,1,3.0,3.0,2.0,5.0,0.0,1.0,3.0,1,0
10.0,0.0,1,1,1,1.0,1.0,1,2,3.0,5,5,5.0,5.0,5.0,5.0,2.0,2.0,1.0,1,1
3.0,3.0,1,1,0,1.0,0.0,3,3,0.0,1,3,1.0,5.0,3.0,2.0,1.0,2.0,3.0,0,1
8.0,4.0,1,1,0,0.0,0.0,3,2,0.0,3,3,4.0,3.0,3.0,2.0,2.0,2.0,3.0,1,0
2.0,0.0,1,0,0,0.0,0.0,5,1,0.0,1,1,5.0,5.0,1.0,1.0,1.0,1.0,2.0,1,0
6.0,1.0,1,0,0,1.0,0.0,2,1,0.0,3,2,3.0,1.0,3.0,2.0,2.0,2.0,3.0,0,1
3.0,4.0,1,1,0,0.0,0.0,2,1,0.0,3,2,3.0,2.0,3.0,2.0,2.0,2.0,2.0,1,1
3.0,3.0,1,0,0,0.0,0.0,3,1,0.0,3,3,1.0,5.0,3.0,2.0,1.0,2.0,3.0,0,0
6.0,4.0,1,0,1,1.0,1.0,3,2,3.0,3,1,5.0,5.0,5.0,3.0,1.0,3.0,2.0,1,0
7.0,4.0,1,1,1,1.0,1.0,4,1,0.0,4,2,5.0,5.0,3.0,2.0,2.0,3.0,2.0,0,0
4.0,4.0,1,0,0,1.0,1.0,3,2,0.0,3,3,4.0,5.0,5.0,2.0,0.0,2.0,2.0,0,0
4.0,0.0,1,1,0,0.0,0.0,2,1,0.0,2,1,1.0,5.0,5.0,5.0,2.0,2.0,1.0,1,1
3.0,4.0,1,0,0,0.0,0.0,4,2,0.0,3,1,1.0,2.0,3.0,2.0,1.0,3.0,2.0,1,0
1.0,0.0,1,0,0,0.0,0.0,5,5,0.0,1,1,1.0,1.0,1.0,2.0,0.0,3.0,3.0,0,1
5.0,4.0,1,0,0,0.0,0.0,5,1,0.0,2,2,5.0,1.0,1.0,2.0,0.0,3.0,2.0,0,1
5.0,3.0,1,1,0,0.0,1.0,4,1,0.0,2,5,3.0,3.0,5.0,2.0,2.0,1.0,3.0,1,1
3.0,4.0,1,0,1,0.0,0.0,3,3,3.0,2,1,1.0,2.0,1.0,1.0,1.0,1.0,1.0,0,0
2.0,1.0,1,0,0,0.0,1.0,3,1,0.0,1,5,1.0,5.0,5.0,2.0,1.0,1.0,1.0,0,1
4.0,2.0,0,1,0,0.0,0.0,5,1,0.0,1,1,3.0,3.0,1.0,1.0,0.0,2.0,2.0,1,0
2.0,4.0,1,0,0,0.0,0.0,5,2,0.0,4,5,2.0,1.0,3.0,1.0,1.0,3.0,2.0,0,0
3.0,0.0,0,0,0,0.0,0.0,5,5,1.0,2,3,1.0,5.0,2.0,3.0,0.0,2.0,1.0,0,1
2.0,0.0,0,1,0,0.0,0.0,4,1,0.0,3,2,3.0,5.0,4.0,3.0,0.0,4.0,1.0,0,1
1.0,2.0,1,1,0,0.0,0.0,3,4,0.0,4,4,5.0,5.0,1.0,2.0,1.0,2.0,1.0,1,1
5.0,1.0,0,0,0,0.0,0.0,1,1,0.0,4,4,5.0,5.0,5.0,2.0,2.0,2.0,2.0,1,1
4.0,3.0,0,0,0,1.0,1.0,4,1,0.0,2,3,3.0,5.0,4.0,4.0,1.0,1.0,2.0,0,1
7.0,1.0,1,1,0,1.0,1.0,1,1,0.0,1,4,5.0,5.0,5.0,2.0,2.0,4.0,1.0,1,1
9.0,3.0,0,1,0,0.0,0.0,1,1,0.0,4,4,5.0,5.0,5.0,2.0,2.0,3.0,1.0,0,1
3.0,3.0,1,0,0,0.0,0.0,5,1,0.0,1,1,1.0,5.0,1.0,1.0,0.0,2.0,3.0,0,0
10.0,4.0,1,1,0,1.0,0.0,3,1,3.0,1,1,3.0,5.0,3.0,2.0,2.0,2.0,1.0,0,1
4.0,3.0,0,1,0,1.0,0.0,3,3,0.0,4,4,5.0,5.0,5.0,2.0,2.0,3.0,3.0,0,1
5.0,4.0,1,0,0,0.0,0.0,5,1,0.0,2,1,5.0,5.0,1.0,1.0,2.0,1.0,3.0,0,0
7.0,0.0,1,1,0,1.0,0.0,5,3,0.0,2,1,1.0,5.0,3.0,2.0,2.0,3.0,3.0,1,0
6.0,4.0,1,1,0,1.0,0.0,3,3,0.0,2,3,3.0,3.0,3.0,3.0,1.0,3.0,2.0,0,0
5.0,4.0,1,0,0,1.0,0.0,3,1,0.0,3,2,5.0,5.0,5.0,5.0,2.0,3.0,3.0,0,0
5.0,2.0,1,1,0,0.0,0.0,1,1,0.0,2,3,5.0,3.0,5.0,2.0,1.0,2.0,2.0,1,1
5.0,4.0,1,1,0,0.0,1.0,3,1,0.0,5,2,5.0,1.0,4.0,4.0,2.0,3.0,3.0,1,1
1.0,4.0,1,0,0,0.0,1.0,4,1,0.0,1,2,1.0,5.0,1.0,1.0,0.0,2.0,3.0,0,0
5.0,4.0,1,1,0,1.0,0.0,3,1,0.0,2,3,3.0,4.0,5.0,2.0,1.0,2.0,2.0,0,1
2.0,2.0,1,1,0,0.0,0.0,1,1,0.0,4,5,3.0,1.0,5.0,5.0,2.0,2.0,2.0,0,0
3.0,0.0,1,0,0,0.0,0.0,5,4,0.0,4,1,1.0,2.0,2.0,1.0,1.0,2.0,3.0,1,0
4.0,4.0,0,1,1,1.0,0.0,1,1,0.0,1,4,5.0,1.0,5.0,5.0,0.0,6.0,2.0,1,0
7.0,3.0,1,1,0,0.0,0.0,3,2,0.0,3,5,5.0,5.0,5.0,4.0,1.0,5.0,1.0,1,1
6.0,3.0,1,1,0,1.0,0.0,4,3,0.0,5,3,1.0,5.0,5.0,4.0,1.0,2.0,2.0,0,1
10.0,3.0,1,0,1,1.0,0.0,4,4,0.0,2,3,4.0,4.0,2.0,5.0,1.0,2.0,3.0,0,1
7.0,1.0,1,1,1,1.0,1.0,2,3,0.0,5,5,5.0,5.0,4.0,2.0,2.0,2.0,1.0,1,1
4.0,2.0,1,0,0,0.0,0.0,5,5,0.0,2,1,5.0,4.0,5.0,2.0,1.0,2.0,3.0,0,1
10.0,4.0,1,1,1,1.0,1.0,2,1,0.0,5,3,5.0,4.0,3.0,4.0,2.0,2.0,2.0,0,1
4.0,3.0,0,0,0,0.0,0.0,4,1,0.0,2,2,3.0,5.0,4.0,2.0,0.0,2.0,3.0,1,1
8.0,3.0,1,1,0,0.0,0.0,2,3,3.0,2,1,5.0,5.0,5.0,2.0,1.0,2.0,1.0,1,1
7.0,3.0,1,1,0,0.0,0.0,3,5,0.0,5,4,2.0,5.0,1.0,1.0,0.0,2.0,2.0,1,1
4.0,3.0,1,1,0,0.0,0.0,5,4,0.0,5,1,5.0,1.0,1.0,2.0,0.0,1.0,3.0,1,0
2.0,4.0,0,0,0,0.0,0.0,3,1,0.0,5,1,5.0,5.0,3.0,0.0,0.0,1.0,3.0,0,0
5.0,0.0,1,0,0,0.0,0.0,5,3,0.0,2,3,5.0,5.0,1.0,1.0,1.0,2.0,3.0,0,0
5.0,1.0,1,0,0,0.0,0.0,4,4,0.0,1,1,5.0,3.0,1.0,2.0,0.0,2.0,3.0,0,1
5.0,3.0,1,0,0,0.0,0.0,1,1,0.0,5,2,3.0,3.0,3.0,2.0,1.0,2.0,3.0,0,1
4.0,1.0,1,0,0,0.0,0.0,2,1,0.0,5,2,5.0,5.0,5.0,2.0,2.0,3.0,2.0,0,0
2.0,0.0,1,0,0,0.0,0.0,4,2,0.0,2,1,1.0,1.0,1.0,2.0,2.0,2.0,3.0,1,0
5.0,3.0,1,1,0,0.0,0.0,4,4,1.0,3,2,5.0,4.0,4.0,3.0,1.0,2.0,3.0,1,1
3.0,0.0,1,0,0,0.0,0.0,5,3,0.0,2,1,1.0,2.0,5.0,2.0,1.0,2.0,2.0,0,0
6.0,4.0,1,0,0,1.0,0.0,1,1,0.0,3,2,5.0,5.0,5.0,1.0,0.0,2.0,2.0,0,1
1.0,4.0,1,0,0,0.0,0.0,5,5,0.0,5,2,3.0,3.0,4.0,1.0,0.0,3.0,3.0,0,0
3.0,0.0,1,0,0,0.0,0.0,5,1,0.0,2,5,5.0,4.0,5.0,2.0,0.0,3.0,3.0,0,0
6.0,4.0,1,0,0,1.0,0.0,2,1,0.0,4,4,5.0,5.0,5.0,4.0,1.0,3.0,1.0,1,0
3.0,4.0,1,0,0,1.0,1.0,2,1,0.0,3,3,5.0,5.0,5.0,3.0,0.0,2.0,2.0,0,0
4.0,4.0,1,0,0,0.0,0.0,4,3,0.0,3,1,1.0,5.0,5.0,1.0,1.0,2.0,3.0,1,0
3.0,4.0,0,0,0,0.0,0.0,2,1,1.0,5,3,5.0,5.0,5.0,2.0,1.0,1.0,1.0,0,0
2.0,0.0,1,0,0,0.0,0.0,4,1,0.0,2,2,2.0,4.0,3.0,3.0,1.0,2.0,3.0,1,0
2.0,4.0,1,0,0,0.0,0.0,4,4,0.0,5,4,3.0,2.0,1.0,3.0,1.0,1.0,3.0,0,0
2.0,2.0,0,0,0,0.0,0.0,3,1,0.0,3,4,4.0,4.0,1.0,3.0,1.0,1.0,2.0,0,1
1.0,3.0,1,0,0,0.0,0.0,5,1,0.0,2,1,4.0,2.0,5.0,1.0,1.0,1.0,2.0,0,0
2.0,0.0,0,0,0,0.0,0.0,5,1,0.0,1,4,1.0,5.0,4.0,2.0,0.0,1.0,2.0,0,0
4.0,0.0,1,0,0,0.0,0.0,2,1,0.0,3,4,5.0,5.0,4.0,3.0,2.0,1.0,1.0,0,1
1.0,0.0,0,0,0,0.0,0.0,1,1,0.0,2,2,1.0,5.0,1.0,2.0,0.0,1.0,2.0,0,0
3.0,4.0,0,0,0,0.0,0.0,5,5,1.0,1,3,4.0,1.0,2.0,3.0,0.0,1.0,3.0,0,0
1.0,2.0,1,0,0,0.0,0.0,4,1,0.0,2,3,4.0,5.0,5.0,2.0,1.0,1.0,1.0,1,0
2.0,4.0,1,0,0,0.0,0.0,5,5,0.0,5,1,4.0,2.0,3.0,1.0,2.0,1.0,3.0,0,0
3.0,3.0,0,0,0,0.0,0.0,3,3,0.0,2,1,1.0,2.0,1.0,3.0,1.0,1.0,3.0,0,0
5.0,4.0,1,0,0,0.0,0.0,2,1,0.0,3,5,3.0,1.0,4.0,5.0,2.0,2.0,1.0,1,1
5.0,1.0,1,0,0,0.0,0.0,5,5,0.0,3,4,5.0,5.0,1.0,1.0,1.0,3.0,3.0,0,1
6.0,3.0,1,1,0,1.0,0.0,4,2,0.0,3,3,3.0,3.0,2.0,2.0,2.0,3.0,3.0,0,1
1.0,0.0,1,0,0,0.0,0.0,2,1,0.0,3,3,5.0,5.0,5.0,0.0,1.0,2.0,1.0,1,0
4.0,3.0,1,0,0,0.0,0.0,5,1,0.0,1,1,1.0,1.0,1.0,1.0,0.0,3.0,2.0,0,1
2.0,4.0,1,1,1,1.0,1.0,2,1,0.0,4,4,5.0,5.0,5.0,5.0,0.0,3.0,2.0,1,0
10.0,4.0,1,1,0,0.0,1.0,2,1,0.0,3,3,5.0,5.0,5.0,5.0,2.0,3.0,1.0,1,1
3.0,4.0,1,0,0,0.0,0.0,4,2,0.0,1,4,1.0,5.0,5.0,1.0,1.0,3.0,2.0,1,0
6.0,0.0,1,0,0,1.0,0.0,5,1,0.0,3,1,5.0,5.0,5.0,5.0,2.0,2.0,2.0,0,0
5.0,4.0,1,0,0,0.0,0.0,5,1,0.0,2,5,1.0,1.0,1.0,1.0,1.0,2.0,3.0,1,0
8.0,2.0,1,1,1,1.0,1.0,1,1,1.0,5,4,5.0,5.0,5.0,6.0,1.0,2.0,1.0,1,1
3.0,4.0,1,0,0,0.0,0.0,3,4,0.0,3,1,3.0,1.0,3.0,2.0,1.0,2.0,2.0,1,0
4.0,2.0,0,0,0,0.0,0.0,2,1,0.0,3,1,2.0,4.0,4.0,3.0,2.0,2.0,3.0,1,1
7.0,4.0,1,0,0,1.0,1.0,3,1,1.0,3,3,4.0,4.0,5.0,5.0,0.0,1.0,1.0,1,1
5.0,0.0,1,1,0,0.0,0.0,3,3,0.0,4,3,5.0,5.0,4.0,2.0,2.0,1.0,3.0,0,0
4.0,3.0,1,0,0,0.0,0.0,5,3,0.0,2,5,2.0,1.0,1.0,1.0,0.0,2.0,2.0,1,0
6.0,4.0,1,0,0,0.0,0.0,5,5,1.0,3,3,1.0,5.0,5.0,2.0,2.0,2.0,2.0,0,0
8.0,0.0,1,1,1,1.0,1.0,2,3,0.0,5,5,5.0,5.0,5.0,5.0,1.0,3.0,1.0,1,1
9.0,4.0,1,0,0,1.0,1.0,1,3,1.0,4,4,3.0,1.0,1.0,2.0,2.0,3.0,1.0,1,1
5.0,0.0,1,1,0,1.0,1.0,4,2,1.0,2,4,2.0,5.0,4.0,2.0,2.0,3.0,1.0,1,1
2.0,4.0,0,0,0,0.0,0.0,5,1,0.0,1,2,1.0,5.0,4.0,1.0,1.0,3.0,3.0,0,0
2.0,3.0,0,0,0,0.0,0.0,5,5,0.0,5,5,5.0,2.0,4.0,2.0,0.0,2.0,2.0,0,1
4.0,0.0,0,0,0,0.0,0.0,3,1,0.0,2,1,3.0,4.0,3.0,2.0,1.0,2.0,2.0,0,1
6.0,0.0,1,0,0,0.0,0.0,2,1,0.0,4,5,4.0,5.0,5.0,2.0,2.0,2.0,1.0,0,1
1.0,4.0,0,0,0,0.0,0.0,3,1,0.0,1,1,5.0,5.0,1.0,2.0,0.0,2.0,3.0,1,0
5.0,4.0,1,1,0,0.0,0.0,3,1,0.0,5,4,4.0,5.0,5.0,2.0,2.0,2.0,3.0,1,1
1.0,4.0,1,1,0,0.0,0.0,2,1,0.0,2,3,1.0,1.0,1.0,3.0,1.0,1.0,3.0,0,0
4.0,0.0,1,0,0,0.0,0.0,3,5,0.0,2,2,5.0,5.0,4.0,2.0,0.0,2.0,2.0,0,0
2.0,0.0,1,0,0,0.0,0.0,4,5,0.0,1,1,1.0,1.0,1.0,2.0,0.0,3.0,3.0,0,0
1.0,1.0,1,0,0,0.0,0.0,1,1,0.0,1,1,5.0,5.0,5.0,1.0,0.0,3.0,3.0,0,0
7.0,4.0,1,0,1,1.0,1.0,4,3,3.0,3,2,4.0,2.0,3.0,3.0,1.0,3.0,2.0,0,0
4.0,4.0,1,0,0,0.0,0.0,3,1,0.0,3,5,1.0,3.0,1.0,2.0,0.0,3.0,2.0,1,1
7.0,3.0,1,1,1,1.0,1.0,3,2,1.0,2,3,5.0,4.0,3.0,3.0,1.0,3.0,3.0,1,0
7.0,4.0,1,1,0,1.0,0.0,3,3,0.0,4,2,4.0,4.0,4.0,3.0,1.0,3.0,3.0,1,1
8.0,4.0,1,1,0,1.0,0.0,3,1,0.0,3,3,3.0,5.0,3.0,5.0,0.0,3.0,3.0,0,0
7.0,0.0,1,1,0,0.0,0.0,2,2,0.0,3,2,5.0,4.0,4.0,2.0,1.0,2.0,2.0,1,0
4.0,0.0,0,1,0,1.0,1.0,3,3,0.0,1,1,1.0,5.0,3.0,3.0,1.0,3.0,3.0,0,0
6.0,0.0,0,1,0,0.0,0.0,2,2,0.0,5,5,4.0,4.0,4.0,2.0,1.0,3.0,1.0,1,0
8.0,4.0,1,0,0,1.0,1.0,3,3,3.0,3,3,5.0,3.0,3.0,4.0,2.0,3.0,1.0,0,1
8.0,4.0,1,0,0,1.0,0.0,1,3,1.0,5,3,1.0,4.0,4.0,3.0,2.0,3.0,1.0,1,1
4.0,4.0,1,0,0,1.0,1.0,3,3,0.0,1,2,5.0,5.0,1.0,2.0,1.0,3.0,2.0,0,1
7.0,4.0,1,1,0,1.0,1.0,2,2,0.0,5,3,4.0,4.0,4.0,5.0,1.0,3.0,1.0,1,1
2.0,0.0,1,0,0,1.0,0.0,3,3,0.0,5,4,4.0,5.0,4.0,3.0,0.0,3.0,2.0,1,0
3.0,1.0,0,0,0,1.0,0.0,2,3,0.0,4,3,5.0,4.0,5.0,2.0,2.0,3.0,1.0,0,1
6.0,4.0,1,1,1,1.0,1.0,3,1,3.0,3,3,5.0,5.0,4.0,5.0,1.0,2.0,2.0,1,0
7.0,0.0,1,1,1,1.0,1.0,3,1,3.0,4,1,3.0,4.0,5.0,6.0,1.0,3.0,1.0,1,1
3.0,1.0,1,0,0,1.0,0.0,5,5,0.0,5,2,1.0,5.0,5.0,2.0,0.0,3.0,2.0,1,1
9.0,3.0,1,1,1,1.0,0.0,3,5,0.0,4,4,5.0,5.0,5.0,5.0,2.0,3.0,2.0,1,1
5.0,0.0,0,1,0,1.0,1.0,4,1,0.0,3,2,5.0,5.0,3.0,2.0,1.0,1.0,1.0,1,1
1.0,4.0,1,0,0,0.0,0.0,5,1,0.0,3,2,3.0,5.0,2.0,2.0,1.0,2.0,2.0,1,0
1.0,4.0,0,1,0,1.0,1.0,5,1,0.0,2,2,5.0,2.0,4.0,3.0,0.0,3.0,1.0,1,1
4.0,2.0,0,1,0,0.0,0.0,4,3,0.0,4,5,4.0,4.0,5.0,3.0,0.0,2.0,3.0,1,0
2.0,4.0,1,1,0,0.0,0.0,5,5,0.0,2,4,1.0,1.0,1.0,2.0,1.0,3.0,3.0,0,0
4.0,3.0,0,0,0,0.0,0.0,5,3,0.0,1,1,1.0,5.0,3.0,2.0,0.0,3.0,3.0,0,0
6.0,3.0,1,0,0,0.0,0.0,5,4,0.0,4,4,5.0,5.0,5.0,2.0,1.0,4.0,3.0,0,1
6.0,4.0,1,1,0,0.0,0.0,5,5,0.0,3,1,5.0,1.0,1.0,4.0,1.0,5.0,3.0,0,0
6.0,4.0,0,0,0,0.0,0.0,2,1,0.0,3,5,4.0,5.0,5.0,3.0,0.0,5.0,1.0,0,0
7.0,4.0,1,1,1,1.0,1.0,1,1,0.0,5,1,2.0,5.0,4.0,4.0,1.0,5.0,1.0,0,1
6.0,4.0,1,1,0,0.0,0.0,1,1,0.0,4,4,5.0,5.0,1.0,2.0,0.0,5.0,1.0,1,0
5.0,4.0,1,1,0,0.0,0.0,1,1,0.0,3,4,5.0,5.0,5.0,5.0,0.0,5.0,1.0,1,0
8.0,2.0,1,1,0,0.0,0.0,1,3,0.0,3,2,4.0,5.0,4.0,2.0,2.0,3.0,2.0,1,1
4.0,3.0,1,0,1,1.0,0.0,2,1,0.0,3,4,5.0,5.0,5.0,2.0,1.0,2.0,2.0,1,1
6.0,4.0,1,1,0,0.0,0.0,4,3,0.0,2,3,4.0,5.0,4.0,4.0,1.0,3.0,2.0,1,0
6.0,1.0,1,1,1,0.0,1.0,3,2,0.0,3,2,5.0,5.0,4.0,2.0,2.0,3.0,2.0,0,1
4.0,3.0,0,1,0,1.0,1.0,4,4,0.0,2,1,5.0,5.0,3.0,2.0,2.0,3.0,3.0,0,0
7.0,2.0,1,1,0,1.0,1.0,1,1,0.0,4,4,3.0,4.0,5.0,2.0,1.0,3.0,1.0,1,1
4.0,1.0,0,0,0,0.0,0.0,5,5,0.0,1,1,3.0,1.0,1.0,2.0,0.0,3.0,3.0,0,0
4.0,1.0,1,0,0,0.0,0.0,3,2,0.0,3,3,1.0,5.0,1.0,1.0,1.0,2.0,2.0,1,1
5.0,3.0,1,0,0,0.0,0.0,4,2,0.0,1,1,2.0,1.0,1.0,1.0,1.0,1.0,1.0,0,0
4.0,3.0,1,0,0,1.0,0.0,4,4,0.0,2,1,5.0,5.0,5.0,1.0,1.0,2.0,2.0,1,0
9.0,4.0,1,1,0,0.0,0.0,4,2,0.0,1,2,4.0,5.0,5.0,2.0,1.0,3.0,3.0,0,0
2.0,2.0,1,1,0,1.0,0.0,3,3,0.0,3,3,3.0,4.0,3.0,3.0,1.0,3.0,1.0,1,1
5.0,3.0,0,0,1,0.0,0.0,3,5,1.0,2,3,4.0,2.0,4.0,2.0,0.0,3.0,3.0,0,1
3.0,0.0,1,1,0,0.0,0.0,4,5,0.0,3,3,3.0,2.0,2.0,3.0,1.0,3.0,2.0,1,1
7.0,4.0,1,1,0,1.0,1.0,1,1,0.0,3,1,5.0,5.0,5.0,2.0,1.0,3.0,1.0,0,1
4.0,0.0,0,0,0,0.0,0.0,3,1,0.0,3,2,5.0,4.0,5.0,2.0,2.0,3.0,1.0,1,1
9.0,4.0,1,1,1,1.0,1.0,3,1,0.0,2,1,5.0,5.0,1.0,6.0,2.0,3.0,2.0,0,0
6.0,3.0,1,0,1,1.0,1.0,3,1,3.0,4,4,2.0,5.0,5.0,2.0,2.0,3.0,1.0,1,1
9.0,1.0,0,1,0,0.0,0.0,1,1,0.0,4,3,5.0,5.0,5.0,2.0,2.0,3.0,3.0,0,1
3.0,4.0,1,0,0,1.0,0.0,3,2,0.0,4,4,3.0,4.0,4.0,2.0,0.0,1.0,2.0,1,1
1.0,2.0,1,0,0,0.0,0.0,3,5,1.0,4,3,2.0,5.0,5.0,1.0,0.0,1.0,3.0,0,0
6.0,3.0,1,1,0,0.0,0.0,3,1,0.0,4,4,5.0,5.0,3.0,2.0,2.0,1.0,2.0,1,1
6.0,0.0,1,0,0,0.0,0.0,3,3,0.0,2,3,5.0,4.0,4.0,2.0,2.0,2.0,3.0,1,0
8.0,0.0,1,1,0,0.0,0.0,2,1,0.0,4,3,5.0,5.0,5.0,4.0,2.0,3.0,2.0,1,1
2.0,0.0,1,1,0,1.0,1.0,2,1,0.0,3,3,3.0,4.0,3.0,3.0,1.0,2.0,2.0,1,0
4.0,2.0,0,1,0,0.0,0.0,3,4,0.0,1,1,4.0,4.0,4.0,2.0,2.0,1.0,2.0,0,1
4.0,2.0,1,1,0,1.0,1.0,5,4,3.0,3,2,2.0,3.0,2.0,2.0,1.0,2.0,2.0,1,1
2.0,1.0,1,0,0,0.0,0.0,3,1,0.0,2,2,4.0,4.0,3.0,1.0,1.0,2.0,1.0,1,0
2.0,3.0,0,0,0,0.0,0.0,2,5,0.0,4,1,1.0,5.0,5.0,1.0,0.0,1.0,1.0,1,0
3.0,1.0,1,0,0,1.0,1.0,3,1,0.0,4,5,4.0,4.0,4.0,3.0,2.0,1.0,3.0,0,1
1.0,0.0,1,0,0,0.0,0.0,3,1,0.0,5,5,3.0,1.0,1.0,1.0,0.0,2.0,2.0,0,1
1.0,4.0,1,0,0,0.0,0.0,4,4,0.0,3,1,2.0,5.0,1.0,4.0,0.0,1.0,3.0,0,0
3.0,3.0,1,0,0,0.0,1.0,4,1,0.0,1,4,3.0,2.0,5.0,2.0,1.0,2.0,1.0,0,1
1.0,0.0,0,0,0,0.0,0.0,2,5,0.0,4,1,2.0,1.0,2.0,4.0,0.0,2.0,1.0,0,1
8.0,4.0,1,1,1,1.0,1.0,1,1,3.0,4,4,5.0,5.0,5.0,4.0,1.0,2.0,1.0,1,1
1.0,4.0,1,0,0,0.0,0.0,2,2,0.0,2,5,5.0,5.0,5.0,1.0,0.0,2.0,1.0,0,1
1.0,4.0,1,0,0,0.0,0.0,5,3,0.0,1,1,1.0,1.0,1.0,1.0,0.0,2.0,3.0,0,0
2.0,3.0,1,0,0,0.0,0.0,4,1,0.0,2,1,2.0,1.0,1.0,1.0,0.0,2.0,2.0,0,0
1.0,4.0,1,1,0,1.0,0.0,5,5,0.0,4,4,3.0,1.0,5.0,2.0,1.0,3.0,1.0,1,1
2.0,1.0,1,0,0,0.0,0.0,3,2,0.0,2,5,5.0,5.0,4.0,3.0,1.0,2.0,3.0,0,0
5.0,4.0,1,1,1,1.0,1.0,3,1,1.0,3,2,3.0,3.0,2.0,3.0,2.0,2.0,3.0,0,1
2.0,4.0,1,0,0,0.0,0.0,3,3,0.0,5,5,4.0,5.0,4.0,2.0,1.0,3.0,2.0,1,1
4.0,0.0,1,1,0,1.0,0.0,3,3,0.0,3,3,5.0,3.0,4.0,3.0,1.0,2.0,1.0,1,1
5.0,4.0,1,1,0,0.0,0.0,3,1,0.0,4,3,5.0,5.0,5.0,2.0,1.0,2.0,1.0,1,1
4.0,0.0,1,0,0,0.0,1.0,3,1,3.0,3,2,2.0,5.0,2.0,3.0,0.0,2.0,2.0,0,1
7.0,4.0,1,1,0,0.0,0.0,5,1,0.0,4,1,5.0,5.0,1.0,3.0,1.0,3.0,1.0,1,1
4.0,4.0,1,0,0,1.0,1.0,2,1,0.0,1,1,4.0,5.0,1.0,2.0,1.0,2.0,3.0,0,0
5.0,4.0,1,0,0,0.0,0.0,4,1,0.0,2,1,1.0,3.0,5.0,2.0,2.0,2.0,3.0,0,0
3.0,4.0,1,0,0,0.0,0.0,5,1,0.0,1,1,5.0,4.0,1.0,2.0,0.0,2.0,3.0,0,0
8.0,4.0,1,1,0,0.0,0.0,1,1,0.0,4,2,3.0,2.0,4.0,2.0,2.0,2.0,1.0,0,0
7.0,4.0,1,0,1,1.0,1.0,3,2,1.0,3,1,4.0,5.0,3.0,4.0,2.0,3.0,2.0,0,0
6.0,4.0,1,1,0,1.0,1.0,3,1,0.0,3,3,1.0,5.0,2.0,2.0,0.0,2.0,2.0,1,0
2.0,1.0,1,0,0,0.0,0.0,5,3,0.0,2,3,2.0,3.0,3.0,2.0,1.0,1.0,2.0,0,0
2.0,4.0,1,0,0,0.0,0.0,3,2,0.0,1,3,2.0,3.0,3.0,2.0,0.0,1.0,1.0,1,1
4.0,4.0,1,1,0,0.0,0.0,3,1,0.0,4,3,4.0,3.0,5.0,5.0,1.0,1.0,2.0,0,1
6.0,4.0,1,0,0,1.0,0.0,5,1,0.0,2,1,3.0,1.0,5.0,3.0,1.0,3.0,3.0,0,0
5.0,4.0,0,1,0,0.0,0.0,1,1,0.0,4,4,5.0,5.0,5.0,2.0,2.0,3.0,2.0,0,0
7.0,4.0,1,0,0,1.0,0.0,1,1,0.0,5,4,1.0,5.0,5.0,2.0,2.0,3.0,3.0,0,1
5.0,0.0,1,1,0,1.0,1.0,3,3,1.0,4,5,5.0,5.0,4.0,5.0,0.0,3.0,1.0,0,0
10.0,4.0,1,1,0,1.0,1.0,3,1,0.0,5,4,5.0,5.0,5.0,5.0,1.0,3.0,2.0,1,0
1.0,4.0,1,0,0,0.0,0.0,4,2,0.0,2,2,3.0,4.0,4.0,1.0,0.0,3.0,3.0,0,0
6.0,0.0,1,0,0,0.0,0.0,3,2,0.0,5,5,5.0,5.0,3.0,2.0,2.0,2.0,1.0,0,0
4.0,3.0,1,0,0,1.0,1.0,4,1,0.0,3,2,3.0,4.0,2.0,2.0,1.0,2.0,2.0,1,1
3.0,0.0,1,0,0,0.0,0.0,4,3,0.0,5,3,2.0,2.0,4.0,2.0,0.0,2.0,2.0,0,0
1.0,0.0,1,0,0,0.0,0.0,3,2,0.0,4,5,3.0,4.0,5.0,2.0,1.0,2.0,3.0,1,1
3.0,1.0,0,0,0,0.0,0.0,3,3,0.0,2,4,1.0,4.0,5.0,2.0,1.0,1.0,2.0,1,1
2.0,0.0,0,0,0,0.0,1.0,4,1,0.0,2,2,1.0,5.0,1.0,2.0,0.0,1.0,3.0,0,0
1.0,4.0,0,0,0,0.0,0.0,5,1,0.0,2,1,5.0,5.0,5.0,2.0,0.0,1.0,1.0,1,1
2.0,2.0,1,0,0,0.0,0.0,3,1,0.0,5,2,5.0,5.0,5.0,2.0,2.0,2.0,1.0,1,0
2.0,4.0,1,0,0,0.0,0.0,5,5,0.0,4,1,5.0,2.0,5.0,2.0,0.0,1.0,2.0,0,0
5.0,2.0,1,0,0,0.0,0.0,5,4,0.0,1,1,2.0,5.0,2.0,3.0,2.0,2.0,3.0,0,0
9.0,4.0,0,1,0,1.0,1.0,4,1,0.0,3,1,4.0,5.0,2.0,4.0,2.0,2.0,3.0,0,1
1.0,4.0,0,0,0,1.0,0.0,5,5,0.0,4,4,1.0,1.0,5.0,2.0,1.0,1.0,3.0,0,0
4.0,3.0,0,1,0,0.0,0.0,3,1,0.0,3,3,2.0,5.0,3.0,2.0,2.0,1.0,2.0,0,1
6.0,3.0,1,1,0,0.0,0.0,3,4,0.0,2,3,3.0,3.0,5.0,2.0,2.0,2.0,2.0,1,1
4.0,4.0,1,0,0,0.0,0.0,4,3,0.0,3,2,3.0,3.0,2.0,5.0,1.0,2.0,2.0,1,0
2.0,3.0,1,1,1,0.0,1.0,5,3,3.0,3,4,5.0,1.0,2.0,2.0,0.0,1.0,2.0,0,1
4.0,1.0,1,0,0,0.0,0.0,5,5,0.0,1,1,1.0,5.0,1.0,1.0,2.0,1.0,3.0,1,0
7.0,1.0,0,0,0,0.0,0.0,3,3,1.0,4,4,3.0,4.0,2.0,2.0,2.0,1.0,3.0,0,1
5.0,4.0,1,0,0,0.0,0.0,3,2,0.0,3,5,2.0,1.0,5.0,2.0,2.0,1.0,1.0,1,0
4.0,0.0,1,0,0,0.0,0.0,5,3,0.0,4,2,3.0,3.0,1.0,3.0,1.0,3.0,2.0,0,0
8.0,4.0,1,1,0,1.0,1.0,2,2,0.0,4,3,3.0,4.0,3.0,5.0,2.0,3.0,2.0,0,0
4.0,0.0,1,0,0,1.0,0.0,5,1,0.0,2,2,1.0,4.0,5.0,4.0,1.0,2.0,2.0,0,0
6.0,3.0,1,1,1,1.0,1.0,3,2,1.0,3,3,3.0,4.0,4.0,6.0,0.0,3.0,1.0,0,1
7.0,4.0,1,1,1,1.0,1.0,3,2,1.0,4,4,5.0,5.0,5.0,5.0,1.0,3.0,1.0,1,1
6.0,4.0,1,1,1,1.0,0.0,4,1,3.0,3,4,5.0,1.0,3.0,3.0,1.0,1.0,1.0,1,0
4.0,2.0,1,0,0,0.0,0.0,5,1,0.0,2,4,5.0,5.0,5.0,1.0,2.0,1.0,2.0,1,1
3.0,3.0,0,0,0,0.0,0.0,5,4,0.0,1,2,2.0,2.0,2.0,2.0,0.0,1.0,3.0,0,0
2.0,1.0,1,0,0,0.0,0.0,5,5,0.0,4,3,3.0,1.0,1.0,1.0,0.0,1.0,2.0,1,1
9.0,4.0,1,1,1,1.0,0.0,2,2,0.0,5,5,5.0,4.0,5.0,5.0,1.0,5.0,2.0,1,0
8.0,3.0,1,1,1,1.0,1.0,2,2,0.0,3,3,4.0,4.0,4.0,4.0,1.0,5.0,2.0,0,0
7.0,4.0,1,0,1,1.0,1.0,2,3,1.0,3,4,5.0,3.0,5.0,5.0,2.0,3.0,2.0,1,1
7.0,4.0,1,1,1,1.0,1.0,2,1,0.0,3,1,1.0,5.0,5.0,5.0,2.0,5.0,3.0,0,1
4.0,0.0,0,0,0,0.0,0.0,4,2,0.0,1,1,1.0,5.0,1.0,5.0,1.0,5.0,3.0,0,1
9.0,4.0,1,1,1,1.0,1.0,1,1,0.0,4,4,5.0,5.0,5.0,5.0,0.0,5.0,1.0,1,1
5.0,0.0,1,1,0,0.0,0.0,3,2,0.0,2,2,3.0,4.0,4.0,2.0,0.0,2.0,2.0,0,0
3.0,4.0,1,0,0,1.0,1.0,3,2,0.0,4,3,4.0,3.0,2.0,3.0,0.0,2.0,2.0,0,0
5.0,2.0,0,1,0,0.0,0.0,3,1,0.0,2,3,2.0,5.0,5.0,2.0,1.0,3.0,3.0,0,0
4.0,4.0,1,0,0,1.0,0.0,3,3,1.0,1,2,1.0,5.0,4.0,2.0,0.0,2.0,3.0,0,1
3.0,0.0,0,0,0,0.0,0.0,2,1,0.0,5,3,4.0,5.0,3.0,2.0,2.0,2.0,3.0,1,0
3.0,1.0,1,1,0,0.0,0.0,5,3,0.0,2,4,3.0,5.0,5.0,2.0,2.0,3.0,3.0,1,0
7.0,0.0,1,1,0,0.0,0.0,3,1,0.0,3,5,3.0,4.0,5.0,2.0,2.0,2.0,1.0,1,0
1.0,4.0,0,0,0,0.0,0.0,5,2,0.0,1,1,3.0,4.0,4.0,1.0,0.0,2.0,3.0,0,0
1.0,2.0,1,0,0,0.0,0.0,5,3,0.0,2,1,1.0,5.0,1.0,2.0,0.0,2.0,3.0,0,1
4.0,4.0,0,0,0,0.0,0.0,5,1,0.0,1,1,5.0,5.0,1.0,2.0,0.0,1.0,3.0,0,1
2.0,1.0,1,0,0,0.0,0.0,5,1,0.0,1,1,1.0,3.0,2.0,1.0,0.0,1.0,3.0,0,0
4.0,4.0,1,0,0,1.0,0.0,3,3,0.0,3,5,4.0,5.0,5.0,2.0,1.0,2.0,2.0,1,0
4.0,2.0,1,1,1,0.0,0.0,5,5,0.0,2,1,5.0,5.0,5.0,2.0,2.0,2.0,3.0,0,0
2.0,2.0,0,0,0,0.0,0.0,5,5,3.0,1,1,1.0,1.0,1.0,1.0,0.0,1.0,3.0,0,0
5.0,3.0,1,0,0,0.0,0.0,5,4,1.0,2,2,5.0,5.0,5.0,1.0,1.0,1.0,1.0,0,0
4.0,4.0,1,1,0,0.0,0.0,1,1,0.0,2,2,3.0,5.0,5.0,3.0,2.0,3.0,2.0,0,0
7.0,1.0,1,0,1,1.0,0.0,1,1,3.0,4,4,5.0,5.0,4.0,4.0,2.0,2.0,1.0,1,1
6.0,4.0,1,1,1,1.0,1.0,2,1,0.0,3,1,5.0,5.0,1.0,5.0,2.0,2.0,1.0,0,0
5.0,3.0,1,0,0,0.0,0.0,5,5,0.0,2,2,5.0,4.0,4.0,2.0,2.0,2.0,3.0,1,0
4.0,3.0,1,1,0,0.0,0.0,4,4,0.0,1,1,1.0,5.0,5.0,1.0,1.0,1.0,3.0,1,0
4.0,1.0,1,0,0,0.0,0.0,4,1,0.0,3,5,5.0,5.0,5.0,2.0,2.0,1.0,2.0,1,0
5.0,3.0,1,1,0,0.0,0.0,3,1,3.0,4,4,5.0,5.0,5.0,2.0,1.0,3.0,3.0,1,0
5.0,0.0,1,1,0,0.0,0.0,5,2,0.0,3,4,5.0,3.0,5.0,2.0,1.0,3.0,1.0,0,0
2.0,3.0,1,0,0,0.0,0.0,3,3,0.0,4,1,2.0,4.0,5.0,2.0,1.0,1.0,3.0,0,0
6.0,4.0,1,1,1,0.0,0.0,5,3,0.0,1,1,5.0,5.0,1.0,3.0,1.0,1.0,3.0,1,0
4.0,3.0,1,1,0,1.0,1.0,1,1,0.0,5,4,4.0,5.0,5.0,5.0,2.0,2.0,3.0,0,0
7.0,3.0,1,1,1,1.0,1.0,5,3,0.0,3,2,5.0,5.0,4.0,5.0,2.0,2.0,3.0,1,0
6.0,4.0,1,0,0,0.0,0.0,3,1,0.0,2,1,1.0,5.0,5.0,1.0,2.0,2.0,1.0,0,0
6.0,4.0,1,0,1,0.0,0.0,1,1,3.0,2,4,5.0,5.0,5.0,1.0,1.0,2.0,1.0,1,1
5.0,3.0,1,1,1,1.0,1.0,3,5,0.0,1,5,3.0,2.0,1.0,3.0,1.0,3.0,3.0,1,0
1.0,0.0,1,0,0,0.0,0.0,5,5,0.0,1,1,1.0,1.0,1.0,1.0,0.0,1.0,3.0,0,1
4.0,4.0,1,0,0,0.0,0.0,1,1,0.0,3,3,1.0,3.0,3.0,2.0,0.0,1.0,2.0,0,0
5.0,4.0,1,0,0,0.0,0.0,1,1,0.0,3,2,5.0,5.0,5.0,2.0,0.0,3.0,1.0,1,0
4.0,4.0,1,0,0,0.0,0.0,5,2,0.0,2,2,3.0,5.0,1.0,3.0,0.0,3.0,3.0,0,0
10.0,4.0,1,0,0,1.0,0.0,2,3,0.0,3,5,5.0,3.0,4.0,4.0,1.0,4.0,1.0,1,0
10.0,4.0,1,0,1,1.0,1.0,2,3,1.0,4,4,5.0,3.0,5.0,4.0,1.0,4.0,1.0,1,0
9.0,4.0,1,1,1,1.0,1.0,2,1,3.0,5,2,5.0,4.0,3.0,6.0,2.0,3.0,1.0,1,0
10.0,4.0,1,1,1,1.0,1.0,2,1,3.0,3,5,5.0,5.0,5.0,6.0,2.0,4.0,2.0,1,0
1.0,0.0,1,0,0,1.0,0.0,5,5,0.0,3,1,1.0,1.0,1.0,2.0,0.0,3.0,3.0,1,1
5.0,4.0,1,1,1,1.0,1.0,5,4,3.0,2,1,4.0,3.0,5.0,6.0,0.0,3.0,3.0,0,0
10.0,2.0,1,1,1,1.0,1.0,5,4,0.0,4,4,5.0,5.0,1.0,3.0,1.0,3.0,1.0,0,1
9.0,4.0,1,0,0,0.0,1.0,5,3,3.0,2,1,1.0,5.0,4.0,5.0,1.0,4.0,3.0,1,0
6.0,2.0,0,0,0,1.0,1.0,3,2,0.0,3,5,5.0,5.0,5.0,5.0,0.0,3.0,2.0,0,0
8.0,4.0,1,1,1,1.0,1.0,4,4,3.0,5,2,3.0,1.0,4.0,2.0,1.0,2.0,3.0,0,1
7.0,4.0,1,1,1,1.0,1.0,1,3,0.0,2,1,3.0,5.0,3.0,2.0,2.0,2.0,2.0,1,0
4.0,0.0,1,0,0,0.0,1.0,3,2,0.0,5,2,5.0,3.0,4.0,2.0,1.0,1.0,2.0,0,0
5.0,1.0,0,0,0,0.0,0.0,2,1,0.0,4,2,4.0,3.0,3.0,2.0,2.0,1.0,3.0,1,1
7.0,3.0,1,0,0,0.0,0.0,1,1,1.0,5,1,2.0,5.0,5.0,1.0,1.0,1.0,1.0,1,0
10.0,3.0,1,0,0,0.0,0.0,3,2,0.0,5,3,5.0,5.0,5.0,1.0,0.0,1.0,2.0,1,0
8.0,0.0,1,0,0,0.0,0.0,2,1,3.0,5,3,5.0,2.0,5.0,3.0,2.0,3.0,2.0,0,0
1.0,0.0,1,0,0,1.0,0.0,4,4,0.0,1,4,5.0,5.0,1.0,2.0,1.0,3.0,3.0,0,0
2.0,0.0,1,0,0,0.0,0.0,5,5,0.0,1,1,1.0,1.0,1.0,2.0,1.0,2.0,3.0,0,1
4.0,3.0,1,1,0,0.0,0.0,4,2,0.0,3,1,5.0,3.0,3.0,5.0,2.0,3.0,2.0,0,1
9.0,3.0,1,0,0,0.0,0.0,3,1,0.0,4,3,5.0,5.0,3.0,4.0,2.0,3.0,2.0,1,0
4.0,3.0,0,0,0,0.0,1.0,3,1,0.0,4,2,5.0,5.0,5.0,2.0,1.0,2.0,3.0,0,1
7.0,1.0,0,1,1,1.0,1.0,3,1,1.0,3,3,4.0,4.0,5.0,5.0,1.0,3.0,2.0,0,1
5.0,4.0,1,0,0,0.0,0.0,3,3,0.0,5,4,5.0,5.0,5.0,4.0,2.0,2.0,2.0,0,0
3.0,4.0,1,0,0,0.0,0.0,3,1,0.0,2,1,1.0,5.0,5.0,4.0,0.0,2.0,3.0,0,0
10.0,4.0,1,1,1,1.0,1.0,1,1,1.0,3,3,5.0,5.0,3.0,6.0,2.0,3.0,1.0,1,1
8.0,4.0,1,0,1,1.0,1.0,5,1,0.0,3,3,5.0,5.0,5.0,5.0,1.0,5.0,3.0,0,1
9.0,3.0,0,1,0,0.0,0.0,4,4,0.0,4,3,5.0,3.0,3.0,4.0,2.0,3.0,2.0,1,0
7.0,0.0,1,1,1,1.0,1.0,2,2,3.0,5,5,4.0,4.0,3.0,3.0,2.0,3.0,1.0,0,0
3.0,4.0,1,1,0,0.0,0.0,4,4,0.0,2,4,5.0,2.0,3.0,3.0,1.0,1.0,3.0,1,0
5.0,4.0,1,0,0,0.0,0.0,1,1,0.0,2,5,5.0,5.0,5.0,2.0,1.0,2.0,2.0,1,0
6.0,1.0,1,0,0,0.0,0.0,5,5,0.0,2,1,4.0,1.0,2.0,3.0,1.0,3.0,2.0,1,0
5.0,2.0,1,1,1,0.0,0.0,1,1,0.0,3,1,5.0,5.0,5.0,3.0,2.0,3.0,3.0,1,1
6.0,0.0,1,0,0,0.0,0.0,5,1,0.0,3,3,5.0,1.0,1.0,2.0,1.0,3.0,3.0,0,0
2.0,3.0,1,0,0,0.0,0.0,5,5,0.0,1,5,1.0,5.0,5.0,2.0,2.0,2.0,3.0,0,1
4.0,4.0,1,0,0,0.0,0.0,2,3,0.0,3,2,5.0,1.0,3.0,5.0,1.0,5.0,2.0,0,0
8.0,4.0,1,1,1,1.0,1.0,2,1,0.0,3,4,3.0,4.0,3.0,5.0,2.0,3.0,1.0,1,1
3.0,4.0,1,1,0,0.0,0.0,3,1,0.0,1,4,4.0,5.0,4.0,2.0,2.0,3.0,1.0,1,1
5.0,2.0,1,1,1,1.0,1.0,3,2,1.0,3,2,4.0,4.0,4.0,5.0,1.0,3.0,3.0,0,0
4.0,4.0,1,0,0,1.0,1.0,5,1,3.0,1,1,1.0,5.0,1.0,5.0,0.0,2.0,3.0,0,0
1.0,0.0,1,0,0,0.0,0.0,3,4,0.0,4,2,5.0,4.0,3.0,2.0,0.0,1.0,1.0,0,0
2.0,2.0,0,0,0,0.0,0.0,2,1,0.0,1,1,3.0,5.0,3.0,3.0,0.0,2.0,3.0,0,0
1.0,1.0,1,0,0,0.0,0.0,5,1,0.0,1,2,1.0,5.0,3.0,0.0,1.0,2.0,3.0,0,1
3.0,4.0,1,1,0,0.0,0.0,1,1,0.0,5,4,5.0,5.0,3.0,1.0,2.0,2.0,1.0,1,1
1.0,1.0,1,0,0,0.0,0.0,3,5,0.0,2,2,5.0,3.0,3.0,0.0,0.0,1.0,1.0,0,1
6.0,3.0,1,1,0,1.0,0.0,3,1,0.0,3,3,4.0,4.0,4.0,5.0,2.0,2.0,2.0,1,1
4.0,4.0,1,1,0,1.0,0.0,3,3,3.0,3,1,3.0,4.0,3.0,3.0,1.0,2.0,2.0,1,0
10.0,4.0,1,1,1,1.0,1.0,1,1,3.0,5,3,5.0,5.0,4.0,5.0,2.0,3.0,2.0,1,1
4.0,4.0,1,1,1,1.0,1.0,5,3,0.0,5,5,2.0,3.0,4.0,4.0,1.0,3.0,2.0,1,0
1.0,3.0,1,0,0,1.0,1.0,4,1,0.0,4,3,5.0,5.0,5.0,2.0,0.0,3.0,3.0,0,1
10.0,0.0,1,0,0,1.0,1.0,4,5,1.0,4,2,3.0,2.0,5.0,5.0,2.0,3.0,2.0,1,1
10.0,4.0,1,1,1,1.0,1.0,4,2,0.0,4,2,3.0,5.0,1.0,6.0,2.0,6.0,1.0,1,0
10.0,4.0,1,1,1,1.0,1.0,2,1,3.0,5,5,5.0,5.0,5.0,6.0,2.0,6.0,1.0,1,1
7.0,4.0,1,1,1,1.0,0.0,2,3,1.0,3,2,2.0,2.0,2.0,3.0,2.0,3.0,2.0,0,1
7.0,4.0,1,1,1,1.0,1.0,3,4,0.0,2,2,3.0,2.0,2.0,5.0,1.0,3.0,2.0,1,1
2.0,2.0,1,1,1,0.0,0.0,2,4,0.0,4,5,5.0,5.0,5.0,2.0,1.0,3.0,2.0,1,0
5.0,4.0,1,0,0,1.0,0.0,5,1,0.0,3,2,5.0,4.0,2.0,1.0,1.0,2.0,3.0,1,1
8.0,3.0,1,1,1,1.0,1.0,2,1,0.0,5,4,3.0,4.0,4.0,5.0,2.0,2.0,1.0,1,1
6.0,0.0,1,1,0,0.0,0.0,3,3,1.0,4,5,5.0,3.0,2.0,4.0,1.0,2.0,1.0,1,0
8.0,3.0,1,1,1,1.0,1.0,1,1,1.0,4,4,5.0,5.0,5.0,5.0,2.0,2.0,1.0,1,1
5.0,2.0,0,0,0,0.0,0.0,5,4,0.0,2,1,5.0,3.0,5.0,2.0,2.0,2.0,3.0,0,0
10.0,4.0,1,0,0,1.0,1.0,2,1,0.0,3,4,5.0,4.0,4.0,2.0,2.0,3.0,2.0,1,1
8.0,4.0,1,1,1,1.0,1.0,3,1,0.0,3,3,5.0,5.0,5.0,4.0,1.0,3.0,1.0,1,1
4.0,0.0,1,0,0,0.0,0.0,5,1,0.0,2,1,5.0,5.0,1.0,2.0,1.0,3.0,3.0,0,0
4.0,4.0,1,0,0,0.0,0.0,5,3,0.0,3,1,5.0,3.0,3.0,2.0,1.0,3.0,3.0,0,0
6.0,0.0,1,0,0,1.0,1.0,2,5,0.0,4,4,5.0,3.0,5.0,3.0,1.0,2.0,3.0,1,0
1.0,2.0,1,0,0,0.0,0.0,2,3,0.0,3,2,3.0,5.0,3.0,1.0,0.0,2.0,3.0,0,0
3.0,1.0,1,0,0,0.0,0.0,1,2,0.0,1,5,1.0,1.0,1.0,1.0,0.0,3.0,3.0,0,1
7.0,3.0,1,1,0,0.0,0.0,3,1,0.0,3,1,5.0,5.0,5.0,1.0,1.0,2.0,2.0,0,0
4.0,4.0,1,0,0,1.0,0.0,5,5,0.0,4,3,5.0,4.0,5.0,3.0,2.0,2.0,2.0,0,0
1.0,4.0,0,0,0,0.0,0.0,4,3,0.0,3,4,3.0,3.0,1.0,3.0,0.0,1.0,2.0,0,0
1.0,4.0,0,0,0,0.0,0.0,4,1,0.0,2,3,4.0,2.0,2.0,2.0,1.0,2.0,2.0,0,1
4.0,0.0,0,0,0,1.0,1.0,2,3,0.0,5,4,5.0,5.0,5.0,2.0,2.0,1.0,1.0,0,1
2.0,4.0,0,1,0,0.0,0.0,3,1,0.0,3,3,3.0,3.0,2.0,1.0,2.0,1.0,1.0,0,0
3.0,4.0,1,0,0,1.0,0.0,1,4,0.0,4,5,1.0,3.0,2.0,2.0,0.0,1.0,3.0,0,1
5.0,4.0,1,0,0,0.0,0.0,4,3,0.0,2,4,3.0,3.0,3.0,2.0,0.0,2.0,2.0,1,0
2.0,3.0,1,1,0,0.0,0.0,5,2,0.0,3,2,5.0,5.0,5.0,2.0,2.0,2.0,1.0,0,1
2.0,3.0,0,0,0,0.0,0.0,5,4,0.0,1,1,1.0,1.0,1.0,2.0,0.0,1.0,3.0,0,0
1.0,3.0,1,0,0,1.0,0.0,3,3,3.0,3,5,5.0,1.0,1.0,1.0,2.0,1.0,1.0,1,1
4.0,3.0,1,0,0,0.0,0.0,2,1,0.0,5,2,1.0,3.0,1.0,2.0,0.0,1.0,1.0,0,0
4.0,1.0,1,0,0,0.0,0.0,5,3,0.0,5,4,1.0,4.0,5.0,2.0,0.0,2.0,2.0,0,1
1.0,4.0,1,0,0,0.0,0.0,5,4,1.0,5,4,1.0,1.0,1.0,2.0,0.0,1.0,1.0,0,0
4.0,1.0,1,0,0,0.0,0.0,4,3,0.0,2,1,2.0,2.0,5.0,0.0,0.0,1.0,3.0,1,1
5.0,3.0,1,0,0,1.0,1.0,2,2,0.0,4,5,5.0,4.0,5.0,4.0,1.0,3.0,2.0,1,0
6.0,3.0,1,0,0,0.0,1.0,2,1,0.0,4,2,5.0,5.0,4.0,5.0,1.0,3.0,1.0,1,0
5.0,0.0,1,0,0,0.0,0.0,3,5,0.0,4,4,1.0,1.0,4.0,2.0,0.0,2.0,2.0,1,0
5.0,1.0,0,1,0,0.0,0.0,1,1,0.0,2,5,5.0,5.0,4.0,5.0,1.0,2.0,1.0,0,0
7.0,0.0,1,1,1,1.0,1.0,3,3,1.0,2,1,2.0,2.0,1.0,3.0,1.0,2.0,3.0,0,1
2.0,1.0,1,0,0,0.0,0.0,5,3,0.0,2,1,1.0,3.0,2.0,0.0,1.0,2.0,2.0,0,1
7.0,4.0,1,1,1,1.0,0.0,5,5,3.0,4,1,1.0,1.0,1.0,3.0,2.0,1.0,3.0,0,1
1.0,4.0,0,0,0,0.0,0.0,4,4,0.0,1,1,2.0,2.0,1.0,4.0,1.0,2.0,1.0,0,0
3.0,4.0,1,1,0,0.0,1.0,5,3,0.0,3,4,4.0,2.0,3.0,2.0,1.0,2.0,1.0,1,1
3.0,4.0,0,1,0,0.0,0.0,3,2,0.0,4,2,2.0,3.0,3.0,4.0,0.0,2.0,3.0,1,0
4.0,0.0,1,0,0,0.0,0.0,3,1,0.0,3,2,2.0,5.0,3.0,5.0,1.0,1.0,1.0,1,0
5.0,3.0,1,0,0,0.0,1.0,4,2,0.0,4,3,5.0,4.0,5.0,2.0,1.0,1.0,1.0,0,1
3.0,4.0,1,0,0,1.0,0.0,4,1,0.0,2,3,5.0,5.0,4.0,2.0,0.0,1.0,2.0,0,1
2.0,4.0,1,0,0,0.0,0.0,5,5,0.0,4,5,5.0,5.0,3.0,1.0,2.0,1.0,1.0,0,0
2.0,1.0,0,0,0,0.0,0.0,5,5,0.0,5,1,5.0,5.0,1.0,0.0,0.0,1.0,3.0,0,1
1.0,3.0,1,0,0,1.0,0.0,5,1,0.0,2,1,5.0,1.0,1.0,1.0,1.0,1.0,3.0,0,0
1.0,1.0,1,1,0,0.0,0.0,1,3,0.0,1,5,3.0,1.0,4.0,1.0,2.0,1.0,3.0,0,1
3.0,4.0,1,1,1,0.0,0.0,5,5,0.0,4,5,4.0,4.0,4.0,1.0,0.0,1.0,3.0,1,1
10.0,4.0,1,0,1,1.0,1.0,3,2,1.0,3,5,4.0,5.0,5.0,2.0,0.0,3.0,1.0,0,1
2.0,4.0,0,0,0,0.0,0.0,3,2,0.0,2,2,3.0,2.0,2.0,3.0,0.0,3.0,3.0,0,0
1.0,1.0,1,0,0,0.0,0.0,3,1,0.0,4,4,5.0,5.0,5.0,1.0,0.0,2.0,1.0,1,1
10.0,3.0,1,1,1,1.0,1.0,1,1,3.0,4,4,5.0,5.0,5.0,5.0,2.0,2.0,1.0,0,1
5.0,4.0,1,0,1,1.0,1.0,1,1,0.0,2,1,4.0,4.0,5.0,5.0,1.0,2.0,1.0,0,1
2.0,4.0,1,0,0,0.0,0.0,4,3,1.0,4,5,5.0,5.0,5.0,2.0,0.0,1.0,1.0,1,0
1.0,1.0,1,1,0,0.0,0.0,5,5,0.0,2,2,5.0,5.0,5.0,2.0,1.0,1.0,1.0,0,1
6.0,3.0,1,1,0,1.0,0.0,5,3,3.0,3,2,3.0,2.0,3.0,2.0,1.0,3.0,2.0,0,1
7.0,3.0,1,0,0,1.0,1.0,3,3,3.0,5,5,5.0,4.0,5.0,3.0,2.0,2.0,2.0,1,1
3.0,4.0,0,0,0,0.0,0.0,4,1,0.0,4,3,5.0,3.0,4.0,2.0,2.0,3.0,3.0,0,1
8.0,4.0,1,1,0,1.0,1.0,3,1,0.0,5,3,5.0,5.0,5.0,6.0,1.0,3.0,3.0,1,0
7.0,0.0,1,1,1,0.0,0.0,1,1,3.0,4,4,5.0,5.0,5.0,5.0,2.0,3.0,1.0,1,1
5.0,4.0,1,0,1,1.0,1.0,4,5,1.0,3,2,1.0,5.0,1.0,2.0,2.0,3.0,2.0,1,1
8.0,3.0,1,0,0,0.0,0.0,4,4,0.0,4,1,3.0,2.0,3.0,2.0,2.0,3.0,2.0,0,0
9.0,4.0,1,0,0,0.0,0.0,3,1,3.0,5,5,2.0,4.0,5.0,2.0,2.0,4.0,2.0,1,0
7.0,3.0,1,1,0,0.0,1.0,5,2,0.0,4,2,1.0,5.0,3.0,2.0,1.0,3.0,1.0,0,1
6.0,0.0,1,0,0,0.0,0.0,5,1,0.0,1,3,3.0,4.0,1.0,1.0,1.0,3.0,1.0,0,1
6.0,3.0,1,0,0,1.0,0.0,3,1,0.0,2,4,1.0,5.0,5.0,2.0,2.0,3.0,1.0,1,0
1.0,0.0,1,0,0,0.0,0.0,5,5,0.0,1,1,5.0,1.0,1.0,1.0,0.0,3.0,3.0,0,0
5.0,4.0,0,0,0,0.0,0.0,4,3,0.0,2,3,3.0,4.0,3.0,4.0,1.0,4.0,3.0,0,0
2.0,3.0,1,0,0,1.0,1.0,4,5,0.0,2,1,3.0,4.0,3.0,2.0,1.0,2.0,3.0,0,0
1.0,0.0,1,0,0,0.0,0.0,5,2,0.0,3,2,3.0,1.0,1.0,1.0,0.0,1.0,1.0,1,0
1.0,1.0,1,1,0,0.0,0.0,3,3,0.0,5,2,1.0,3.0,4.0,3.0,0.0,1.0,1.0,0,0
3.0,1.0,1,0,0,0.0,0.0,3,1,0.0,4,5,5.0,4.0,4.0,1.0,0.0,2.0,1.0,0,1
2.0,4.0,1,0,0,1.0,0.0,4,4,1.0,3,4,3.0,5.0,3.0,1.0,1.0,1.0,2.0,1,1
1.0,0.0,1,1,1,0.0,0.0,3,2,0.0,5,5,5.0,5.0,5.0,1.0,2.0,1.0,2.0,0,1
3.0,3.0,1,0,0,0.0,0.0,5,1,0.0,2,2,5.0,4.0,5.0,1.0,0.0,2.0,3.0,0,1
7.0,3.0,1,1,1,1.0,1.0,2,2,1.0,3,3,2.0,5.0,5.0,4.0,1.0,2.0,1.0,1,1
4.0,0.0,1,0,1,0.0,0.0,1,1,3.0,2,1,5.0,1.0,4.0,2.0,1.0,2.0,3.0,0,0
1.0,0.0,1,0,0,0.0,0.0,5,5,0.0,1,1,3.0,1.0,3.0,1.0,1.0,1.0,3.0,0,1
5.0,4.0,1,0,0,0.0,0.0,5,3,0.0,3,3,2.0,4.0,3.0,2.0,1.0,1.0,3.0,0,0
8.0,3.0,1,0,0,0.0,0.0,5,5,0.0,2,1,1.0,5.0,1.0,2.0,1.0,1.0,3.0,1,0
6.0,1.0,1,1,0,1.0,0.0,1,1,0.0,1,3,5.0,1.0,5.0,1.0,2.0,2.0,1.0,1,1
6.0,3.0,0,0,0,0.0,0.0,5,2,0.0,2,4,3.0,4.0,1.0,2.0,1.0,2.0,2.0,1,1
2.0,0.0,1,0,0,0.0,0.0,5,3,0.0,5,5,5.0,5.0,4.0,1.0,0.0,1.0,2.0,0,1
2.0,0.0,1,0,0,0.0,0.0,3,3,0.0,3,1,1.0,2.0,5.0,2.0,0.0,1.0,2.0,0,0
2.0,0.0,0,0,0,0.0,0.0,5,4,0.0,3,1,5.0,5.0,1.0,2.0,0.0,1.0,3.0,1,1
4.0,4.0,1,0,0,1.0,1.0,4,3,0.0,3,2,3.0,2.0,4.0,4.0,1.0,1.0,3.0,0,1
4.0,4.0,1,0,0,0.0,0.0,3,1,0.0,4,4,1.0,1.0,5.0,1.0,1.0,1.0,2.0,1,0
9.0,3.0,1,1,1,1.0,1.0,1,1,0.0,3,5,4.0,5.0,5.0,5.0,1.0,2.0,1.0,1,0
4.0,1.0,0,0,0,0.0,0.0,4,1,0.0,1,1,5.0,5.0,5.0,3.0,0.0,2.0,3.0,0,0
4.0,4.0,1,1,0,1.0,1.0,4,1,0.0,3,3,5.0,5.0,1.0,5.0,1.0,2.0,2.0,0,1
5.0,3.0,1,1,0,0.0,0.0,1,1,0.0,3,5,5.0,5.0,4.0,4.0,2.0,3.0,1.0,1,0
7.0,4.0,1,1,0,1.0,1.0,3,1,3.0,3,4,4.0,5.0,4.0,5.0,2.0,3.0,1.0,1,1
3.0,0.0,1,1,1,1.0,1.0,3,3,0.0,3,4,1.0,3.0,5.0,3.0,2.0,3.0,2.0,1,1
1.0,4.0,1,0,0,0.0,0.0,4,2,0.0,4,3,5.0,2.0,5.0,1.0,0.0,1.0,2.0,0,1
1.0,1.0,1,0,0,0.0,0.0,3,1,3.0,1,1,5.0,1.0,1.0,2.0,1.0,1.0,3.0,0,1
2.0,1.0,1,0,0,0.0,0.0,1,1,0.0,1,2,1.0,1.0,1.0,2.0,0.0,1.0,1.0,0,1
1.0,0.0,1,0,0,1.0,0.0,2,1,0.0,4,4,3.0,4.0,4.0,2.0,0.0,1.0,2.0,1,0
2.0,4.0,1,1,0,0.0,0.0,4,3,0.0,3,4,5.0,5.0,4.0,2.0,0.0,1.0,2.0,1,0
2.0,4.0,0,1,0,1.0,0.0,3,1,1.0,4,4,1.0,5.0,5.0,2.0,2.0,2.0,2.0,1,1
6.0,4.0,1,1,0,1.0,0.0,3,2,1.0,5,3,4.0,3.0,3.0,5.0,1.0,3.0,2.0,1,0
4.0,4.0,1,0,0,0.0,0.0,4,1,0.0,4,2,2.0,5.0,2.0,2.0,1.0,2.0,2.0,1,0
1.0,2.0,1,0,0,0.0,0.0,1,1,0.0,1,1,1.0,5.0,5.0,2.0,0.0,1.0,1.0,1,0
10.0,4.0,1,1,1,1.0,1.0,3,1,1.0,2,5,5.0,5.0,4.0,5.0,1.0,4.0,2.0,1,0
2.0,0.0,0,1,0,1.0,1.0,5,5,0.0,4,4,3.0,5.0,2.0,3.0,1.0,1.0,3.0,0,1
6.0,4.0,0,0,0,0.0,0.0,4,1,0.0,2,5,5.0,5.0,5.0,2.0,1.0,2.0,3.0,1,1
4.0,3.0,0,0,1,1.0,0.0,5,3,0.0,4,2,1.0,5.0,5.0,2.0,0.0,1.0,3.0,1,1
4.0,0.0,1,0,0,0.0,0.0,3,1,0.0,1,5,1.0,3.0,2.0,2.0,1.0,1.0,1.0,1,0
3.0,0.0,0,0,0,1.0,0.0,5,5,0.0,3,1,1.0,2.0,5.0,1.0,2.0,1.0,3.0,0,0
2.0,3.0,0,0,0,0.0,0.0,3,4,0.0,2,1,1.0,1.0,1.0,0.0,0.0,1.0,3.0,0,1
4.0,1.0,1,0,0,1.0,1.0,3,3,0.0,1,1,5.0,5.0,4.0,2.0,1.0,1.0,2.0,0,1
3.0,4.0,1,0,0,0.0,0.0,5,5,1.0,1,1,1.0,1.0,1.0,1.0,0.0,1.0,3.0,1,0
1.0,1.0,1,0,0,0.0,0.0,3,3,0.0,2,3,5.0,3.0,3.0,1.0,1.0,1.0,3.0,1,1
2.0,3.0,1,0,0,0.0,0.0,4,2,0.0,1,2,1.0,5.0,3.0,1.0,0.0,1.0,3.0,0,0
2.0,3.0,1,1,0,1.0,0.0,5,3,0.0,3,4,1.0,5.0,3.0,3.0,0.0,1.0,2.0,0,0
2.0,0.0,1,1,0,1.0,1.0,5,2,0.0,3,3,4.0,4.0,4.0,2.0,0.0,1.0,3.0,0,1
4.0,0.0,0,1,1,1.0,1.0,4,3,0.0,4,2,2.0,4.0,4.0,5.0,1.0,1.0,3.0,0,1
10.0,4.0,1,1,1,1.0,1.0,1,1,1.0,4,4,5.0,5.0,5.0,6.0,1.0,3.0,1.0,1,1
5.0,4.0,0,0,0,0.0,0.0,3,1,0.0,3,5,4.0,4.0,3.0,5.0,0.0,4.0,3.0,1,1
8.0,4.0,1,1,0,1.0,1.0,1,1,0.0,3,3,2.0,5.0,5.0,6.0,2.0,3.0,2.0,1,0
5.0,3.0,1,1,0,1.0,1.0,3,1,0.0,3,3,2.0,4.0,4.0,1.0,0.0,3.0,3.0,0,0
2.0,4.0,1,0,0,0.0,0.0,4,4,0.0,1,3,1.0,2.0,2.0,4.0,0.0,2.0,3.0,1,0
4.0,3.0,1,0,0,0.0,0.0,1,3,0.0,2,5,1.0,4.0,4.0,1.0,2.0,2.0,3.0,0,0
4.0,0.0,1,0,0,0.0,0.0,3,2,0.0,2,1,4.0,4.0,3.0,4.0,0.0,2.0,2.0,1,0
9.0,4.0,1,0,0,0.0,0.0,4,2,1.0,1,1,1.0,1.0,1.0,1.0,1.0,3.0,3.0,1,0
4.0,2.0,1,0,0,0.0,0.0,1,2,0.0,5,3,1.0,3.0,2.0,3.0,0.0,2.0,3.0,0,0
4.0,4.0,1,0,0,0.0,0.0,2,1,0.0,3,3,4.0,4.0,4.0,1.0,0.0,3.0,2.0,0,0
3.0,1.0,1,0,0,0.0,0.0,3,3,0.0,3,2,4.0,4.0,3.0,2.0,1.0,1.0,3.0,0,1
7.0,0.0,0,0,0,0.0,1.0,5,3,0.0,2,4,2.0,4.0,4.0,5.0,0.0,1.0,3.0,0,0
1.0,3.0,1,0,0,0.0,0.0,4,3,0.0,2,1,5.0,5.0,5.0,2.0,0.0,1.0,2.0,0,0
2.0,1.0,0,0,0,0.0,0.0,4,1,0.0,1,1,1.0,1.0,1.0,2.0,0.0,1.0,3.0,0,1
1.0,4.0,1,0,0,0.0,0.0,3,4,0.0,1,1,4.0,5.0,5.0,2.0,0.0,2.0,3.0,0,1
7.0,4.0,1,0,0,1.0,0.0,4,4,3.0,4,3,1.0,3.0,4.0,6.0,1.0,1.0,3.0,0,0
4.0,1.0,1,0,0,0.0,0.0,5,4,0.0,3,2,3.0,3.0,4.0,2.0,2.0,1.0,2.0,1,1
1.0,0.0,1,0,0,0.0,0.0,2,1,0.0,2,3,5.0,5.0,5.0,2.0,0.0,1.0,2.0,1,0
4.0,3.0,1,0,0,0.0,0.0,3,1,0.0,3,4,3.0,4.0,4.0,3.0,1.0,1.0,2.0,0,0
2.0,4.0,0,0,0,0.0,0.0,5,4,0.0,3,4,5.0,3.0,1.0,2.0,1.0,1.0,2.0,1,0
3.0,3.0,1,0,0,1.0,1.0,5,1,1.0,3,1,1.0,5.0,5.0,2.0,1.0,2.0,2.0,0,1
2.0,1.0,1,0,0,0.0,0.0,5,5,0.0,4,5,5.0,2.0,5.0,1.0,0.0,1.0,3.0,0,1
5.0,3.0,1,1,0,1.0,1.0,4,3,0.0,2,3,3.0,3.0,3.0,2.0,1.0,1.0,3.0,0,1
1.0,3.0,1,1,1,1.0,0.0,4,3,0.0,1,5,5.0,5.0,5.0,1.0,1.0,2.0,3.0,1,0
4.0,2.0,1,0,0,0.0,0.0,3,3,0.0,2,4,1.0,1.0,1.0,2.0,0.0,1.0,2.0,1,1
4.0,0.0,1,1,0,0.0,0.0,4,3,1.0,5,2,3.0,2.0,2.0,3.0,2.0,1.0,2.0,1,1
2.0,1.0,0,0,0,0.0,0.0,3,2,0.0,4,4,3.0,3.0,5.0,2.0,1.0,1.0,3.0,1,0
4.0,2.0,1,1,1,0.0,0.0,4,3,3.0,5,3,3.0,4.0,4.0,3.0,2.0,2.0,2.0,1,1
4.0,4.0,0,0,0,1.0,1.0,2,2,0.0,3,4,5.0,5.0,4.0,3.0,1.0,2.0,3.0,1,0
3.0,3.0,1,0,0,1.0,0.0,4,1,0.0,5,2,3.0,1.0,4.0,2.0,1.0,3.0,2.0,0,1
4.0,0.0,1,0,0,1.0,1.0,5,1,1.0,1,2,3.0,3.0,4.0,1.0,2.0,1.0,2.0,0,1
3.0,3.0,1,0,0,0.0,0.0,5,1,0.0,1,1,2.0,1.0,2.0,0.0,0.0,1.0,3.0,1,0
4.0,0.0,0,1,0,1.0,1.0,3,3,0.0,2,4,5.0,1.0,3.0,3.0,0.0,1.0,1.0,1,0
2.0,4.0,0,0,0,0.0,0.0,4,1,0.0,2,1,1.0,5.0,1.0,2.0,1.0,1.0,1.0,0,0
5.0,0.0,1,1,0,0.0,0.0,3,2,0.0,3,4,5.0,5.0,3.0,2.0,2.0,1.0,3.0,0,1
1.0,1.0,1,0,0,0.0,0.0,3,1,0.0,1,2,5.0,5.0,5.0,2.0,1.0,1.0,3.0,0,1
4.0,3.0,1,1,0,1.0,0.0,4,1,0.0,3,2,3.0,5.0,1.0,1.0,1.0,3.0,2.0,1,1
2.0,4.0,1,1,0,0.0,0.0,4,4,0.0,4,5,5.0,1.0,5.0,1.0,2.0,1.0,1.0,1,0
4.0,4.0,1,0,0,1.0,0.0,4,1,0.0,5,5,1.0,5.0,1.0,1.0,2.0,1.0,2.0,0,0
4.0,3.0,1,0,0,0.0,0.0,3,3,1.0,5,4,4.0,5.0,5.0,2.0,1.0,1.0,3.0,1,0
7.0,3.0,1,1,1,1.0,1.0,1,1,1.0,4,4,3.0,5.0,5.0,6.0,2.0,6.0,1.0,1,1
9.0,3.0,1,1,1,1.0,1.0,1,2,1.0,4,4,4.0,5.0,5.0,5.0,2.0,6.0,1.0,1,1
1.0,0.0,1,0,0,0.0,0.0,4,1,0.0,2,1,1.0,5.0,1.0,1.0,0.0,2.0,3.0,1,1
7.0,3.0,1,1,0,1.0,0.0,2,2,0.0,3,3,4.0,4.0,4.0,2.0,2.0,3.0,2.0,1,1
10.0,4.0,1,1,0,1.0,1.0,1,3,0.0,4,3,5.0,4.0,5.0,1.0,0.0,3.0,1.0,1,1
1.0,4.0,1,0,0,0.0,0.0,5,1,0.0,1,2,3.0,1.0,2.0,1.0,2.0,3.0,2.0,0,0
4.0,0.0,1,0,0,1.0,1.0,4,1,0.0,5,5,2.0,4.0,5.0,2.0,1.0,3.0,3.0,1,0
10.0,3.0,1,1,1,1.0,1.0,3,2,3.0,4,3,5.0,4.0,2.0,5.0,1.0,3.0,1.0,1,0
1.0,0.0,1,0,0,0.0,0.0,5,4,0.0,1,2,1.0,1.0,1.0,2.0,0.0,1.0,2.0,0,0
2.0,0.0,1,0,0,0.0,0.0,5,5,0.0,3,1,1.0,4.0,2.0,3.0,1.0,1.0,3.0,0,0
1.0,3.0,1,1,1,1.0,0.0,3,3,1.0,3,3,3.0,2.0,2.0,2.0,2.0,6.0,3.0,1,1
5.0,4.0,1,1,0,1.0,1.0,3,1,0.0,5,4,4.0,4.0,5.0,5.0,2.0,2.0,3.0,0,1
1.0,3.0,0,0,0,0.0,0.0,4,1,0.0,2,1,2.0,3.0,2.0,2.0,0.0,1.0,1.0,0,1
1.0,3.0,1,1,0,0.0,0.0,3,5,0.0,1,4,1.0,1.0,5.0,2.0,1.0,1.0,3.0,0,0
1.0,3.0,1,0,0,0.0,0.0,3,3,0.0,1,3,3.0,1.0,3.0,2.0,0.0,1.0,3.0,0,0
2.0,0.0,0,0,0,0.0,0.0,3,4,0.0,2,2,1.0,1.0,1.0,1.0,0.0,1.0,3.0,1,1
4.0,4.0,1,0,0,0.0,0.0,4,1,0.0,1,1,3.0,2.0,2.0,2.0,1.0,1.0,3.0,0,0
3.0,3.0,1,0,0,0.0,0.0,3,1,0.0,4,5,1.0,5.0,5.0,2.0,0.0,1.0,3.0,1,1
2.0,3.0,1,0,0,0.0,0.0,5,5,0.0,2,1,2.0,3.0,4.0,1.0,1.0,1.0,3.0,0,0
1.0,0.0,1,0,1,1.0,0.0,5,4,3.0,1,1,5.0,2.0,3.0,2.0,2.0,2.0,3.0,0,0
1.0,4.0,0,0,0,0.0,0.0,3,1,3.0,4,4,1.0,3.0,4.0,3.0,0.0,2.0,2.0,1,0
2.0,0.0,0,0,0,0.0,1.0,5,3,0.0,4,5,3.0,1.0,2.0,2.0,0.0,1.0,1.0,0,1
1.0,4.0,1,0,0,0.0,0.0,5,4,3.0,3,4,5.0,5.0,1.0,5.0,0.0,1.0,2.0,1,1
1.0,0.0,1,1,0,0.0,0.0,4,2,0.0,2,2,5.0,1.0,5.0,2.0,0.0,1.0,3.0,0,1
4.0,1.0,1,0,0,0.0,0.0,1,2,0.0,2,1,5.0,5.0,5.0,2.0,0.0,2.0,3.0,0,0
1.0,3.0,1,0,0,0.0,0.0,5,1,0.0,4,4,5.0,5.0,5.0,1.0,2.0,2.0,3.0,1,1
2.0,2.0,1,0,0,0.0,0.0,3,3,0.0,1,2,1.0,5.0,1.0,1.0,2.0,1.0,2.0,0,0
3.0,3.0,1,0,0,1.0,1.0,3,2,0.0,4,4,3.0,5.0,4.0,1.0,1.0,2.0,3.0,1,1
2.0,0.0,1,0,0,0.0,0.0,3,1,0.0,4,2,2.0,5.0,3.0,2.0,1.0,1.0,2.0,1,0
1.0,0.0,1,1,0,0.0,0.0,3,1,0.0,2,1,1.0,4.0,3.0,1.0,0.0,1.0,3.0,0,1
3.0,4.0,0,0,0,0.0,0.0,4,1,0.0,3,3,3.0,4.0,4.0,3.0,1.0,1.0,2.0,0,0
3.0,2.0,0,0,0,0.0,0.0,4,4,0.0,2,2,3.0,3.0,3.0,2.0,0.0,1.0,3.0,0,0
3.0,1.0,0,0,0,0.0,0.0,4,3,0.0,3,2,3.0,3.0,3.0,1.0,1.0,1.0,3.0,0,1
3.0,2.0,1,0,0,0.0,0.0,5,5,0.0,4,5,1.0,5.0,5.0,1.0,1.0,1.0,3.0,0,1
5.0,4.0,1,0,0,0.0,0.0,4,3,0.0,4,2,5.0,4.0,3.0,2.0,1.0,1.0,1.0,0,0
2.0,2.0,1,0,0,0.0,0.0,3,3,0.0,2,1,2.0,3.0,1.0,2.0,1.0,1.0,3.0,0,0
1.0,1.0,1,0,0,0.0,0.0,5,5,0.0,2,1,4.0,3.0,3.0,2.0,2.0,2.0,3.0,0,0
3.0,1.0,1,0,0,0.0,0.0,4,3,0.0,4,5,5.0,3.0,2.0,2.0,0.0,1.0,2.0,0,0
3.0,0.0,1,1,0,0.0,0.0,2,5,0.0,3,3,5.0,3.0,3.0,2.0,1.0,1.0,3.0,0,0
3.0,3.0,1,1,0,0.0,0.0,3,3,0.0,3,4,1.0,2.0,2.0,2.0,2.0,1.0,2.0,0,0
2.0,1.0,0,0,0,0.0,0.0,4,1,0.0,2,2,4.0,2.0,2.0,2.0,1.0,1.0,1.0,0,0
1.0,4.0,1,0,0,1.0,0.0,3,2,0.0,1,5,5.0,5.0,5.0,1.0,0.0,1.0,2.0,0,0
5.0,4.0,1,0,0,0.0,0.0,3,4,0.0,3,2,4.0,3.0,1.0,2.0,0.0,1.0,2.0,1,0
1.0,2.0,1,0,0,0.0,0.0,5,3,0.0,2,5,5.0,1.0,5.0,2.0,1.0,1.0,2.0,0,1
1.0,1.0,0,0,0,0.0,0.0,5,2,0.0,1,1,1.0,2.0,3.0,2.0,0.0,1.0,3.0,0,0
3.0,0.0,1,0,0,0.0,0.0,3,3,0.0,4,1,3.0,3.0,3.0,2.0,1.0,1.0,2.0,0,1
3.0,4.0,1,0,0,0.0,0.0,5,4,0.0,2,2,4.0,3.0,2.0,1.0,1.0,1.0,3.0,0,1
3.0,4.0,0,0,0,0.0,0.0,5,2,0.0,3,3,3.0,4.0,1.0,2.0,2.0,1.0,3.0,0,0
2.0,0.0,1,0,0,0.0,0.0,5,2,0.0,2,2,3.0,3.0,3.0,2.0,1.0,1.0,3.0,0,0
2.0,3.0,1,0,0,0.0,0.0,3,2,0.0,4,5,5.0,4.0,2.0,1.0,1.0,1.0,3.0,0,0
2.0,0.0,1,1,0,0.0,0.0,5,5,0.0,1,2,5.0,5.0,3.0,3.0,0.0,1.0,3.0,0,0
2.0,4.0,1,0,0,1.0,0.0,5,1,0.0,2,4,5.0,4.0,5.0,3.0,0.0,1.0,3.0,0,0
4.0,4.0,1,1,0,0.0,0.0,5,3,0.0,5,5,4.0,5.0,1.0,2.0,0.0,1.0,2.0,0,0
2.0,2.0,1,0,1,0.0,0.0,4,4,0.0,3,4,1.0,5.0,5.0,1.0,1.0,2.0,2.0,0,0
3.0,0.0,1,0,0,0.0,0.0,3,1,0.0,2,5,5.0,5.0,5.0,2.0,0.0,1.0,2.0,0,1
2.0,0.0,1,0,0,0.0,0.0,3,1,0.0,1,2,1.0,1.0,2.0,2.0,1.0,1.0,2.0,1,0
2.0,4.0,1,0,0,0.0,0.0,4,2,0.0,1,4,1.0,1.0,1.0,1.0,1.0,1.0,1.0,0,0
3.0,3.0,1,1,1,1.0,1.0,3,2,1.0,2,1,5.0,5.0,4.0,2.0,1.0,1.0,2.0,1,1
4.0,1.0,1,0,0,0.0,0.0,3,2,1.0,2,1,3.0,4.0,4.0,2.0,1.0,1.0,2.0,1,0
6.0,1.0,1,1,1,0.0,0.0,2,3,0.0,3,4,3.0,2.0,3.0,2.0,1.0,2.0,2.0,1,1
2.0,3.0,0,0,0,1.0,0.0,5,3,0.0,2,4,4.0,1.0,3.0,1.0,1.0,1.0,3.0,0,1
2.0,1.0,0,0,0,0.0,0.0,4,4,0.0,2,5,5.0,5.0,4.0,1.0,0.0,1.0,1.0,1,1
4.0,4.0,1,0,0,0.0,0.0,4,1,0.0,2,3,3.0,1.0,2.0,3.0,1.0,2.0,3.0,0,0
4.0,4.0,1,0,0,0.0,0.0,3,1,0.0,1,2,5.0,5.0,5.0,2.0,1.0,1.0,3.0,1,0
1.0,1.0,1,0,0,0.0,0.0,5,5,0.0,1,1,1.0,1.0,1.0,2.0,1.0,1.0,2.0,0,0
5.0,2.0,0,0,0,0.0,0.0,1,1,0.0,2,1,5.0,5.0,5.0,2.0,1.0,1.0,1.0,0,1
4.0,4.0,1,1,1,1.0,1.0,2,1,0.0,2,3,2.0,5.0,5.0,3.0,0.0,1.0,2.0,0,0
7.0,1.0,1,1,0,0.0,0.0,3,5,3.0,3,2,5.0,3.0,5.0,4.0,2.0,1.0,2.0,0,1
3.0,4.0,1,0,0,0.0,0.0,1,1,0.0,3,4,4.0,5.0,5.0,5.0,1.0,1.0,2.0,0,1
1.0,2.0,0,0,0,0.0,0.0,5,4,0.0,3,1,3.0,4.0,4.0,3.0,0.0,2.0,3.0,0,0
6.0,4.0,1,0,0,1.0,0.0,3,1,0.0,2,4,5.0,5.0,5.0,2.0,0.0,2.0,1.0,0,0
2.0,3.0,1,0,0,0.0,0.0,2,1,0.0,2,3,5.0,5.0,5.0,2.0,1.0,2.0,2.0,1,0
2.0,1.0,1,1,0,0.0,0.0,5,4,0.0,2,5,3.0,2.0,3.0,2.0,0.0,1.0,1.0,1,1
5.0,2.0,0,1,0,0.0,0.0,1,1,1.0,4,4,5.0,5.0,5.0,1.0,1.0,2.0,1.0,1,1
1.0,0.0,0,0,0,0.0,0.0,2,1,0.0,3,4,5.0,5.0,5.0,2.0,0.0,2.0,2.0,0,0
3.0,0.0,0,1,0,0.0,0.0,3,2,0.0,2,2,3.0,5.0,3.0,2.0,1.0,1.0,2.0,1,1
3.0,2.0,0,0,0,0.0,0.0,5,2,0.0,3,3,3.0,1.0,4.0,2.0,0.0,1.0,3.0,1,0
1.0,4.0,1,0,0,0.0,0.0,3,1,0.0,2,3,1.0,1.0,3.0,2.0,0.0,1.0,3.0,0,0
1.0,0.0,0,0,0,0.0,0.0,3,1,0.0,4,5,5.0,5.0,5.0,2.0,0.0,1.0,2.0,1,0
5.0,3.0,0,0,0,0.0,0.0,4,4,0.0,5,4,5.0,3.0,5.0,3.0,1.0,1.0,1.0,1,0
2.0,3.0,1,0,0,0.0,0.0,3,1,0.0,4,4,5.0,1.0,2.0,2.0,0.0,2.0,3.0,0,0
1.0,4.0,1,0,0,0.0,0.0,4,1,0.0,5,2,4.0,3.0,4.0,0.0,2.0,1.0,2.0,1,1
4.0,1.0,1,0,0,0.0,0.0,4,2,0.0,3,1,3.0,3.0,3.0,2.0,2.0,1.0,3.0,1,1
2.0,3.0,1,0,0,1.0,0.0,3,1,0.0,5,4,4.0,5.0,5.0,1.0,0.0,1.0,3.0,0,0
3.0,4.0,1,0,0,0.0,0.0,3,1,0.0,1,1,1.0,3.0,1.0,2.0,1.0,1.0,3.0,0,1
1.0,0.0,1,1,0,0.0,0.0,5,1,0.0,4,5,5.0,2.0,1.0,2.0,1.0,1.0,2.0,1,0
2.0,3.0,1,0,0,0.0,0.0,4,2,0.0,3,2,4.0,4.0,3.0,1.0,0.0,1.0,3.0,0,1
3.0,4.0,1,1,0,0.0,0.0,3,1,0.0,1,2,3.0,4.0,2.0,2.0,0.0,1.0,2.0,1,1
1.0,0.0,0,0,0,0.0,0.0,4,4,1.0,3,2,4.0,3.0,3.0,2.0,0.0,1.0,3.0,0,0
4.0,0.0,0,0,0,1.0,0.0,5,1,0.0,3,5,5.0,5.0,5.0,2.0,2.0,1.0,1.0,1,1
1.0,0.0,1,0,0,0.0,0.0,5,5,0.0,1,5,1.0,1.0,1.0,1.0,1.0,1.0,3.0,0,1
6.0,4.0,1,1,0,0.0,0.0,5,3,0.0,1,2,5.0,2.0,3.0,5.0,1.0,1.0,3.0,0,1
2.0,0.0,1,0,0,1.0,0.0,5,5,0.0,1,2,1.0,2.0,2.0,2.0,0.0,1.0,3.0,0,1
1.0,0.0,1,0,0,0.0,0.0,5,1,0.0,2,2,2.0,4.0,2.0,3.0,1.0,1.0,3.0,0,1
1.0,0.0,1,0,0,0.0,0.0,3,1,0.0,2,1,5.0,5.0,5.0,2.0,2.0,1.0,2.0,1,1
4.0,4.0,1,0,0,0.0,0.0,3,1,0.0,2,1,5.0,5.0,1.0,2.0,1.0,1.0,3.0,0,0
4.0,4.0,1,1,0,0.0,0.0,5,1,3.0,3,1,4.0,2.0,4.0,2.0,0.0,2.0,1.0,1,1
4.0,1.0,1,0,0,1.0,0.0,3,2,0.0,2,4,2.0,3.0,2.0,1.0,1.0,1.0,1.0,0,1
1.0,0.0,0,0,0,0.0,0.0,3,1,0.0,1,4,1.0,5.0,5.0,2.0,1.0,1.0,2.0,0,0
5.0,0.0,0,0,0,0.0,0.0,3,1,0.0,2,4,3.0,5.0,5.0,2.0,2.0,1.0,2.0,1,1
5.0,4.0,1,1,0,1.0,1.0,2,3,0.0,3,2,3.0,4.0,3.0,2.0,2.0,1.0,2.0,0,1
5.0,4.0,1,0,0,0.0,0.0,3,3,1.0,3,2,3.0,3.0,3.0,1.0,2.0,2.0,2.0,0,1
4.0,0.0,1,0,0,0.0,0.0,5,2,0.0,2,2,1.0,5.0,5.0,2.0,1.0,2.0,3.0,0,1
5.0,0.0,1,0,0,1.0,0.0,5,5,0.0,4,1,1.0,3.0,3.0,3.0,1.0,1.0,3.0,0,0
3.0,4.0,1,0,0,0.0,0.0,3,5,1.0,4,1,1.0,5.0,5.0,2.0,0.0,1.0,1.0,0,0
1.0,0.0,0,0,0,0.0,0.0,5,1,0.0,1,1,1.0,1.0,2.0,2.0,1.0,1.0,2.0,0,0
1.0,0.0,0,0,0,0.0,0.0,4,1,0.0,4,3,2.0,5.0,5.0,2.0,0.0,1.0,3.0,0,0
3.0,1.0,1,1,1,0.0,0.0,4,1,3.0,1,1,5.0,2.0,5.0,2.0,0.0,1.0,1.0,1,1
7.0,0.0,1,0,0,0.0,0.0,5,3,0.0,1,2,5.0,5.0,5.0,1.0,0.0,1.0,2.0,0,0
2.0,4.0,0,0,0,0.0,0.0,3,4,1.0,1,1,3.0,5.0,5.0,4.0,0.0,1.0,1.0,0,1
7.0,4.0,1,0,0,1.0,0.0,5,3,1.0,2,2,5.0,1.0,5.0,2.0,0.0,2.0,1.0,0,1
2.0,3.0,1,0,0,0.0,0.0,5,1,0.0,2,5,1.0,5.0,3.0,2.0,1.0,1.0,2.0,1,0
2.0,4.0,1,0,0,0.0,0.0,5,1,0.0,1,1,1.0,5.0,5.0,1.0,2.0,1.0,1.0,0,0
5.0,0.0,1,0,0,1.0,0.0,4,4,1.0,3,1,2.0,4.0,3.0,2.0,0.0,1.0,3.0,0,1
1.0,3.0,1,0,0,0.0,0.0,3,1,1.0,3,2,2.0,5.0,4.0,2.0,1.0,1.0,3.0,0,0
1.0,4.0,1,0,0,0.0,0.0,3,3,0.0,1,1,5.0,3.0,4.0,1.0,1.0,1.0,3.0,0,0
3.0,0.0,0,0,0,0.0,0.0,5,1,0.0,2,1,1.0,2.0,2.0,2.0,1.0,2.0,1.0,0,1
4.0,4.0,1,0,0,1.0,1.0,5,1,1.0,3,2,1.0,5.0,5.0,2.0,1.0,1.0,2.0,0,1
1.0,3.0,1,0,0,0.0,0.0,3,1,0.0,1,3,2.0,4.0,3.0,1.0,1.0,1.0,1.0,0,1
2.0,4.0,1,0,0,0.0,0.0,3,1,0.0,3,1,5.0,1.0,1.0,2.0,1.0,1.0,1.0,0,1
2.0,4.0,1,1,0,1.0,0.0,3,2,0.0,2,3,5.0,3.0,2.0,2.0,2.0,1.0,2.0,1,0
1.0,4.0,1,0,0,0.0,0.0,4,2,0.0,2,1,3.0,1.0,4.0,1.0,0.0,1.0,2.0,1,0
4.0,0.0,1,0,1,1.0,1.0,3,1,0.0,3,2,4.0,4.0,4.0,5.0,2.0,2.0,2.0,0,1
6.0,4.0,1,1,1,1.0,1.0,2,2,1.0,5,4,5.0,4.0,4.0,4.0,1.0,3.0,1.0,1,1
2.0,1.0,1,1,0,0.0,0.0,4,1,0.0,3,2,4.0,5.0,3.0,2.0,0.0,1.0,3.0,1,1
6.0,4.0,1,1,0,1.0,1.0,5,1,1.0,3,2,4.0,5.0,3.0,2.0,1.0,2.0,1.0,0,0
5.0,1.0,1,1,0,0.0,0.0,4,3,0.0,2,3,1.0,4.0,4.0,1.0,2.0,2.0,3.0,1,1
5.0,3.0,1,0,0,0.0,0.0,3,5,0.0,4,2,5.0,1.0,1.0,2.0,1.0,1.0,2.0,0,0
7.0,4.0,1,1,1,1.0,1.0,2,3,1.0,1,3,1.0,1.0,3.0,4.0,0.0,1.0,2.0,1,0
3.0,0.0,1,0,0,0.0,0.0,3,1,0.0,2,1,3.0,5.0,2.0,2.0,2.0,1.0,2.0,1,1
5.0,0.0,1,0,0,0.0,0.0,5,4,0.0,4,2,1.0,5.0,3.0,2.0,1.0,2.0,1.0,1,0
6.0,4.0,1,1,0,1.0,0.0,3,1,0.0,3,4,3.0,5.0,4.0,3.0,2.0,2.0,1.0,1,0
2.0,1.0,1,0,0,0.0,0.0,4,2,0.0,3,3,4.0,5.0,4.0,2.0,1.0,1.0,2.0,0,1
1.0,3.0,1,0,0,0.0,0.0,5,2,0.0,2,2,4.0,4.0,3.0,2.0,1.0,1.0,3.0,0,0
1.0,2.0,1,0,0,0.0,0.0,5,3,0.0,2,2,3.0,3.0,3.0,1.0,0.0,1.0,3.0,0,0
3.0,2.0,1,0,0,0.0,0.0,2,1,0.0,2,4,5.0,1.0,3.0,3.0,1.0,2.0,1.0,1,1
4.0,1.0,0,0,0,0.0,0.0,4,2,0.0,1,1,4.0,4.0,3.0,2.0,1.0,1.0,3.0,0,0
4.0,4.0,1,0,0,0.0,1.0,5,1,0.0,1,1,1.0,3.0,4.0,3.0,0.0,1.0,3.0,0,0
3.0,2.0,1,0,0,0.0,0.0,1,5,0.0,1,1,1.0,2.0,3.0,5.0,0.0,2.0,3.0,0,0
1.0,4.0,1,0,0,0.0,0.0,5,1,0.0,3,2,1.0,4.0,2.0,2.0,0.0,1.0,3.0,0,1
4.0,1.0,1,0,0,0.0,0.0,2,1,3.0,3,1,5.0,5.0,4.0,2.0,0.0,2.0,1.0,1,0
1.0,1.0,1,0,0,0.0,0.0,5,1,0.0,3,2,1.0,1.0,1.0,1.0,0.0,1.0,2.0,0,1
2.0,3.0,1,0,0,0.0,0.0,4,1,0.0,1,2,1.0,2.0,3.0,2.0,1.0,1.0,3.0,1,1
6.0,4.0,0,0,0,0.0,0.0,2,1,0.0,4,3,5.0,5.0,5.0,2.0,1.0,2.0,2.0,1,0
10.0,3.0,1,1,0,1.0,0.0,2,1,0.0,3,1,5.0,5.0,5.0,2.0,1.0,3.0,3.0,0,1
4.0,0.0,1,1,1,1.0,1.0,3,1,0.0,3,2,5.0,5.0,5.0,4.0,2.0,2.0,2.0,1,0
7.0,1.0,1,1,0,1.0,1.0,1,1,0.0,3,5,5.0,5.0,5.0,2.0,1.0,2.0,2.0,1,1
4.0,4.0,1,0,0,0.0,0.0,4,2,0.0,3,1,4.0,1.0,5.0,1.0,1.0,2.0,1.0,0,1
3.0,0.0,1,0,0,0.0,0.0,4,4,0.0,1,2,1.0,1.0,1.0,2.0,0.0,1.0,3.0,0,1
5.0,4.0,1,1,1,1.0,0.0,2,1,1.0,2,2,5.0,5.0,5.0,3.0,0.0,2.0,2.0,1,0
6.0,0.0,1,0,1,1.0,1.0,4,2,0.0,4,5,3.0,3.0,3.0,2.0,1.0,2.0,3.0,1,0
2.0,0.0,1,0,0,1.0,0.0,4,2,0.0,4,1,4.0,1.0,5.0,2.0,1.0,1.0,1.0,1,0
1.0,1.0,1,1,1,0.0,0.0,5,1,0.0,5,5,5.0,5.0,5.0,1.0,1.0,1.0,3.0,0,0
3.0,1.0,1,0,0,0.0,0.0,4,1,0.0,1,2,5.0,4.0,3.0,2.0,1.0,1.0,3.0,0,0
2.0,4.0,1,0,0,0.0,0.0,5,4,0.0,5,1,5.0,1.0,5.0,3.0,0.0,1.0,3.0,0,1
4.0,3.0,1,0,0,0.0,0.0,4,3,0.0,2,1,3.0,2.0,1.0,2.0,2.0,1.0,3.0,0,1
2.0,1.0,1,0,0,0.0,0.0,3,5,1.0,2,2,4.0,3.0,2.0,2.0,1.0,2.0,3.0,1,0
5.0,4.0,1,1,1,1.0,0.0,2,2,1.0,3,5,5.0,5.0,4.0,5.0,1.0,1.0,1.0,1,0
4.0,3.0,1,1,1,0.0,0.0,2,2,0.0,5,5,4.0,4.0,4.0,6.0,0.0,2.0,1.0,1,1
4.0,0.0,1,1,0,1.0,1.0,3,1,3.0,3,4,5.0,5.0,5.0,2.0,2.0,2.0,1.0,1,1
1.0,0.0,1,0,0,0.0,0.0,4,1,3.0,2,4,5.0,5.0,4.0,1.0,0.0,2.0,1.0,0,1
3.0,0.0,1,0,0,0.0,0.0,5,4,0.0,2,1,2.0,1.0,1.0,3.0,0.0,1.0,2.0,0,0
1.0,0.0,0,0,1,0.0,0.0,4,3,1.0,2,2,1.0,2.0,2.0,2.0,1.0,1.0,3.0,0,0
3.0,0.0,1,0,0,0.0,0.0,3,3,1.0,2,2,4.0,5.0,4.0,1.0,1.0,2.0,2.0,0,1
2.0,0.0,0,0,0,0.0,0.0,5,4,0.0,2,1,4.0,4.0,2.0,2.0,1.0,1.0,2.0,0,0
3.0,0.0,0,0,0,0.0,0.0,5,4,0.0,2,2,5.0,5.0,1.0,2.0,0.0,1.0,3.0,0,0
5.0,0.0,0,1,0,1.0,0.0,5,2,0.0,3,2,3.0,3.0,3.0,3.0,2.0,2.0,2.0,0,0
4.0,3.0,1,0,0,0.0,0.0,4,1,3.0,2,5,2.0,4.0,5.0,1.0,0.0,1.0,2.0,0,0
10.0,0.0,1,1,1,1.0,1.0,1,1,0.0,5,4,5.0,5.0,5.0,6.0,1.0,1.0,1.0,1,1
2.0,0.0,0,0,0,0.0,0.0,4,3,0.0,5,3,5.0,1.0,5.0,2.0,0.0,1.0,2.0,0,0
5.0,3.0,1,1,0,1.0,1.0,1,1,0.0,5,5,4.0,4.0,3.0,5.0,2.0,6.0,1.0,1,1
8.0,3.0,1,1,0,1.0,1.0,1,2,0.0,4,2,1.0,4.0,5.0,5.0,1.0,6.0,2.0,1,1
8.0,4.0,1,1,0,1.0,1.0,2,1,0.0,3,3,4.0,4.0,4.0,5.0,0.0,6.0,2.0,0,0
4.0,1.0,1,0,0,0.0,0.0,3,1,0.0,3,3,4.0,5.0,3.0,6.0,1.0,4.0,2.0,1,1
2.0,0.0,1,1,0,0.0,0.0,1,1,0.0,1,1,3.0,4.0,5.0,5.0,0.0,4.0,1.0,0,1
8.0,2.0,0,1,0,0.0,0.0,2,2,0.0,4,2,1.0,5.0,5.0,2.0,0.0,4.0,3.0,0,0
8.0,4.0,1,0,1,1.0,1.0,3,1,3.0,4,3,3.0,5.0,3.0,4.0,1.0,4.0,2.0,0,1
4.0,0.0,1,1,1,1.0,1.0,5,3,3.0,4,4,1.0,4.0,3.0,3.0,2.0,1.0,2.0,0,0
3.0,0.0,1,0,0,0.0,0.0,5,1,0.0,2,5,1.0,5.0,5.0,2.0,2.0,1.0,3.0,0,1
5.0,1.0,1,0,0,0.0,0.0,5,1,0.0,2,1,1.0,1.0,4.0,2.0,2.0,1.0,3.0,1,1
5.0,4.0,1,0,1,1.0,1.0,3,3,3.0,3,2,3.0,3.0,3.0,5.0,2.0,2.0,2.0,0,1
3.0,4.0,1,0,0,0.0,0.0,5,3,0.0,4,2,4.0,4.0,1.0,2.0,1.0,2.0,3.0,0,0
4.0,2.0,1,0,0,0.0,0.0,1,1,0.0,1,1,1.0,3.0,1.0,1.0,1.0,2.0,1.0,1,0
3.0,0.0,1,0,0,0.0,0.0,2,1,0.0,2,2,5.0,5.0,4.0,2.0,1.0,1.0,1.0,1,0
1.0,2.0,1,0,0,0.0,0.0,5,5,0.0,1,1,1.0,2.0,2.0,1.0,1.0,2.0,2.0,0,0
5.0,1.0,1,0,0,0.0,0.0,1,1,0.0,2,5,5.0,5.0,5.0,1.0,2.0,2.0,2.0,1,1
1.0,0.0,1,0,0,0.0,0.0,4,5,1.0,2,2,3.0,2.0,5.0,1.0,0.0,1.0,3.0,0,0
1.0,1.0,1,0,0,0.0,0.0,2,1,0.0,1,2,5.0,5.0,1.0,1.0,0.0,1.0,1.0,0,0
6.0,3.0,0,1,1,1.0,0.0,3,1,3.0,5,4,5.0,5.0,4.0,5.0,2.0,2.0,3.0,1,0
3.0,3.0,1,0,0,0.0,0.0,5,3,0.0,2,3,5.0,5.0,5.0,1.0,1.0,3.0,2.0,0,0
4.0,3.0,0,0,0,0.0,0.0,3,1,0.0,2,1,5.0,5.0,5.0,2.0,1.0,2.0,3.0,0,0
2.0,4.0,0,0,0,1.0,0.0,4,5,0.0,2,1,3.0,3.0,1.0,2.0,0.0,2.0,3.0,0,0
2.0,2.0,1,1,0,0.0,0.0,4,1,0.0,2,1,5.0,3.0,1.0,1.0,0.0,1.0,3.0,1,1
4.0,1.0,0,0,0,0.0,0.0,4,4,0.0,3,2,1.0,3.0,4.0,2.0,0.0,3.0,3.0,0,0
5.0,0.0,1,1,0,0.0,0.0,4,3,0.0,2,5,1.0,2.0,2.0,5.0,1.0,4.0,3.0,0,0
4.0,0.0,1,0,0,0.0,1.0,5,1,0.0,5,4,1.0,5.0,4.0,2.0,1.0,3.0,2.0,1,0
5.0,4.0,1,1,1,1.0,0.0,1,1,0.0,3,4,5.0,5.0,5.0,5.0,1.0,3.0,2.0,1,1
1.0,0.0,1,0,0,0.0,0.0,4,3,0.0,3,2,3.0,3.0,3.0,2.0,0.0,2.0,2.0,0,0
3.0,0.0,1,0,0,0.0,0.0,5,1,0.0,2,1,2.0,3.0,2.0,2.0,2.0,2.0,1.0,1,1
5.0,4.0,1,0,1,1.0,1.0,3,1,3.0,2,3,2.0,3.0,3.0,4.0,1.0,2.0,2.0,1,1
8.0,4.0,1,1,1,1.0,1.0,2,1,1.0,4,4,4.0,4.0,3.0,4.0,2.0,2.0,2.0,1,0
7.0,4.0,1,1,1,0.0,0.0,3,2,0.0,2,4,3.0,3.0,3.0,4.0,1.0,3.0,2.0,1,1
4.0,4.0,0,0,0,0.0,0.0,4,2,0.0,3,3,2.0,2.0,3.0,2.0,1.0,1.0,3.0,0,1
1.0,3.0,0,0,0,0.0,0.0,4,2,0.0,3,3,3.0,4.0,4.0,3.0,0.0,1.0,2.0,0,0
4.0,3.0,1,0,0,0.0,0.0,4,2,0.0,5,3,3.0,4.0,4.0,2.0,1.0,1.0,3.0,0,0
2.0,3.0,0,0,0,0.0,0.0,4,4,0.0,1,1,5.0,3.0,2.0,2.0,1.0,1.0,3.0,0,0
5.0,4.0,1,1,0,1.0,1.0,3,2,0.0,3,5,5.0,5.0,5.0,4.0,2.0,2.0,2.0,1,0
6.0,1.0,1,0,1,1.0,1.0,5,5,1.0,1,1,5.0,3.0,1.0,3.0,2.0,4.0,3.0,1,1
6.0,4.0,1,1,0,1.0,1.0,2,1,0.0,2,3,3.0,3.0,3.0,4.0,2.0,3.0,2.0,0,1
9.0,4.0,1,1,1,1.0,1.0,2,2,0.0,4,3,5.0,4.0,5.0,5.0,2.0,3.0,1.0,1,1
2.0,0.0,0,0,0,0.0,0.0,2,1,0.0,2,4,3.0,4.0,3.0,1.0,1.0,1.0,2.0,0,0
1.0,4.0,1,0,0,0.0,0.0,5,5,1.0,3,2,2.0,2.0,1.0,1.0,0.0,1.0,3.0,0,0
2.0,2.0,0,0,0,0.0,0.0,3,4,0.0,2,5,5.0,5.0,1.0,2.0,2.0,1.0,2.0,0,0
1.0,0.0,1,0,0,0.0,0.0,5,4,0.0,1,4,5.0,1.0,5.0,1.0,0.0,1.0,3.0,0,0
4.0,2.0,1,0,0,0.0,0.0,3,3,0.0,4,4,5.0,2.0,4.0,1.0,0.0,1.0,2.0,0,1
5.0,4.0,1,0,0,1.0,0.0,5,3,0.0,3,5,3.0,4.0,3.0,5.0,2.0,3.0,2.0,0,0
4.0,2.0,1,0,0,0.0,0.0,3,3,0.0,2,2,2.0,2.0,2.0,3.0,1.0,3.0,2.0,0,1
7.0,1.0,1,1,0,0.0,0.0,3,2,0.0,3,3,5.0,5.0,5.0,5.0,2.0,3.0,2.0,0,0
2.0,0.0,0,0,0,0.0,0.0,1,1,0.0,1,1,2.0,3.0,3.0,1.0,0.0,3.0,1.0,0,0
7.0,0.0,1,1,0,1.0,1.0,3,1,0.0,3,2,1.0,5.0,3.0,5.0,2.0,3.0,2.0,1,0
6.0,4.0,1,1,0,1.0,0.0,4,1,1.0,3,5,5.0,4.0,4.0,4.0,2.0,3.0,3.0,1,1
1.0,3.0,1,0,0,0.0,0.0,5,2,0.0,2,2,5.0,5.0,5.0,2.0,1.0,1.0,2.0,1,1
5.0,2.0,1,1,0,1.0,0.0,2,1,0.0,2,3,3.0,3.0,4.0,5.0,2.0,1.0,2.0,1,0
2.0,3.0,1,0,0,1.0,0.0,4,3,0.0,5,5,5.0,5.0,1.0,3.0,1.0,2.0,2.0,1,0
2.0,0.0,1,0,0,0.0,0.0,5,1,0.0,1,1,1.0,5.0,3.0,1.0,0.0,1.0,1.0,0,1
3.0,4.0,1,0,0,1.0,1.0,1,1,0.0,4,3,5.0,4.0,4.0,2.0,1.0,1.0,3.0,1,0
1.0,0.0,1,0,0,1.0,0.0,3,3,0.0,4,4,3.0,5.0,4.0,2.0,2.0,1.0,2.0,1,0
5.0,3.0,0,1,0,0.0,0.0,2,1,1.0,3,2,5.0,5.0,3.0,1.0,2.0,2.0,2.0,0,1
2.0,0.0,1,1,1,0.0,0.0,5,3,0.0,1,1,3.0,1.0,3.0,2.0,0.0,1.0,3.0,0,0
6.0,3.0,0,0,0,0.0,0.0,1,1,0.0,5,1,5.0,5.0,5.0,2.0,1.0,1.0,1.0,1,0
6.0,4.0,1,0,0,1.0,0.0,2,1,1.0,3,3,5.0,5.0,5.0,3.0,1.0,2.0,2.0,1,0
6.0,4.0,1,1,0,1.0,0.0,2,2,0.0,4,3,5.0,5.0,5.0,5.0,1.0,2.0,2.0,1,0
2.0,3.0,0,0,0,0.0,0.0,3,1,0.0,1,1,5.0,5.0,5.0,1.0,0.0,2.0,2.0,0,0
4.0,0.0,0,0,0,0.0,0.0,5,1,0.0,4,4,4.0,2.0,1.0,2.0,0.0,1.0,1.0,0,0
4.0,0.0,0,0,0,0.0,0.0,3,1,0.0,3,3,4.0,1.0,5.0,2.0,1.0,1.0,1.0,1,1
6.0,0.0,0,0,0,0.0,0.0,5,1,0.0,3,3,3.0,1.0,1.0,5.0,2.0,2.0,3.0,0,1
2.0,4.0,1,0,0,0.0,0.0,5,1,0.0,2,3,3.0,5.0,3.0,1.0,0.0,3.0,3.0,0,0
2.0,0.0,1,0,0,0.0,0.0,3,3,0.0,2,4,5.0,1.0,1.0,2.0,1.0,2.0,2.0,0,0
3.0,0.0,0,0,0,0.0,1.0,3,3,3.0,2,5,5.0,5.0,5.0,1.0,2.0,2.0,3.0,0,1
4.0,4.0,0,1,1,1.0,0.0,4,3,1.0,3,3,2.0,2.0,2.0,6.0,0.0,3.0,2.0,0,1
5.0,3.0,1,1,0,1.0,1.0,3,3,3.0,3,5,4.0,4.0,4.0,4.0,2.0,3.0,2.0,0,1
6.0,4.0,1,0,0,1.0,1.0,3,3,0.0,3,4,5.0,5.0,5.0,5.0,0.0,3.0,2.0,1,0
5.0,4.0,1,0,0,1.0,1.0,5,1,0.0,2,2,4.0,5.0,4.0,5.0,1.0,3.0,3.0,0,0
3.0,0.0,0,1,0,1.0,0.0,3,5,1.0,2,3,1.0,3.0,3.0,1.0,0.0,2.0,2.0,1,1
6.0,0.0,1,1,0,1.0,1.0,2,1,0.0,2,4,4.0,5.0,4.0,3.0,1.0,2.0,1.0,1,0
4.0,4.0,1,0,0,1.0,0.0,5,5,0.0,1,1,5.0,2.0,1.0,4.0,1.0,2.0,3.0,0,1
3.0,4.0,1,1,0,0.0,0.0,3,1,0.0,4,2,3.0,2.0,4.0,1.0,2.0,2.0,2.0,0,1
1.0,4.0,1,0,0,0.0,0.0,5,2,0.0,2,1,2.0,3.0,2.0,2.0,2.0,2.0,2.0,0,0
2.0,0.0,1,0,0,0.0,0.0,4,1,0.0,5,3,5.0,5.0,3.0,4.0,1.0,2.0,3.0,1,0
5.0,4.0,1,0,0,1.0,1.0,3,3,0.0,4,2,2.0,3.0,5.0,1.0,0.0,2.0,2.0,0,1
2.0,4.0,1,0,0,0.0,0.0,3,4,0.0,4,5,2.0,3.0,5.0,2.0,0.0,1.0,1.0,1,0
3.0,1.0,1,0,0,0.0,0.0,5,5,0.0,1,4,1.0,2.0,5.0,1.0,1.0,1.0,2.0,0,0
2.0,0.0,1,0,0,0.0,0.0,5,3,0.0,1,2,1.0,3.0,4.0,1.0,1.0,1.0,2.0,1,0
1.0,0.0,1,0,0,0.0,0.0,5,4,0.0,4,3,1.0,3.0,2.0,0.0,1.0,1.0,3.0,1,0
2.0,1.0,1,0,0,0.0,0.0,5,3,0.0,4,1,5.0,3.0,2.0,1.0,0.0,2.0,3.0,0,1
2.0,0.0,0,0,0,0.0,0.0,4,3,0.0,1,4,1.0,5.0,5.0,2.0,1.0,1.0,3.0,0,0
2.0,0.0,1,0,0,0.0,0.0,3,2,0.0,2,1,3.0,3.0,3.0,2.0,0.0,1.0,3.0,1,1
2.0,3.0,1,0,0,0.0,0.0,2,3,0.0,1,2,4.0,2.0,2.0,1.0,1.0,2.0,2.0,0,0
4.0,0.0,1,0,0,0.0,0.0,3,1,0.0,2,4,2.0,1.0,5.0,3.0,0.0,2.0,2.0,0,1
1.0,4.0,1,1,0,0.0,0.0,4,4,0.0,1,2,3.0,4.0,4.0,1.0,0.0,1.0,3.0,0,0
2.0,4.0,1,0,0,0.0,0.0,3,3,0.0,1,1,2.0,5.0,2.0,1.0,0.0,2.0,1.0,0,0
3.0,3.0,1,0,1,0.0,0.0,5,1,3.0,2,1,4.0,4.0,4.0,1.0,0.0,2.0,1.0,0,1
1.0,3.0,0,0,0,0.0,0.0,5,4,0.0,1,1,2.0,1.0,4.0,1.0,1.0,1.0,3.0,0,0
2.0,0.0,0,0,0,0.0,0.0,4,3,1.0,3,4,3.0,3.0,4.0,2.0,2.0,1.0,3.0,0,1
7.0,4.0,1,1,0,1.0,1.0,3,3,0.0,3,3,4.0,4.0,4.0,5.0,1.0,1.0,1.0,1,1
1.0,0.0,0,0,0,1.0,0.0,3,1,0.0,2,4,3.0,5.0,2.0,2.0,0.0,2.0,1.0,1,1
4.0,1.0,1,0,0,0.0,0.0,5,5,1.0,2,2,1.0,1.0,5.0,2.0,1.0,2.0,2.0,0,0
8.0,0.0,1,0,0,1.0,0.0,5,5,0.0,1,2,3.0,4.0,1.0,4.0,2.0,2.0,3.0,0,1
2.0,4.0,1,0,0,0.0,0.0,4,1,3.0,1,1,5.0,1.0,1.0,2.0,1.0,2.0,3.0,1,0
2.0,2.0,0,0,0,0.0,0.0,3,2,1.0,3,1,3.0,1.0,1.0,2.0,1.0,1.0,2.0,0,1
1.0,0.0,1,0,0,0.0,0.0,3,3,0.0,2,2,3.0,4.0,3.0,2.0,0.0,1.0,2.0,0,1
7.0,4.0,1,1,1,1.0,1.0,3,1,0.0,3,2,4.0,4.0,3.0,6.0,2.0,3.0,2.0,1,0
1.0,0.0,1,0,0,0.0,0.0,5,5,0.0,2,1,1.0,4.0,1.0,2.0,1.0,2.0,3.0,0,1
10.0,4.0,1,1,1,1.0,1.0,5,3,1.0,3,3,3.0,3.0,2.0,3.0,2.0,3.0,2.0,1,1
8.0,4.0,1,1,0,1.0,1.0,3,1,3.0,3,4,5.0,5.0,3.0,4.0,1.0,3.0,2.0,1,0
6.0,4.0,1,1,0,1.0,1.0,1,1,0.0,5,5,5.0,1.0,1.0,6.0,2.0,3.0,1.0,1,0
1.0,0.0,0,0,0,0.0,0.0,5,5,0.0,4,4,1.0,1.0,1.0,2.0,2.0,3.0,3.0,0,0
1.0,0.0,1,0,0,0.0,0.0,3,2,0.0,1,1,2.0,1.0,5.0,2.0,0.0,1.0,2.0,0,0
5.0,4.0,0,1,0,0.0,0.0,5,4,0.0,4,3,5.0,5.0,4.0,2.0,1.0,1.0,2.0,1,0
5.0,4.0,1,0,0,1.0,1.0,5,5,3.0,1,1,5.0,1.0,5.0,0.0,0.0,1.0,2.0,0,1
3.0,4.0,1,0,0,0.0,0.0,5,5,1.0,5,4,1.0,1.0,4.0,1.0,1.0,2.0,1.0,0,1
5.0,4.0,0,1,0,1.0,1.0,5,3,0.0,3,2,2.0,5.0,5.0,3.0,2.0,1.0,3.0,0,0
1.0,0.0,0,0,0,0.0,0.0,4,1,0.0,3,2,2.0,3.0,3.0,2.0,0.0,1.0,3.0,0,1
2.0,4.0,1,1,0,0.0,0.0,3,3,0.0,5,3,4.0,4.0,2.0,2.0,1.0,2.0,2.0,1,0
4.0,4.0,1,0,0,0.0,1.0,4,1,0.0,4,5,5.0,2.0,2.0,2.0,1.0,1.0,1.0,1,1
8.0,0.0,0,1,0,1.0,0.0,2,2,0.0,3,3,2.0,2.0,5.0,6.0,1.0,1.0,2.0,1,0
4.0,0.0,1,0,0,0.0,0.0,3,1,0.0,4,5,3.0,4.0,5.0,2.0,2.0,1.0,2.0,0,0
4.0,0.0,1,1,0,0.0,0.0,3,3,0.0,4,4,5.0,5.0,5.0,3.0,0.0,1.0,1.0,1,1
4.0,0.0,1,0,0,0.0,0.0,5,5,0.0,1,2,1.0,5.0,1.0,2.0,1.0,2.0,2.0,1,1
2.0,4.0,1,0,0,0.0,0.0,5,1,0.0,2,3,4.0,4.0,3.0,2.0,2.0,1.0,1.0,0,0
2.0,0.0,0,0,0,0.0,0.0,4,1,0.0,2,3,2.0,3.0,1.0,5.0,1.0,2.0,1.0,0,0
3.0,0.0,0,0,0,0.0,0.0,3,5,0.0,2,1,3.0,2.0,2.0,1.0,1.0,1.0,3.0,1,1
2.0,4.0,1,0,0,0.0,0.0,3,1,0.0,1,1,1.0,1.0,1.0,1.0,0.0,2.0,3.0,0,1
4.0,1.0,1,0,0,0.0,0.0,5,2,0.0,3,2,3.0,4.0,2.0,1.0,1.0,1.0,3.0,1,0
3.0,1.0,0,0,0,0.0,0.0,5,5,0.0,4,1,1.0,1.0,1.0,2.0,1.0,1.0,3.0,0,0
2.0,0.0,1,0,0,0.0,0.0,5,5,0.0,2,2,3.0,2.0,2.0,1.0,1.0,2.0,3.0,0,1
5.0,4.0,0,1,0,1.0,0.0,1,1,0.0,2,2,3.0,5.0,5.0,2.0,1.0,4.0,3.0,1,1
9.0,4.0,1,0,0,1.0,0.0,2,1,0.0,5,4,5.0,5.0,1.0,5.0,2.0,3.0,2.0,1,1
5.0,3.0,1,1,1,1.0,0.0,3,1,0.0,4,2,5.0,5.0,1.0,4.0,1.0,3.0,2.0,0,1
2.0,3.0,0,1,0,0.0,0.0,3,1,0.0,3,4,1.0,1.0,1.0,1.0,2.0,3.0,2.0,0,0
5.0,3.0,1,1,1,0.0,0.0,4,4,0.0,4,4,1.0,5.0,5.0,2.0,1.0,3.0,2.0,0,1
7.0,3.0,0,1,1,1.0,1.0,4,4,0.0,2,2,1.0,2.0,3.0,5.0,1.0,3.0,2.0,1,1
5.0,4.0,0,0,0,0.0,0.0,3,1,0.0,2,3,5.0,5.0,5.0,1.0,1.0,3.0,2.0,0,0
6.0,3.0,1,1,1,1.0,1.0,2,1,3.0,5,4,5.0,4.0,4.0,2.0,2.0,2.0,3.0,1,1
6.0,3.0,1,0,0,1.0,0.0,2,1,0.0,3,5,3.0,4.0,4.0,2.0,2.0,2.0,2.0,1,1
6.0,3.0,1,1,0,1.0,1.0,1,4,0.0,3,4,5.0,5.0,5.0,3.0,2.0,2.0,1.0,1,0
9.0,4.0,1,1,0,1.0,1.0,2,2,0.0,5,4,4.0,5.0,5.0,2.0,2.0,3.0,2.0,1,0
8.0,4.0,1,1,1,1.0,1.0,4,2,1.0,3,2,4.0,4.0,2.0,5.0,2.0,3.0,2.0,1,1
5.0,4.0,1,0,0,1.0,0.0,5,4,0.0,3,2,2.0,2.0,4.0,4.0,2.0,3.0,3.0,0,0
6.0,0.0,1,1,1,1.0,0.0,3,2,3.0,3,1,5.0,4.0,4.0,5.0,2.0,4.0,2.0,1,1
4.0,0.0,1,0,0,0.0,0.0,4,1,0.0,4,2,5.0,4.0,4.0,3.0,2.0,3.0,2.0,1,0
9.0,1.0,1,1,1,1.0,1.0,2,2,0.0,3,3,4.0,4.0,4.0,2.0,1.0,3.0,2.0,1,1
2.0,4.0,0,1,0,0.0,0.0,2,1,0.0,3,3,4.0,5.0,4.0,3.0,1.0,3.0,2.0,1,1
8.0,4.0,1,1,1,1.0,1.0,4,2,1.0,3,3,3.0,4.0,3.0,6.0,1.0,4.0,1.0,1,1
5.0,3.0,1,1,1,1.0,1.0,5,3,1.0,2,2,5.0,5.0,2.0,2.0,1.0,3.0,2.0,0,1
3.0,0.0,1,0,0,0.0,0.0,5,3,0.0,1,1,2.0,3.0,3.0,1.0,1.0,1.0,2.0,0,0
5.0,4.0,0,0,0,0.0,0.0,4,2,0.0,3,5,3.0,4.0,5.0,4.0,1.0,2.0,2.0,0,0
4.0,4.0,1,0,1,1.0,0.0,2,2,1.0,1,3,1.0,5.0,5.0,1.0,1.0,1.0,2.0,0,1
6.0,3.0,0,0,0,0.0,0.0,3,1,0.0,1,1,1.0,5.0,1.0,2.0,1.0,3.0,3.0,0,0
3.0,3.0,0,0,0,1.0,0.0,5,3,0.0,1,1,1.0,1.0,1.0,2.0,1.0,3.0,3.0,0,0
4.0,4.0,0,1,0,1.0,0.0,3,1,1.0,3,2,5.0,4.0,1.0,3.0,2.0,1.0,2.0,0,0
1.0,3.0,0,0,0,,0.0,5,3,0.0,2,2,2.0,3.0,1.0,1.0,0.0,1.0,3.0,0,0
2.0,4.0,1,0,0,0.0,0.0,3,3,0.0,2,5,3.0,5.0,4.0,2.0,2.0,1.0,1.0,1,0
1.0,4.0,1,0,0,0.0,0.0,3,1,0.0,1,5,5.0,5.0,2.0,1.0,1.0,2.0,2.0,0,1
4.0,4.0,1,0,1,1.0,0.0,4,3,3.0,3,2,4.0,4.0,1.0,1.0,2.0,1.0,1.0,0,1
3.0,0.0,1,1,0,1.0,0.0,3,3,0.0,5,3,3.0,4.0,5.0,2.0,1.0,1.0,2.0,1,0
1.0,3.0,1,0,0,0.0,0.0,5,1,0.0,1,2,5.0,5.0,5.0,1.0,1.0,1.0,3.0,1,0
3.0,4.0,1,1,1,0.0,0.0,3,2,0.0,3,2,5.0,5.0,5.0,3.0,1.0,2.0,1.0,0,1
3.0,3.0,0,0,0,1.0,1.0,3,1,1.0,3,1,2.0,3.0,3.0,2.0,1.0,2.0,1.0,0,1
4.0,0.0,0,0,0,0.0,0.0,3,1,0.0,4,4,3.0,1.0,2.0,2.0,0.0,2.0,3.0,0,0
2.0,2.0,1,1,1,0.0,0.0,3,1,3.0,3,3,3.0,5.0,5.0,1.0,1.0,2.0,1.0,1,1
5.0,0.0,1,1,1,1.0,1.0,3,2,0.0,3,2,2.0,3.0,5.0,4.0,1.0,1.0,2.0,0,1
3.0,3.0,1,0,0,0.0,0.0,1,2,0.0,3,5,3.0,4.0,4.0,2.0,1.0,2.0,3.0,1,0
5.0,3.0,1,1,0,1.0,0.0,3,1,0.0,4,5,3.0,5.0,4.0,2.0,0.0,1.0,2.0,0,1
1.0,4.0,1,1,0,0.0,0.0,4,1,0.0,1,2,1.0,5.0,4.0,1.0,0.0,2.0,2.0,0,1
7.0,4.0,1,1,1,1.0,1.0,2,1,1.0,3,3,4.0,5.0,4.0,5.0,2.0,2.0,1.0,1,1
7.0,4.0,1,1,1,1.0,1.0,3,2,0.0,3,3,5.0,3.0,4.0,5.0,2.0,3.0,2.0,1,1
5.0,4.0,1,0,0,1.0,0.0,2,3,0.0,3,3,5.0,4.0,3.0,4.0,1.0,1.0,1.0,1,1
2.0,2.0,1,0,0,0.0,0.0,5,1,0.0,1,1,5.0,5.0,1.0,1.0,1.0,1.0,3.0,0,1
5.0,2.0,1,0,0,0.0,0.0,3,1,0.0,2,3,5.0,5.0,1.0,1.0,2.0,2.0,2.0,1,0
1.0,2.0,1,0,0,1.0,0.0,4,1,0.0,1,1,5.0,3.0,3.0,1.0,0.0,2.0,3.0,0,1
2.0,4.0,1,0,0,0.0,0.0,4,3,0.0,4,4,5.0,3.0,5.0,1.0,2.0,1.0,1.0,0,0
2.0,3.0,1,0,0,0.0,0.0,5,1,0.0,1,2,5.0,1.0,1.0,2.0,1.0,3.0,3.0,1,0
4.0,0.0,0,1,0,0.0,0.0,3,3,0.0,4,2,4.0,5.0,3.0,1.0,0.0,1.0,3.0,0,1
1.0,1.0,1,0,0,0.0,0.0,5,1,0.0,2,1,5.0,2.0,1.0,1.0,0.0,2.0,3.0,0,0
8.0,3.0,1,0,0,1.0,0.0,5,1,3.0,5,2,5.0,5.0,3.0,2.0,2.0,1.0,1.0,0,1
1.0,4.0,1,0,0,0.0,0.0,1,1,0.0,2,5,5.0,5.0,5.0,2.0,1.0,1.0,2.0,0,1
4.0,0.0,1,0,0,0.0,0.0,5,1,0.0,2,1,2.0,4.0,2.0,3.0,0.0,2.0,3.0,0,0
1.0,0.0,1,0,0,0.0,0.0,4,1,0.0,3,2,5.0,5.0,1.0,1.0,0.0,2.0,3.0,0,0
2.0,4.0,0,0,1,1.0,1.0,4,3,3.0,3,1,1.0,4.0,2.0,1.0,0.0,1.0,3.0,1,0
4.0,4.0,0,0,0,0.0,0.0,5,1,0.0,2,1,3.0,5.0,2.0,3.0,1.0,1.0,2.0,1,0
4.0,3.0,1,0,0,0.0,0.0,5,1,3.0,2,2,1.0,5.0,5.0,1.0,0.0,2.0,1.0,0,0
4.0,4.0,1,0,0,0.0,0.0,2,1,0.0,2,2,5.0,4.0,4.0,2.0,0.0,2.0,1.0,0,1
3.0,3.0,0,1,0,0.0,0.0,5,5,0.0,1,1,5.0,1.0,1.0,1.0,1.0,1.0,3.0,0,1
8.0,4.0,1,0,0,1.0,1.0,5,5,0.0,1,1,1.0,1.0,1.0,4.0,2.0,1.0,3.0,0,1
6.0,4.0,1,0,1,1.0,1.0,5,2,3.0,3,4,5.0,5.0,5.0,2.0,1.0,2.0,1.0,1,1
4.0,3.0,1,0,0,0.0,0.0,3,3,0.0,3,5,5.0,5.0,5.0,2.0,2.0,1.0,3.0,1,0
5.0,4.0,1,1,0,0.0,0.0,1,1,0.0,3,2,5.0,5.0,5.0,3.0,1.0,3.0,1.0,0,0
7.0,0.0,1,1,0,1.0,0.0,4,1,0.0,2,3,4.0,4.0,4.0,2.0,2.0,3.0,1.0,1,0
9.0,4.0,1,1,1,1.0,1.0,1,1,3.0,4,2,2.0,1.0,5.0,4.0,1.0,3.0,1.0,1,1
4.0,0.0,1,1,0,0.0,0.0,3,3,0.0,3,3,2.0,2.0,5.0,1.0,2.0,1.0,2.0,0,0
5.0,4.0,1,0,0,0.0,0.0,3,3,0.0,2,1,5.0,3.0,4.0,3.0,1.0,3.0,3.0,0,0
6.0,0.0,0,1,0,0.0,0.0,3,2,0.0,4,5,2.0,2.0,3.0,2.0,2.0,3.0,1.0,1,1
5.0,4.0,1,0,0,0.0,0.0,5,1,0.0,4,1,5.0,5.0,1.0,2.0,1.0,2.0,3.0,1,0
3.0,0.0,1,1,0,1.0,0.0,3,3,0.0,2,2,1.0,3.0,5.0,2.0,2.0,1.0,2.0,0,0
1.0,1.0,0,0,0,0.0,0.0,3,1,0.0,2,1,1.0,1.0,1.0,2.0,0.0,2.0,2.0,0,1
5.0,3.0,0,0,0,0.0,0.0,5,3,0.0,2,2,5.0,4.0,2.0,2.0,2.0,2.0,2.0,1,0
4.0,0.0,1,1,0,1.0,0.0,2,2,0.0,3,5,4.0,4.0,4.0,5.0,1.0,2.0,2.0,1,1
2.0,2.0,1,0,0,0.0,0.0,4,2,0.0,1,2,4.0,4.0,5.0,0.0,1.0,1.0,3.0,1,0
3.0,3.0,1,0,0,0.0,0.0,5,3,0.0,1,1,4.0,4.0,3.0,0.0,0.0,1.0,3.0,0,0
1.0,4.0,1,0,0,0.0,0.0,2,3,0.0,2,4,5.0,4.0,5.0,0.0,1.0,2.0,1.0,1,0
6.0,4.0,1,0,0,1.0,0.0,5,1,3.0,4,3,5.0,1.0,3.0,5.0,0.0,3.0,1.0,0,0
6.0,1.0,1,0,0,0.0,0.0,4,4,3.0,1,1,5.0,5.0,5.0,1.0,2.0,1.0,1.0,0,1
4.0,4.0,1,0,0,0.0,1.0,5,4,0.0,4,3,4.0,1.0,5.0,5.0,2.0,1.0,3.0,1,1
5.0,4.0,1,0,0,0.0,0.0,3,1,0.0,5,5,4.0,4.0,2.0,2.0,1.0,1.0,1.0,0,0
2.0,0.0,1,0,0,0.0,0.0,5,3,0.0,1,1,1.0,1.0,1.0,1.0,0.0,1.0,1.0,1,1
2.0,4.0,1,0,0,0.0,0.0,3,1,0.0,1,1,2.0,5.0,5.0,2.0,2.0,2.0,1.0,0,0
1.0,4.0,1,0,0,0.0,0.0,4,4,0.0,3,4,4.0,1.0,2.0,2.0,0.0,2.0,2.0,0,0
4.0,4.0,1,0,0,1.0,0.0,1,1,0.0,1,1,1.0,1.0,1.0,2.0,2.0,2.0,1.0,0,1
2.0,4.0,1,1,0,1.0,0.0,1,1,0.0,3,5,5.0,5.0,5.0,2.0,1.0,2.0,2.0,1,0
4.0,3.0,1,0,0,0.0,0.0,5,5,0.0,1,2,1.0,3.0,3.0,3.0,2.0,2.0,3.0,0,1
7.0,4.0,1,1,0,1.0,1.0,1,3,0.0,3,5,5.0,4.0,1.0,5.0,2.0,2.0,1.0,1,1
5.0,2.0,1,0,0,0.0,0.0,5,1,1.0,2,5,1.0,5.0,1.0,1.0,1.0,2.0,3.0,0,1
3.0,3.0,1,0,0,1.0,0.0,5,1,0.0,1,4,1.0,5.0,5.0,1.0,1.0,2.0,2.0,0,0
1.0,1.0,1,0,0,0.0,0.0,4,3,0.0,4,5,4.0,3.0,2.0,2.0,0.0,1.0,3.0,0,0
4.0,4.0,1,0,0,1.0,0.0,3,3,0.0,2,2,1.0,2.0,5.0,2.0,1.0,3.0,1.0,1,0
2.0,0.0,1,1,0,0.0,0.0,5,1,0.0,5,4,3.0,2.0,3.0,2.0,1.0,1.0,3.0,0,0
4.0,3.0,1,0,0,0.0,0.0,3,1,0.0,3,1,5.0,5.0,5.0,2.0,1.0,3.0,2.0,1,0
3.0,4.0,1,0,0,1.0,0.0,5,1,1.0,3,3,2.0,3.0,4.0,2.0,1.0,2.0,2.0,1,0
4.0,0.0,0,0,0,0.0,0.0,4,3,0.0,3,1,5.0,4.0,3.0,2.0,1.0,2.0,3.0,1,0
4.0,4.0,0,1,0,0.0,0.0,3,3,0.0,3,1,5.0,2.0,5.0,2.0,1.0,1.0,3.0,0,0
4.0,4.0,1,1,1,1.0,0.0,3,1,0.0,2,3,5.0,4.0,4.0,3.0,1.0,3.0,3.0,1,1
5.0,1.0,1,0,0,0.0,0.0,4,5,0.0,2,1,2.0,3.0,5.0,1.0,0.0,3.0,3.0,0,1
2.0,0.0,1,0,0,0.0,0.0,3,1,0.0,3,2,4.0,5.0,2.0,2.0,1.0,3.0,3.0,0,1
3.0,3.0,1,1,0,0.0,0.0,3,1,0.0,4,4,4.0,5.0,4.0,2.0,1.0,2.0,3.0,1,0
5.0,4.0,1,1,1,1.0,1.0,5,3,3.0,2,2,2.0,1.0,1.0,5.0,1.0,3.0,3.0,1,1
3.0,2.0,1,1,1,1.0,1.0,5,5,3.0,1,1,4.0,1.0,2.0,3.0,0.0,2.0,3.0,0,1
4.0,0.0,0,0,0,0.0,0.0,5,4,0.0,3,1,5.0,2.0,1.0,3.0,1.0,2.0,3.0,0,0
8.0,1.0,1,1,0,0.0,0.0,2,1,0.0,3,3,4.0,5.0,5.0,5.0,1.0,3.0,2.0,1,1
3.0,3.0,0,1,1,1.0,1.0,4,4,0.0,3,1,2.0,3.0,2.0,2.0,1.0,1.0,3.0,0,1
1.0,0.0,0,0,0,0.0,0.0,3,1,0.0,3,3,3.0,3.0,4.0,1.0,0.0,1.0,3.0,0,0
6.0,0.0,1,0,0,0.0,0.0,3,4,0.0,4,3,2.0,4.0,3.0,2.0,0.0,1.0,3.0,0,1
1.0,0.0,0,0,0,0.0,0.0,3,4,0.0,1,2,3.0,4.0,4.0,2.0,0.0,3.0,3.0,0,0
5.0,0.0,1,0,0,1.0,1.0,2,2,0.0,5,4,4.0,5.0,4.0,4.0,2.0,2.0,2.0,1,1
4.0,0.0,1,0,0,0.0,0.0,3,1,0.0,3,2,2.0,4.0,2.0,2.0,1.0,1.0,2.0,1,0
4.0,0.0,1,0,0,0.0,0.0,5,5,0.0,4,3,5.0,5.0,3.0,2.0,1.0,1.0,2.0,1,0
8.0,4.0,1,1,1,1.0,1.0,2,3,1.0,4,4,5.0,4.0,5.0,4.0,2.0,2.0,1.0,1,1
4.0,3.0,1,0,0,1.0,1.0,5,5,1.0,3,3,5.0,1.0,5.0,2.0,0.0,2.0,1.0,0,0
4.0,3.0,1,0,0,0.0,0.0,1,1,0.0,1,1,3.0,4.0,4.0,1.0,2.0,2.0,2.0,0,0
5.0,0.0,1,0,1,1.0,1.0,3,2,1.0,3,5,2.0,3.0,2.0,5.0,1.0,3.0,1.0,0,1
8.0,4.0,1,1,0,1.0,0.0,3,2,3.0,3,3,5.0,5.0,4.0,6.0,1.0,3.0,1.0,1,1
4.0,4.0,1,1,0,1.0,0.0,3,2,0.0,2,2,3.0,4.0,3.0,2.0,2.0,2.0,3.0,1,0
3.0,1.0,1,0,0,0.0,0.0,1,1,0.0,4,5,1.0,5.0,1.0,2.0,2.0,2.0,1.0,1,1
2.0,2.0,1,0,0,0.0,0.0,5,5,0.0,1,5,2.0,2.0,2.0,1.0,0.0,2.0,3.0,0,1
1.0,0.0,0,0,0,0.0,0.0,3,5,0.0,2,1,4.0,2.0,4.0,3.0,1.0,1.0,3.0,0,0
3.0,4.0,1,1,0,0.0,0.0,3,2,0.0,2,2,4.0,4.0,5.0,5.0,0.0,2.0,1.0,0,0
5.0,0.0,0,0,0,0.0,0.0,1,1,0.0,3,1,4.0,2.0,4.0,2.0,1.0,2.0,2.0,0,0
4.0,3.0,1,0,0,1.0,0.0,3,3,0.0,2,1,5.0,5.0,5.0,2.0,1.0,1.0,3.0,0,0
3.0,4.0,1,0,0,0.0,0.0,4,3,0.0,2,4,3.0,3.0,3.0,2.0,1.0,2.0,1.0,1,0
5.0,0.0,0,1,0,0.0,0.0,3,2,0.0,3,2,2.0,4.0,3.0,2.0,1.0,2.0,2.0,0,0
4.0,4.0,1,1,0,0.0,0.0,3,3,0.0,2,5,3.0,3.0,3.0,2.0,2.0,3.0,2.0,1,1
1.0,0.0,0,0,0,0.0,0.0,3,3,0.0,1,2,3.0,4.0,5.0,2.0,1.0,2.0,3.0,0,0
7.0,2.0,1,1,0,1.0,1.0,2,2,3.0,5,5,4.0,4.0,4.0,2.0,1.0,1.0,1.0,1,1
4.0,4.0,1,1,0,1.0,1.0,5,3,3.0,3,2,3.0,3.0,2.0,2.0,0.0,3.0,3.0,0,0
5.0,4.0,1,1,0,1.0,0.0,3,1,0.0,4,3,1.0,5.0,5.0,4.0,1.0,2.0,2.0,0,1
5.0,0.0,0,0,0,0.0,0.0,3,2,0.0,2,3,5.0,4.0,3.0,5.0,1.0,2.0,3.0,0,0
2.0,4.0,0,0,0,0.0,0.0,3,3,0.0,3,3,4.0,3.0,2.0,1.0,1.0,2.0,1.0,0,0
2.0,4.0,1,0,0,0.0,0.0,3,1,0.0,2,1,3.0,4.0,5.0,2.0,1.0,1.0,3.0,1,0
5.0,4.0,0,1,0,0.0,0.0,2,2,0.0,2,2,1.0,5.0,5.0,3.0,1.0,3.0,2.0,0,0
4.0,4.0,1,0,0,0.0,0.0,5,3,0.0,3,2,3.0,4.0,5.0,1.0,1.0,3.0,2.0,0,0
7.0,0.0,1,1,0,1.0,1.0,3,1,1.0,2,5,3.0,5.0,4.0,2.0,1.0,2.0,3.0,0,0
7.0,0.0,1,0,0,0.0,0.0,4,1,0.0,1,1,1.0,2.0,5.0,1.0,2.0,3.0,3.0,0,0
3.0,3.0,1,0,0,0.0,0.0,4,1,0.0,3,2,5.0,4.0,5.0,1.0,0.0,2.0,3.0,0,1
1.0,4.0,1,0,1,1.0,0.0,5,3,0.0,2,1,2.0,4.0,4.0,2.0,0.0,1.0,2.0,0,0
1.0,3.0,1,1,0,0.0,0.0,5,3,1.0,1,1,2.0,2.0,2.0,1.0,0.0,1.0,3.0,0,1
4.0,3.0,0,0,0,0.0,0.0,1,3,0.0,1,1,3.0,4.0,1.0,1.0,1.0,1.0,2.0,0,1
3.0,3.0,1,0,0,0.0,0.0,2,1,0.0,2,3,3.0,3.0,1.0,2.0,0.0,1.0,1.0,0,0
2.0,0.0,0,0,0,0.0,0.0,5,1,0.0,1,1,1.0,1.0,1.0,2.0,1.0,1.0,3.0,0,1
1.0,0.0,1,0,0,0.0,0.0,5,5,1.0,2,1,3.0,1.0,4.0,1.0,0.0,1.0,1.0,1,1
2.0,4.0,1,0,0,0.0,0.0,5,1,0.0,2,2,4.0,5.0,1.0,1.0,0.0,1.0,3.0,0,0
2.0,0.0,1,0,0,0.0,0.0,5,5,1.0,1,1,5.0,1.0,1.0,0.0,0.0,2.0,3.0,0,1
7.0,4.0,1,0,1,1.0,1.0,3,2,1.0,4,3,3.0,5.0,5.0,3.0,1.0,3.0,1.0,0,1
4.0,0.0,0,0,0,0.0,0.0,5,5,1.0,2,5,1.0,1.0,1.0,2.0,1.0,2.0,3.0,0,0
2.0,4.0,1,1,0,0.0,0.0,3,3,0.0,5,4,5.0,5.0,5.0,2.0,1.0,1.0,1.0,1,0
4.0,0.0,0,0,0,0.0,0.0,1,1,0.0,5,5,3.0,1.0,5.0,3.0,2.0,3.0,1.0,0,0
5.0,4.0,1,0,1,1.0,1.0,3,3,0.0,2,1,5.0,2.0,2.0,3.0,2.0,3.0,2.0,0,1
4.0,4.0,1,1,1,1.0,1.0,4,1,3.0,3,3,2.0,5.0,2.0,2.0,0.0,2.0,3.0,0,1
2.0,0.0,1,0,0,1.0,1.0,5,3,1.0,5,3,3.0,5.0,5.0,1.0,0.0,2.0,1.0,0,0
3.0,0.0,1,0,0,1.0,0.0,3,1,0.0,1,4,1.0,5.0,1.0,1.0,0.0,1.0,1.0,0,0
7.0,4.0,1,0,0,1.0,0.0,4,3,1.0,5,2,4.0,3.0,4.0,1.0,1.0,2.0,2.0,1,1
3.0,0.0,1,0,0,1.0,1.0,3,3,0.0,1,1,3.0,2.0,4.0,1.0,0.0,2.0,3.0,0,0
5.0,4.0,1,1,0,1.0,1.0,2,1,0.0,5,5,3.0,4.0,2.0,2.0,0.0,2.0,1.0,0,0
4.0,1.0,1,0,0,1.0,1.0,1,2,0.0,1,4,1.0,5.0,5.0,2.0,2.0,1.0,1.0,1,1
2.0,4.0,1,0,0,1.0,0.0,5,1,0.0,2,3,5.0,4.0,2.0,2.0,2.0,1.0,2.0,0,1
1.0,1.0,1,0,0,0.0,0.0,3,3,0.0,1,1,1.0,1.0,1.0,2.0,1.0,1.0,3.0,0,1
1.0,3.0,1,0,0,0.0,0.0,4,3,0.0,3,3,5.0,4.0,4.0,3.0,1.0,1.0,1.0,1,0
1.0,1.0,1,0,0,0.0,0.0,5,5,0.0,1,2,1.0,5.0,1.0,1.0,1.0,1.0,1.0,1,0
2.0,4.0,0,0,0,0.0,0.0,5,1,0.0,4,4,4.0,5.0,5.0,2.0,0.0,1.0,2.0,0,0
2.0,4.0,1,0,0,0.0,0.0,5,1,0.0,4,1,5.0,5.0,3.0,0.0,0.0,1.0,2.0,0,0
1.0,3.0,1,0,0,0.0,0.0,5,5,0.0,2,1,4.0,2.0,2.0,1.0,0.0,1.0,3.0,0,0
1.0,3.0,1,0,0,0.0,0.0,5,4,0.0,3,1,1.0,5.0,5.0,2.0,0.0,1.0,3.0,0,0
1.0,4.0,1,0,0,0.0,0.0,4,1,0.0,3,2,3.0,3.0,4.0,2.0,1.0,2.0,3.0,1,1
2.0,4.0,0,0,0,0.0,0.0,3,3,0.0,4,2,1.0,5.0,5.0,2.0,0.0,2.0,3.0,1,0
3.0,0.0,0,0,0,0.0,0.0,2,1,0.0,3,5,2.0,5.0,2.0,2.0,1.0,1.0,2.0,1,1
5.0,0.0,1,1,1,1.0,1.0,1,3,0.0,5,1,3.0,4.0,3.0,3.0,1.0,2.0,2.0,1,1
1.0,0.0,0,0,0,0.0,0.0,2,1,0.0,3,5,3.0,4.0,5.0,1.0,1.0,1.0,2.0,0,0
1.0,2.0,1,0,0,0.0,0.0,5,3,0.0,3,4,5.0,5.0,2.0,1.0,1.0,1.0,3.0,0,1
7.0,4.0,1,0,0,1.0,1.0,1,1,0.0,4,4,5.0,5.0,5.0,1.0,0.0,1.0,1.0,1,1
7.0,3.0,1,1,0,1.0,1.0,4,1,0.0,2,2,1.0,5.0,3.0,4.0,2.0,2.0,3.0,1,0
3.0,3.0,1,0,0,0.0,0.0,3,2,0.0,3,2,4.0,4.0,4.0,2.0,1.0,1.0,2.0,0,0
6.0,0.0,1,0,0,0.0,0.0,4,4,0.0,1,2,3.0,2.0,3.0,2.0,1.0,3.0,3.0,1,0
4.0,0.0,1,0,1,1.0,0.0,5,5,0.0,2,1,1.0,2.0,4.0,2.0,1.0,1.0,1.0,1,0
4.0,4.0,1,1,0,0.0,0.0,3,1,0.0,3,1,3.0,2.0,4.0,3.0,2.0,2.0,1.0,1,1
4.0,2.0,1,0,0,0.0,0.0,3,1,0.0,1,1,3.0,4.0,2.0,5.0,2.0,2.0,2.0,1,0
7.0,4.0,1,1,0,1.0,0.0,3,3,0.0,2,2,3.0,3.0,3.0,6.0,1.0,1.0,2.0,0,0
5.0,1.0,1,0,0,0.0,0.0,3,3,3.0,4,1,2.0,3.0,2.0,5.0,2.0,2.0,3.0,0,1
4.0,3.0,1,0,0,1.0,0.0,4,1,0.0,4,3,5.0,5.0,2.0,3.0,1.0,1.0,2.0,1,0
2.0,0.0,1,0,0,0.0,0.0,3,2,0.0,4,2,5.0,1.0,1.0,2.0,1.0,2.0,2.0,0,0
2.0,0.0,1,0,0,0.0,0.0,5,1,0.0,2,1,4.0,3.0,4.0,2.0,0.0,2.0,3.0,0,0
1.0,3.0,0,0,0,0.0,0.0,4,1,0.0,2,1,1.0,5.0,5.0,1.0,0.0,1.0,1.0,0,0
2.0,4.0,1,0,0,0.0,0.0,5,4,3.0,2,1,1.0,3.0,3.0,2.0,0.0,2.0,3.0,0,0
4.0,0.0,1,0,0,1.0,0.0,5,1,0.0,2,2,3.0,5.0,1.0,1.0,0.0,2.0,2.0,0,0
1.0,3.0,1,0,0,0.0,0.0,4,3,0.0,5,5,5.0,5.0,5.0,1.0,1.0,2.0,3.0,0,1
8.0,4.0,1,1,1,1.0,1.0,5,3,3.0,3,3,2.0,3.0,3.0,5.0,1.0,1.0,1.0,1,0
4.0,2.0,1,0,0,0.0,0.0,2,1,0.0,4,3,3.0,4.0,5.0,1.0,2.0,1.0,2.0,1,1
2.0,3.0,1,0,0,0.0,0.0,5,4,0.0,2,2,1.0,1.0,1.0,1.0,1.0,2.0,3.0,0,0
2.0,4.0,1,0,0,0.0,0.0,1,1,0.0,2,1,3.0,5.0,4.0,2.0,1.0,2.0,2.0,1,0
2.0,2.0,1,0,0,0.0,0.0,3,4,0.0,3,5,3.0,4.0,3.0,1.0,1.0,1.0,2.0,0,1
5.0,4.0,1,0,0,0.0,0.0,5,1,0.0,3,3,1.0,1.0,1.0,1.0,1.0,3.0,3.0,0,1
4.0,3.0,1,1,1,0.0,0.0,4,3,0.0,2,4,5.0,5.0,5.0,1.0,2.0,1.0,1.0,0,1
4.0,3.0,0,0,0,0.0,0.0,5,4,0.0,2,1,1.0,1.0,1.0,4.0,1.0,2.0,2.0,0,0
2.0,4.0,1,1,0,1.0,0.0,3,1,0.0,1,1,5.0,4.0,5.0,1.0,1.0,1.0,1.0,0,1
2.0,0.0,1,1,1,0.0,0.0,2,1,0.0,3,2,1.0,4.0,4.0,3.0,1.0,1.0,2.0,1,0
5.0,2.0,1,0,0,0.0,0.0,2,2,3.0,3,4,5.0,5.0,5.0,1.0,1.0,2.0,1.0,1,0
1.0,4.0,1,0,0,0.0,0.0,3,1,0.0,1,1,1.0,1.0,1.0,1.0,0.0,1.0,2.0,0,0
5.0,3.0,1,1,0,1.0,0.0,3,1,0.0,2,2,1.0,3.0,2.0,5.0,1.0,2.0,3.0,1,1
5.0,4.0,1,0,0,0.0,0.0,3,4,0.0,1,4,3.0,2.0,5.0,1.0,0.0,2.0,1.0,0,0
2.0,0.0,1,0,0,0.0,0.0,3,2,0.0,4,4,2.0,3.0,1.0,2.0,1.0,2.0,2.0,1,0
3.0,0.0,1,0,0,0.0,0.0,4,1,0.0,1,1,1.0,1.0,1.0,2.0,0.0,2.0,3.0,0,0
1.0,0.0,1,0,0,0.0,0.0,1,1,3.0,2,3,3.0,5.0,5.0,1.0,0.0,2.0,1.0,0,1
2.0,3.0,0,1,0,1.0,1.0,3,1,0.0,3,2,3.0,4.0,2.0,2.0,1.0,1.0,2.0,1,0
4.0,4.0,1,0,0,1.0,0.0,4,2,0.0,3,1,3.0,3.0,2.0,5.0,1.0,1.0,2.0,0,0
5.0,4.0,1,1,0,1.0,1.0,4,2,1.0,4,4,4.0,4.0,4.0,1.0,1.0,3.0,3.0,0,0
8.0,3.0,1,1,0,1.0,1.0,1,1,0.0,4,5,4.0,5.0,5.0,5.0,2.0,2.0,1.0,1,0
7.0,2.0,1,1,0,0.0,0.0,3,2,0.0,3,1,3.0,4.0,4.0,2.0,1.0,2.0,2.0,1,1
5.0,4.0,0,1,0,1.0,1.0,3,3,0.0,2,2,5.0,2.0,1.0,5.0,2.0,2.0,1.0,0,0
7.0,4.0,1,1,0,1.0,1.0,2,1,0.0,5,3,1.0,4.0,3.0,3.0,1.0,4.0,2.0,1,1
8.0,2.0,1,1,1,1.0,1.0,2,1,0.0,3,5,5.0,5.0,5.0,2.0,2.0,4.0,1.0,1,1
9.0,4.0,1,1,1,1.0,1.0,3,1,1.0,4,3,5.0,5.0,4.0,6.0,1.0,2.0,1.0,1,1
2.0,1.0,1,0,0,1.0,0.0,2,2,0.0,1,1,5.0,3.0,5.0,5.0,0.0,3.0,1.0,0,1
2.0,0.0,1,1,1,0.0,0.0,4,3,0.0,2,1,3.0,3.0,2.0,3.0,0.0,2.0,3.0,0,0
1.0,0.0,0,0,0,0.0,0.0,5,3,0.0,4,3,2.0,1.0,4.0,2.0,0.0,3.0,3.0,1,1
6.0,4.0,1,1,1,1.0,1.0,5,5,1.0,1,2,1.0,1.0,1.0,3.0,0.0,1.0,3.0,1,1
4.0,0.0,1,0,0,1.0,0.0,5,4,0.0,5,2,4.0,4.0,5.0,2.0,2.0,2.0,2.0,1,1
5.0,0.0,1,0,1,1.0,1.0,4,3,0.0,2,1,5.0,4.0,4.0,5.0,2.0,3.0,2.0,0,1
5.0,4.0,1,0,1,1.0,1.0,5,1,0.0,4,5,5.0,5.0,5.0,1.0,2.0,2.0,2.0,1,0
10.0,4.0,1,1,1,1.0,1.0,2,2,1.0,4,5,4.0,2.0,4.0,5.0,0.0,3.0,2.0,1,1
5.0,2.0,1,1,0,0.0,0.0,3,2,0.0,2,1,3.0,5.0,3.0,2.0,0.0,2.0,3.0,1,1
5.0,3.0,1,0,1,1.0,1.0,5,5,3.0,2,2,4.0,2.0,3.0,2.0,0.0,2.0,3.0,0,0
7.0,4.0,1,0,0,1.0,1.0,1,1,0.0,4,4,5.0,5.0,5.0,2.0,1.0,2.0,2.0,1,1
7.0,4.0,1,1,0,1.0,1.0,2,1,0.0,4,1,5.0,4.0,5.0,5.0,2.0,2.0,1.0,1,0
3.0,4.0,1,0,0,0.0,0.0,4,3,0.0,2,1,3.0,2.0,3.0,2.0,0.0,1.0,3.0,0,0
1.0,0.0,1,1,0,0.0,0.0,5,2,0.0,4,2,1.0,4.0,1.0,2.0,0.0,3.0,2.0,0,0
3.0,3.0,1,0,0,0.0,0.0,4,2,0.0,2,1,2.0,1.0,2.0,1.0,0.0,1.0,3.0,0,0
1.0,4.0,1,0,0,0.0,0.0,4,4,0.0,1,1,1.0,1.0,1.0,2.0,0.0,2.0,3.0,0,0
1.0,3.0,1,0,0,0.0,0.0,4,3,0.0,2,2,1.0,2.0,2.0,1.0,0.0,1.0,3.0,0,0
10.0,4.0,0,1,0,1.0,0.0,3,1,1.0,5,4,1.0,5.0,5.0,5.0,1.0,3.0,1.0,0,1
2.0,4.0,1,0,0,0.0,0.0,5,1,0.0,1,1,1.0,2.0,1.0,1.0,0.0,2.0,3.0,0,1
4.0,4.0,1,0,0,0.0,0.0,5,1,0.0,1,1,1.0,5.0,5.0,1.0,2.0,2.0,2.0,0,1
4.0,1.0,1,0,0,0.0,0.0,4,4,0.0,1,1,4.0,3.0,1.0,0.0,0.0,2.0,3.0,0,0
8.0,3.0,0,0,1,1.0,1.0,1,2,3.0,3,4,3.0,5.0,5.0,4.0,2.0,1.0,1.0,1,1
2.0,4.0,1,0,0,0.0,0.0,4,3,0.0,3,2,1.0,2.0,2.0,1.0,0.0,2.0,3.0,0,0
2.0,2.0,1,0,0,1.0,1.0,3,1,1.0,5,2,4.0,4.0,3.0,2.0,1.0,2.0,3.0,0,0
1.0,0.0,1,0,0,0.0,0.0,5,5,0.0,2,5,5.0,5.0,5.0,1.0,0.0,1.0,1.0,1,0
4.0,1.0,1,1,0,1.0,1.0,3,3,3.0,3,3,4.0,3.0,4.0,4.0,1.0,2.0,1.0,1,0
4.0,2.0,1,0,0,0.0,0.0,3,1,0.0,2,4,5.0,5.0,5.0,1.0,1.0,3.0,2.0,0,0
4.0,3.0,1,0,0,0.0,0.0,3,1,0.0,2,5,3.0,4.0,5.0,1.0,0.0,2.0,3.0,0,1
7.0,0.0,1,1,0,1.0,1.0,2,2,0.0,2,3,3.0,3.0,4.0,5.0,2.0,3.0,1.0,0,1
9.0,0.0,0,0,0,0.0,0.0,2,3,0.0,5,2,3.0,4.0,4.0,2.0,2.0,3.0,3.0,0,0
8.0,4.0,1,0,0,1.0,0.0,3,1,0.0,2,5,4.0,4.0,4.0,2.0,1.0,3.0,3.0,0,0
4.0,0.0,1,1,0,1.0,1.0,3,3,0.0,5,5,2.0,2.0,2.0,3.0,1.0,3.0,3.0,0,1
7.0,0.0,1,1,0,1.0,0.0,2,1,0.0,3,2,3.0,5.0,3.0,5.0,1.0,3.0,1.0,1,1
4.0,0.0,1,0,0,0.0,0.0,5,1,0.0,5,4,1.0,5.0,5.0,3.0,2.0,3.0,3.0,1,0
1.0,3.0,0,1,0,0.0,0.0,3,1,0.0,1,1,3.0,5.0,1.0,2.0,1.0,1.0,1.0,0,0
8.0,4.0,1,0,0,0.0,0.0,3,4,3.0,4,5,2.0,1.0,4.0,2.0,1.0,1.0,1.0,0,0
6.0,3.0,1,1,1,1.0,1.0,4,4,3.0,3,2,3.0,4.0,2.0,3.0,2.0,2.0,2.0,1,1
2.0,4.0,1,1,0,0.0,0.0,5,5,0.0,3,2,5.0,5.0,4.0,1.0,0.0,2.0,3.0,0,0
5.0,4.0,1,0,0,0.0,0.0,3,1,0.0,3,2,4.0,5.0,5.0,4.0,0.0,3.0,2.0,1,0
10.0,4.0,1,1,1,1.0,1.0,3,2,0.0,5,5,4.0,5.0,5.0,6.0,2.0,4.0,1.0,1,1
4.0,3.0,1,0,0,1.0,0.0,1,1,0.0,2,1,5.0,5.0,5.0,2.0,1.0,2.0,2.0,0,0
4.0,1.0,1,1,0,1.0,0.0,3,2,0.0,5,4,1.0,5.0,3.0,3.0,2.0,3.0,2.0,1,1
2.0,2.0,1,0,0,0.0,0.0,3,3,0.0,3,2,4.0,4.0,3.0,0.0,0.0,2.0,2.0,0,1
4.0,4.0,0,0,0,0.0,0.0,4,3,0.0,5,3,4.0,4.0,4.0,2.0,0.0,1.0,1.0,1,0
10.0,0.0,0,0,0,0.0,0.0,3,3,0.0,5,4,4.0,5.0,5.0,1.0,0.0,1.0,2.0,1,0
4.0,0.0,1,0,0,0.0,0.0,3,1,0.0,2,2,1.0,5.0,3.0,0.0,0.0,1.0,1.0,0,0
3.0,4.0,1,0,0,0.0,0.0,3,3,0.0,5,3,2.0,2.0,2.0,2.0,2.0,2.0,3.0,0,0
4.0,0.0,1,0,0,0.0,0.0,1,3,0.0,1,2,2.0,1.0,2.0,1.0,0.0,1.0,1.0,0,0
2.0,0.0,1,0,0,0.0,0.0,3,3,0.0,1,1,1.0,4.0,5.0,2.0,0.0,1.0,2.0,1,1
3.0,3.0,1,1,0,0.0,0.0,4,4,0.0,2,3,2.0,4.0,2.0,1.0,0.0,2.0,2.0,0,1
2.0,3.0,1,1,0,0.0,1.0,2,1,0.0,4,3,5.0,4.0,5.0,2.0,1.0,2.0,3.0,1,0
2.0,0.0,0,0,0,0.0,0.0,5,3,0.0,3,1,3.0,4.0,2.0,2.0,0.0,2.0,3.0,0,0
7.0,3.0,0,0,0,0.0,0.0,5,1,0.0,4,2,5.0,1.0,2.0,2.0,1.0,1.0,3.0,0,0
4.0,4.0,1,1,0,0.0,0.0,3,2,0.0,3,2,5.0,5.0,5.0,1.0,1.0,3.0,2.0,0,1
5.0,0.0,1,1,0,1.0,1.0,1,1,0.0,1,1,1.0,5.0,5.0,5.0,0.0,3.0,1.0,1,0
3.0,1.0,0,0,0,0.0,0.0,3,1,0.0,1,2,5.0,5.0,5.0,2.0,0.0,3.0,2.0,0,1
2.0,0.0,1,1,0,1.0,0.0,3,4,0.0,2,4,5.0,5.0,5.0,2.0,1.0,1.0,3.0,1,1
8.0,4.0,1,1,1,1.0,1.0,2,1,1.0,3,3,3.0,5.0,3.0,3.0,2.0,3.0,2.0,0,0
1.0,1.0,1,1,1,1.0,0.0,3,1,3.0,2,2,1.0,5.0,5.0,2.0,1.0,3.0,3.0,0,0
5.0,3.0,1,0,0,0.0,0.0,5,5,0.0,1,2,5.0,5.0,5.0,2.0,2.0,2.0,3.0,0,0
1.0,3.0,1,1,0,0.0,0.0,5,5,0.0,1,1,1.0,5.0,1.0,1.0,1.0,2.0,3.0,0,0
4.0,0.0,0,1,0,1.0,0.0,2,3,0.0,3,3,3.0,4.0,4.0,2.0,1.0,3.0,2.0,1,1
1.0,0.0,0,0,0,0.0,0.0,1,4,0.0,1,1,1.0,1.0,1.0,1.0,0.0,2.0,1.0,0,1
2.0,2.0,1,0,0,0.0,0.0,5,3,0.0,2,1,1.0,5.0,1.0,1.0,1.0,2.0,3.0,0,0
7.0,4.0,1,1,0,1.0,1.0,3,2,3.0,3,1,1.0,4.0,2.0,6.0,1.0,2.0,2.0,0,1
3.0,4.0,0,0,0,0.0,0.0,3,1,0.0,1,1,1.0,3.0,3.0,1.0,1.0,2.0,3.0,0,0
4.0,4.0,1,0,0,1.0,1.0,3,2,1.0,3,3,3.0,2.0,3.0,3.0,1.0,1.0,2.0,1,0
5.0,4.0,0,1,0,1.0,1.0,3,2,0.0,2,5,2.0,2.0,3.0,3.0,2.0,1.0,1.0,1,1
4.0,4.0,0,1,0,1.0,1.0,3,1,0.0,2,3,1.0,5.0,5.0,3.0,1.0,2.0,2.0,0,1
3.0,0.0,1,0,0,0.0,0.0,5,5,1.0,3,1,3.0,3.0,3.0,2.0,0.0,2.0,3.0,0,0
5.0,0.0,0,0,0,1.0,0.0,1,1,0.0,4,5,5.0,5.0,5.0,3.0,2.0,1.0,2.0,1,1
8.0,1.0,1,1,0,1.0,1.0,1,5,0.0,1,2,1.0,5.0,5.0,2.0,2.0,3.0,2.0,1,1
3.0,4.0,1,1,1,1.0,1.0,5,3,1.0,2,2,5.0,3.0,3.0,3.0,1.0,3.0,2.0,1,0
7.0,0.0,1,1,0,0.0,0.0,3,5,1.0,5,5,4.0,4.0,5.0,1.0,2.0,3.0,1.0,1,1
2.0,3.0,0,0,0,0.0,0.0,5,5,0.0,3,2,5.0,2.0,1.0,2.0,0.0,1.0,2.0,0,0
7.0,4.0,1,0,0,1.0,1.0,3,1,0.0,3,4,5.0,5.0,5.0,6.0,1.0,3.0,1.0,0,0
5.0,2.0,1,1,0,1.0,1.0,5,5,3.0,1,3,3.0,3.0,1.0,5.0,0.0,2.0,3.0,1,0
5.0,2.0,1,1,0,0.0,0.0,3,2,0.0,2,2,3.0,3.0,3.0,1.0,2.0,1.0,1.0,0,0
2.0,1.0,1,1,0,0.0,0.0,5,5,0.0,2,2,1.0,1.0,1.0,1.0,2.0,1.0,3.0,0,0
2.0,1.0,1,1,0,0.0,0.0,3,1,0.0,1,2,1.0,2.0,1.0,2.0,0.0,1.0,3.0,0,1
2.0,1.0,1,0,0,0.0,0.0,4,4,3.0,2,2,5.0,1.0,1.0,1.0,1.0,1.0,2.0,1,0
5.0,4.0,1,1,1,1.0,0.0,3,3,0.0,3,3,3.0,4.0,3.0,5.0,2.0,1.0,2.0,1,1
2.0,4.0,1,0,0,0.0,0.0,3,1,0.0,1,1,4.0,5.0,5.0,2.0,0.0,1.0,2.0,0,0
5.0,0.0,1,0,0,0.0,0.0,5,1,0.0,4,3,1.0,5.0,5.0,5.0,0.0,1.0,1.0,0,1
1.0,4.0,1,0,0,0.0,0.0,5,4,3.0,1,1,2.0,2.0,1.0,1.0,0.0,1.0,3.0,0,0
4.0,4.0,1,0,0,0.0,0.0,3,1,0.0,2,1,3.0,4.0,3.0,3.0,1.0,1.0,2.0,0,0
1.0,0.0,1,0,0,0.0,0.0,3,1,0.0,1,1,3.0,4.0,3.0,1.0,0.0,1.0,3.0,1,1
10.0,3.0,1,1,0,1.0,1.0,1,1,0.0,4,4,5.0,5.0,5.0,5.0,2.0,4.0,1.0,1,0
5.0,3.0,0,0,0,0.0,0.0,3,1,0.0,3,4,4.0,5.0,5.0,3.0,1.0,3.0,2.0,1,1
6.0,4.0,1,0,1,1.0,0.0,4,2,1.0,2,3,5.0,5.0,5.0,2.0,0.0,3.0,2.0,0,0
4.0,4.0,1,0,0,0.0,0.0,3,2,0.0,2,1,4.0,5.0,5.0,2.0,0.0,3.0,2.0,0,0
6.0,0.0,1,0,0,0.0,0.0,3,1,0.0,1,1,1.0,3.0,1.0,2.0,0.0,1.0,3.0,0,0
2.0,4.0,0,0,0,1.0,0.0,2,4,0.0,2,2,3.0,3.0,3.0,2.0,1.0,2.0,3.0,0,0
5.0,3.0,0,0,0,1.0,0.0,4,1,0.0,5,2,3.0,5.0,4.0,2.0,2.0,1.0,2.0,1,0
3.0,3.0,1,0,0,0.0,0.0,5,1,0.0,1,1,1.0,1.0,1.0,1.0,1.0,1.0,3.0,0,1
5.0,4.0,0,0,0,0.0,0.0,3,3,0.0,2,3,1.0,2.0,3.0,2.0,1.0,2.0,3.0,0,0
1.0,4.0,1,0,0,0.0,0.0,1,5,0.0,1,1,1.0,5.0,1.0,1.0,0.0,2.0,3.0,0,0
3.0,0.0,1,1,0,0.0,0.0,3,2,1.0,4,4,5.0,5.0,5.0,2.0,0.0,1.0,1.0,0,0
1.0,1.0,0,0,0,0.0,0.0,2,3,0.0,5,3,5.0,4.0,4.0,3.0,0.0,1.0,2.0,1,0
1.0,0.0,0,0,0,0.0,0.0,5,5,0.0,3,2,1.0,4.0,5.0,1.0,0.0,1.0,3.0,0,1
1.0,0.0,0,0,0,0.0,0.0,5,5,1.0,3,4,3.0,5.0,5.0,1.0,0.0,1.0,1.0,0,0
1.0,0.0,1,0,0,0.0,0.0,3,1,0.0,1,2,2.0,5.0,1.0,0.0,0.0,1.0,3.0,1,0
1.0,0.0,0,0,0,0.0,0.0,3,1,0.0,5,1,5.0,5.0,5.0,1.0,0.0,1.0,2.0,0,0
8.0,4.0,0,0,0,1.0,1.0,4,1,0.0,2,2,5.0,2.0,5.0,5.0,1.0,2.0,2.0,0,0
1.0,0.0,1,1,0,0.0,0.0,3,1,0.0,5,2,3.0,4.0,5.0,2.0,0.0,1.0,3.0,1,0
2.0,4.0,1,0,0,1.0,0.0,3,1,0.0,5,3,3.0,3.0,3.0,2.0,0.0,1.0,2.0,1,1
4.0,4.0,1,0,0,1.0,0.0,3,1,0.0,3,1,3.0,5.0,3.0,3.0,0.0,1.0,3.0,0,0
1.0,0.0,1,0,0,0.0,0.0,5,2,0.0,3,1,3.0,1.0,1.0,3.0,0.0,1.0,3.0,0,0
2.0,4.0,1,0,0,0.0,0.0,5,2,0.0,1,4,5.0,1.0,1.0,2.0,1.0,1.0,2.0,0,1
1.0,4.0,0,0,0,0.0,0.0,3,1,0.0,1,1,2.0,4.0,1.0,1.0,1.0,1.0,2.0,0,0
1.0,1.0,0,0,0,0.0,0.0,2,3,0.0,2,4,5.0,5.0,5.0,2.0,1.0,1.0,2.0,0,0
2.0,1.0,0,0,0,0.0,0.0,5,1,0.0,1,1,5.0,5.0,1.0,2.0,1.0,1.0,3.0,1,0
2.0,0.0,0,0,0,0.0,0.0,2,4,0.0,2,4,5.0,5.0,5.0,2.0,0.0,1.0,2.0,0,1
2.0,0.0,0,0,0,0.0,0.0,5,1,0.0,2,5,1.0,5.0,5.0,2.0,1.0,1.0,3.0,0,1
4.0,2.0,1,0,0,0.0,0.0,4,5,0.0,5,2,1.0,2.0,1.0,1.0,0.0,2.0,1.0,1,0
8.0,3.0,0,0,0,1.0,1.0,3,1,1.0,3,2,3.0,4.0,3.0,3.0,1.0,3.0,2.0,1,1
2.0,4.0,1,0,0,0.0,0.0,5,1,0.0,1,1,4.0,3.0,2.0,1.0,0.0,1.0,2.0,1,0
1.0,0.0,1,0,0,0.0,0.0,3,1,0.0,1,5,5.0,5.0,1.0,2.0,0.0,2.0,3.0,0,0
1.0,4.0,1,0,0,1.0,0.0,4,1,0.0,4,3,5.0,5.0,1.0,1.0,1.0,2.0,3.0,1,0
4.0,3.0,1,1,0,0.0,0.0,5,5,0.0,2,1,5.0,5.0,5.0,2.0,1.0,2.0,2.0,0,0
6.0,3.0,1,1,0,1.0,0.0,2,2,0.0,4,3,3.0,5.0,4.0,2.0,2.0,2.0,3.0,1,0
4.0,0.0,1,1,0,0.0,0.0,4,2,0.0,3,1,1.0,5.0,3.0,2.0,1.0,3.0,3.0,0,0
3.0,4.0,1,1,0,0.0,0.0,1,3,0.0,4,4,5.0,5.0,5.0,1.0,1.0,2.0,2.0,0,1
7.0,3.0,1,1,1,0.0,0.0,3,3,0.0,5,2,4.0,4.0,2.0,2.0,0.0,2.0,1.0,1,0
5.0,0.0,1,1,1,1.0,1.0,3,1,0.0,3,3,2.0,4.0,4.0,5.0,2.0,3.0,3.0,1,1
4.0,3.0,1,1,1,1.0,0.0,2,1,0.0,4,5,5.0,4.0,5.0,5.0,2.0,2.0,3.0,1,1
4.0,4.0,0,0,1,0.0,0.0,4,5,1.0,3,3,1.0,1.0,1.0,2.0,2.0,3.0,2.0,1,1
1.0,0.0,0,0,0,0.0,0.0,5,1,0.0,2,1,4.0,3.0,3.0,1.0,0.0,1.0,3.0,0,0
1.0,0.0,1,0,0,0.0,0.0,1,2,0.0,3,2,4.0,4.0,4.0,1.0,0.0,2.0,1.0,1,0
4.0,3.0,1,0,0,1.0,0.0,4,4,0.0,3,5,5.0,2.0,2.0,0.0,1.0,2.0,2.0,1,1
1.0,3.0,1,0,0,1.0,1.0,4,2,0.0,2,2,1.0,2.0,1.0,2.0,0.0,1.0,2.0,0,0
2.0,3.0,1,1,0,1.0,0.0,1,1,0.0,3,4,5.0,5.0,5.0,2.0,2.0,3.0,2.0,0,0
7.0,4.0,1,1,1,1.0,1.0,3,3,0.0,3,3,3.0,3.0,4.0,5.0,2.0,3.0,3.0,0,1
1.0,0.0,0,0,0,0.0,0.0,2,2,0.0,3,3,3.0,4.0,3.0,3.0,1.0,1.0,2.0,0,0
4.0,4.0,1,0,0,1.0,0.0,3,1,0.0,2,3,4.0,5.0,4.0,2.0,2.0,3.0,2.0,0,0
4.0,3.0,1,0,0,0.0,0.0,3,1,0.0,4,5,5.0,5.0,5.0,1.0,0.0,2.0,3.0,1,1
5.0,3.0,1,0,0,1.0,0.0,1,1,0.0,3,2,1.0,1.0,5.0,1.0,0.0,2.0,2.0,0,0
4.0,0.0,1,0,0,0.0,0.0,5,4,0.0,2,4,5.0,5.0,5.0,2.0,1.0,4.0,1.0,1,0
6.0,0.0,1,1,0,0.0,0.0,2,1,0.0,3,5,3.0,4.0,4.0,6.0,1.0,2.0,1.0,1,1
2.0,4.0,1,0,0,0.0,0.0,4,4,3.0,3,1,3.0,2.0,3.0,2.0,1.0,1.0,3.0,1,1
2.0,0.0,1,1,0,1.0,0.0,3,2,0.0,3,1,2.0,1.0,1.0,2.0,1.0,2.0,3.0,0,1
2.0,4.0,1,0,0,0.0,0.0,5,5,0.0,2,4,5.0,5.0,4.0,1.0,1.0,2.0,2.0,0,0
3.0,1.0,1,0,0,0.0,0.0,5,4,0.0,2,1,5.0,3.0,4.0,3.0,2.0,1.0,2.0,0,0
4.0,1.0,0,0,0,0.0,0.0,3,1,0.0,3,5,3.0,1.0,5.0,2.0,1.0,1.0,1.0,0,0
1.0,3.0,1,0,0,0.0,0.0,5,3,0.0,1,1,1.0,2.0,2.0,0.0,0.0,1.0,3.0,0,0
5.0,0.0,1,1,1,1.0,1.0,4,3,1.0,2,3,4.0,3.0,4.0,6.0,0.0,2.0,2.0,1,1
2.0,3.0,1,0,0,0.0,0.0,4,1,0.0,3,1,3.0,5.0,5.0,2.0,1.0,1.0,3.0,0,0
5.0,1.0,1,1,0,0.0,0.0,3,3,0.0,3,5,3.0,5.0,5.0,2.0,1.0,3.0,2.0,1,1
5.0,4.0,1,1,0,1.0,1.0,4,4,1.0,4,4,3.0,3.0,4.0,3.0,1.0,1.0,2.0,0,1
4.0,0.0,1,0,0,0.0,0.0,3,1,0.0,5,2,4.0,4.0,4.0,2.0,1.0,2.0,1.0,1,1
7.0,2.0,1,0,0,0.0,0.0,5,1,0.0,1,3,1.0,5.0,5.0,1.0,2.0,2.0,1.0,1,1
4.0,2.0,1,0,0,1.0,0.0,5,5,3.0,1,1,1.0,3.0,5.0,2.0,0.0,1.0,1.0,0,0
2.0,4.0,1,0,0,0.0,0.0,5,4,1.0,1,1,1.0,5.0,5.0,1.0,0.0,2.0,2.0,0,1
2.0,0.0,1,0,0,0.0,0.0,2,1,0.0,5,2,3.0,5.0,4.0,5.0,0.0,1.0,2.0,0,1
10.0,4.0,1,1,1,1.0,1.0,3,1,3.0,3,3,3.0,4.0,4.0,5.0,1.0,4.0,1.0,1,1
10.0,4.0,1,1,1,1.0,1.0,2,1,1.0,5,2,3.0,5.0,4.0,5.0,2.0,4.0,1.0,1,0
4.0,0.0,1,0,0,0.0,0.0,2,1,0.0,3,2,3.0,5.0,3.0,2.0,1.0,2.0,2.0,1,0
7.0,4.0,1,0,1,1.0,0.0,4,2,1.0,3,3,5.0,5.0,5.0,4.0,0.0,3.0,1.0,0,1
2.0,4.0,1,0,0,0.0,0.0,4,3,0.0,3,3,3.0,4.0,4.0,5.0,1.0,1.0,2.0,1,1
4.0,0.0,0,0,0,0.0,0.0,5,2,1.0,2,2,5.0,2.0,1.0,2.0,1.0,1.0,2.0,1,0
4.0,4.0,1,0,0,0.0,0.0,3,1,0.0,3,4,1.0,5.0,5.0,2.0,1.0,2.0,1.0,1,0
6.0,0.0,1,1,1,1.0,0.0,3,3,3.0,5,5,5.0,3.0,2.0,3.0,0.0,2.0,1.0,1,1
5.0,4.0,1,0,0,0.0,0.0,4,2,0.0,2,2,5.0,4.0,5.0,5.0,2.0,1.0,2.0,1,0
3.0,3.0,1,0,0,0.0,0.0,5,1,0.0,1,1,5.0,5.0,1.0,1.0,0.0,2.0,3.0,0,0
2.0,1.0,1,0,0,0.0,0.0,3,1,0.0,2,1,3.0,5.0,1.0,2.0,1.0,2.0,2.0,0,0
8.0,4.0,0,0,0,1.0,0.0,3,1,0.0,5,4,3.0,3.0,5.0,2.0,2.0,2.0,2.0,1,0
9.0,1.0,0,1,0,0.0,0.0,3,1,0.0,3,3,4.0,5.0,5.0,1.0,1.0,2.0,1.0,1,1
4.0,4.0,0,1,0,0.0,0.0,3,1,0.0,5,1,3.0,1.0,1.0,2.0,2.0,1.0,3.0,1,0
3.0,4.0,0,0,0,1.0,1.0,3,3,0.0,2,3,3.0,2.0,2.0,2.0,1.0,1.0,2.0,1,0
4.0,3.0,1,1,0,1.0,0.0,3,1,3.0,5,2,5.0,5.0,4.0,4.0,2.0,2.0,3.0,1,1
7.0,4.0,1,0,0,1.0,1.0,3,1,3.0,2,3,4.0,5.0,2.0,4.0,0.0,1.0,2.0,1,1
4.0,1.0,0,0,0,0.0,0.0,3,5,0.0,4,2,3.0,5.0,2.0,2.0,1.0,1.0,2.0,0,1
2.0,0.0,0,0,0,0.0,0.0,2,1,0.0,3,2,4.0,5.0,4.0,2.0,0.0,2.0,2.0,1,0
2.0,0.0,1,0,0,0.0,0.0,1,1,0.0,5,4,5.0,4.0,5.0,1.0,0.0,1.0,1.0,0,1
7.0,0.0,0,1,0,0.0,0.0,1,1,0.0,5,5,1.0,5.0,5.0,2.0,2.0,1.0,3.0,1,0
4.0,4.0,1,0,0,1.0,0.0,4,1,0.0,5,2,4.0,4.0,3.0,2.0,1.0,1.0,3.0,1,0
5.0,4.0,1,0,0,0.0,0.0,3,1,0.0,3,2,2.0,4.0,2.0,2.0,2.0,2.0,3.0,1,1
6.0,3.0,0,0,0,0.0,0.0,2,1,0.0,4,3,5.0,5.0,5.0,3.0,1.0,2.0,3.0,1,0
4.0,4.0,1,0,0,1.0,0.0,3,3,0.0,3,5,4.0,4.0,4.0,4.0,1.0,2.0,1.0,0,1
2.0,4.0,1,0,0,0.0,0.0,3,3,0.0,3,2,1.0,5.0,5.0,5.0,0.0,2.0,1.0,0,0
5.0,2.0,1,0,0,0.0,0.0,2,1,0.0,4,5,1.0,4.0,3.0,1.0,1.0,2.0,3.0,0,1
3.0,0.0,1,0,0,1.0,0.0,3,5,0.0,1,1,1.0,1.0,1.0,1.0,1.0,1.0,2.0,0,0
4.0,0.0,1,0,0,1.0,0.0,5,3,0.0,1,3,3.0,3.0,3.0,3.0,0.0,1.0,2.0,0,0
4.0,0.0,1,0,0,0.0,0.0,1,3,0.0,3,3,2.0,1.0,3.0,0.0,1.0,1.0,3.0,0,0
3.0,3.0,0,1,0,0.0,0.0,2,1,0.0,3,4,2.0,5.0,5.0,3.0,1.0,2.0,2.0,0,1
1.0,0.0,0,1,0,1.0,1.0,3,1,0.0,3,1,2.0,1.0,1.0,2.0,0.0,1.0,3.0,0,1
3.0,3.0,1,0,0,0.0,0.0,4,3,0.0,5,3,5.0,5.0,5.0,2.0,0.0,1.0,2.0,0,1
4.0,3.0,1,1,0,0.0,0.0,1,2,0.0,4,5,5.0,5.0,5.0,4.0,2.0,1.0,1.0,0,0
1.0,1.0,0,0,0,1.0,0.0,4,5,0.0,4,4,1.0,3.0,5.0,2.0,0.0,1.0,3.0,0,0
7.0,4.0,1,0,0,1.0,1.0,5,1,0.0,3,2,2.0,3.0,3.0,6.0,0.0,2.0,3.0,0,0
4.0,1.0,1,1,0,0.0,0.0,3,3,0.0,2,2,1.0,3.0,4.0,2.0,0.0,1.0,2.0,0,1
3.0,4.0,1,1,1,1.0,0.0,5,3,0.0,2,3,3.0,1.0,2.0,2.0,1.0,1.0,3.0,0,1
3.0,0.0,0,1,0,1.0,1.0,5,3,0.0,2,1,5.0,5.0,3.0,4.0,1.0,1.0,3.0,0,0
1.0,4.0,1,1,0,0.0,0.0,3,1,0.0,1,2,2.0,4.0,2.0,2.0,0.0,2.0,2.0,0,1
5.0,4.0,0,0,0,1.0,0.0,1,1,0.0,2,5,2.0,3.0,2.0,2.0,2.0,2.0,1.0,0,1
4.0,4.0,0,0,0,1.0,0.0,3,2,0.0,2,3,5.0,3.0,3.0,4.0,1.0,2.0,3.0,0,0
1.0,0.0,1,0,0,0.0,0.0,5,4,0.0,1,1,3.0,4.0,4.0,0.0,0.0,2.0,1.0,0,0
2.0,0.0,1,0,0,0.0,0.0,3,1,0.0,1,1,1.0,1.0,1.0,2.0,0.0,2.0,3.0,0,1
5.0,4.0,1,0,0,0.0,0.0,5,1,0.0,1,1,3.0,4.0,4.0,2.0,1.0,2.0,2.0,0,0
6.0,4.0,1,0,0,0.0,0.0,4,3,0.0,5,3,1.0,5.0,1.0,3.0,1.0,1.0,3.0,1,0
5.0,4.0,0,1,1,1.0,1.0,3,1,3.0,5,3,5.0,5.0,5.0,3.0,2.0,2.0,2.0,1,1
3.0,0.0,1,0,0,0.0,0.0,5,3,0.0,4,3,1.0,5.0,4.0,2.0,2.0,2.0,3.0,0,0
2.0,4.0,0,0,0,0.0,0.0,5,4,0.0,2,2,1.0,2.0,5.0,2.0,0.0,2.0,3.0,0,0
1.0,3.0,1,0,1,0.0,0.0,3,1,0.0,5,5,1.0,5.0,5.0,2.0,0.0,2.0,3.0,0,1
2.0,4.0,1,1,0,0.0,0.0,1,1,0.0,3,5,5.0,5.0,5.0,2.0,2.0,1.0,2.0,1,0
6.0,4.0,1,1,0,1.0,0.0,3,1,3.0,3,4,5.0,5.0,3.0,6.0,1.0,2.0,3.0,0,1
3.0,4.0,0,1,0,1.0,1.0,2,1,0.0,5,1,3.0,5.0,5.0,5.0,2.0,1.0,1.0,1,1
3.0,1.0,1,0,0,0.0,0.0,5,1,0.0,2,1,1.0,5.0,1.0,1.0,1.0,1.0,3.0,0,1
4.0,2.0,1,0,0,0.0,0.0,1,1,0.0,3,1,5.0,5.0,5.0,2.0,1.0,2.0,2.0,0,1
4.0,1.0,1,0,0,0.0,0.0,1,1,0.0,5,1,5.0,5.0,1.0,2.0,2.0,2.0,2.0,1,1
6.0,0.0,1,1,1,1.0,1.0,5,3,1.0,5,2,3.0,3.0,3.0,3.0,2.0,2.0,2.0,0,0
8.0,3.0,0,1,1,0.0,0.0,2,2,0.0,3,5,3.0,5.0,3.0,2.0,2.0,3.0,1.0,1,1
4.0,3.0,0,0,0,0.0,0.0,1,1,0.0,2,3,5.0,2.0,5.0,4.0,2.0,2.0,2.0,0,0
4.0,0.0,1,0,0,0.0,0.0,3,3,0.0,5,4,5.0,5.0,1.0,2.0,1.0,2.0,3.0,0,0
5.0,0.0,1,0,0,0.0,0.0,2,1,0.0,4,1,5.0,5.0,5.0,2.0,0.0,2.0,1.0,1,0
1.0,0.0,1,0,0,0.0,0.0,3,2,0.0,4,5,1.0,5.0,5.0,5.0,0.0,2.0,3.0,1,0
2.0,4.0,1,0,0,1.0,1.0,5,3,0.0,3,4,5.0,4.0,3.0,5.0,1.0,3.0,1.0,0,0
1.0,4.0,1,0,0,0.0,0.0,1,1,0.0,1,2,2.0,4.0,4.0,2.0,0.0,2.0,1.0,0,0
4.0,2.0,1,1,1,1.0,1.0,2,1,1.0,4,4,5.0,4.0,5.0,3.0,1.0,2.0,2.0,0,1
6.0,2.0,1,1,0,1.0,1.0,3,2,0.0,3,2,4.0,5.0,3.0,2.0,1.0,3.0,1.0,1,1
7.0,4.0,1,0,0,1.0,0.0,5,5,0.0,1,1,2.0,2.0,1.0,1.0,0.0,2.0,1.0,0,0
5.0,4.0,0,0,0,0.0,0.0,3,1,0.0,1,5,5.0,5.0,5.0,0.0,0.0,3.0,1.0,0,1
3.0,4.0,1,1,1,1.0,0.0,3,3,3.0,1,3,3.0,3.0,3.0,2.0,0.0,3.0,3.0,1,0
4.0,0.0,1,1,0,0.0,0.0,3,1,0.0,2,2,1.0,5.0,5.0,2.0,2.0,2.0,2.0,1,1
2.0,4.0,1,1,0,0.0,0.0,3,3,0.0,2,1,1.0,3.0,2.0,1.0,0.0,2.0,3.0,0,0
6.0,4.0,1,1,0,0.0,1.0,4,1,0.0,3,3,3.0,5.0,4.0,4.0,1.0,2.0,3.0,1,1
3.0,3.0,1,0,0,0.0,0.0,4,2,0.0,1,1,2.0,4.0,5.0,2.0,1.0,2.0,2.0,1,0
5.0,4.0,1,1,0,1.0,0.0,2,1,0.0,3,5,4.0,4.0,5.0,3.0,1.0,2.0,2.0,1,1
1.0,4.0,1,1,0,0.0,0.0,2,1,0.0,4,4,1.0,1.0,1.0,2.0,0.0,1.0,2.0,0,1
4.0,4.0,1,1,0,0.0,0.0,3,3,3.0,3,2,3.0,5.0,3.0,2.0,1.0,2.0,3.0,1,0
2.0,0.0,1,0,0,0.0,0.0,3,1,0.0,3,2,2.0,4.0,3.0,5.0,1.0,2.0,3.0,1,0
5.0,0.0,1,0,0,0.0,0.0,2,3,0.0,3,3,4.0,3.0,2.0,2.0,0.0,3.0,1.0,0,1
2.0,4.0,1,1,1,1.0,1.0,3,3,0.0,3,3,4.0,4.0,4.0,2.0,0.0,2.0,1.0,1,1
1.0,3.0,1,0,0,1.0,0.0,4,3,0.0,2,2,3.0,2.0,3.0,3.0,0.0,2.0,1.0,1,0
5.0,4.0,1,0,0,0.0,0.0,4,1,0.0,1,1,4.0,5.0,5.0,4.0,0.0,3.0,3.0,0,1
7.0,4.0,1,1,0,1.0,0.0,3,1,3.0,5,5,2.0,2.0,2.0,2.0,0.0,3.0,2.0,1,1
5.0,4.0,1,1,0,1.0,0.0,1,1,1.0,3,3,3.0,4.0,3.0,6.0,1.0,3.0,1.0,0,0
2.0,0.0,1,0,1,1.0,1.0,4,1,3.0,3,3,5.0,5.0,5.0,1.0,0.0,1.0,2.0,1,1
1.0,2.0,1,0,0,0.0,0.0,5,1,3.0,2,2,2.0,5.0,2.0,1.0,1.0,1.0,3.0,0,1
1.0,0.0,1,0,0,0.0,0.0,5,1,3.0,1,1,5.0,4.0,1.0,1.0,0.0,1.0,3.0,0,0
5.0,2.0,1,0,0,0.0,0.0,3,3,0.0,3,3,5.0,3.0,4.0,3.0,0.0,2.0,2.0,1,1
1.0,1.0,1,0,0,0.0,0.0,5,1,0.0,1,1,2.0,1.0,1.0,1.0,0.0,1.0,3.0,0,1
6.0,4.0,1,1,0,0.0,0.0,3,2,0.0,3,5,5.0,4.0,5.0,3.0,1.0,1.0,1.0,1,0
7.0,4.0,1,1,1,1.0,1.0,1,1,0.0,4,3,5.0,5.0,5.0,2.0,0.0,2.0,2.0,0,0
4.0,2.0,1,1,0,0.0,0.0,2,1,0.0,5,4,1.0,5.0,5.0,2.0,1.0,2.0,2.0,1,1
2.0,4.0,1,0,0,0.0,0.0,4,1,0.0,2,2,1.0,5.0,5.0,1.0,0.0,2.0,3.0,0,0
9.0,2.0,1,0,0,0.0,0.0,2,1,0.0,4,5,1.0,5.0,5.0,2.0,2.0,1.0,1.0,0,1
7.0,0.0,1,1,0,1.0,1.0,3,2,0.0,5,5,3.0,4.0,4.0,6.0,1.0,2.0,1.0,1,1
4.0,3.0,1,0,0,1.0,0.0,4,3,0.0,4,2,5.0,4.0,5.0,1.0,1.0,2.0,1.0,1,1
4.0,4.0,1,1,0,1.0,1.0,3,1,0.0,2,1,5.0,5.0,5.0,5.0,0.0,3.0,2.0,1,0
4.0,4.0,1,0,0,0.0,0.0,1,1,0.0,1,2,1.0,1.0,2.0,1.0,1.0,1.0,2.0,0,0
4.0,3.0,1,0,0,0.0,0.0,5,5,0.0,2,1,1.0,1.0,3.0,1.0,0.0,3.0,3.0,1,0
5.0,4.0,1,1,0,1.0,0.0,4,1,1.0,3,5,3.0,4.0,3.0,2.0,1.0,3.0,1.0,1,1
7.0,3.0,1,0,0,0.0,0.0,5,3,0.0,4,1,1.0,4.0,3.0,3.0,1.0,3.0,3.0,0,0
1.0,1.0,1,0,0,0.0,0.0,4,1,0.0,1,2,1.0,4.0,1.0,0.0,0.0,2.0,3.0,1,1
7.0,4.0,1,0,0,0.0,0.0,5,1,0.0,5,1,1.0,1.0,1.0,2.0,0.0,3.0,2.0,0,0
4.0,3.0,1,1,0,0.0,0.0,2,5,1.0,2,1,5.0,2.0,4.0,1.0,1.0,2.0,2.0,1,1
5.0,4.0,1,1,1,1.0,1.0,2,1,0.0,3,5,4.0,5.0,5.0,3.0,1.0,1.0,1.0,0,1
3.0,4.0,0,1,0,0.0,0.0,3,3,1.0,3,3,4.0,4.0,3.0,2.0,2.0,2.0,2.0,1,1
6.0,4.0,0,0,0,1.0,0.0,3,3,0.0,3,5,3.0,4.0,4.0,5.0,2.0,1.0,2.0,1,1
3.0,4.0,0,0,1,0.0,0.0,5,2,1.0,3,2,5.0,1.0,3.0,2.0,0.0,2.0,2.0,0,1
7.0,4.0,1,1,1,1.0,1.0,2,1,3.0,3,3,5.0,5.0,5.0,3.0,2.0,3.0,1.0,1,1
7.0,4.0,0,1,0,1.0,1.0,3,1,0.0,3,3,4.0,5.0,5.0,3.0,2.0,2.0,1.0,1,1
7.0,4.0,1,1,0,1.0,0.0,3,1,0.0,5,5,2.0,5.0,3.0,1.0,1.0,1.0,1.0,1,1
8.0,0.0,1,0,1,1.0,1.0,1,1,0.0,4,5,5.0,5.0,5.0,3.0,0.0,2.0,2.0,1,0
5.0,1.0,1,1,0,0.0,0.0,2,2,0.0,4,3,2.0,5.0,4.0,2.0,2.0,1.0,1.0,1,1
4.0,3.0,1,1,0,0.0,0.0,3,3,0.0,2,3,5.0,3.0,4.0,2.0,1.0,2.0,2.0,0,1
1.0,3.0,0,0,0,0.0,0.0,2,3,0.0,4,5,1.0,1.0,1.0,2.0,1.0,2.0,3.0,0,0
6.0,3.0,0,1,0,1.0,1.0,3,1,0.0,2,1,3.0,5.0,5.0,4.0,1.0,1.0,2.0,0,1
1.0,3.0,0,0,0,0.0,0.0,5,3,3.0,1,4,2.0,4.0,1.0,2.0,0.0,1.0,3.0,0,0
1.0,4.0,1,0,0,1.0,0.0,4,1,0.0,4,1,3.0,4.0,1.0,2.0,1.0,2.0,3.0,0,1
3.0,0.0,1,0,0,0.0,0.0,3,1,0.0,1,1,3.0,2.0,1.0,2.0,0.0,2.0,3.0,1,1
1.0,0.0,1,0,0,1.0,0.0,4,3,0.0,3,3,1.0,4.0,1.0,1.0,0.0,1.0,2.0,1,0
3.0,0.0,1,0,0,0.0,0.0,3,1,0.0,2,2,3.0,3.0,2.0,2.0,1.0,2.0,1.0,1,0
6.0,0.0,1,0,1,1.0,1.0,2,3,0.0,5,4,5.0,4.0,5.0,5.0,1.0,2.0,1.0,1,1
4.0,0.0,1,0,0,0.0,0.0,5,5,0.0,1,1,1.0,4.0,4.0,1.0,0.0,2.0,3.0,0,0
4.0,4.0,1,0,0,1.0,1.0,5,3,0.0,1,4,3.0,5.0,2.0,2.0,0.0,1.0,1.0,0,1
1.0,0.0,1,0,0,0.0,0.0,5,3,0.0,1,1,1.0,1.0,1.0,1.0,1.0,1.0,3.0,0,0
2.0,2.0,1,0,0,0.0,0.0,5,1,0.0,2,1,5.0,5.0,5.0,2.0,1.0,2.0,3.0,1,0
5.0,4.0,0,0,0,0.0,0.0,3,1,0.0,1,5,5.0,3.0,3.0,2.0,0.0,2.0,2.0,1,1
4.0,0.0,1,0,0,1.0,0.0,2,5,0.0,2,1,5.0,4.0,4.0,2.0,1.0,2.0,3.0,0,0
2.0,3.0,1,0,0,0.0,0.0,4,1,0.0,2,1,4.0,3.0,1.0,1.0,0.0,1.0,3.0,1,0
10.0,0.0,1,0,1,0.0,0.0,3,2,0.0,3,4,1.0,5.0,5.0,2.0,1.0,1.0,2.0,1,0
6.0,4.0,1,0,0,1.0,0.0,3,1,0.0,3,3,4.0,4.0,1.0,5.0,1.0,1.0,1.0,1,1
1.0,4.0,0,0,0,0.0,0.0,3,1,0.0,4,5,3.0,2.0,2.0,1.0,0.0,1.0,1.0,0,1
1.0,0.0,0,0,0,0.0,0.0,3,4,0.0,1,1,1.0,2.0,1.0,2.0,1.0,1.0,3.0,0,0
1.0,4.0,1,0,0,0.0,0.0,4,5,0.0,1,1,2.0,1.0,2.0,1.0,1.0,1.0,3.0,0,1
1.0,0.0,0,0,0,0.0,0.0,5,3,0.0,4,1,5.0,5.0,1.0,1.0,0.0,1.0,3.0,0,0
3.0,0.0,1,0,0,0.0,0.0,3,1,0.0,3,2,3.0,5.0,3.0,1.0,0.0,3.0,1.0,0,1
2.0,0.0,1,0,0,1.0,1.0,4,4,0.0,4,3,4.0,4.0,3.0,1.0,1.0,3.0,3.0,0,1
3.0,3.0,1,1,0,1.0,1.0,3,2,0.0,4,3,4.0,3.0,2.0,2.0,1.0,1.0,2.0,1,1
2.0,0.0,1,0,0,0.0,0.0,4,4,0.0,2,1,2.0,2.0,3.0,2.0,1.0,2.0,2.0,0,1
5.0,4.0,1,0,0,0.0,0.0,3,2,0.0,3,3,4.0,5.0,5.0,2.0,1.0,3.0,2.0,1,0
4.0,0.0,0,0,0,0.0,0.0,4,4,0.0,3,2,1.0,2.0,1.0,2.0,1.0,2.0,3.0,0,0
3.0,1.0,1,0,0,0.0,0.0,2,5,0.0,3,1,2.0,2.0,2.0,1.0,0.0,2.0,2.0,0,1
3.0,2.0,1,1,0,1.0,0.0,3,1,0.0,2,5,2.0,5.0,4.0,2.0,2.0,2.0,2.0,1,1
2.0,0.0,1,0,0,0.0,0.0,5,3,0.0,2,2,2.0,3.0,3.0,2.0,1.0,1.0,3.0,0,0
1.0,0.0,1,0,0,0.0,0.0,4,3,0.0,3,2,1.0,5.0,3.0,1.0,0.0,1.0,3.0,0,1
1.0,1.0,1,1,1,1.0,0.0,3,1,0.0,5,4,5.0,5.0,5.0,2.0,0.0,2.0,1.0,1,0
2.0,4.0,1,0,0,0.0,0.0,2,1,0.0,4,5,4.0,4.0,4.0,2.0,0.0,2.0,1.0,1,1
3.0,0.0,0,1,0,1.0,1.0,4,3,0.0,5,4,2.0,2.0,2.0,3.0,1.0,2.0,3.0,1,1
5.0,4.0,0,0,1,1.0,1.0,5,5,1.0,3,2,5.0,2.0,4.0,5.0,0.0,2.0,3.0,1,0
5.0,4.0,1,0,0,1.0,1.0,3,4,0.0,2,4,3.0,4.0,3.0,3.0,2.0,2.0,1.0,0,1
1.0,4.0,0,0,0,0.0,0.0,4,2,0.0,2,3,5.0,1.0,1.0,1.0,0.0,1.0,2.0,0,0
4.0,0.0,0,1,1,0.0,0.0,3,1,0.0,5,3,1.0,5.0,5.0,2.0,2.0,1.0,1.0,1,0
3.0,1.0,1,1,0,0.0,0.0,5,2,0.0,5,4,3.0,4.0,2.0,3.0,2.0,1.0,3.0,1,0
4.0,3.0,1,1,0,0.0,0.0,5,4,0.0,4,2,2.0,1.0,3.0,1.0,1.0,2.0,3.0,0,0
2.0,0.0,0,0,0,0.0,0.0,1,1,0.0,2,3,3.0,5.0,5.0,2.0,2.0,1.0,3.0,1,1
3.0,4.0,1,0,0,0.0,0.0,3,3,0.0,3,2,5.0,4.0,1.0,1.0,1.0,1.0,1.0,1,0
7.0,4.0,1,1,1,1.0,0.0,2,1,0.0,4,4,5.0,5.0,5.0,5.0,1.0,2.0,1.0,1,1
1.0,4.0,1,0,0,0.0,0.0,1,1,0.0,1,1,1.0,5.0,5.0,1.0,0.0,1.0,2.0,0,0
9.0,0.0,1,0,1,1.0,1.0,5,1,0.0,3,3,3.0,4.0,3.0,6.0,0.0,1.0,2.0,0,0
6.0,3.0,1,0,0,1.0,0.0,3,2,0.0,3,3,1.0,3.0,5.0,1.0,0.0,3.0,2.0,0,1
3.0,4.0,1,1,1,0.0,0.0,5,1,0.0,3,4,5.0,5.0,5.0,0.0,0.0,1.0,1.0,1,0
4.0,0.0,0,0,0,0.0,0.0,4,2,0.0,2,2,5.0,4.0,1.0,3.0,1.0,1.0,3.0,1,0
5.0,4.0,1,0,0,0.0,0.0,5,1,0.0,2,2,2.0,1.0,2.0,1.0,0.0,3.0,2.0,1,0
4.0,4.0,0,0,0,0.0,0.0,4,4,0.0,2,1,2.0,1.0,1.0,1.0,1.0,3.0,3.0,0,0
2.0,2.0,1,1,0,0.0,0.0,3,4,0.0,5,3,2.0,3.0,3.0,2.0,1.0,3.0,2.0,0,0
1.0,3.0,1,0,0,0.0,0.0,1,1,0.0,4,4,1.0,1.0,1.0,2.0,0.0,3.0,3.0,0,0
5.0,4.0,0,1,1,1.0,0.0,5,5,1.0,1,1,1.0,5.0,5.0,2.0,1.0,1.0,2.0,0,1
4.0,4.0,1,1,0,0.0,0.0,3,1,0.0,2,5,5.0,4.0,4.0,1.0,2.0,1.0,2.0,0,0
2.0,4.0,1,0,0,0.0,0.0,4,2,0.0,2,3,4.0,4.0,5.0,2.0,1.0,2.0,2.0,1,0
4.0,4.0,0,0,1,0.0,0.0,3,3,1.0,3,1,5.0,5.0,5.0,2.0,2.0,1.0,1.0,0,0
5.0,0.0,1,0,0,0.0,0.0,5,4,0.0,5,2,1.0,5.0,2.0,3.0,1.0,2.0,3.0,0,1
2.0,4.0,1,0,0,0.0,0.0,4,1,0.0,1,1,3.0,1.0,4.0,2.0,0.0,2.0,2.0,0,1
6.0,0.0,0,1,0,1.0,1.0,2,1,0.0,4,4,3.0,4.0,4.0,1.0,2.0,1.0,1.0,1,1
7.0,3.0,1,1,0,1.0,1.0,2,2,0.0,3,3,4.0,3.0,2.0,5.0,2.0,1.0,1.0,1,1
5.0,0.0,0,0,0,1.0,0.0,5,2,0.0,3,2,3.0,2.0,4.0,3.0,1.0,1.0,3.0,0,0
1.0,0.0,0,0,0,0.0,0.0,4,2,0.0,2,3,3.0,4.0,4.0,2.0,2.0,2.0,3.0,0,0
4.0,4.0,1,0,1,1.0,1.0,3,4,1.0,1,3,4.0,5.0,3.0,4.0,0.0,1.0,1.0,0,0
2.0,4.0,1,0,0,0.0,0.0,4,2,0.0,3,3,1.0,3.0,3.0,2.0,0.0,1.0,2.0,0,0
1.0,0.0,0,0,0,0.0,0.0,5,5,0.0,1,2,2.0,3.0,4.0,2.0,0.0,1.0,1.0,0,0
2.0,0.0,0,0,0,1.0,0.0,3,1,0.0,2,2,1.0,5.0,1.0,2.0,0.0,1.0,2.0,1,0
2.0,0.0,1,0,0,0.0,0.0,3,1,0.0,3,5,1.0,5.0,4.0,2.0,0.0,2.0,2.0,0,0
1.0,4.0,1,0,0,0.0,0.0,3,3,0.0,2,4,5.0,4.0,3.0,2.0,1.0,1.0,3.0,0,0
2.0,0.0,0,1,0,0.0,0.0,4,3,0.0,2,2,3.0,2.0,2.0,3.0,1.0,1.0,3.0,0,0
6.0,0.0,1,0,0,0.0,0.0,3,2,0.0,2,2,2.0,3.0,2.0,2.0,1.0,1.0,3.0,0,1
3.0,2.0,1,1,0,1.0,1.0,2,1,0.0,2,5,3.0,3.0,3.0,2.0,2.0,2.0,1.0,1,1
2.0,1.0,1,0,0,0.0,0.0,5,3,0.0,1,1,2.0,5.0,5.0,1.0,0.0,1.0,3.0,0,1
1.0,4.0,1,0,0,0.0,0.0,5,5,0.0,1,1,5.0,3.0,3.0,2.0,1.0,3.0,3.0,1,1
8.0,4.0,1,1,1,1.0,1.0,1,3,3.0,5,5,5.0,4.0,3.0,4.0,2.0,3.0,1.0,1,1
6.0,3.0,1,0,0,0.0,0.0,3,2,0.0,2,5,3.0,2.0,4.0,1.0,1.0,2.0,2.0,0,1
2.0,3.0,0,0,0,1.0,0.0,5,5,3.0,1,1,1.0,5.0,5.0,1.0,1.0,2.0,2.0,0,0
2.0,0.0,0,0,0,0.0,0.0,4,4,0.0,2,2,4.0,3.0,4.0,2.0,0.0,1.0,3.0,0,1
1.0,4.0,0,0,0,0.0,0.0,3,1,0.0,2,1,5.0,5.0,5.0,1.0,2.0,2.0,1.0,0,0
4.0,0.0,0,0,0,0.0,0.0,2,4,1.0,3,2,3.0,3.0,3.0,5.0,1.0,2.0,3.0,0,1
1.0,0.0,1,1,0,0.0,0.0,4,4,0.0,3,2,5.0,2.0,3.0,2.0,0.0,2.0,3.0,0,0
4.0,0.0,0,1,0,1.0,1.0,2,1,0.0,2,3,2.0,3.0,4.0,3.0,1.0,2.0,2.0,0,0
3.0,4.0,1,0,0,0.0,0.0,4,1,0.0,3,3,3.0,3.0,3.0,2.0,0.0,2.0,2.0,0,0
4.0,4.0,1,0,0,0.0,0.0,4,1,0.0,1,1,3.0,3.0,3.0,2.0,0.0,2.0,2.0,0,0
5.0,0.0,0,1,0,1.0,1.0,2,1,0.0,3,3,5.0,4.0,4.0,2.0,0.0,3.0,2.0,0,1
6.0,4.0,1,0,0,1.0,0.0,2,2,0.0,1,3,3.0,3.0,3.0,1.0,0.0,2.0,2.0,1,0
3.0,3.0,1,0,0,0.0,0.0,5,5,0.0,1,1,5.0,4.0,3.0,1.0,1.0,2.0,2.0,0,1
1.0,1.0,1,0,0,0.0,0.0,5,1,0.0,1,1,1.0,2.0,4.0,1.0,1.0,2.0,3.0,0,1
3.0,2.0,1,0,0,0.0,0.0,1,1,0.0,1,1,5.0,5.0,1.0,0.0,0.0,2.0,2.0,0,1
4.0,4.0,1,0,0,1.0,0.0,3,1,0.0,1,1,3.0,4.0,1.0,1.0,0.0,2.0,1.0,1,1
10.0,1.0,1,0,1,1.0,1.0,3,2,3.0,3,3,1.0,1.0,1.0,2.0,2.0,2.0,3.0,1,0
3.0,4.0,0,0,0,0.0,0.0,5,3,1.0,2,1,1.0,5.0,5.0,2.0,1.0,3.0,2.0,0,0
3.0,4.0,1,0,0,0.0,0.0,3,1,0.0,1,1,4.0,3.0,5.0,1.0,1.0,3.0,2.0,0,0
4.0,0.0,0,0,0,0.0,0.0,5,4,0.0,2,5,2.0,5.0,1.0,2.0,1.0,2.0,2.0,1,0
6.0,4.0,1,1,0,1.0,1.0,3,1,0.0,3,3,3.0,3.0,3.0,4.0,2.0,3.0,1.0,0,1
2.0,4.0,1,0,0,0.0,0.0,3,1,0.0,3,5,3.0,2.0,5.0,2.0,1.0,3.0,2.0,0,0
7.0,2.0,1,1,0,0.0,0.0,1,1,0.0,5,5,1.0,5.0,5.0,5.0,0.0,3.0,3.0,1,0
3.0,1.0,1,0,0,0.0,0.0,3,3,3.0,5,4,5.0,4.0,4.0,3.0,1.0,3.0,3.0,1,0
4.0,1.0,1,0,0,0.0,0.0,1,1,0.0,3,3,5.0,5.0,5.0,2.0,2.0,5.0,2.0,1,1
5.0,4.0,1,1,1,0.0,0.0,4,3,1.0,5,4,4.0,3.0,4.0,2.0,1.0,3.0,1.0,0,1
4.0,3.0,1,0,1,0.0,0.0,5,5,0.0,1,1,5.0,5.0,1.0,2.0,0.0,2.0,1.0,0,0
3.0,3.0,0,0,0,0.0,0.0,3,1,0.0,2,2,5.0,4.0,1.0,3.0,1.0,2.0,2.0,0,0
1.0,4.0,1,0,0,0.0,0.0,5,3,0.0,1,2,3.0,1.0,1.0,1.0,0.0,1.0,2.0,0,1
6.0,3.0,1,1,1,1.0,1.0,3,1,3.0,3,4,5.0,4.0,5.0,3.0,1.0,2.0,2.0,1,1
1.0,0.0,1,0,0,0.0,0.0,5,5,0.0,2,1,3.0,4.0,4.0,1.0,0.0,2.0,2.0,0,0
4.0,0.0,1,0,0,0.0,0.0,2,1,0.0,3,1,1.0,5.0,1.0,2.0,0.0,1.0,1.0,0,0
6.0,0.0,0,1,0,1.0,1.0,3,2,3.0,3,3,4.0,4.0,4.0,6.0,0.0,2.0,1.0,1,1
1.0,2.0,0,1,0,0.0,0.0,2,3,0.0,2,5,1.0,1.0,5.0,2.0,0.0,2.0,2.0,1,1
6.0,2.0,1,0,0,0.0,0.0,1,3,0.0,4,2,4.0,4.0,5.0,2.0,2.0,1.0,3.0,0,0
7.0,0.0,1,1,1,1.0,1.0,3,3,3.0,3,4,3.0,5.0,5.0,2.0,1.0,1.0,2.0,1,0
3.0,0.0,1,0,0,0.0,0.0,4,1,0.0,2,1,4.0,5.0,1.0,2.0,0.0,2.0,3.0,0,0
5.0,0.0,1,1,0,0.0,0.0,3,2,0.0,4,3,3.0,5.0,5.0,5.0,2.0,2.0,1.0,1,0
4.0,3.0,1,1,0,0.0,1.0,5,5,0.0,1,1,1.0,5.0,4.0,2.0,1.0,2.0,3.0,0,0
3.0,4.0,1,1,1,0.0,0.0,3,1,1.0,3,3,1.0,4.0,5.0,1.0,1.0,2.0,2.0,0,1
3.0,4.0,1,0,1,0.0,1.0,3,3,1.0,3,2,1.0,5.0,1.0,1.0,2.0,1.0,2.0,0,1
7.0,4.0,1,1,1,1.0,1.0,2,1,1.0,4,3,5.0,4.0,5.0,4.0,2.0,3.0,1.0,1,1
4.0,3.0,1,0,0,1.0,1.0,1,1,1.0,2,5,5.0,4.0,5.0,4.0,2.0,2.0,1.0,1,1
3.0,3.0,1,0,0,0.0,0.0,5,4,0.0,4,1,1.0,5.0,5.0,2.0,2.0,2.0,2.0,0,0
4.0,4.0,1,0,0,0.0,0.0,3,1,0.0,2,4,5.0,4.0,5.0,2.0,2.0,1.0,2.0,1,1
4.0,3.0,1,1,1,1.0,1.0,2,1,1.0,4,4,5.0,5.0,5.0,6.0,2.0,3.0,2.0,1,1
2.0,0.0,1,0,0,0.0,0.0,1,1,0.0,1,2,3.0,1.0,1.0,0.0,0.0,1.0,2.0,0,1
4.0,3.0,1,0,0,0.0,0.0,5,1,0.0,3,4,1.0,5.0,1.0,1.0,1.0,2.0,3.0,0,1
10.0,4.0,1,1,0,1.0,1.0,2,1,0.0,5,5,4.0,4.0,4.0,3.0,2.0,3.0,1.0,1,1
1.0,0.0,0,0,0,0.0,0.0,3,1,0.0,2,1,1.0,1.0,1.0,2.0,0.0,1.0,3.0,0,0
4.0,0.0,1,0,0,1.0,1.0,3,3,0.0,2,1,3.0,2.0,2.0,3.0,1.0,1.0,3.0,1,0
4.0,0.0,1,0,0,1.0,1.0,5,5,0.0,2,2,1.0,2.0,4.0,3.0,1.0,2.0,3.0,0,1
2.0,4.0,1,0,0,0.0,0.0,4,3,0.0,2,2,3.0,2.0,1.0,2.0,1.0,1.0,3.0,0,0
6.0,2.0,1,1,0,0.0,0.0,3,1,0.0,4,5,5.0,5.0,5.0,2.0,2.0,1.0,2.0,1,1
1.0,0.0,1,1,0,0.0,0.0,4,1,0.0,1,1,5.0,5.0,1.0,2.0,2.0,2.0,3.0,1,1
4.0,0.0,1,0,0,0.0,0.0,3,1,0.0,2,1,1.0,5.0,5.0,1.0,0.0,2.0,3.0,0,0
10.0,4.0,1,1,0,1.0,1.0,4,1,1.0,3,2,5.0,5.0,4.0,6.0,2.0,2.0,1.0,1,0
2.0,0.0,0,0,0,0.0,0.0,4,4,0.0,3,3,4.0,4.0,1.0,2.0,1.0,1.0,2.0,0,0
1.0,0.0,0,0,0,0.0,0.0,4,1,0.0,2,3,4.0,1.0,1.0,2.0,0.0,1.0,2.0,0,1
1.0,0.0,1,0,0,0.0,0.0,3,4,0.0,1,1,5.0,3.0,3.0,2.0,0.0,1.0,3.0,0,1
2.0,2.0,1,1,0,0.0,0.0,5,1,0.0,2,5,1.0,1.0,1.0,2.0,0.0,1.0,2.0,0,1
1.0,0.0,1,0,0,0.0,0.0,5,4,0.0,1,1,1.0,1.0,1.0,2.0,0.0,1.0,2.0,0,0
2.0,3.0,1,1,0,0.0,0.0,2,1,0.0,2,5,5.0,4.0,4.0,5.0,1.0,1.0,2.0,0,1
7.0,2.0,1,1,0,0.0,0.0,3,1,0.0,3,4,5.0,5.0,5.0,2.0,2.0,2.0,1.0,1,1
1.0,3.0,1,0,0,1.0,0.0,5,3,0.0,5,4,2.0,2.0,5.0,1.0,0.0,1.0,1.0,1,1
1.0,4.0,1,0,0,1.0,0.0,3,1,0.0,4,5,1.0,2.0,1.0,2.0,1.0,1.0,3.0,1,0
4.0,3.0,1,0,0,0.0,0.0,5,1,0.0,4,3,1.0,2.0,3.0,2.0,0.0,2.0,3.0,0,0
7.0,4.0,1,1,0,1.0,0.0,3,3,0.0,2,3,3.0,2.0,5.0,5.0,0.0,2.0,2.0,0,1
5.0,4.0,1,1,0,0.0,0.0,4,2,0.0,5,4,5.0,4.0,5.0,4.0,1.0,1.0,2.0,1,0
6.0,4.0,0,1,0,1.0,0.0,1,1,1.0,4,2,4.0,5.0,4.0,5.0,1.0,1.0,1.0,1,0
4.0,0.0,1,1,0,1.0,0.0,3,4,1.0,2,3,2.0,2.0,2.0,5.0,0.0,1.0,2.0,0,1
7.0,4.0,1,1,0,1.0,1.0,2,1,1.0,3,3,5.0,5.0,5.0,6.0,2.0,1.0,1.0,1,1
3.0,2.0,0,0,0,0.0,0.0,3,5,0.0,2,2,3.0,5.0,5.0,1.0,1.0,1.0,3.0,0,0
3.0,2.0,0,1,0,0.0,0.0,4,2,0.0,3,3,1.0,5.0,5.0,2.0,0.0,1.0,2.0,0,0
1.0,4.0,1,0,0,0.0,0.0,4,4,0.0,1,1,3.0,3.0,3.0,2.0,0.0,1.0,2.0,0,1
5.0,0.0,1,0,0,0.0,0.0,3,5,0.0,3,1,1.0,1.0,1.0,2.0,2.0,1.0,2.0,0,0
1.0,4.0,1,0,0,0.0,0.0,5,5,0.0,1,1,3.0,1.0,1.0,1.0,0.0,1.0,3.0,0,1
5.0,4.0,1,1,1,1.0,0.0,3,3,0.0,3,3,4.0,4.0,4.0,4.0,1.0,2.0,1.0,1,0
4.0,0.0,1,0,0,0.0,0.0,5,5,1.0,1,1,1.0,1.0,1.0,0.0,0.0,2.0,3.0,0,1
1.0,2.0,1,0,0,0.0,0.0,5,1,0.0,1,1,1.0,1.0,1.0,1.0,0.0,1.0,3.0,0,0
1.0,0.0,1,0,1,0.0,0.0,5,4,1.0,1,1,1.0,4.0,2.0,1.0,0.0,1.0,1.0,0,1
2.0,2.0,1,0,0,0.0,0.0,4,1,0.0,4,1,5.0,5.0,1.0,2.0,0.0,1.0,3.0,1,1
5.0,0.0,1,0,0,0.0,0.0,3,1,0.0,4,2,4.0,5.0,4.0,2.0,2.0,2.0,2.0,0,0
3.0,4.0,1,0,0,0.0,0.0,2,1,0.0,2,2,4.0,4.0,4.0,2.0,2.0,2.0,2.0,0,1
4.0,4.0,1,0,0,1.0,0.0,3,2,0.0,2,4,5.0,5.0,5.0,2.0,1.0,2.0,2.0,0,1
7.0,3.0,1,1,0,0.0,0.0,3,4,0.0,5,4,3.0,4.0,3.0,2.0,2.0,3.0,1.0,1,0
2.0,2.0,1,0,0,0.0,0.0,3,3,0.0,1,1,1.0,1.0,1.0,2.0,1.0,3.0,3.0,0,0
4.0,4.0,1,0,0,1.0,1.0,4,1,0.0,1,2,1.0,5.0,1.0,2.0,0.0,3.0,2.0,1,0
3.0,2.0,1,0,0,1.0,0.0,4,3,0.0,1,2,3.0,3.0,3.0,1.0,1.0,2.0,3.0,1,0
1.0,4.0,1,0,0,0.0,0.0,4,1,0.0,1,1,1.0,5.0,1.0,1.0,0.0,2.0,3.0,0,0
4.0,0.0,1,0,0,0.0,0.0,4,1,0.0,2,1,5.0,4.0,1.0,1.0,0.0,2.0,3.0,0,0
1.0,4.0,1,0,0,0.0,0.0,4,4,0.0,3,1,2.0,5.0,2.0,2.0,0.0,1.0,3.0,0,1
6.0,4.0,1,0,1,1.0,0.0,3,1,1.0,2,2,1.0,5.0,4.0,5.0,2.0,3.0,1.0,0,0
4.0,4.0,0,1,0,0.0,0.0,3,1,1.0,4,4,5.0,1.0,5.0,2.0,2.0,1.0,2.0,0,1
7.0,1.0,0,0,0,0.0,0.0,1,1,0.0,2,1,1.0,4.0,1.0,2.0,1.0,2.0,2.0,1,1
9.0,1.0,0,1,1,1.0,1.0,1,1,3.0,4,3,5.0,5.0,3.0,5.0,2.0,3.0,2.0,1,1
2.0,2.0,0,0,0,0.0,0.0,3,1,0.0,3,3,5.0,5.0,1.0,2.0,0.0,1.0,3.0,0,0
2.0,1.0,0,0,0,0.0,0.0,4,1,0.0,1,4,2.0,4.0,4.0,2.0,1.0,1.0,3.0,0,0
4.0,3.0,1,1,0,0.0,0.0,4,3,0.0,2,1,2.0,2.0,2.0,2.0,1.0,2.0,2.0,0,1
4.0,4.0,1,1,0,0.0,0.0,3,1,1.0,3,2,3.0,5.0,3.0,2.0,1.0,2.0,1.0,0,0
2.0,2.0,1,0,0,0.0,0.0,1,1,0.0,1,2,4.0,1.0,1.0,2.0,0.0,1.0,3.0,0,0
7.0,3.0,1,1,1,1.0,0.0,1,1,0.0,2,4,5.0,5.0,5.0,3.0,2.0,2.0,1.0,1,1
4.0,4.0,1,0,0,1.0,0.0,4,1,1.0,2,1,3.0,4.0,4.0,2.0,0.0,3.0,3.0,0,0
9.0,3.0,1,0,0,0.0,0.0,3,2,0.0,5,2,1.0,2.0,3.0,1.0,1.0,1.0,3.0,1,0
4.0,4.0,1,0,0,1.0,1.0,3,2,1.0,2,1,2.0,5.0,4.0,5.0,1.0,3.0,3.0,0,1
4.0,2.0,1,0,0,0.0,0.0,1,2,0.0,4,2,4.0,3.0,3.0,2.0,1.0,2.0,3.0,1,0
4.0,0.0,0,0,0,0.0,0.0,5,3,0.0,2,1,4.0,2.0,4.0,2.0,1.0,1.0,2.0,0,1
3.0,4.0,1,0,0,0.0,0.0,3,1,0.0,4,5,1.0,4.0,3.0,2.0,1.0,2.0,2.0,1,1
1.0,1.0,1,0,0,0.0,0.0,5,1,0.0,1,2,2.0,2.0,2.0,2.0,0.0,1.0,2.0,1,0
5.0,4.0,1,0,0,1.0,1.0,1,1,0.0,4,4,5.0,5.0,5.0,5.0,2.0,1.0,2.0,0,1
2.0,4.0,1,1,0,0.0,0.0,4,3,0.0,5,4,5.0,5.0,5.0,5.0,0.0,3.0,2.0,1,0
5.0,1.0,1,1,0,0.0,0.0,2,3,0.0,4,3,5.0,1.0,5.0,2.0,1.0,3.0,2.0,1,1
1.0,0.0,1,0,0,1.0,0.0,1,1,0.0,4,4,5.0,5.0,5.0,6.0,0.0,1.0,1.0,0,0
4.0,3.0,1,0,0,0.0,0.0,5,5,0.0,1,1,5.0,5.0,1.0,2.0,2.0,2.0,3.0,0,0
9.0,1.0,1,1,1,1.0,1.0,1,1,1.0,4,3,5.0,5.0,5.0,5.0,2.0,3.0,1.0,1,1
4.0,2.0,1,0,0,1.0,1.0,2,3,0.0,3,3,3.0,3.0,4.0,2.0,1.0,3.0,2.0,1,1
3.0,1.0,1,0,0,0.0,0.0,3,2,1.0,3,1,2.0,4.0,4.0,2.0,2.0,2.0,1.0,1,0
6.0,4.0,1,1,1,1.0,1.0,4,3,1.0,3,3,4.0,4.0,3.0,5.0,2.0,2.0,2.0,1,1
3.0,1.0,1,0,0,0.0,0.0,4,4,0.0,2,1,1.0,3.0,1.0,2.0,0.0,3.0,2.0,0,0
2.0,4.0,1,0,0,0.0,0.0,5,5,0.0,3,1,2.0,1.0,4.0,2.0,0.0,2.0,3.0,0,0
3.0,2.0,0,1,0,1.0,1.0,1,1,0.0,3,2,4.0,5.0,4.0,2.0,1.0,2.0,1.0,1,0
5.0,4.0,1,1,0,0.0,1.0,3,2,0.0,3,4,5.0,3.0,3.0,6.0,2.0,2.0,1.0,1,1
5.0,3.0,1,0,0,1.0,1.0,3,2,0.0,2,2,2.0,3.0,3.0,2.0,0.0,2.0,1.0,1,1
1.0,0.0,0,0,0,0.0,1.0,4,3,0.0,2,1,2.0,1.0,2.0,2.0,0.0,2.0,2.0,1,1
2.0,4.0,1,0,0,0.0,0.0,4,4,0.0,2,1,2.0,5.0,4.0,1.0,1.0,1.0,2.0,0,0
4.0,1.0,0,1,1,0.0,0.0,2,2,0.0,4,2,3.0,4.0,4.0,2.0,1.0,1.0,1.0,1,0
1.0,2.0,1,0,0,1.0,1.0,5,1,0.0,1,1,1.0,3.0,2.0,2.0,1.0,2.0,2.0,0,0
1.0,3.0,1,0,0,0.0,0.0,4,3,0.0,1,1,3.0,5.0,4.0,1.0,0.0,1.0,3.0,0,1
5.0,3.0,1,0,0,0.0,0.0,1,2,1.0,3,5,5.0,5.0,4.0,1.0,2.0,1.0,1.0,1,0
1.0,1.0,1,0,0,0.0,0.0,1,2,0.0,2,5,1.0,5.0,5.0,2.0,2.0,1.0,2.0,1,1
2.0,3.0,1,1,0,1.0,0.0,3,1,1.0,4,1,5.0,5.0,4.0,2.0,0.0,1.0,2.0,1,1
2.0,3.0,1,0,0,0.0,0.0,1,3,0.0,3,2,3.0,5.0,3.0,1.0,1.0,1.0,2.0,0,0
1.0,2.0,1,0,0,0.0,0.0,5,2,0.0,2,1,1.0,1.0,1.0,1.0,0.0,2.0,3.0,0,0
4.0,0.0,1,0,0,0.0,0.0,5,1,0.0,1,1,5.0,5.0,5.0,2.0,0.0,2.0,2.0,0,0
3.0,3.0,1,1,1,0.0,0.0,4,1,0.0,1,1,1.0,5.0,1.0,1.0,0.0,1.0,2.0,0,1
3.0,0.0,0,1,0,0.0,0.0,3,3,0.0,3,2,3.0,1.0,1.0,2.0,0.0,1.0,3.0,1,0
5.0,3.0,1,0,0,1.0,1.0,4,3,0.0,3,2,4.0,3.0,2.0,2.0,1.0,2.0,3.0,0,0
4.0,4.0,1,0,0,1.0,0.0,5,1,0.0,5,5,5.0,2.0,5.0,2.0,1.0,2.0,2.0,1,0
4.0,0.0,0,0,0,0.0,0.0,4,5,0.0,1,1,5.0,5.0,1.0,2.0,0.0,1.0,3.0,1,0
4.0,4.0,1,1,1,1.0,0.0,5,3,3.0,3,3,2.0,3.0,3.0,3.0,1.0,2.0,3.0,0,0
4.0,0.0,0,0,0,0.0,0.0,3,1,0.0,3,1,1.0,5.0,1.0,2.0,1.0,1.0,1.0,0,0
4.0,4.0,1,0,1,1.0,1.0,3,2,3.0,3,3,3.0,3.0,3.0,6.0,0.0,2.0,2.0,1,1
1.0,3.0,0,0,0,0.0,0.0,4,2,0.0,1,5,3.0,1.0,5.0,2.0,1.0,1.0,2.0,0,0
5.0,3.0,0,0,0,1.0,1.0,1,1,0.0,2,3,5.0,5.0,5.0,2.0,1.0,3.0,1.0,0,1
2.0,0.0,1,1,0,0.0,0.0,4,4,3.0,4,3,2.0,4.0,2.0,1.0,0.0,2.0,2.0,1,1
1.0,0.0,1,0,0,0.0,0.0,4,1,0.0,1,1,1.0,4.0,2.0,1.0,0.0,2.0,2.0,1,0
3.0,2.0,1,0,0,0.0,0.0,5,3,0.0,2,4,1.0,5.0,5.0,1.0,1.0,2.0,1.0,1,0
4.0,4.0,1,1,0,1.0,0.0,2,3,0.0,5,1,5.0,5.0,5.0,1.0,1.0,2.0,2.0,1,0
1.0,0.0,1,0,0,0.0,0.0,5,1,3.0,3,5,5.0,5.0,5.0,2.0,0.0,2.0,2.0,1,0
3.0,1.0,1,0,0,0.0,0.0,4,5,0.0,4,3,1.0,5.0,5.0,2.0,1.0,2.0,1.0,1,1
4.0,3.0,0,1,0,0.0,0.0,3,3,0.0,4,1,1.0,3.0,1.0,1.0,0.0,2.0,2.0,0,1
1.0,0.0,0,0,0,0.0,0.0,2,1,0.0,5,4,3.0,2.0,2.0,1.0,0.0,2.0,2.0,0,0
1.0,0.0,0,0,0,0.0,0.0,3,1,0.0,1,5,2.0,4.0,2.0,1.0,0.0,2.0,3.0,0,0
4.0,3.0,1,0,0,0.0,0.0,5,1,0.0,4,3,1.0,1.0,1.0,1.0,1.0,1.0,2.0,0,0
4.0,4.0,1,0,0,1.0,1.0,3,1,0.0,5,2,2.0,5.0,4.0,2.0,0.0,1.0,2.0,0,1
5.0,4.0,1,1,1,1.0,0.0,3,3,0.0,2,3,3.0,4.0,3.0,6.0,2.0,2.0,2.0,0,1
6.0,3.0,1,1,0,1.0,0.0,2,3,0.0,2,5,5.0,5.0,5.0,4.0,2.0,2.0,2.0,0,0
1.0,0.0,1,0,0,0.0,0.0,5,1,0.0,5,3,4.0,5.0,5.0,2.0,1.0,2.0,2.0,0,1
1.0,3.0,1,0,0,0.0,0.0,5,3,0.0,4,3,4.0,4.0,4.0,2.0,0.0,1.0,3.0,1,0
2.0,0.0,1,1,0,1.0,0.0,3,1,0.0,4,5,5.0,4.0,3.0,2.0,0.0,1.0,2.0,1,1
4.0,4.0,1,0,0,0.0,0.0,5,5,0.0,2,1,1.0,4.0,1.0,1.0,0.0,1.0,3.0,0,1
4.0,0.0,1,0,0,1.0,0.0,3,1,0.0,1,4,5.0,5.0,5.0,2.0,0.0,2.0,2.0,0,1
1.0,2.0,1,0,0,0.0,0.0,5,1,0.0,1,1,1.0,1.0,5.0,0.0,1.0,1.0,2.0,1,0
6.0,4.0,1,0,0,1.0,0.0,3,2,1.0,2,2,5.0,4.0,2.0,2.0,2.0,2.0,2.0,0,1
7.0,0.0,1,0,0,1.0,0.0,5,3,0.0,1,4,5.0,5.0,3.0,2.0,2.0,2.0,2.0,1,0
1.0,0.0,1,0,0,0.0,0.0,4,1,0.0,2,1,1.0,5.0,1.0,1.0,1.0,2.0,3.0,0,0
3.0,4.0,1,0,0,0.0,0.0,4,4,0.0,2,2,2.0,2.0,4.0,1.0,0.0,1.0,1.0,0,0
2.0,3.0,0,0,0,0.0,0.0,3,4,1.0,2,1,3.0,4.0,4.0,0.0,1.0,1.0,1.0,0,0
7.0,0.0,0,1,1,1.0,1.0,3,1,0.0,3,5,3.0,3.0,2.0,3.0,2.0,2.0,2.0,1,1
5.0,0.0,1,0,0,0.0,0.0,3,3,0.0,3,4,3.0,4.0,5.0,3.0,2.0,2.0,1.0,0,1
1.0,0.0,0,1,1,0.0,0.0,3,3,0.0,3,2,2.0,5.0,5.0,2.0,1.0,2.0,2.0,1,1
3.0,0.0,0,0,0,0.0,0.0,3,1,0.0,3,1,1.0,4.0,4.0,2.0,0.0,1.0,1.0,1,0
8.0,1.0,1,0,0,0.0,0.0,4,2,0.0,1,1,1.0,5.0,5.0,2.0,1.0,2.0,2.0,1,0
3.0,4.0,0,0,0,0.0,0.0,5,1,0.0,1,3,3.0,3.0,2.0,2.0,0.0,1.0,2.0,0,1
1.0,3.0,0,0,0,1.0,1.0,3,3,1.0,3,3,3.0,3.0,3.0,3.0,0.0,3.0,2.0,0,1
1.0,2.0,1,0,0,0.0,0.0,3,1,0.0,4,4,2.0,5.0,1.0,2.0,1.0,1.0,3.0,0,1
1.0,0.0,0,0,0,1.0,0.0,2,1,1.0,2,2,3.0,2.0,3.0,2.0,0.0,1.0,2.0,1,0
2.0,0.0,1,0,0,1.0,0.0,4,5,0.0,1,2,3.0,2.0,4.0,1.0,2.0,2.0,3.0,0,1
1.0,0.0,0,0,0,0.0,0.0,5,5,0.0,1,2,3.0,4.0,1.0,1.0,2.0,1.0,3.0,0,0
7.0,1.0,0,1,0,1.0,0.0,2,3,3.0,4,3,5.0,5.0,4.0,4.0,2.0,2.0,1.0,1,1
5.0,1.0,0,0,1,1.0,0.0,4,1,3.0,3,1,1.0,5.0,3.0,1.0,1.0,2.0,2.0,1,0
1.0,0.0,1,0,0,0.0,0.0,4,3,0.0,2,1,3.0,2.0,1.0,4.0,0.0,1.0,2.0,0,0
3.0,2.0,1,0,0,0.0,0.0,3,3,0.0,3,1,5.0,3.0,5.0,2.0,0.0,1.0,3.0,1,1
4.0,4.0,1,0,0,0.0,1.0,4,3,0.0,1,1,1.0,3.0,1.0,3.0,1.0,2.0,3.0,0,0
1.0,1.0,1,0,0,1.0,0.0,5,5,1.0,1,1,1.0,1.0,1.0,1.0,1.0,1.0,2.0,0,0
2.0,4.0,1,0,0,0.0,0.0,5,1,0.0,2,1,5.0,4.0,2.0,0.0,0.0,1.0,2.0,1,1
5.0,4.0,1,1,0,1.0,1.0,4,2,0.0,3,5,4.0,2.0,4.0,5.0,1.0,3.0,2.0,1,0
2.0,3.0,1,0,0,0.0,0.0,5,1,0.0,2,1,2.0,2.0,1.0,1.0,1.0,1.0,3.0,0,0
6.0,4.0,0,1,0,0.0,0.0,3,1,3.0,5,3,5.0,5.0,5.0,5.0,1.0,2.0,2.0,1,1
2.0,0.0,0,0,0,0.0,0.0,3,3,1.0,3,2,3.0,2.0,2.0,5.0,2.0,2.0,3.0,0,1
8.0,4.0,1,1,1,1.0,1.0,3,2,3.0,3,3,3.0,3.0,4.0,6.0,2.0,3.0,2.0,1,1
2.0,2.0,1,0,0,0.0,0.0,2,2,0.0,3,4,1.0,4.0,5.0,1.0,0.0,2.0,2.0,0,0
3.0,0.0,1,0,0,1.0,1.0,3,1,0.0,5,3,3.0,4.0,4.0,3.0,1.0,1.0,1.0,0,0
4.0,1.0,0,1,0,0.0,0.0,3,2,0.0,3,3,5.0,5.0,2.0,2.0,1.0,4.0,1.0,1,1
2.0,0.0,1,0,0,1.0,0.0,3,1,0.0,3,4,5.0,5.0,4.0,2.0,0.0,1.0,1.0,0,0
2.0,0.0,0,1,0,1.0,1.0,3,1,0.0,4,4,5.0,4.0,4.0,3.0,2.0,2.0,2.0,1,1
6.0,4.0,1,0,1,1.0,1.0,5,5,3.0,5,5,1.0,5.0,5.0,1.0,2.0,2.0,1.0,1,1
4.0,0.0,1,1,0,0.0,0.0,5,4,0.0,2,1,1.0,1.0,1.0,4.0,0.0,2.0,3.0,0,0
4.0,0.0,1,0,0,0.0,0.0,3,1,0.0,2,3,5.0,5.0,4.0,1.0,2.0,1.0,3.0,0,1
2.0,3.0,1,0,0,1.0,0.0,5,1,0.0,2,1,4.0,2.0,5.0,3.0,1.0,1.0,3.0,0,0
2.0,0.0,1,0,0,0.0,0.0,5,3,0.0,3,3,5.0,5.0,1.0,2.0,1.0,1.0,3.0,1,0
5.0,2.0,1,0,0,0.0,0.0,5,1,0.0,1,1,1.0,1.0,1.0,2.0,1.0,3.0,3.0,0,0
1.0,0.0,1,0,0,0.0,0.0,4,1,0.0,3,3,3.0,3.0,3.0,1.0,0.0,2.0,2.0,0,0
2.0,4.0,1,0,0,0.0,0.0,3,3,0.0,2,3,3.0,3.0,3.0,1.0,0.0,2.0,2.0,0,0
1.0,4.0,1,0,0,0.0,0.0,5,1,0.0,1,1,2.0,1.0,1.0,1.0,0.0,2.0,3.0,0,0
4.0,0.0,1,1,1,1.0,1.0,4,3,0.0,3,3,5.0,4.0,4.0,3.0,0.0,2.0,3.0,0,1
3.0,3.0,1,0,0,1.0,0.0,3,1,0.0,4,1,2.0,2.0,1.0,2.0,1.0,2.0,2.0,0,1
4.0,3.0,1,0,0,0.0,0.0,5,5,0.0,1,1,1.0,1.0,1.0,1.0,0.0,2.0,3.0,0,1
3.0,4.0,1,0,0,1.0,1.0,5,5,0.0,4,3,1.0,1.0,5.0,2.0,1.0,2.0,3.0,0,1
1.0,4.0,1,0,0,0.0,0.0,4,1,3.0,3,2,3.0,5.0,2.0,1.0,2.0,1.0,3.0,0,0
5.0,4.0,1,1,0,1.0,1.0,3,2,1.0,3,3,4.0,4.0,3.0,5.0,0.0,1.0,2.0,1,1
3.0,3.0,0,0,0,0.0,0.0,4,1,0.0,5,2,2.0,4.0,2.0,2.0,1.0,1.0,1.0,0,0
1.0,4.0,0,1,0,0.0,0.0,1,1,0.0,4,4,2.0,5.0,3.0,2.0,1.0,1.0,2.0,1,1
1.0,0.0,1,0,0,0.0,0.0,3,1,0.0,5,1,3.0,3.0,4.0,1.0,2.0,2.0,2.0,0,0
4.0,2.0,1,0,0,0.0,0.0,5,5,0.0,1,1,1.0,1.0,1.0,1.0,0.0,2.0,3.0,0,0
8.0,0.0,1,1,0,1.0,1.0,1,1,0.0,5,5,5.0,5.0,4.0,4.0,2.0,2.0,1.0,1,1
1.0,3.0,1,0,0,0.0,0.0,5,1,0.0,1,1,5.0,5.0,5.0,2.0,0.0,2.0,2.0,0,1
4.0,4.0,0,0,0,1.0,1.0,5,1,0.0,1,1,3.0,2.0,2.0,2.0,0.0,2.0,3.0,0,1
2.0,0.0,1,0,0,0.0,0.0,5,5,0.0,2,1,1.0,1.0,5.0,2.0,1.0,2.0,3.0,0,1
1.0,4.0,1,0,0,0.0,0.0,4,3,0.0,1,1,1.0,5.0,5.0,1.0,0.0,2.0,3.0,0,0
4.0,3.0,1,0,0,0.0,0.0,2,1,0.0,3,3,5.0,5.0,5.0,3.0,1.0,1.0,1.0,1,1
5.0,4.0,1,0,0,0.0,0.0,2,1,0.0,3,5,3.0,5.0,3.0,2.0,1.0,2.0,2.0,0,0
3.0,4.0,1,1,0,0.0,0.0,5,5,1.0,5,5,5.0,5.0,5.0,4.0,2.0,2.0,1.0,1,1
7.0,4.0,1,1,1,1.0,1.0,3,2,1.0,5,5,4.0,4.0,4.0,2.0,2.0,3.0,2.0,1,1
7.0,3.0,1,1,0,0.0,0.0,3,4,0.0,3,3,3.0,2.0,4.0,2.0,1.0,2.0,2.0,0,1
5.0,0.0,1,1,0,1.0,0.0,3,3,0.0,5,5,4.0,3.0,5.0,3.0,2.0,1.0,2.0,0,0
5.0,4.0,1,0,0,0.0,0.0,4,4,0.0,2,2,1.0,1.0,1.0,1.0,0.0,1.0,3.0,0,1
6.0,0.0,1,0,0,0.0,0.0,3,1,0.0,5,2,3.0,3.0,3.0,4.0,1.0,2.0,3.0,1,0
6.0,0.0,1,1,0,1.0,1.0,3,3,1.0,4,3,3.0,4.0,4.0,3.0,1.0,3.0,1.0,1,1
1.0,1.0,0,1,0,0.0,0.0,5,2,0.0,1,1,2.0,4.0,2.0,3.0,0.0,3.0,3.0,1,0
3.0,0.0,1,1,0,0.0,0.0,4,1,0.0,3,2,3.0,4.0,1.0,2.0,1.0,1.0,3.0,0,1
4.0,4.0,1,0,0,0.0,0.0,4,1,0.0,1,2,1.0,1.0,1.0,1.0,0.0,2.0,1.0,0,0
6.0,0.0,1,0,0,0.0,0.0,4,1,0.0,3,1,2.0,5.0,1.0,2.0,1.0,3.0,3.0,0,0
6.0,0.0,1,0,0,0.0,0.0,3,1,0.0,2,1,3.0,5.0,3.0,3.0,1.0,2.0,3.0,1,0
2.0,1.0,1,1,0,0.0,0.0,1,1,0.0,2,1,1.0,3.0,1.0,1.0,2.0,2.0,2.0,1,1
4.0,3.0,1,1,0,0.0,0.0,5,4,0.0,1,1,4.0,5.0,5.0,2.0,1.0,2.0,2.0,1,1
5.0,0.0,1,1,0,0.0,0.0,4,4,0.0,5,3,5.0,5.0,4.0,4.0,2.0,2.0,2.0,1,1
8.0,0.0,0,1,0,0.0,0.0,2,1,0.0,5,4,3.0,5.0,5.0,6.0,1.0,2.0,2.0,1,1
2.0,4.0,1,0,0,0.0,0.0,5,5,0.0,2,2,4.0,5.0,3.0,2.0,1.0,2.0,3.0,0,0
4.0,1.0,1,0,1,0.0,0.0,3,2,3.0,2,3,3.0,5.0,5.0,1.0,0.0,3.0,3.0,0,0
5.0,0.0,0,1,0,0.0,0.0,3,1,0.0,1,1,1.0,5.0,1.0,4.0,1.0,3.0,3.0,0,0
5.0,4.0,1,1,0,0.0,0.0,3,2,3.0,3,3,4.0,4.0,3.0,4.0,1.0,2.0,1.0,1,1
2.0,4.0,0,0,0,0.0,0.0,3,3,0.0,3,2,5.0,5.0,5.0,1.0,1.0,1.0,2.0,0,0
3.0,3.0,1,1,0,0.0,0.0,3,3,0.0,2,5,3.0,3.0,4.0,3.0,1.0,2.0,1.0,1,1
3.0,0.0,0,0,0,1.0,1.0,3,2,0.0,3,4,2.0,3.0,3.0,5.0,2.0,2.0,3.0,1,0
2.0,0.0,1,0,0,0.0,0.0,3,3,0.0,4,3,2.0,1.0,1.0,2.0,0.0,1.0,3.0,0,1
3.0,0.0,0,0,0,0.0,0.0,4,1,0.0,1,1,1.0,1.0,1.0,1.0,1.0,1.0,3.0,0,0
4.0,0.0,0,0,0,0.0,0.0,5,5,0.0,2,1,5.0,5.0,1.0,1.0,1.0,1.0,3.0,0,0
8.0,3.0,1,0,0,0.0,0.0,1,1,0.0,2,5,5.0,5.0,5.0,2.0,2.0,1.0,1.0,0,1
5.0,1.0,1,0,0,1.0,0.0,1,2,0.0,2,4,2.0,5.0,4.0,2.0,0.0,1.0,2.0,1,1
2.0,0.0,1,0,0,0.0,0.0,2,1,0.0,3,2,1.0,5.0,3.0,2.0,1.0,2.0,2.0,0,0
5.0,0.0,1,1,0,0.0,0.0,3,3,0.0,3,2,1.0,1.0,1.0,2.0,1.0,2.0,3.0,0,0
5.0,4.0,1,0,0,0.0,0.0,3,1,0.0,5,3,4.0,3.0,3.0,2.0,1.0,2.0,2.0,0,1
10.0,4.0,1,1,0,0.0,0.0,5,3,3.0,2,2,2.0,5.0,4.0,2.0,2.0,2.0,2.0,0,0
6.0,4.0,1,0,0,0.0,0.0,4,1,0.0,1,3,1.0,1.0,1.0,1.0,1.0,2.0,3.0,1,0
3.0,0.0,1,0,0,0.0,0.0,5,1,0.0,2,1,1.0,4.0,5.0,1.0,0.0,1.0,3.0,0,1
4.0,3.0,1,0,0,0.0,0.0,5,4,0.0,1,1,3.0,5.0,4.0,1.0,0.0,2.0,3.0,0,1
5.0,0.0,1,1,0,1.0,1.0,2,1,0.0,5,4,3.0,5.0,4.0,5.0,1.0,1.0,1.0,1,1
1.0,4.0,1,0,0,0.0,0.0,5,3,0.0,3,3,1.0,1.0,1.0,3.0,0.0,1.0,3.0,0,0
2.0,0.0,1,0,0,0.0,0.0,5,1,0.0,2,1,1.0,2.0,2.0,1.0,0.0,1.0,3.0,0,0
1.0,4.0,0,0,0,0.0,0.0,5,2,0.0,2,1,2.0,4.0,2.0,1.0,0.0,1.0,2.0,0,0
1.0,3.0,0,1,0,0.0,1.0,3,1,0.0,2,3,1.0,4.0,3.0,2.0,1.0,1.0,2.0,0,0
3.0,0.0,1,0,0,0.0,0.0,3,1,0.0,2,3,5.0,2.0,5.0,4.0,1.0,2.0,2.0,0,0
6.0,4.0,1,1,0,1.0,1.0,2,3,0.0,4,3,3.0,2.0,4.0,3.0,2.0,2.0,2.0,1,1
6.0,0.0,1,1,1,1.0,1.0,2,1,0.0,3,4,5.0,5.0,5.0,2.0,1.0,2.0,2.0,1,1
5.0,0.0,1,0,0,0.0,0.0,5,1,0.0,2,4,5.0,5.0,5.0,1.0,1.0,1.0,1.0,1,1
2.0,4.0,1,0,0,0.0,0.0,5,4,0.0,1,2,2.0,5.0,1.0,2.0,0.0,2.0,3.0,1,0
6.0,0.0,1,0,0,0.0,0.0,5,4,0.0,2,2,1.0,2.0,1.0,1.0,0.0,1.0,3.0,1,0
9.0,0.0,1,0,0,0.0,0.0,5,5,0.0,2,3,3.0,5.0,1.0,1.0,0.0,1.0,3.0,1,0
5.0,4.0,1,0,0,0.0,0.0,2,2,0.0,5,4,5.0,5.0,3.0,2.0,1.0,1.0,2.0,0,1
5.0,3.0,1,0,0,0.0,0.0,2,3,3.0,2,4,4.0,5.0,5.0,2.0,1.0,1.0,3.0,0,0
4.0,2.0,1,1,0,1.0,0.0,4,1,1.0,2,2,3.0,4.0,3.0,1.0,1.0,1.0,3.0,1,1
4.0,1.0,0,0,0,1.0,1.0,2,1,0.0,3,5,3.0,4.0,4.0,3.0,2.0,3.0,2.0,1,0
4.0,3.0,1,0,0,0.0,0.0,5,1,0.0,1,2,1.0,2.0,1.0,0.0,1.0,1.0,2.0,0,0
4.0,1.0,1,0,0,0.0,0.0,5,1,0.0,1,1,1.0,5.0,4.0,2.0,0.0,2.0,3.0,0,0
2.0,4.0,1,0,0,1.0,0.0,5,2,0.0,3,2,2.0,2.0,2.0,2.0,1.0,2.0,3.0,1,0
2.0,0.0,1,0,0,1.0,0.0,3,5,1.0,2,1,4.0,4.0,2.0,2.0,1.0,1.0,3.0,0,0
7.0,0.0,0,0,0,1.0,0.0,4,2,0.0,1,2,3.0,4.0,2.0,5.0,1.0,2.0,1.0,1,0
9.0,0.0,1,0,0,1.0,1.0,3,3,0.0,3,3,4.0,4.0,3.0,4.0,1.0,3.0,2.0,0,1
8.0,0.0,1,1,0,1.0,1.0,4,3,1.0,3,2,2.0,4.0,3.0,2.0,2.0,3.0,2.0,1,1
4.0,0.0,1,1,0,1.0,1.0,3,3,0.0,3,3,4.0,3.0,4.0,5.0,2.0,3.0,3.0,1,1
7.0,1.0,1,1,0,1.0,0.0,3,1,0.0,4,4,5.0,5.0,5.0,2.0,2.0,3.0,2.0,1,1
4.0,4.0,0,0,0,0.0,0.0,4,1,0.0,1,1,1.0,2.0,2.0,2.0,1.0,2.0,3.0,0,0
3.0,0.0,0,0,0,0.0,1.0,3,1,0.0,2,1,5.0,5.0,5.0,2.0,1.0,2.0,3.0,1,1
2.0,3.0,1,0,0,0.0,0.0,3,1,0.0,1,1,5.0,5.0,5.0,2.0,0.0,1.0,3.0,0,0
8.0,3.0,1,1,1,1.0,1.0,2,1,1.0,4,4,5.0,5.0,5.0,5.0,1.0,1.0,2.0,1,1
3.0,0.0,1,0,0,0.0,0.0,5,1,0.0,2,2,4.0,5.0,5.0,1.0,1.0,1.0,3.0,1,0
5.0,0.0,1,0,0,0.0,0.0,4,5,0.0,3,3,4.0,1.0,1.0,2.0,1.0,2.0,3.0,1,0
6.0,0.0,1,1,1,1.0,1.0,5,1,3.0,3,4,5.0,5.0,5.0,1.0,2.0,2.0,1.0,1,1
4.0,4.0,1,0,0,1.0,0.0,5,5,0.0,2,1,5.0,1.0,1.0,2.0,0.0,2.0,3.0,0,0
5.0,3.0,1,1,0,0.0,0.0,3,3,0.0,3,3,3.0,3.0,3.0,2.0,1.0,2.0,3.0,1,1
7.0,0.0,0,1,0,0.0,0.0,2,3,0.0,4,5,4.0,3.0,3.0,3.0,1.0,3.0,2.0,0,1
6.0,0.0,1,0,0,0.0,0.0,5,3,0.0,4,1,1.0,5.0,1.0,2.0,1.0,1.0,3.0,1,0
4.0,4.0,1,0,0,0.0,0.0,5,3,0.0,2,1,5.0,1.0,5.0,2.0,1.0,1.0,3.0,1,0
5.0,2.0,1,0,1,0.0,0.0,3,3,0.0,3,1,5.0,3.0,4.0,1.0,0.0,2.0,2.0,0,1
9.0,4.0,1,1,0,1.0,0.0,2,1,0.0,3,3,4.0,4.0,4.0,6.0,1.0,3.0,2.0,1,0
2.0,4.0,1,0,0,1.0,0.0,4,3,0.0,2,2,2.0,3.0,3.0,5.0,2.0,2.0,3.0,0,0
4.0,2.0,1,1,0,1.0,0.0,2,2,0.0,4,4,3.0,4.0,3.0,3.0,2.0,1.0,1.0,1,1
2.0,4.0,1,0,0,0.0,0.0,5,1,0.0,1,1,5.0,3.0,1.0,1.0,1.0,2.0,2.0,0,0
4.0,1.0,1,1,0,1.0,0.0,3,1,0.0,3,1,5.0,5.0,5.0,2.0,1.0,2.0,2.0,1,0
4.0,0.0,1,1,0,0.0,0.0,3,1,0.0,4,3,5.0,5.0,5.0,6.0,0.0,1.0,2.0,1,1
3.0,0.0,1,1,0,0.0,0.0,4,3,0.0,3,2,5.0,5.0,3.0,2.0,1.0,2.0,2.0,1,0
2.0,3.0,1,1,0,0.0,0.0,5,3,0.0,1,2,3.0,2.0,4.0,2.0,0.0,2.0,3.0,0,0
5.0,3.0,1,1,1,0.0,0.0,3,3,0.0,1,1,5.0,4.0,4.0,1.0,0.0,1.0,3.0,0,0
3.0,0.0,1,0,0,1.0,0.0,3,1,3.0,4,5,4.0,4.0,4.0,2.0,1.0,2.0,2.0,1,0
4.0,3.0,0,1,0,0.0,0.0,5,1,0.0,1,5,3.0,1.0,4.0,1.0,2.0,2.0,2.0,1,0
4.0,0.0,1,1,0,0.0,0.0,3,1,0.0,2,4,3.0,5.0,5.0,2.0,1.0,2.0,3.0,1,0
3.0,4.0,0,0,0,0.0,0.0,2,1,0.0,1,2,2.0,1.0,2.0,2.0,1.0,2.0,3.0,1,0
6.0,4.0,0,0,0,0.0,0.0,2,1,0.0,2,3,4.0,5.0,3.0,5.0,2.0,1.0,2.0,0,0
4.0,4.0,1,0,0,1.0,0.0,5,2,0.0,1,2,5.0,4.0,4.0,2.0,0.0,1.0,3.0,0,0
7.0,1.0,1,0,0,0.0,0.0,1,1,0.0,5,5,3.0,5.0,3.0,1.0,0.0,2.0,3.0,1,1
4.0,0.0,0,0,0,0.0,0.0,4,1,0.0,3,4,4.0,3.0,2.0,2.0,1.0,1.0,3.0,0,0
1.0,0.0,0,1,0,0.0,0.0,3,1,0.0,1,2,3.0,4.0,4.0,2.0,1.0,2.0,3.0,0,0
5.0,0.0,0,0,0,0.0,0.0,5,2,0.0,1,1,2.0,5.0,1.0,2.0,1.0,2.0,3.0,0,1
6.0,3.0,1,0,0,0.0,0.0,2,1,0.0,5,3,4.0,4.0,5.0,3.0,2.0,2.0,1.0,0,0
1.0,4.0,0,0,0,1.0,0.0,5,1,0.0,4,4,2.0,2.0,2.0,2.0,1.0,1.0,1.0,0,0
2.0,1.0,1,0,0,0.0,0.0,3,1,0.0,3,3,2.0,2.0,5.0,3.0,2.0,2.0,3.0,1,1
5.0,4.0,0,0,0,1.0,0.0,4,3,0.0,1,2,4.0,5.0,1.0,2.0,1.0,1.0,3.0,0,0
2.0,1.0,1,1,1,1.0,0.0,3,1,0.0,3,2,5.0,5.0,1.0,1.0,2.0,2.0,1.0,1,0
1.0,4.0,1,0,0,1.0,0.0,5,5,0.0,1,2,2.0,3.0,1.0,2.0,0.0,1.0,3.0,0,0
4.0,4.0,1,0,0,1.0,1.0,3,1,3.0,1,4,1.0,5.0,5.0,1.0,2.0,1.0,2.0,1,0
7.0,4.0,0,1,0,0.0,0.0,4,2,0.0,1,2,5.0,5.0,5.0,2.0,2.0,2.0,3.0,0,0
2.0,2.0,1,1,0,1.0,0.0,5,4,0.0,2,1,2.0,2.0,1.0,2.0,0.0,1.0,3.0,1,1
7.0,4.0,0,1,0,0.0,0.0,1,1,0.0,3,3,3.0,5.0,5.0,3.0,1.0,1.0,1.0,0,0
1.0,0.0,0,0,0,0.0,0.0,3,3,0.0,2,2,3.0,2.0,2.0,2.0,0.0,1.0,3.0,0,1
4.0,1.0,0,0,0,0.0,0.0,4,3,0.0,2,4,1.0,5.0,3.0,2.0,0.0,1.0,3.0,0,0
1.0,4.0,1,0,0,0.0,0.0,5,5,0.0,2,3,4.0,4.0,1.0,2.0,0.0,1.0,3.0,0,0
2.0,3.0,1,0,0,0.0,0.0,2,1,0.0,2,2,5.0,2.0,5.0,2.0,2.0,1.0,2.0,0,1
1.0,0.0,0,0,0,0.0,0.0,5,1,0.0,5,4,5.0,5.0,5.0,2.0,0.0,1.0,2.0,0,0
4.0,3.0,1,0,0,1.0,0.0,1,1,0.0,3,4,1.0,5.0,5.0,2.0,0.0,3.0,1.0,0,0
5.0,3.0,1,0,0,1.0,0.0,3,1,0.0,4,4,4.0,4.0,4.0,4.0,2.0,2.0,1.0,1,0
1.0,0.0,1,0,0,1.0,0.0,4,4,0.0,1,1,2.0,2.0,1.0,2.0,0.0,2.0,3.0,1,0
1.0,0.0,1,0,0,0.0,0.0,5,4,1.0,3,1,4.0,2.0,3.0,1.0,0.0,2.0,2.0,1,0
2.0,0.0,1,0,0,1.0,0.0,3,4,0.0,3,4,3.0,1.0,5.0,2.0,1.0,3.0,2.0,0,0
1.0,4.0,1,0,0,0.0,0.0,1,5,0.0,1,1,1.0,3.0,1.0,1.0,0.0,1.0,3.0,0,0
2.0,0.0,1,0,1,0.0,0.0,5,4,1.0,2,1,1.0,4.0,5.0,2.0,0.0,1.0,3.0,1,0
1.0,0.0,1,0,0,0.0,0.0,4,3,0.0,4,2,5.0,5.0,1.0,2.0,0.0,1.0,3.0,0,1
1.0,0.0,1,0,0,0.0,0.0,2,3,0.0,1,1,5.0,1.0,2.0,1.0,0.0,1.0,1.0,0,1
4.0,4.0,0,0,0,1.0,0.0,4,4,0.0,1,1,5.0,5.0,5.0,3.0,1.0,1.0,3.0,0,1
1.0,1.0,1,0,0,0.0,0.0,5,1,0.0,2,1,2.0,1.0,1.0,1.0,1.0,1.0,3.0,1,0
4.0,4.0,0,1,0,0.0,0.0,2,2,0.0,5,4,1.0,3.0,2.0,2.0,1.0,1.0,2.0,1,0
2.0,0.0,1,0,0,1.0,1.0,4,2,0.0,3,5,4.0,4.0,2.0,2.0,1.0,1.0,3.0,1,1
8.0,4.0,1,1,1,1.0,0.0,4,1,0.0,2,2,5.0,5.0,5.0,6.0,2.0,2.0,1.0,0,1
1.0,0.0,1,0,0,1.0,1.0,3,4,1.0,4,3,1.0,1.0,1.0,1.0,0.0,3.0,3.0,0,1
4.0,4.0,1,1,1,1.0,1.0,4,2,3.0,3,4,3.0,3.0,1.0,4.0,1.0,2.0,1.0,1,0
8.0,1.0,1,0,0,0.0,1.0,1,2,3.0,5,5,5.0,5.0,5.0,2.0,0.0,2.0,1.0,1,0
2.0,4.0,1,0,0,0.0,0.0,3,1,0.0,3,5,5.0,5.0,3.0,2.0,2.0,2.0,3.0,0,1
1.0,0.0,0,0,0,0.0,0.0,5,3,0.0,5,1,1.0,5.0,1.0,2.0,0.0,1.0,2.0,0,0
1.0,0.0,1,0,0,0.0,0.0,4,5,0.0,2,1,1.0,1.0,5.0,2.0,0.0,1.0,2.0,0,0
2.0,0.0,1,0,0,0.0,0.0,4,1,0.0,2,2,3.0,1.0,2.0,2.0,2.0,1.0,3.0,0,0
3.0,1.0,1,0,0,0.0,0.0,1,1,0.0,3,2,5.0,5.0,2.0,2.0,1.0,1.0,2.0,1,1
3.0,1.0,1,0,0,1.0,0.0,5,5,0.0,1,2,3.0,1.0,2.0,2.0,1.0,1.0,3.0,0,1
3.0,4.0,1,0,0,0.0,0.0,4,3,3.0,2,2,4.0,4.0,4.0,1.0,0.0,3.0,2.0,0,1
6.0,4.0,1,0,0,1.0,0.0,3,1,3.0,3,2,4.0,2.0,5.0,2.0,0.0,3.0,2.0,1,1
4.0,1.0,1,0,1,1.0,1.0,1,4,3.0,2,2,3.0,4.0,2.0,1.0,0.0,3.0,2.0,1,1
3.0,2.0,1,0,0,0.0,0.0,1,1,0.0,5,1,5.0,3.0,5.0,2.0,1.0,1.0,1.0,0,0
3.0,3.0,1,0,0,0.0,0.0,5,5,0.0,5,1,5.0,1.0,5.0,1.0,0.0,1.0,3.0,0,0
1.0,0.0,1,0,0,0.0,0.0,4,1,0.0,3,5,4.0,5.0,3.0,2.0,0.0,1.0,3.0,1,0
4.0,2.0,0,0,0,0.0,0.0,3,2,1.0,2,2,3.0,2.0,3.0,1.0,1.0,1.0,2.0,0,1
2.0,0.0,0,0,0,0.0,0.0,3,1,0.0,2,3,3.0,4.0,3.0,2.0,1.0,2.0,2.0,0,0
2.0,0.0,1,1,0,0.0,0.0,3,3,1.0,3,2,2.0,4.0,3.0,2.0,1.0,2.0,1.0,1,1
1.0,2.0,1,0,0,0.0,0.0,4,1,0.0,1,1,3.0,4.0,2.0,0.0,0.0,1.0,2.0,0,0
6.0,1.0,1,1,0,0.0,0.0,5,1,0.0,3,4,5.0,5.0,5.0,3.0,1.0,2.0,2.0,1,0
2.0,0.0,1,1,0,1.0,0.0,3,2,0.0,3,3,3.0,4.0,5.0,3.0,0.0,1.0,2.0,1,0
4.0,0.0,1,0,0,0.0,0.0,3,1,1.0,1,2,1.0,3.0,4.0,1.0,0.0,1.0,2.0,0,1
3.0,0.0,0,1,0,1.0,0.0,5,2,0.0,3,5,3.0,4.0,4.0,2.0,0.0,2.0,1.0,0,1
1.0,3.0,1,0,0,1.0,0.0,4,2,0.0,1,2,5.0,1.0,3.0,1.0,1.0,2.0,3.0,0,1
6.0,0.0,1,1,0,1.0,1.0,3,2,0.0,4,3,5.0,5.0,5.0,3.0,1.0,1.0,1.0,1,1
1.0,0.0,1,0,0,0.0,0.0,5,1,0.0,1,1,1.0,5.0,2.0,0.0,0.0,2.0,3.0,0,0
4.0,1.0,1,0,0,0.0,0.0,1,1,3.0,5,5,5.0,5.0,2.0,2.0,0.0,2.0,2.0,0,0
4.0,2.0,1,0,0,0.0,0.0,3,3,0.0,2,2,4.0,3.0,3.0,1.0,2.0,1.0,2.0,0,1
1.0,4.0,0,0,0,0.0,0.0,5,3,0.0,1,1,5.0,1.0,1.0,2.0,0.0,1.0,3.0,0,0
1.0,0.0,1,0,0,0.0,0.0,5,1,0.0,2,3,5.0,5.0,5.0,2.0,0.0,1.0,2.0,0,0
1.0,0.0,1,1,1,1.0,1.0,3,5,1.0,1,2,1.0,1.0,5.0,5.0,0.0,2.0,3.0,0,1
3.0,0.0,0,0,0,0.0,0.0,3,5,0.0,2,1,3.0,2.0,5.0,2.0,0.0,1.0,2.0,0,0
4.0,0.0,1,1,1,1.0,1.0,3,1,1.0,2,2,4.0,5.0,3.0,5.0,2.0,2.0,1.0,1,1
4.0,0.0,1,0,0,0.0,0.0,3,3,0.0,5,3,4.0,4.0,4.0,4.0,0.0,1.0,2.0,1,1
4.0,0.0,0,0,0,0.0,0.0,3,1,0.0,5,2,4.0,2.0,3.0,2.0,1.0,2.0,1.0,0,0
1.0,1.0,0,0,0,0.0,0.0,5,4,0.0,1,1,1.0,1.0,1.0,1.0,1.0,2.0,1.0,0,0
3.0,3.0,0,0,0,0.0,0.0,5,3,0.0,2,4,1.0,2.0,5.0,2.0,1.0,2.0,2.0,0,0
5.0,0.0,1,0,0,0.0,0.0,2,1,0.0,3,3,5.0,4.0,1.0,2.0,2.0,1.0,1.0,0,0
9.0,0.0,1,1,0,1.0,1.0,2,2,0.0,4,4,5.0,5.0,5.0,3.0,2.0,2.0,1.0,1,1
1.0,3.0,0,0,0,0.0,0.0,3,1,0.0,2,2,5.0,3.0,1.0,2.0,0.0,2.0,3.0,0,0
4.0,4.0,1,0,0,1.0,1.0,3,3,3.0,4,3,5.0,5.0,5.0,2.0,2.0,2.0,2.0,1,1
6.0,4.0,0,1,0,1.0,0.0,3,1,1.0,4,2,4.0,5.0,4.0,6.0,2.0,2.0,3.0,0,1
2.0,3.0,1,0,0,0.0,0.0,5,5,0.0,2,1,1.0,5.0,1.0,2.0,1.0,1.0,3.0,0,0
4.0,1.0,0,0,0,0.0,0.0,4,1,0.0,3,2,4.0,3.0,5.0,2.0,1.0,1.0,3.0,0,0
4.0,3.0,1,0,0,0.0,0.0,2,2,0.0,4,5,4.0,4.0,4.0,4.0,1.0,1.0,1.0,0,0
3.0,2.0,1,1,0,0.0,0.0,3,1,0.0,5,4,1.0,3.0,4.0,3.0,0.0,1.0,2.0,1,1
1.0,2.0,1,0,0,0.0,0.0,5,4,0.0,1,1,3.0,4.0,3.0,1.0,1.0,1.0,3.0,0,0
5.0,2.0,0,0,0,1.0,1.0,1,3,0.0,3,2,5.0,5.0,5.0,2.0,2.0,1.0,2.0,1,1
3.0,4.0,1,0,0,1.0,1.0,3,1,0.0,5,2,4.0,5.0,4.0,1.0,0.0,3.0,2.0,1,1
5.0,4.0,1,0,0,0.0,0.0,5,4,0.0,1,2,5.0,5.0,1.0,1.0,1.0,2.0,3.0,0,0
2.0,4.0,1,0,0,0.0,0.0,5,2,0.0,1,2,5.0,5.0,5.0,1.0,0.0,3.0,1.0,1,1
4.0,0.0,1,0,0,1.0,0.0,5,1,0.0,1,1,5.0,5.0,1.0,1.0,1.0,1.0,3.0,1,0
4.0,3.0,1,0,0,1.0,0.0,5,1,0.0,3,2,5.0,5.0,5.0,2.0,1.0,1.0,2.0,1,0
4.0,3.0,1,0,0,1.0,0.0,1,3,0.0,4,4,1.0,1.0,5.0,1.0,0.0,1.0,3.0,1,0
4.0,4.0,1,0,0,0.0,0.0,2,2,0.0,5,3,5.0,5.0,5.0,2.0,1.0,2.0,2.0,1,0
7.0,4.0,1,0,0,0.0,1.0,1,1,0.0,2,1,5.0,5.0,5.0,5.0,1.0,3.0,1.0,1,1
8.0,4.0,1,0,0,1.0,1.0,3,1,0.0,4,4,2.0,4.0,4.0,2.0,2.0,3.0,1.0,1,0
5.0,0.0,1,1,0,1.0,1.0,5,4,0.0,4,5,5.0,5.0,5.0,5.0,1.0,3.0,1.0,1,1
5.0,3.0,1,1,0,1.0,1.0,3,2,0.0,3,3,1.0,4.0,5.0,4.0,2.0,2.0,2.0,1,1
6.0,3.0,1,0,1,1.0,0.0,1,1,3.0,3,3,2.0,4.0,1.0,1.0,2.0,2.0,3.0,1,1
3.0,3.0,1,1,0,0.0,0.0,5,5,0.0,3,2,2.0,4.0,3.0,2.0,2.0,2.0,3.0,0,1
5.0,4.0,1,0,0,1.0,1.0,3,1,0.0,3,3,5.0,5.0,3.0,5.0,2.0,3.0,2.0,0,1
3.0,0.0,0,1,0,0.0,0.0,3,3,0.0,1,1,1.0,5.0,1.0,2.0,0.0,3.0,1.0,0,1
5.0,4.0,1,0,0,1.0,1.0,4,1,0.0,2,2,5.0,3.0,2.0,3.0,0.0,3.0,3.0,1,0
4.0,2.0,0,0,0,1.0,1.0,4,1,0.0,2,3,2.0,5.0,3.0,2.0,2.0,3.0,2.0,1,1
3.0,4.0,1,0,0,0.0,0.0,2,2,0.0,3,3,5.0,5.0,5.0,2.0,2.0,1.0,1.0,0,0
2.0,1.0,0,0,0,0.0,0.0,3,1,0.0,2,4,5.0,5.0,2.0,2.0,0.0,2.0,1.0,1,0
1.0,3.0,0,0,0,0.0,0.0,3,5,0.0,4,5,5.0,5.0,1.0,2.0,1.0,1.0,3.0,0,0
1.0,2.0,1,1,0,0.0,0.0,5,3,0.0,3,4,1.0,4.0,2.0,1.0,1.0,2.0,1.0,0,1
4.0,2.0,1,1,1,1.0,1.0,4,2,0.0,3,1,3.0,3.0,2.0,5.0,1.0,1.0,3.0,0,1
4.0,0.0,0,0,1,1.0,0.0,4,2,0.0,2,3,4.0,4.0,3.0,5.0,1.0,2.0,3.0,0,0
4.0,1.0,0,0,0,0.0,0.0,4,3,0.0,3,1,1.0,4.0,2.0,2.0,0.0,1.0,3.0,0,0
4.0,1.0,1,0,0,0.0,0.0,1,1,0.0,5,1,2.0,1.0,4.0,5.0,0.0,1.0,3.0,0,0
5.0,3.0,1,0,0,0.0,0.0,4,1,0.0,3,3,3.0,4.0,5.0,4.0,1.0,1.0,2.0,0,0
2.0,0.0,1,0,0,0.0,0.0,3,3,0.0,1,1,2.0,5.0,1.0,2.0,0.0,2.0,1.0,0,1
4.0,0.0,1,0,0,1.0,1.0,2,1,0.0,3,1,5.0,5.0,5.0,2.0,1.0,2.0,2.0,1,1
3.0,0.0,1,1,0,0.0,0.0,4,3,3.0,3,2,4.0,4.0,3.0,2.0,0.0,2.0,3.0,0,0
4.0,4.0,0,0,0,1.0,0.0,3,1,0.0,2,1,5.0,5.0,2.0,3.0,1.0,1.0,2.0,0,1
2.0,3.0,0,0,0,0.0,0.0,4,2,0.0,2,2,5.0,5.0,4.0,1.0,1.0,1.0,2.0,1,1
4.0,0.0,1,0,1,0.0,0.0,2,3,3.0,1,1,2.0,4.0,3.0,1.0,0.0,2.0,2.0,0,0
2.0,3.0,1,0,0,1.0,0.0,3,3,0.0,3,4,5.0,5.0,5.0,2.0,1.0,2.0,3.0,0,0
6.0,4.0,1,0,0,0.0,0.0,3,1,0.0,5,5,3.0,4.0,5.0,2.0,1.0,2.0,1.0,0,0
1.0,1.0,1,0,0,0.0,0.0,1,1,0.0,1,1,1.0,1.0,3.0,1.0,0.0,1.0,2.0,0,0
3.0,4.0,1,0,0,0.0,0.0,3,1,0.0,2,5,1.0,1.0,1.0,2.0,1.0,1.0,3.0,0,0
7.0,0.0,1,0,0,0.0,0.0,2,1,0.0,4,4,5.0,2.0,5.0,3.0,1.0,1.0,2.0,1,1
2.0,4.0,1,0,0,1.0,0.0,3,2,1.0,3,3,3.0,4.0,4.0,5.0,1.0,2.0,1.0,1,1
1.0,3.0,1,0,0,0.0,0.0,5,2,0.0,3,1,2.0,5.0,5.0,0.0,0.0,1.0,1.0,0,1
3.0,4.0,1,0,0,0.0,0.0,3,1,0.0,3,1,5.0,4.0,5.0,2.0,0.0,2.0,3.0,0,0
9.0,3.0,1,1,1,1.0,1.0,4,2,3.0,3,2,5.0,4.0,4.0,5.0,1.0,2.0,2.0,0,0
7.0,4.0,1,0,0,1.0,0.0,5,5,0.0,1,1,2.0,4.0,1.0,5.0,0.0,3.0,3.0,0,1
5.0,4.0,1,0,0,1.0,0.0,3,4,1.0,5,5,2.0,5.0,5.0,1.0,2.0,2.0,3.0,0,0
5.0,4.0,1,0,0,0.0,1.0,5,1,0.0,2,3,1.0,1.0,5.0,4.0,2.0,2.0,3.0,0,1
1.0,4.0,1,0,0,1.0,1.0,5,2,0.0,2,1,5.0,3.0,2.0,2.0,0.0,2.0,1.0,0,1
3.0,4.0,1,1,0,0.0,0.0,4,1,0.0,3,4,4.0,5.0,5.0,2.0,0.0,2.0,1.0,0,1
7.0,1.0,1,1,0,1.0,1.0,1,1,0.0,3,2,5.0,5.0,4.0,5.0,1.0,3.0,2.0,1,0
2.0,3.0,1,0,0,0.0,0.0,5,1,0.0,1,1,1.0,5.0,1.0,2.0,0.0,3.0,3.0,1,1
5.0,2.0,1,1,0,0.0,0.0,3,2,0.0,3,2,4.0,4.0,3.0,2.0,1.0,3.0,3.0,1,1
6.0,0.0,1,0,0,1.0,0.0,4,4,3.0,1,1,1.0,5.0,5.0,1.0,1.0,1.0,3.0,1,0
4.0,3.0,1,0,0,1.0,0.0,4,3,1.0,3,3,5.0,5.0,5.0,2.0,1.0,2.0,1.0,1,0
1.0,4.0,1,0,0,0.0,0.0,3,4,0.0,1,3,3.0,2.0,2.0,1.0,0.0,2.0,1.0,0,1
5.0,1.0,1,1,0,0.0,0.0,5,3,1.0,2,3,5.0,5.0,1.0,1.0,2.0,3.0,3.0,1,0
1.0,3.0,0,0,0,0.0,0.0,1,5,0.0,1,3,2.0,1.0,1.0,2.0,0.0,2.0,3.0,1,1
5.0,0.0,0,0,0,0.0,0.0,3,1,0.0,2,4,1.0,5.0,2.0,3.0,1.0,1.0,3.0,1,0
1.0,0.0,0,0,0,0.0,0.0,1,1,0.0,1,2,3.0,5.0,2.0,1.0,2.0,2.0,3.0,0,0
4.0,0.0,1,0,0,1.0,0.0,2,2,0.0,3,3,3.0,4.0,5.0,2.0,0.0,1.0,1.0,1,1
5.0,3.0,1,1,0,1.0,0.0,3,3,3.0,5,3,3.0,5.0,4.0,4.0,1.0,2.0,2.0,1,1
6.0,4.0,1,1,0,1.0,1.0,2,1,1.0,5,5,5.0,4.0,3.0,5.0,1.0,2.0,2.0,1,1
1.0,2.0,1,0,0,0.0,0.0,5,1,0.0,4,1,5.0,5.0,5.0,2.0,1.0,1.0,3.0,1,0
2.0,4.0,1,0,0,0.0,0.0,4,3,0.0,3,2,1.0,4.0,4.0,2.0,1.0,1.0,2.0,0,1
5.0,3.0,0,0,0,1.0,0.0,2,1,0.0,3,2,3.0,5.0,5.0,2.0,1.0,1.0,3.0,0,0
6.0,3.0,0,0,0,0.0,0.0,4,1,0.0,1,1,4.0,4.0,5.0,1.0,1.0,2.0,1.0,0,1
2.0,4.0,1,1,0,0.0,0.0,2,1,0.0,2,2,5.0,4.0,5.0,1.0,1.0,1.0,3.0,1,0
7.0,4.0,1,1,0,1.0,1.0,3,1,0.0,3,3,5.0,3.0,3.0,5.0,1.0,2.0,1.0,1,1
3.0,0.0,0,0,0,0.0,0.0,4,3,0.0,1,4,4.0,5.0,5.0,2.0,1.0,1.0,3.0,1,0
1.0,0.0,0,0,0,0.0,0.0,2,1,0.0,1,2,1.0,1.0,5.0,2.0,1.0,1.0,1.0,0,0
2.0,3.0,1,0,0,1.0,0.0,3,1,0.0,1,2,3.0,5.0,5.0,2.0,1.0,2.0,1.0,1,0
2.0,1.0,1,0,0,0.0,0.0,1,2,0.0,1,1,3.0,5.0,1.0,1.0,1.0,1.0,1.0,0,1
6.0,2.0,1,1,0,0.0,0.0,2,1,0.0,4,5,5.0,5.0,5.0,5.0,2.0,1.0,1.0,1,1
1.0,4.0,0,0,0,0.0,0.0,4,1,0.0,1,1,3.0,1.0,1.0,1.0,0.0,2.0,3.0,0,0
6.0,1.0,0,0,0,0.0,0.0,1,1,0.0,1,1,5.0,5.0,1.0,2.0,0.0,3.0,1.0,0,1
4.0,4.0,1,0,0,0.0,0.0,3,3,0.0,1,2,1.0,5.0,1.0,1.0,1.0,2.0,3.0,0,0
4.0,4.0,1,0,0,1.0,0.0,2,1,0.0,2,1,4.0,4.0,4.0,2.0,0.0,2.0,1.0,1,0
6.0,0.0,0,0,0,0.0,0.0,4,1,0.0,2,3,2.0,4.0,4.0,4.0,2.0,2.0,3.0,0,1
2.0,3.0,0,0,0,0.0,0.0,2,1,0.0,1,1,3.0,2.0,1.0,1.0,0.0,1.0,3.0,0,1
3.0,4.0,1,0,0,0.0,1.0,5,1,3.0,2,3,1.0,2.0,2.0,3.0,0.0,2.0,3.0,0,0
1.0,1.0,1,0,0,0.0,0.0,4,1,0.0,3,1,5.0,4.0,3.0,0.0,0.0,1.0,3.0,0,1
1.0,0.0,0,0,0,0.0,0.0,3,1,0.0,2,3,5.0,5.0,4.0,2.0,0.0,2.0,2.0,1,0
1.0,0.0,1,1,0,0.0,0.0,5,5,0.0,3,2,5.0,3.0,1.0,2.0,1.0,2.0,3.0,0,0
5.0,3.0,1,1,1,1.0,1.0,5,3,0.0,5,3,4.0,3.0,3.0,2.0,1.0,1.0,2.0,0,1
2.0,0.0,1,0,0,0.0,0.0,5,1,0.0,1,1,1.0,5.0,1.0,1.0,0.0,2.0,3.0,0,1
3.0,0.0,1,0,0,0.0,0.0,5,3,0.0,2,3,5.0,5.0,4.0,2.0,2.0,2.0,2.0,0,1
1.0,0.0,0,0,0,0.0,0.0,3,3,0.0,4,4,2.0,5.0,4.0,2.0,1.0,2.0,3.0,1,0
4.0,0.0,0,0,0,1.0,0.0,3,3,0.0,3,2,4.0,4.0,5.0,2.0,1.0,2.0,2.0,0,0
5.0,2.0,0,1,0,0.0,0.0,3,1,0.0,4,4,3.0,5.0,3.0,2.0,0.0,2.0,1.0,1,1
2.0,0.0,1,0,0,1.0,0.0,3,3,0.0,2,3,1.0,2.0,1.0,2.0,0.0,2.0,2.0,1,0
10.0,4.0,1,1,0,1.0,1.0,2,1,0.0,3,3,4.0,4.0,4.0,5.0,2.0,2.0,2.0,0,1
5.0,0.0,1,1,0,1.0,0.0,3,1,0.0,3,3,2.0,1.0,4.0,3.0,1.0,3.0,2.0,0,1
3.0,4.0,1,1,0,0.0,0.0,4,1,0.0,3,3,3.0,3.0,5.0,2.0,0.0,2.0,3.0,0,1
2.0,0.0,1,0,0,0.0,0.0,5,5,0.0,2,2,2.0,1.0,2.0,2.0,1.0,2.0,3.0,0,0
5.0,3.0,1,1,1,1.0,1.0,3,1,1.0,3,3,3.0,3.0,4.0,4.0,1.0,3.0,1.0,1,1
4.0,4.0,1,1,0,0.0,0.0,2,1,0.0,5,5,3.0,4.0,5.0,5.0,0.0,2.0,2.0,1,1
4.0,0.0,1,0,0,0.0,0.0,5,1,0.0,5,5,5.0,5.0,3.0,2.0,1.0,2.0,1.0,0,1
2.0,0.0,1,1,0,0.0,0.0,3,2,0.0,5,4,1.0,5.0,5.0,2.0,1.0,2.0,3.0,1,1
4.0,3.0,1,0,0,0.0,0.0,2,1,0.0,4,5,5.0,5.0,3.0,2.0,1.0,3.0,3.0,1,0
4.0,4.0,1,1,0,1.0,0.0,4,5,3.0,3,2,1.0,5.0,5.0,2.0,1.0,3.0,2.0,0,0
1.0,1.0,1,0,0,0.0,0.0,5,4,0.0,3,2,3.0,2.0,1.0,2.0,1.0,1.0,3.0,0,1
2.0,1.0,0,0,1,0.0,0.0,5,3,1.0,3,5,1.0,5.0,5.0,2.0,1.0,2.0,2.0,0,0
4.0,2.0,1,0,0,0.0,0.0,3,2,0.0,1,1,1.0,1.0,1.0,2.0,1.0,3.0,3.0,0,0
7.0,4.0,0,1,1,1.0,1.0,3,3,1.0,4,3,4.0,3.0,5.0,5.0,2.0,3.0,2.0,1,1
9.0,4.0,1,1,1,1.0,1.0,2,1,3.0,4,4,5.0,5.0,4.0,6.0,1.0,2.0,1.0,0,0
1.0,0.0,1,0,0,0.0,0.0,1,1,0.0,1,1,3.0,1.0,1.0,0.0,0.0,1.0,2.0,0,1
4.0,4.0,1,1,0,1.0,1.0,2,1,0.0,3,2,5.0,5.0,4.0,3.0,1.0,2.0,2.0,1,0
2.0,3.0,0,1,0,1.0,0.0,5,5,0.0,2,4,1.0,3.0,3.0,2.0,2.0,2.0,2.0,1,1
2.0,1.0,1,0,0,0.0,0.0,3,5,0.0,2,2,2.0,3.0,1.0,2.0,0.0,1.0,3.0,0,1
2.0,3.0,1,0,0,0.0,0.0,4,4,0.0,5,5,2.0,4.0,4.0,2.0,2.0,2.0,3.0,1,1
1.0,0.0,1,0,0,0.0,0.0,5,5,0.0,2,1,1.0,1.0,1.0,2.0,0.0,2.0,1.0,0,0
2.0,4.0,1,0,0,0.0,0.0,5,4,0.0,1,1,3.0,5.0,1.0,1.0,0.0,1.0,3.0,0,1
5.0,4.0,1,0,0,0.0,0.0,5,2,0.0,3,3,5.0,2.0,1.0,1.0,1.0,2.0,3.0,1,0
5.0,0.0,1,1,0,0.0,0.0,5,5,3.0,1,1,5.0,3.0,5.0,2.0,0.0,4.0,3.0,1,0
7.0,0.0,1,0,0,0.0,0.0,3,1,0.0,3,3,1.0,5.0,5.0,5.0,1.0,4.0,2.0,0,0
6.0,1.0,1,1,1,0.0,0.0,2,1,0.0,3,1,3.0,1.0,5.0,1.0,2.0,3.0,2.0,1,1
5.0,0.0,1,1,0,0.0,0.0,5,2,0.0,3,2,5.0,5.0,5.0,2.0,2.0,3.0,3.0,1,1
4.0,1.0,1,0,0,0.0,0.0,1,1,0.0,1,4,2.0,5.0,1.0,1.0,0.0,1.0,1.0,1,1
4.0,1.0,1,0,0,0.0,0.0,3,1,0.0,5,3,5.0,5.0,5.0,2.0,1.0,3.0,2.0,0,0
1.0,2.0,0,0,0,0.0,0.0,1,1,0.0,2,2,2.0,3.0,3.0,2.0,2.0,1.0,2.0,0,0
6.0,4.0,1,0,1,1.0,0.0,3,1,0.0,5,3,1.0,5.0,4.0,2.0,1.0,1.0,2.0,1,1
2.0,1.0,1,0,0,0.0,0.0,5,5,1.0,1,4,1.0,1.0,2.0,1.0,1.0,2.0,1.0,1,1
5.0,4.0,1,0,0,0.0,0.0,3,3,0.0,4,3,2.0,3.0,1.0,3.0,0.0,2.0,2.0,0,1
8.0,2.0,0,1,1,1.0,1.0,3,2,0.0,5,3,3.0,2.0,1.0,5.0,2.0,2.0,3.0,1,1
2.0,1.0,1,0,0,0.0,0.0,4,2,0.0,1,1,5.0,5.0,5.0,2.0,0.0,1.0,3.0,0,1
4.0,0.0,1,0,0,0.0,0.0,1,1,0.0,4,4,3.0,5.0,5.0,4.0,2.0,2.0,1.0,0,1
2.0,1.0,1,0,0,0.0,0.0,1,1,0.0,2,5,4.0,5.0,4.0,2.0,1.0,2.0,1.0,1,1
5.0,4.0,1,1,1,1.0,1.0,2,1,0.0,5,4,5.0,5.0,5.0,3.0,2.0,1.0,2.0,1,1
5.0,3.0,1,1,0,0.0,1.0,3,3,0.0,5,4,2.0,1.0,1.0,3.0,2.0,1.0,1.0,1,1
4.0,3.0,1,1,0,0.0,0.0,4,3,0.0,3,5,5.0,5.0,5.0,2.0,2.0,2.0,1.0,0,1
7.0,0.0,1,1,0,0.0,0.0,2,3,0.0,3,2,3.0,5.0,5.0,2.0,2.0,2.0,2.0,0,1
3.0,1.0,0,0,0,0.0,0.0,5,3,0.0,1,1,1.0,3.0,1.0,2.0,0.0,1.0,3.0,0,1
2.0,0.0,1,0,0,0.0,0.0,5,5,0.0,1,1,3.0,1.0,1.0,0.0,0.0,1.0,3.0,0,1
4.0,3.0,1,0,0,0.0,0.0,5,5,0.0,1,1,2.0,3.0,3.0,2.0,0.0,2.0,3.0,0,1
2.0,4.0,1,0,0,0.0,0.0,1,1,0.0,4,5,5.0,5.0,5.0,5.0,0.0,2.0,1.0,1,1
6.0,4.0,1,1,0,1.0,1.0,3,3,0.0,4,4,5.0,5.0,1.0,2.0,1.0,2.0,2.0,1,0
4.0,3.0,1,0,0,1.0,1.0,3,1,0.0,3,2,5.0,5.0,3.0,6.0,2.0,2.0,2.0,0,0
2.0,0.0,1,0,0,0.0,0.0,2,1,1.0,5,4,5.0,5.0,3.0,1.0,2.0,2.0,1.0,0,0
6.0,4.0,1,1,0,0.0,0.0,2,3,0.0,3,5,5.0,4.0,5.0,2.0,1.0,3.0,2.0,1,1
6.0,3.0,1,0,0,0.0,0.0,4,2,0.0,3,3,3.0,5.0,2.0,4.0,1.0,2.0,1.0,1,1
1.0,3.0,0,0,0,0.0,0.0,1,1,0.0,1,1,3.0,4.0,4.0,2.0,0.0,1.0,3.0,0,0
7.0,0.0,1,1,0,0.0,0.0,2,2,0.0,1,1,3.0,1.0,5.0,2.0,1.0,2.0,1.0,1,1
3.0,0.0,1,1,1,0.0,0.0,3,2,0.0,2,2,3.0,4.0,1.0,2.0,1.0,1.0,3.0,1,0
6.0,4.0,1,1,0,0.0,0.0,4,3,3.0,2,2,5.0,3.0,3.0,3.0,1.0,2.0,3.0,1,1
7.0,4.0,1,0,0,0.0,0.0,3,1,0.0,1,5,5.0,3.0,5.0,2.0,1.0,2.0,1.0,0,1
6.0,4.0,1,1,1,1.0,1.0,4,1,3.0,5,5,5.0,5.0,5.0,1.0,1.0,3.0,2.0,1,1
3.0,3.0,1,1,0,1.0,0.0,5,3,0.0,2,1,3.0,3.0,3.0,3.0,0.0,1.0,2.0,0,1
4.0,0.0,1,0,0,1.0,0.0,4,2,0.0,3,2,3.0,3.0,3.0,4.0,1.0,1.0,2.0,0,0
4.0,2.0,0,1,1,0.0,0.0,3,1,0.0,2,3,4.0,3.0,3.0,2.0,2.0,1.0,3.0,0,0
4.0,0.0,1,1,1,1.0,0.0,2,2,0.0,3,3,3.0,5.0,4.0,2.0,1.0,1.0,2.0,1,0
7.0,4.0,1,1,1,1.0,1.0,2,3,0.0,3,4,5.0,3.0,2.0,6.0,1.0,2.0,2.0,0,1
5.0,1.0,1,0,0,0.0,0.0,1,1,0.0,5,4,4.0,5.0,2.0,2.0,1.0,2.0,3.0,1,1
4.0,4.0,1,0,0,1.0,1.0,4,1,0.0,3,1,1.0,1.0,1.0,2.0,1.0,3.0,3.0,0,1
2.0,3.0,1,0,0,0.0,0.0,3,1,0.0,1,1,1.0,2.0,1.0,1.0,1.0,2.0,2.0,0,0
4.0,0.0,1,0,0,1.0,0.0,3,2,0.0,2,2,5.0,5.0,5.0,5.0,2.0,2.0,2.0,0,1
5.0,0.0,1,1,0,0.0,0.0,3,1,0.0,3,3,4.0,5.0,5.0,3.0,2.0,1.0,2.0,0,0
1.0,4.0,1,1,1,1.0,1.0,5,3,3.0,4,4,5.0,5.0,5.0,3.0,2.0,2.0,2.0,1,0
4.0,2.0,1,1,0,0.0,0.0,3,5,0.0,2,1,5.0,1.0,1.0,2.0,0.0,2.0,3.0,1,1
3.0,0.0,1,0,0,0.0,0.0,3,3,0.0,4,1,3.0,5.0,5.0,2.0,1.0,2.0,2.0,1,0
5.0,3.0,1,0,1,1.0,1.0,2,1,3.0,3,2,5.0,5.0,5.0,3.0,1.0,2.0,1.0,1,1
4.0,4.0,1,1,0,1.0,1.0,3,3,0.0,3,2,5.0,3.0,1.0,3.0,1.0,2.0,2.0,1,0
8.0,4.0,1,1,0,1.0,1.0,2,2,0.0,3,3,3.0,4.0,3.0,6.0,1.0,3.0,2.0,1,0
2.0,0.0,1,0,0,1.0,0.0,5,2,0.0,2,2,2.0,4.0,2.0,1.0,2.0,2.0,2.0,0,0
2.0,0.0,1,0,0,1.0,0.0,1,3,0.0,2,1,1.0,3.0,3.0,2.0,2.0,5.0,3.0,1,1
8.0,4.0,1,1,0,1.0,1.0,3,2,3.0,5,3,5.0,5.0,5.0,6.0,2.0,2.0,1.0,1,0
1.0,0.0,1,0,0,0.0,0.0,4,1,0.0,1,4,1.0,1.0,1.0,2.0,0.0,1.0,1.0,0,1
7.0,3.0,1,0,1,1.0,1.0,1,1,3.0,3,1,5.0,5.0,5.0,5.0,1.0,2.0,1.0,1,1
1.0,2.0,1,0,0,0.0,0.0,5,5,0.0,4,4,1.0,1.0,2.0,1.0,0.0,2.0,1.0,0,1
5.0,1.0,0,0,0,0.0,0.0,1,1,0.0,3,2,5.0,5.0,5.0,2.0,1.0,2.0,2.0,0,0
4.0,4.0,0,1,1,0.0,0.0,5,3,0.0,4,4,1.0,3.0,2.0,3.0,1.0,1.0,3.0,0,0
2.0,0.0,0,0,0,0.0,0.0,5,5,0.0,3,2,3.0,2.0,2.0,2.0,2.0,2.0,3.0,0,0
4.0,0.0,0,0,0,0.0,0.0,3,1,0.0,1,1,2.0,2.0,3.0,3.0,1.0,1.0,3.0,0,0
3.0,0.0,0,0,0,0.0,0.0,4,3,0.0,3,2,2.0,1.0,2.0,2.0,0.0,1.0,1.0,0,0
4.0,0.0,0,0,0,0.0,0.0,3,1,0.0,1,5,3.0,2.0,3.0,1.0,1.0,1.0,2.0,0,0
1.0,0.0,1,0,0,0.0,0.0,3,3,0.0,2,2,1.0,2.0,1.0,1.0,0.0,1.0,3.0,0,1
2.0,0.0,1,0,0,0.0,0.0,3,3,0.0,2,3,4.0,5.0,2.0,2.0,2.0,2.0,1.0,1,1
1.0,0.0,1,0,0,0.0,0.0,5,5,0.0,2,2,5.0,5.0,1.0,1.0,0.0,1.0,1.0,0,0
1.0,2.0,1,0,0,0.0,0.0,5,4,0.0,4,3,2.0,4.0,2.0,2.0,0.0,1.0,2.0,0,0
5.0,2.0,0,1,0,1.0,0.0,1,1,0.0,4,4,5.0,5.0,5.0,3.0,1.0,1.0,1.0,1,1
1.0,4.0,1,0,0,0.0,0.0,1,3,0.0,5,1,3.0,2.0,5.0,1.0,0.0,1.0,1.0,0,0
4.0,4.0,1,0,0,1.0,0.0,5,4,0.0,4,3,5.0,4.0,3.0,2.0,1.0,1.0,1.0,0,0
5.0,3.0,1,0,0,0.0,0.0,5,5,0.0,4,4,1.0,1.0,1.0,2.0,1.0,1.0,1.0,0,1
1.0,0.0,1,0,0,0.0,0.0,5,5,0.0,1,1,1.0,1.0,1.0,2.0,0.0,3.0,3.0,0,0
6.0,1.0,1,0,0,0.0,0.0,4,1,0.0,4,3,5.0,5.0,5.0,5.0,0.0,2.0,2.0,0,1
4.0,0.0,0,0,0,0.0,0.0,3,3,0.0,3,3,4.0,4.0,4.0,2.0,0.0,2.0,2.0,0,0
1.0,0.0,1,0,0,0.0,0.0,5,3,0.0,1,1,3.0,3.0,1.0,1.0,0.0,1.0,2.0,0,0
4.0,4.0,1,0,0,0.0,0.0,5,1,0.0,2,1,3.0,1.0,4.0,1.0,0.0,1.0,2.0,0,0
1.0,0.0,1,0,0,0.0,0.0,3,1,0.0,3,2,2.0,2.0,2.0,2.0,1.0,2.0,1.0,0,1
6.0,3.0,1,0,0,0.0,0.0,3,2,0.0,4,3,1.0,5.0,4.0,3.0,1.0,2.0,2.0,0,1
4.0,4.0,1,0,0,0.0,0.0,5,4,0.0,1,2,2.0,2.0,1.0,1.0,0.0,2.0,3.0,0,0
3.0,3.0,0,0,0,0.0,0.0,5,1,0.0,1,1,5.0,5.0,5.0,2.0,1.0,3.0,3.0,0,0
5.0,4.0,1,1,0,1.0,1.0,1,1,0.0,2,2,2.0,5.0,5.0,2.0,1.0,3.0,2.0,0,0
5.0,2.0,1,0,0,0.0,0.0,4,2,0.0,3,2,4.0,4.0,4.0,2.0,1.0,2.0,2.0,1,1
2.0,0.0,1,0,0,1.0,0.0,4,1,0.0,2,1,3.0,1.0,4.0,4.0,2.0,2.0,3.0,1,1
2.0,3.0,1,0,0,0.0,0.0,3,4,0.0,3,1,4.0,4.0,5.0,1.0,0.0,1.0,1.0,0,1
1.0,3.0,1,0,0,0.0,0.0,5,5,0.0,5,5,1.0,5.0,5.0,1.0,0.0,2.0,3.0,0,0
1.0,3.0,1,1,1,0.0,0.0,4,3,0.0,4,4,3.0,3.0,2.0,1.0,1.0,1.0,2.0,0,0
4.0,4.0,1,1,0,1.0,1.0,5,5,0.0,3,3,4.0,3.0,3.0,2.0,1.0,2.0,2.0,0,1
5.0,3.0,1,0,0,1.0,0.0,4,5,3.0,3,2,1.0,1.0,1.0,2.0,2.0,2.0,3.0,0,1
5.0,4.0,1,0,0,1.0,1.0,1,1,0.0,4,4,5.0,3.0,5.0,2.0,1.0,3.0,1.0,0,1
8.0,4.0,1,0,1,0.0,0.0,5,1,1.0,2,5,3.0,5.0,3.0,5.0,1.0,3.0,3.0,0,0
7.0,4.0,1,1,1,1.0,1.0,3,1,3.0,5,5,4.0,4.0,4.0,4.0,1.0,3.0,2.0,1,1
4.0,0.0,1,0,0,1.0,0.0,3,2,0.0,4,2,3.0,4.0,4.0,2.0,1.0,1.0,2.0,0,1
2.0,0.0,1,0,0,0.0,0.0,3,1,1.0,2,2,1.0,5.0,1.0,2.0,1.0,1.0,1.0,1,1
1.0,4.0,0,0,0,0.0,1.0,3,1,0.0,1,1,3.0,5.0,5.0,0.0,1.0,1.0,1.0,0,0
6.0,3.0,0,0,0,0.0,0.0,3,1,0.0,1,1,1.0,1.0,1.0,2.0,2.0,2.0,3.0,1,1
4.0,0.0,1,0,0,0.0,0.0,5,3,0.0,4,4,1.0,1.0,5.0,1.0,0.0,1.0,3.0,1,1
4.0,0.0,1,1,0,0.0,0.0,5,5,0.0,1,1,1.0,1.0,1.0,2.0,1.0,1.0,3.0,1,1
4.0,1.0,1,0,1,1.0,1.0,1,1,1.0,5,3,5.0,4.0,3.0,2.0,2.0,1.0,3.0,1,1
6.0,4.0,0,1,0,1.0,0.0,1,2,0.0,3,5,3.0,2.0,4.0,3.0,2.0,1.0,3.0,0,0
6.0,4.0,1,1,0,0.0,0.0,2,2,0.0,5,4,4.0,4.0,4.0,5.0,2.0,2.0,1.0,1,0
1.0,0.0,1,0,0,1.0,0.0,3,3,0.0,3,4,4.0,2.0,1.0,2.0,1.0,1.0,2.0,0,0
2.0,2.0,1,0,0,0.0,0.0,5,1,0.0,1,1,1.0,2.0,4.0,1.0,1.0,1.0,3.0,0,1
2.0,4.0,0,1,0,1.0,1.0,2,3,0.0,1,3,1.0,5.0,3.0,3.0,2.0,2.0,2.0,0,0
3.0,0.0,0,1,1,1.0,1.0,5,3,0.0,3,3,4.0,4.0,3.0,2.0,1.0,1.0,2.0,0,0
1.0,1.0,0,0,0,0.0,0.0,5,5,0.0,1,1,1.0,3.0,1.0,5.0,1.0,1.0,3.0,0,0
5.0,4.0,0,1,0,0.0,0.0,5,1,0.0,5,5,5.0,5.0,5.0,2.0,2.0,1.0,2.0,1,1
1.0,3.0,1,0,0,0.0,0.0,1,1,0.0,1,2,3.0,5.0,4.0,1.0,0.0,2.0,1.0,0,0
8.0,4.0,1,1,1,1.0,1.0,1,1,3.0,4,4,5.0,4.0,5.0,6.0,2.0,2.0,1.0,1,1
4.0,4.0,1,0,0,1.0,1.0,4,2,0.0,5,5,3.0,3.0,3.0,5.0,1.0,1.0,2.0,1,1
2.0,0.0,0,0,0,1.0,1.0,4,3,0.0,1,3,1.0,5.0,4.0,3.0,1.0,1.0,1.0,1,0
3.0,0.0,1,1,0,1.0,0.0,3,3,1.0,2,3,5.0,5.0,5.0,2.0,0.0,1.0,1.0,1,1
4.0,4.0,1,0,0,1.0,1.0,2,2,0.0,3,3,5.0,5.0,5.0,1.0,1.0,2.0,2.0,0,1
4.0,0.0,1,1,0,1.0,0.0,3,2,3.0,3,3,3.0,3.0,2.0,2.0,1.0,2.0,2.0,1,1
3.0,0.0,1,0,0,1.0,0.0,4,1,1.0,3,2,1.0,2.0,1.0,3.0,1.0,1.0,1.0,0,0
2.0,0.0,0,0,0,0.0,0.0,3,1,0.0,3,3,1.0,4.0,3.0,3.0,0.0,1.0,2.0,0,0
3.0,0.0,1,0,0,0.0,0.0,5,2,0.0,2,2,2.0,2.0,2.0,2.0,1.0,2.0,3.0,0,0
8.0,1.0,1,1,0,0.0,0.0,2,1,1.0,4,4,5.0,3.0,5.0,3.0,1.0,2.0,1.0,0,1
7.0,0.0,0,1,0,0.0,0.0,5,3,0.0,3,1,5.0,4.0,1.0,5.0,0.0,2.0,2.0,1,1
4.0,3.0,1,1,0,1.0,0.0,3,1,0.0,1,1,1.0,5.0,1.0,1.0,1.0,3.0,2.0,0,1
6.0,3.0,0,1,0,1.0,1.0,5,1,0.0,3,3,3.0,3.0,3.0,2.0,1.0,2.0,3.0,1,1
6.0,3.0,1,1,1,0.0,0.0,5,5,1.0,3,4,1.0,3.0,5.0,3.0,2.0,2.0,2.0,0,0
4.0,3.0,1,1,0,1.0,0.0,1,1,0.0,4,3,5.0,5.0,5.0,2.0,2.0,2.0,1.0,1,0
2.0,0.0,1,0,0,0.0,0.0,5,1,0.0,2,1,3.0,2.0,3.0,2.0,0.0,2.0,3.0,0,0
4.0,0.0,0,0,0,1.0,1.0,5,1,0.0,4,2,5.0,5.0,5.0,2.0,1.0,1.0,1.0,1,0
3.0,4.0,0,0,0,1.0,0.0,3,1,0.0,4,2,5.0,5.0,5.0,5.0,1.0,1.0,1.0,0,0
4.0,0.0,1,0,0,0.0,0.0,1,1,0.0,1,1,5.0,5.0,5.0,2.0,0.0,1.0,3.0,0,0
6.0,4.0,1,0,0,1.0,1.0,3,2,0.0,5,5,5.0,5.0,5.0,5.0,1.0,2.0,1.0,0,1
6.0,3.0,1,0,0,0.0,0.0,2,1,0.0,3,5,3.0,3.0,3.0,2.0,1.0,4.0,3.0,1,1
9.0,0.0,1,1,0,1.0,1.0,2,1,0.0,4,3,5.0,3.0,3.0,5.0,1.0,4.0,2.0,1,0
6.0,0.0,0,0,0,0.0,0.0,4,4,0.0,1,1,3.0,2.0,2.0,2.0,1.0,2.0,2.0,0,1
2.0,0.0,0,0,0,0.0,0.0,5,4,0.0,3,2,1.0,2.0,2.0,2.0,1.0,2.0,2.0,0,0
7.0,3.0,1,1,1,1.0,1.0,2,2,0.0,4,4,5.0,5.0,4.0,5.0,1.0,3.0,2.0,1,0
2.0,2.0,0,0,0,0.0,0.0,5,3,0.0,2,1,5.0,1.0,5.0,1.0,2.0,1.0,2.0,0,0
4.0,0.0,1,1,0,0.0,0.0,5,3,0.0,2,2,3.0,3.0,4.0,1.0,1.0,2.0,3.0,1,0
1.0,3.0,1,0,0,0.0,0.0,3,3,0.0,1,2,3.0,1.0,3.0,1.0,0.0,2.0,2.0,1,0
8.0,4.0,1,1,1,1.0,1.0,1,1,3.0,4,4,1.0,5.0,5.0,6.0,2.0,4.0,2.0,1,0
5.0,4.0,1,1,0,1.0,1.0,4,5,0.0,2,2,2.0,3.0,4.0,2.0,2.0,3.0,3.0,1,0
1.0,4.0,1,1,0,0.0,0.0,3,2,0.0,3,3,3.0,3.0,5.0,1.0,0.0,1.0,3.0,0,1
1.0,4.0,0,0,0,0.0,0.0,3,1,0.0,4,1,1.0,4.0,2.0,2.0,0.0,2.0,2.0,0,1
4.0,3.0,1,1,0,0.0,0.0,3,5,0.0,2,3,1.0,3.0,5.0,1.0,0.0,1.0,3.0,0,1
4.0,3.0,0,0,0,0.0,0.0,3,3,0.0,3,2,3.0,3.0,5.0,1.0,0.0,1.0,3.0,0,1
5.0,1.0,0,1,0,0.0,0.0,5,5,0.0,2,4,5.0,5.0,5.0,1.0,1.0,4.0,1.0,1,1
4.0,4.0,1,0,0,0.0,0.0,5,1,0.0,1,1,3.0,4.0,4.0,5.0,0.0,3.0,3.0,0,0
9.0,4.0,1,1,1,1.0,1.0,1,1,0.0,5,3,4.0,4.0,4.0,6.0,2.0,4.0,2.0,1,1
6.0,4.0,1,0,0,1.0,0.0,4,1,3.0,4,5,2.0,5.0,5.0,2.0,2.0,3.0,2.0,0,1
1.0,3.0,1,0,0,0.0,0.0,1,1,0.0,1,1,3.0,4.0,4.0,2.0,0.0,1.0,3.0,0,0
5.0,3.0,1,1,0,0.0,0.0,3,1,0.0,3,1,5.0,5.0,5.0,1.0,0.0,1.0,2.0,0,1
3.0,4.0,1,0,0,0.0,0.0,2,1,0.0,2,1,5.0,5.0,5.0,1.0,0.0,2.0,2.0,0,1
2.0,3.0,1,0,0,0.0,0.0,1,1,0.0,1,1,5.0,5.0,5.0,1.0,0.0,2.0,3.0,0,0
5.0,0.0,1,0,0,0.0,0.0,5,3,0.0,2,1,1.0,5.0,5.0,1.0,1.0,3.0,3.0,0,0
1.0,3.0,1,0,0,0.0,0.0,4,1,0.0,5,1,5.0,1.0,5.0,2.0,1.0,2.0,3.0,0,0
1.0,3.0,1,0,0,0.0,0.0,5,1,0.0,3,2,5.0,1.0,5.0,2.0,0.0,2.0,2.0,0,1
4.0,0.0,1,0,0,1.0,0.0,5,4,0.0,4,1,5.0,5.0,1.0,1.0,1.0,2.0,3.0,0,0
4.0,3.0,1,0,0,1.0,1.0,1,2,3.0,1,2,5.0,5.0,5.0,2.0,1.0,2.0,3.0,0,1
4.0,3.0,1,0,0,0.0,0.0,3,3,0.0,4,5,1.0,5.0,3.0,2.0,0.0,3.0,2.0,1,1
7.0,2.0,1,1,1,1.0,0.0,5,4,0.0,1,1,5.0,4.0,1.0,3.0,1.0,3.0,3.0,1,1
3.0,0.0,1,0,0,0.0,0.0,5,5,0.0,4,5,5.0,5.0,5.0,1.0,0.0,2.0,2.0,1,0
4.0,4.0,1,0,0,1.0,0.0,4,2,0.0,4,4,5.0,5.0,5.0,2.0,2.0,3.0,3.0,0,1
1.0,4.0,1,0,0,0.0,0.0,5,1,0.0,1,1,1.0,1.0,1.0,1.0,0.0,2.0,3.0,0,0
3.0,4.0,1,0,0,0.0,0.0,4,3,0.0,2,1,1.0,2.0,3.0,2.0,1.0,2.0,2.0,0,0
2.0,4.0,1,1,0,1.0,0.0,5,2,0.0,2,1,1.0,5.0,1.0,3.0,0.0,3.0,3.0,0,0
4.0,4.0,1,0,0,0.0,0.0,4,5,0.0,1,1,1.0,5.0,1.0,1.0,0.0,3.0,3.0,0,1
2.0,3.0,1,0,0,0.0,0.0,5,5,0.0,1,3,5.0,5.0,1.0,2.0,0.0,2.0,3.0,0,0
4.0,3.0,0,1,0,0.0,0.0,4,3,0.0,2,3,3.0,4.0,3.0,3.0,1.0,3.0,3.0,1,0
6.0,3.0,1,1,0,0.0,0.0,3,1,0.0,2,2,5.0,4.0,4.0,2.0,2.0,2.0,2.0,1,0
2.0,0.0,1,1,0,0.0,0.0,4,1,0.0,2,2,5.0,4.0,2.0,2.0,2.0,3.0,1.0,0,1
9.0,0.0,0,1,0,0.0,0.0,3,1,1.0,3,3,2.0,3.0,4.0,5.0,2.0,3.0,2.0,1,1
5.0,3.0,0,0,0,1.0,0.0,5,1,0.0,2,3,5.0,5.0,1.0,5.0,2.0,3.0,3.0,0,1
6.0,0.0,1,1,0,1.0,1.0,5,5,0.0,5,5,2.0,2.0,1.0,3.0,2.0,2.0,3.0,0,1
2.0,4.0,0,1,0,0.0,0.0,3,1,0.0,3,5,3.0,4.0,4.0,2.0,1.0,3.0,2.0,0,0
4.0,4.0,1,0,0,0.0,0.0,2,3,0.0,2,2,1.0,3.0,4.0,2.0,2.0,3.0,3.0,0,0
5.0,4.0,1,0,0,1.0,1.0,4,1,3.0,2,2,4.0,5.0,5.0,4.0,0.0,3.0,3.0,0,0
1.0,0.0,1,0,0,1.0,1.0,2,1,0.0,3,2,4.0,4.0,4.0,3.0,0.0,3.0,3.0,0,0
4.0,4.0,0,0,0,1.0,0.0,3,3,0.0,3,1,4.0,3.0,4.0,2.0,2.0,3.0,3.0,1,0
2.0,0.0,1,0,0,0.0,0.0,3,3,0.0,3,3,3.0,3.0,3.0,3.0,0.0,1.0,2.0,0,0
6.0,0.0,1,1,1,1.0,1.0,3,1,0.0,4,2,2.0,4.0,3.0,5.0,0.0,2.0,1.0,1,1
3.0,3.0,0,0,0,0.0,0.0,5,4,0.0,2,3,4.0,3.0,3.0,2.0,1.0,2.0,2.0,1,0
2.0,4.0,1,1,0,1.0,0.0,4,1,1.0,3,3,3.0,4.0,3.0,1.0,1.0,1.0,1.0,0,1
1.0,3.0,0,0,0,0.0,0.0,4,1,0.0,4,2,2.0,2.0,4.0,2.0,0.0,1.0,3.0,0,0
5.0,4.0,1,1,0,0.0,0.0,5,1,0.0,2,2,3.0,5.0,4.0,2.0,1.0,1.0,2.0,1,1
3.0,4.0,0,0,0,0.0,0.0,5,3,0.0,2,3,3.0,4.0,2.0,1.0,0.0,1.0,3.0,0,0
4.0,2.0,1,1,0,1.0,0.0,3,3,1.0,1,5,5.0,4.0,4.0,3.0,2.0,1.0,2.0,1,0
7.0,4.0,0,1,1,1.0,1.0,2,2,1.0,3,3,5.0,5.0,5.0,5.0,2.0,1.0,3.0,1,0
4.0,4.0,1,1,0,0.0,1.0,3,1,0.0,2,3,3.0,4.0,4.0,2.0,0.0,2.0,3.0,0,1
2.0,4.0,1,1,0,0.0,0.0,3,1,0.0,3,3,5.0,4.0,2.0,5.0,1.0,2.0,3.0,0,1
6.0,4.0,1,0,1,1.0,1.0,4,1,0.0,3,1,1.0,5.0,5.0,2.0,0.0,2.0,2.0,0,1
3.0,3.0,0,0,0,0.0,0.0,1,1,0.0,3,3,5.0,5.0,5.0,2.0,1.0,2.0,2.0,0,0
8.0,4.0,1,1,1,1.0,0.0,3,3,0.0,5,4,5.0,4.0,4.0,3.0,2.0,1.0,1.0,1,0
1.0,0.0,0,0,0,0.0,0.0,3,5,0.0,2,1,5.0,5.0,5.0,3.0,0.0,2.0,2.0,0,0
5.0,0.0,0,0,0,0.0,0.0,5,4,0.0,4,1,5.0,5.0,1.0,1.0,1.0,2.0,3.0,0,0
1.0,0.0,0,1,0,0.0,0.0,4,4,0.0,1,3,3.0,2.0,1.0,2.0,2.0,2.0,3.0,0,1
2.0,0.0,1,1,0,0.0,0.0,4,5,0.0,2,1,2.0,1.0,2.0,2.0,2.0,2.0,3.0,0,0
3.0,4.0,1,1,0,0.0,0.0,3,1,0.0,3,1,5.0,5.0,5.0,2.0,2.0,1.0,2.0,0,0
1.0,0.0,0,0,0,0.0,0.0,5,1,0.0,2,5,4.0,1.0,2.0,1.0,0.0,1.0,2.0,0,1
1.0,0.0,0,0,0,0.0,0.0,3,1,0.0,5,4,1.0,5.0,2.0,2.0,2.0,1.0,1.0,0,1
2.0,4.0,0,0,0,0.0,0.0,3,1,0.0,3,4,5.0,4.0,4.0,4.0,0.0,1.0,3.0,0,0
1.0,0.0,1,0,0,0.0,0.0,3,3,0.0,5,2,2.0,1.0,3.0,0.0,1.0,1.0,3.0,0,1
6.0,4.0,1,1,0,1.0,1.0,3,1,0.0,5,2,5.0,4.0,4.0,5.0,1.0,2.0,1.0,0,0
4.0,1.0,0,0,0,1.0,0.0,3,1,3.0,5,4,5.0,5.0,3.0,2.0,2.0,1.0,2.0,0,0
4.0,0.0,1,0,0,0.0,0.0,5,2,0.0,4,3,1.0,1.0,1.0,2.0,1.0,1.0,2.0,0,0
4.0,3.0,1,1,0,1.0,0.0,4,1,0.0,5,2,4.0,5.0,4.0,3.0,1.0,1.0,2.0,0,1
4.0,0.0,1,0,0,0.0,0.0,5,5,0.0,3,1,3.0,2.0,4.0,1.0,1.0,2.0,2.0,0,1
2.0,3.0,1,0,0,0.0,0.0,5,1,0.0,4,4,5.0,5.0,4.0,2.0,0.0,1.0,3.0,0,0
3.0,0.0,1,0,1,0.0,1.0,3,2,0.0,5,4,5.0,5.0,5.0,1.0,1.0,2.0,1.0,1,0
5.0,4.0,0,0,0,0.0,0.0,2,1,0.0,3,3,3.0,4.0,4.0,2.0,1.0,2.0,2.0,1,1
6.0,4.0,1,0,0,1.0,1.0,2,1,0.0,3,5,5.0,5.0,5.0,3.0,2.0,2.0,1.0,0,1
6.0,4.0,1,1,1,1.0,0.0,2,1,0.0,3,5,5.0,5.0,3.0,5.0,1.0,1.0,2.0,1,0
1.0,2.0,0,1,1,1.0,1.0,3,2,3.0,4,3,5.0,4.0,5.0,3.0,2.0,2.0,2.0,0,1
6.0,4.0,1,0,0,1.0,0.0,3,1,0.0,5,4,3.0,5.0,5.0,5.0,2.0,1.0,1.0,0,0
1.0,4.0,0,0,0,0.0,0.0,3,1,0.0,3,4,5.0,3.0,4.0,2.0,0.0,1.0,1.0,0,0
5.0,2.0,0,1,0,1.0,1.0,2,3,0.0,5,2,5.0,1.0,2.0,2.0,1.0,1.0,2.0,1,1
1.0,0.0,0,0,0,1.0,0.0,5,3,0.0,1,1,2.0,2.0,4.0,2.0,1.0,1.0,3.0,0,1
5.0,3.0,1,0,0,0.0,1.0,2,1,0.0,5,5,4.0,4.0,5.0,3.0,1.0,2.0,2.0,0,1
1.0,4.0,0,1,0,1.0,0.0,4,3,0.0,3,2,4.0,4.0,3.0,5.0,0.0,2.0,2.0,0,1
1.0,0.0,1,0,0,0.0,0.0,3,5,0.0,3,2,5.0,5.0,1.0,1.0,0.0,1.0,3.0,0,0
2.0,0.0,1,0,0,0.0,0.0,3,2,0.0,3,2,4.0,5.0,5.0,2.0,1.0,1.0,2.0,0,0
5.0,4.0,1,1,0,0.0,0.0,4,1,0.0,4,4,5.0,5.0,5.0,3.0,1.0,1.0,2.0,0,0
1.0,4.0,1,0,0,0.0,0.0,4,1,0.0,2,1,1.0,5.0,1.0,0.0,1.0,1.0,2.0,0,0
6.0,0.0,1,1,1,1.0,0.0,1,3,0.0,3,2,3.0,4.0,4.0,2.0,0.0,1.0,1.0,1,1
9.0,0.0,1,1,0,1.0,0.0,3,2,0.0,2,5,2.0,5.0,2.0,4.0,0.0,2.0,3.0,0,0
4.0,0.0,1,0,0,1.0,0.0,5,1,0.0,1,1,1.0,4.0,1.0,1.0,0.0,1.0,1.0,0,0
1.0,4.0,1,0,0,0.0,0.0,3,1,0.0,1,1,1.0,5.0,5.0,1.0,0.0,1.0,2.0,0,0
6.0,4.0,1,1,1,1.0,1.0,5,1,3.0,4,4,5.0,5.0,4.0,3.0,1.0,2.0,3.0,1,0
5.0,4.0,1,0,0,0.0,0.0,3,1,0.0,4,1,5.0,5.0,5.0,1.0,1.0,2.0,1.0,0,0
5.0,3.0,1,1,0,0.0,0.0,5,3,0.0,2,2,5.0,1.0,5.0,2.0,1.0,2.0,1.0,0,1
5.0,1.0,0,0,0,0.0,0.0,5,3,1.0,2,2,1.0,3.0,1.0,1.0,1.0,3.0,3.0,1,0
3.0,1.0,0,0,0,0.0,0.0,1,1,0.0,4,4,1.0,5.0,5.0,5.0,1.0,2.0,1.0,1,1
5.0,0.0,1,1,0,0.0,0.0,3,1,0.0,4,2,5.0,5.0,5.0,4.0,1.0,2.0,1.0,0,1
3.0,0.0,0,0,0,0.0,0.0,3,2,0.0,4,4,3.0,5.0,5.0,2.0,1.0,2.0,3.0,0,0
2.0,0.0,0,1,0,0.0,0.0,4,1,0.0,2,2,4.0,3.0,1.0,2.0,1.0,3.0,3.0,0,0
2.0,4.0,1,0,0,0.0,0.0,5,5,3.0,5,4,1.0,5.0,2.0,1.0,1.0,1.0,3.0,1,0
9.0,4.0,1,1,0,1.0,1.0,1,1,3.0,4,4,5.0,5.0,5.0,3.0,1.0,1.0,1.0,1,1
2.0,3.0,1,0,0,0.0,0.0,5,4,0.0,4,3,3.0,5.0,5.0,2.0,0.0,2.0,1.0,0,1
5.0,4.0,1,1,0,1.0,0.0,4,3,0.0,3,3,1.0,4.0,3.0,5.0,0.0,3.0,2.0,0,0
8.0,4.0,1,1,1,1.0,1.0,2,2,0.0,5,3,4.0,4.0,3.0,5.0,2.0,3.0,1.0,1,1
1.0,2.0,1,0,0,0.0,0.0,2,5,0.0,1,1,3.0,3.0,1.0,1.0,0.0,3.0,3.0,0,1
5.0,1.0,0,1,0,0.0,0.0,2,1,0.0,3,5,5.0,5.0,5.0,2.0,1.0,1.0,3.0,1,1
5.0,4.0,1,0,0,0.0,0.0,5,5,3.0,1,1,1.0,5.0,1.0,2.0,1.0,2.0,2.0,0,0
3.0,2.0,0,0,0,0.0,0.0,3,1,0.0,3,1,3.0,4.0,5.0,2.0,1.0,1.0,2.0,0,0
2.0,3.0,1,0,0,0.0,0.0,5,5,0.0,1,1,4.0,1.0,4.0,1.0,1.0,1.0,3.0,0,0
6.0,4.0,1,1,0,1.0,0.0,3,2,0.0,4,2,3.0,3.0,3.0,2.0,2.0,1.0,3.0,0,1
4.0,3.0,1,0,0,0.0,0.0,5,1,0.0,1,1,5.0,5.0,5.0,2.0,1.0,1.0,3.0,0,0
1.0,0.0,1,0,0,0.0,0.0,3,4,0.0,1,1,3.0,2.0,2.0,1.0,1.0,2.0,3.0,0,1
3.0,4.0,1,0,0,0.0,0.0,4,1,0.0,1,5,5.0,5.0,5.0,0.0,1.0,3.0,2.0,0,0
9.0,4.0,0,0,0,0.0,0.0,2,3,1.0,3,3,4.0,5.0,4.0,2.0,1.0,2.0,2.0,0,0
6.0,4.0,1,1,0,1.0,0.0,3,1,0.0,2,1,5.0,5.0,5.0,2.0,1.0,3.0,1.0,1,0
10.0,4.0,0,1,0,0.0,0.0,2,1,0.0,4,3,4.0,1.0,5.0,2.0,2.0,2.0,2.0,1,1
4.0,4.0,1,0,0,0.0,0.0,3,3,0.0,4,3,1.0,2.0,1.0,2.0,2.0,2.0,1.0,0,0
9.0,4.0,1,0,0,0.0,0.0,4,1,0.0,5,3,2.0,3.0,3.0,4.0,2.0,2.0,3.0,1,1
2.0,0.0,0,0,0,0.0,0.0,4,1,0.0,2,2,1.0,5.0,1.0,3.0,0.0,2.0,3.0,1,0
5.0,4.0,1,1,1,0.0,1.0,3,3,3.0,4,4,1.0,1.0,1.0,3.0,2.0,2.0,2.0,1,0
6.0,3.0,1,1,0,1.0,0.0,3,1,0.0,5,5,2.0,5.0,5.0,2.0,0.0,2.0,2.0,1,1
1.0,0.0,0,0,0,0.0,0.0,3,1,0.0,1,2,3.0,5.0,1.0,2.0,0.0,2.0,3.0,1,0
3.0,4.0,0,0,0,0.0,0.0,1,1,0.0,2,2,5.0,5.0,5.0,2.0,1.0,1.0,3.0,0,0
4.0,4.0,1,0,0,1.0,1.0,3,3,0.0,2,2,1.0,1.0,1.0,1.0,1.0,1.0,3.0,0,0
4.0,4.0,1,0,1,0.0,0.0,5,1,0.0,4,2,2.0,3.0,4.0,1.0,1.0,2.0,1.0,0,0
4.0,4.0,1,0,0,0.0,0.0,3,1,0.0,2,3,2.0,5.0,4.0,3.0,2.0,2.0,2.0,0,0
4.0,4.0,1,0,0,0.0,0.0,5,1,1.0,2,1,5.0,1.0,3.0,2.0,0.0,2.0,3.0,1,0
4.0,2.0,0,0,0,0.0,0.0,3,1,0.0,2,2,3.0,4.0,1.0,2.0,1.0,2.0,2.0,1,0
3.0,4.0,0,0,0,1.0,0.0,3,1,0.0,3,4,2.0,5.0,5.0,2.0,2.0,2.0,1.0,1,0
3.0,3.0,0,0,0,0.0,0.0,5,1,0.0,1,1,1.0,5.0,5.0,2.0,1.0,1.0,3.0,0,0
3.0,0.0,0,0,0,0.0,0.0,3,1,0.0,4,1,1.0,5.0,1.0,3.0,1.0,1.0,3.0,0,0
4.0,0.0,0,0,0,0.0,0.0,5,1,0.0,2,2,2.0,2.0,2.0,1.0,1.0,1.0,3.0,0,0
4.0,4.0,0,0,0,1.0,0.0,4,5,1.0,3,2,1.0,3.0,3.0,2.0,1.0,2.0,2.0,1,1
4.0,0.0,1,1,0,1.0,1.0,3,1,0.0,4,3,2.0,5.0,5.0,3.0,0.0,1.0,2.0,1,1
6.0,4.0,1,1,0,0.0,0.0,2,1,0.0,3,3,4.0,3.0,4.0,3.0,1.0,2.0,2.0,1,1
2.0,1.0,1,0,0,1.0,0.0,2,3,0.0,2,2,5.0,2.0,2.0,2.0,1.0,3.0,3.0,1,1
4.0,3.0,1,0,0,0.0,0.0,5,4,0.0,2,2,3.0,2.0,3.0,2.0,0.0,3.0,1.0,1,1
5.0,0.0,1,1,0,1.0,0.0,4,1,0.0,3,3,3.0,5.0,5.0,1.0,2.0,2.0,2.0,1,0
1.0,0.0,1,0,0,0.0,0.0,2,1,0.0,1,1,1.0,1.0,1.0,1.0,0.0,2.0,3.0,0,0
5.0,3.0,1,0,1,1.0,0.0,3,3,0.0,3,3,3.0,3.0,4.0,2.0,1.0,2.0,2.0,1,1
4.0,3.0,1,0,0,0.0,0.0,3,1,0.0,1,1,2.0,3.0,3.0,2.0,1.0,2.0,3.0,0,0
4.0,4.0,1,0,0,0.0,0.0,1,1,0.0,1,1,3.0,4.0,5.0,2.0,1.0,2.0,1.0,0,0
4.0,4.0,1,0,0,0.0,0.0,3,1,0.0,1,5,5.0,5.0,5.0,1.0,1.0,1.0,2.0,0,0
6.0,4.0,1,0,0,0.0,0.0,2,1,0.0,3,1,3.0,5.0,5.0,2.0,1.0,2.0,2.0,0,0
5.0,0.0,0,0,0,0.0,0.0,3,1,0.0,4,2,4.0,5.0,1.0,3.0,0.0,2.0,3.0,0,0
6.0,3.0,0,0,0,1.0,1.0,5,3,3.0,2,1,3.0,3.0,1.0,2.0,0.0,2.0,3.0,0,0
4.0,4.0,1,0,0,0.0,0.0,5,1,0.0,1,2,5.0,5.0,5.0,1.0,1.0,2.0,2.0,0,1
7.0,3.0,1,0,0,0.0,0.0,3,1,0.0,3,4,5.0,5.0,1.0,2.0,2.0,2.0,1.0,1,0
2.0,4.0,1,0,0,0.0,0.0,4,1,0.0,1,1,1.0,1.0,2.0,1.0,1.0,2.0,2.0,0,0
6.0,4.0,0,1,1,1.0,1.0,2,2,3.0,3,4,5.0,5.0,5.0,3.0,2.0,2.0,1.0,0,1
3.0,3.0,1,1,0,1.0,1.0,3,3,3.0,2,4,1.0,2.0,1.0,2.0,0.0,3.0,2.0,1,1
8.0,3.0,1,1,1,1.0,1.0,1,1,0.0,4,4,5.0,5.0,5.0,2.0,2.0,2.0,2.0,1,1
8.0,2.0,0,1,0,0.0,0.0,1,1,0.0,2,2,5.0,1.0,1.0,2.0,2.0,2.0,1.0,1,1
7.0,3.0,1,1,0,1.0,0.0,3,3,3.0,3,4,1.0,4.0,3.0,4.0,1.0,3.0,1.0,1,1
3.0,1.0,1,0,0,0.0,0.0,5,1,0.0,2,1,5.0,5.0,5.0,1.0,1.0,2.0,2.0,0,1
6.0,1.0,1,1,0,0.0,0.0,3,2,0.0,5,3,3.0,4.0,4.0,2.0,1.0,2.0,2.0,0,1
4.0,3.0,1,0,0,0.0,0.0,4,4,0.0,2,5,2.0,5.0,5.0,2.0,2.0,3.0,2.0,1,1
6.0,4.0,1,1,0,0.0,0.0,1,1,1.0,1,3,5.0,5.0,5.0,3.0,2.0,3.0,2.0,1,0
4.0,2.0,0,0,0,0.0,0.0,5,5,0.0,1,1,1.0,5.0,5.0,1.0,1.0,1.0,3.0,0,0
1.0,0.0,1,0,0,0.0,0.0,5,4,0.0,1,1,1.0,1.0,1.0,0.0,0.0,2.0,3.0,1,0
2.0,0.0,1,0,0,0.0,0.0,5,1,0.0,1,3,5.0,1.0,5.0,1.0,0.0,3.0,2.0,0,0
5.0,0.0,1,0,0,0.0,0.0,3,2,0.0,1,1,5.0,4.0,1.0,2.0,0.0,3.0,3.0,0,0
5.0,4.0,1,0,0,1.0,0.0,1,1,0.0,3,2,5.0,5.0,5.0,5.0,0.0,3.0,1.0,0,1
4.0,4.0,1,0,0,0.0,0.0,1,1,0.0,2,5,1.0,1.0,1.0,1.0,0.0,2.0,3.0,0,0
4.0,0.0,0,0,0,0.0,0.0,5,1,0.0,1,5,2.0,5.0,4.0,1.0,0.0,2.0,2.0,1,0
1.0,0.0,1,0,0,0.0,0.0,5,1,0.0,1,2,4.0,3.0,3.0,2.0,1.0,2.0,3.0,0,0
4.0,3.0,0,0,0,1.0,1.0,3,3,0.0,4,4,5.0,5.0,3.0,0.0,1.0,2.0,3.0,0,1
5.0,4.0,1,0,0,0.0,0.0,3,3,0.0,3,3,2.0,3.0,3.0,2.0,0.0,1.0,2.0,0,1
4.0,0.0,0,0,0,0.0,0.0,3,1,0.0,2,2,4.0,5.0,5.0,2.0,1.0,2.0,2.0,0,0
4.0,0.0,1,0,0,0.0,0.0,1,1,0.0,4,2,1.0,1.0,2.0,1.0,1.0,1.0,2.0,0,1
4.0,3.0,1,0,0,1.0,0.0,4,5,0.0,2,3,2.0,4.0,2.0,1.0,2.0,2.0,3.0,0,1
3.0,4.0,1,0,0,0.0,0.0,2,4,0.0,2,1,2.0,5.0,5.0,3.0,1.0,2.0,2.0,0,0
3.0,4.0,1,0,0,,,1,1,0.0,1,1,1.0,1.0,1.0,1.0,0.0,2.0,1.0,0,1
6.0,2.0,1,1,0,1.0,0.0,3,1,1.0,2,4,4.0,1.0,3.0,2.0,1.0,3.0,1.0,0,1
10.0,0.0,1,1,1,1.0,1.0,3,3,3.0,4,4,4.0,4.0,4.0,4.0,2.0,3.0,1.0,1,1
4.0,3.0,1,0,0,1.0,0.0,5,5,0.0,1,2,5.0,3.0,3.0,2.0,0.0,2.0,3.0,0,0
5.0,3.0,1,1,0,0.0,0.0,3,3,0.0,1,1,1.0,5.0,5.0,1.0,0.0,3.0,2.0,1,1
5.0,3.0,1,0,0,0.0,0.0,5,1,0.0,1,2,5.0,5.0,2.0,2.0,2.0,2.0,2.0,0,0
5.0,3.0,1,1,1,1.0,0.0,3,2,3.0,3,2,3.0,3.0,5.0,2.0,1.0,2.0,1.0,1,1
6.0,4.0,1,0,0,1.0,1.0,2,2,3.0,4,5,3.0,1.0,5.0,2.0,0.0,2.0,2.0,0,1
2.0,3.0,1,1,0,1.0,0.0,3,2,0.0,3,4,1.0,2.0,3.0,2.0,2.0,3.0,2.0,0,0
6.0,4.0,1,0,0,1.0,0.0,5,2,1.0,1,1,5.0,5.0,4.0,2.0,1.0,2.0,3.0,0,0
8.0,2.0,1,1,1,1.0,1.0,2,1,3.0,5,4,4.0,3.0,4.0,5.0,2.0,2.0,2.0,1,1
3.0,4.0,0,1,0,1.0,0.0,4,3,0.0,3,3,3.0,4.0,1.0,2.0,1.0,2.0,2.0,1,0
4.0,2.0,1,0,0,0.0,0.0,4,4,0.0,2,2,5.0,5.0,1.0,2.0,0.0,3.0,2.0,1,1
4.0,0.0,1,0,0,1.0,0.0,1,1,0.0,1,2,2.0,5.0,1.0,3.0,1.0,3.0,3.0,0,0
4.0,0.0,1,1,1,,0.0,3,1,0.0,3,4,5.0,5.0,3.0,5.0,1.0,2.0,3.0,1,1
8.0,4.0,1,1,0,0.0,0.0,3,1,0.0,4,3,4.0,4.0,4.0,5.0,2.0,2.0,2.0,1,0
4.0,0.0,1,0,0,0.0,0.0,5,5,0.0,2,1,1.0,3.0,1.0,2.0,1.0,3.0,3.0,0,1
2.0,3.0,0,0,0,0.0,0.0,1,1,0.0,1,1,5.0,5.0,5.0,2.0,1.0,1.0,1.0,0,0
4.0,0.0,1,1,0,0.0,0.0,3,2,0.0,4,3,1.0,5.0,3.0,2.0,2.0,2.0,2.0,1,1
4.0,0.0,1,0,0,1.0,0.0,5,4,0.0,4,4,1.0,4.0,3.0,4.0,0.0,2.0,2.0,1,1
2.0,0.0,1,0,0,0.0,0.0,5,3,0.0,1,1,1.0,3.0,1.0,1.0,1.0,2.0,3.0,0,1
4.0,0.0,0,0,0,0.0,0.0,3,2,0.0,3,1,4.0,4.0,2.0,4.0,1.0,2.0,2.0,0,0
7.0,4.0,0,0,0,1.0,0.0,2,1,3.0,5,3,3.0,5.0,5.0,2.0,0.0,2.0,1.0,1,0
1.0,0.0,1,1,0,0.0,0.0,5,3,0.0,2,1,1.0,1.0,1.0,1.0,0.0,2.0,3.0,0,1
6.0,4.0,1,0,0,0.0,0.0,5,3,0.0,4,3,2.0,5.0,2.0,1.0,0.0,1.0,2.0,1,0
2.0,0.0,1,0,0,0.0,0.0,4,4,1.0,4,2,2.0,5.0,5.0,1.0,0.0,2.0,2.0,0,0
5.0,1.0,1,0,0,0.0,0.0,3,3,0.0,4,3,5.0,5.0,5.0,2.0,2.0,1.0,2.0,1,0
3.0,1.0,1,0,1,1.0,0.0,3,1,0.0,5,4,4.0,5.0,4.0,2.0,2.0,1.0,1.0,1,0
5.0,4.0,1,0,0,0.0,0.0,5,3,0.0,2,1,3.0,3.0,2.0,2.0,2.0,1.0,3.0,0,0
2.0,1.0,1,0,0,0.0,0.0,5,5,0.0,1,1,5.0,2.0,5.0,3.0,1.0,2.0,2.0,1,0
3.0,0.0,1,0,0,0.0,0.0,5,1,0.0,1,1,1.0,1.0,1.0,2.0,1.0,1.0,2.0,0,0
3.0,0.0,1,0,0,0.0,0.0,3,3,1.0,2,2,3.0,5.0,3.0,3.0,1.0,2.0,2.0,0,1
6.0,0.0,1,1,0,1.0,0.0,2,2,3.0,4,3,3.0,3.0,3.0,5.0,1.0,1.0,2.0,1,0
4.0,4.0,1,0,0,0.0,0.0,4,3,1.0,2,1,2.0,4.0,3.0,2.0,1.0,1.0,3.0,0,0
2.0,0.0,1,0,0,0.0,0.0,1,2,0.0,2,2,2.0,3.0,3.0,3.0,0.0,2.0,1.0,0,1
10.0,4.0,1,1,0,1.0,0.0,2,2,0.0,4,4,3.0,2.0,2.0,3.0,2.0,1.0,1.0,1,1
1.0,4.0,1,0,0,0.0,0.0,5,3,0.0,2,2,5.0,1.0,1.0,1.0,0.0,2.0,1.0,0,0
5.0,3.0,1,0,0,1.0,0.0,4,1,0.0,2,2,2.0,1.0,1.0,1.0,2.0,2.0,1.0,0,1
5.0,4.0,1,0,0,0.0,0.0,4,3,0.0,3,5,4.0,3.0,3.0,2.0,1.0,2.0,2.0,1,0
2.0,2.0,1,1,0,0.0,0.0,3,1,1.0,3,3,3.0,5.0,3.0,2.0,1.0,2.0,1.0,0,1
4.0,0.0,0,1,0,0.0,0.0,3,2,0.0,3,4,4.0,3.0,3.0,2.0,1.0,2.0,2.0,1,0
5.0,0.0,0,1,0,1.0,1.0,4,1,0.0,3,3,5.0,5.0,1.0,3.0,1.0,1.0,2.0,0,1
1.0,0.0,0,0,0,0.0,0.0,2,5,0.0,3,1,1.0,4.0,2.0,1.0,1.0,1.0,1.0,0,1
3.0,1.0,1,1,0,1.0,1.0,1,3,0.0,5,3,3.0,5.0,4.0,2.0,2.0,2.0,2.0,1,0
3.0,0.0,0,0,0,0.0,0.0,3,2,0.0,2,1,2.0,5.0,2.0,2.0,1.0,1.0,2.0,0,0
2.0,3.0,1,0,0,1.0,1.0,3,2,0.0,2,4,2.0,4.0,3.0,2.0,1.0,2.0,2.0,1,0
2.0,4.0,1,1,0,0.0,0.0,4,1,0.0,2,3,2.0,2.0,4.0,1.0,1.0,2.0,2.0,0,1
3.0,2.0,1,0,1,1.0,0.0,5,3,0.0,2,2,1.0,5.0,5.0,2.0,1.0,2.0,1.0,0,1
5.0,3.0,0,0,0,0.0,0.0,3,2,0.0,2,3,1.0,5.0,1.0,3.0,2.0,2.0,2.0,0,1
3.0,4.0,1,0,0,0.0,0.0,5,5,1.0,1,1,5.0,1.0,1.0,2.0,2.0,2.0,2.0,0,0
5.0,0.0,1,1,0,1.0,0.0,4,1,0.0,4,3,4.0,4.0,4.0,2.0,1.0,2.0,3.0,1,1
3.0,0.0,0,0,0,0.0,0.0,2,1,0.0,2,1,3.0,3.0,1.0,2.0,1.0,2.0,3.0,0,0
1.0,0.0,1,0,0,1.0,1.0,5,1,0.0,1,2,1.0,5.0,4.0,5.0,2.0,2.0,3.0,0,0
8.0,4.0,1,1,1,1.0,1.0,4,1,0.0,3,3,4.0,4.0,4.0,5.0,1.0,2.0,2.0,1,0
4.0,3.0,1,1,0,0.0,0.0,5,1,0.0,1,1,5.0,5.0,1.0,1.0,0.0,2.0,3.0,0,1
4.0,3.0,1,1,1,0.0,0.0,3,2,0.0,2,1,5.0,4.0,5.0,5.0,1.0,1.0,2.0,0,1
4.0,0.0,1,0,0,0.0,0.0,3,1,0.0,1,1,5.0,5.0,5.0,2.0,0.0,3.0,2.0,0,0
6.0,4.0,1,1,1,1.0,0.0,5,4,3.0,2,2,3.0,3.0,2.0,4.0,1.0,2.0,3.0,0,1
6.0,4.0,1,1,1,1.0,0.0,3,3,3.0,2,2,3.0,4.0,3.0,5.0,1.0,2.0,3.0,1,0
6.0,4.0,1,1,1,1.0,0.0,3,1,0.0,4,4,1.0,2.0,5.0,3.0,1.0,2.0,2.0,0,1
1.0,0.0,0,0,0,0.0,0.0,4,2,0.0,1,3,1.0,2.0,4.0,2.0,1.0,2.0,3.0,0,0
2.0,0.0,1,0,0,0.0,0.0,5,4,0.0,2,3,3.0,5.0,3.0,3.0,0.0,2.0,2.0,1,0
8.0,2.0,1,1,1,0.0,0.0,1,1,0.0,4,5,5.0,5.0,5.0,2.0,2.0,2.0,1.0,1,1
1.0,4.0,1,0,0,0.0,0.0,4,4,0.0,5,5,2.0,3.0,2.0,1.0,0.0,2.0,2.0,0,0
6.0,4.0,1,1,0,1.0,0.0,5,3,3.0,3,3,4.0,5.0,3.0,6.0,2.0,2.0,1.0,0,0
7.0,0.0,0,0,1,1.0,1.0,1,1,0.0,3,3,2.0,5.0,5.0,5.0,2.0,2.0,1.0,1,0
3.0,0.0,1,0,0,0.0,0.0,5,3,0.0,2,2,5.0,3.0,3.0,2.0,0.0,1.0,2.0,1,0
2.0,3.0,0,0,0,0.0,0.0,3,3,0.0,1,2,4.0,2.0,2.0,1.0,1.0,1.0,2.0,1,1
4.0,4.0,1,1,0,0.0,0.0,4,1,0.0,4,4,5.0,5.0,5.0,2.0,2.0,1.0,1.0,1,0
2.0,3.0,0,0,0,0.0,0.0,4,1,0.0,5,2,4.0,4.0,3.0,2.0,1.0,2.0,3.0,0,0
3.0,2.0,1,0,0,0.0,0.0,5,4,0.0,2,3,5.0,5.0,5.0,2.0,0.0,1.0,3.0,1,1
6.0,4.0,1,1,0,1.0,0.0,3,1,0.0,5,3,5.0,5.0,2.0,3.0,1.0,2.0,2.0,0,1
4.0,4.0,1,0,0,1.0,0.0,1,1,1.0,5,5,5.0,5.0,5.0,2.0,2.0,2.0,1.0,1,1
4.0,3.0,1,0,0,0.0,0.0,4,1,0.0,1,1,5.0,5.0,5.0,1.0,0.0,2.0,1.0,0,0
4.0,0.0,1,0,0,0.0,0.0,1,1,0.0,1,2,2.0,2.0,3.0,2.0,1.0,2.0,2.0,1,0
2.0,0.0,1,0,0,0.0,0.0,4,1,0.0,2,1,2.0,3.0,3.0,3.0,1.0,2.0,3.0,0,0
2.0,3.0,1,0,0,0.0,0.0,2,1,0.0,1,1,3.0,2.0,4.0,0.0,0.0,2.0,2.0,0,1
1.0,3.0,1,1,1,0.0,0.0,5,1,0.0,2,5,5.0,5.0,5.0,3.0,1.0,3.0,2.0,1,1
3.0,2.0,1,0,0,1.0,1.0,5,1,0.0,3,3,3.0,3.0,3.0,2.0,0.0,2.0,3.0,0,1
5.0,2.0,1,0,0,0.0,0.0,5,5,0.0,1,1,3.0,3.0,3.0,1.0,0.0,2.0,3.0,0,1
1.0,0.0,0,0,0,0.0,0.0,5,2,0.0,2,3,2.0,2.0,4.0,3.0,0.0,2.0,2.0,0,0
4.0,3.0,1,0,0,0.0,0.0,3,1,0.0,1,5,3.0,3.0,3.0,1.0,0.0,2.0,2.0,1,0
4.0,0.0,1,1,1,1.0,0.0,2,1,0.0,1,4,1.0,2.0,4.0,2.0,0.0,2.0,2.0,0,1
5.0,4.0,0,0,0,1.0,0.0,1,1,0.0,4,2,5.0,5.0,2.0,2.0,0.0,2.0,2.0,0,0
4.0,3.0,1,0,0,0.0,0.0,3,1,0.0,3,2,5.0,5.0,4.0,2.0,1.0,2.0,2.0,0,1
4.0,3.0,0,0,0,0.0,0.0,5,1,0.0,1,1,3.0,5.0,5.0,3.0,1.0,3.0,1.0,0,0
4.0,0.0,1,0,1,0.0,0.0,3,1,1.0,5,3,5.0,5.0,5.0,6.0,1.0,2.0,1.0,1,0
7.0,4.0,0,1,0,1.0,1.0,1,1,1.0,4,4,5.0,5.0,5.0,3.0,1.0,3.0,2.0,1,1
4.0,2.0,1,1,1,1.0,0.0,3,3,0.0,4,4,3.0,5.0,5.0,1.0,1.0,1.0,2.0,1,1
5.0,4.0,1,1,1,1.0,0.0,3,1,3.0,3,3,4.0,5.0,4.0,5.0,2.0,1.0,1.0,1,0
7.0,1.0,1,1,0,0.0,0.0,5,5,0.0,4,5,5.0,5.0,5.0,2.0,1.0,1.0,1.0,1,1
5.0,0.0,0,0,0,0.0,0.0,5,1,0.0,1,1,1.0,3.0,1.0,2.0,1.0,2.0,3.0,0,0
2.0,4.0,0,0,0,0.0,0.0,5,1,0.0,1,1,1.0,1.0,1.0,0.0,0.0,1.0,3.0,0,0
3.0,0.0,0,0,0,1.0,0.0,5,1,0.0,1,1,3.0,4.0,5.0,2.0,1.0,1.0,2.0,0,0
3.0,0.0,0,0,0,0.0,0.0,5,3,0.0,2,2,1.0,1.0,1.0,2.0,1.0,1.0,3.0,0,1
2.0,0.0,0,0,0,0.0,0.0,5,1,0.0,2,2,4.0,1.0,4.0,2.0,1.0,1.0,2.0,0,0
2.0,0.0,0,0,0,1.0,1.0,5,1,0.0,2,1,1.0,4.0,2.0,3.0,1.0,2.0,3.0,0,0
1.0,0.0,1,0,0,0.0,0.0,2,1,0.0,2,1,1.0,4.0,5.0,2.0,0.0,2.0,3.0,0,1
4.0,0.0,0,0,0,0.0,0.0,3,3,0.0,3,2,1.0,2.0,1.0,2.0,0.0,1.0,3.0,0,0
3.0,2.0,1,0,0,0.0,0.0,3,1,0.0,1,1,1.0,3.0,1.0,2.0,1.0,2.0,3.0,0,1
1.0,4.0,1,0,0,0.0,0.0,5,1,0.0,1,1,5.0,1.0,1.0,1.0,0.0,2.0,3.0,0,0
2.0,3.0,1,0,0,0.0,0.0,5,3,0.0,1,2,1.0,2.0,1.0,1.0,0.0,2.0,2.0,0,1
2.0,3.0,1,0,0,0.0,0.0,3,3,0.0,1,1,1.0,1.0,1.0,1.0,1.0,1.0,3.0,0,0
2.0,2.0,1,0,0,0.0,0.0,1,1,0.0,5,4,4.0,5.0,5.0,2.0,1.0,1.0,2.0,0,1
4.0,3.0,1,1,0,0.0,0.0,3,1,3.0,3,2,3.0,1.0,1.0,1.0,1.0,2.0,2.0,0,0
4.0,4.0,1,0,0,0.0,0.0,1,1,0.0,1,1,5.0,5.0,5.0,1.0,0.0,2.0,3.0,0,1
5.0,3.0,1,1,0,0.0,0.0,1,1,0.0,4,5,4.0,5.0,5.0,2.0,2.0,1.0,2.0,1,1
4.0,4.0,0,1,0,1.0,1.0,5,3,0.0,2,1,5.0,3.0,2.0,3.0,0.0,2.0,2.0,1,0
1.0,0.0,1,0,0,0.0,0.0,1,3,0.0,2,2,1.0,1.0,1.0,1.0,0.0,1.0,3.0,0,0
2.0,0.0,0,0,0,0.0,0.0,4,3,0.0,3,2,3.0,4.0,3.0,3.0,0.0,1.0,2.0,1,0
1.0,1.0,0,1,0,0.0,0.0,3,4,0.0,2,1,3.0,5.0,3.0,2.0,1.0,1.0,2.0,0,1
4.0,4.0,0,0,0,0.0,0.0,3,1,0.0,1,2,4.0,3.0,5.0,4.0,1.0,1.0,3.0,0,0
2.0,1.0,0,0,0,0.0,0.0,4,5,0.0,1,1,1.0,1.0,5.0,2.0,0.0,1.0,3.0,0,0
2.0,2.0,1,0,0,0.0,0.0,5,5,0.0,1,1,1.0,2.0,3.0,2.0,1.0,1.0,2.0,1,0
2.0,0.0,1,1,0,0.0,0.0,4,1,0.0,2,1,3.0,5.0,5.0,2.0,0.0,2.0,3.0,0,0
6.0,4.0,1,1,0,1.0,0.0,2,1,0.0,3,2,5.0,5.0,5.0,5.0,0.0,3.0,1.0,0,0
7.0,3.0,1,0,1,1.0,1.0,3,1,1.0,5,5,3.0,3.0,4.0,5.0,2.0,2.0,2.0,1,1
7.0,4.0,1,0,0,1.0,1.0,2,1,0.0,1,1,1.0,3.0,3.0,6.0,0.0,3.0,3.0,0,1
7.0,4.0,1,1,1,1.0,1.0,4,1,1.0,2,2,5.0,5.0,3.0,4.0,0.0,2.0,1.0,1,1
3.0,0.0,1,0,0,0.0,0.0,5,3,0.0,1,1,1.0,1.0,1.0,2.0,0.0,1.0,3.0,0,0
4.0,0.0,1,0,0,0.0,0.0,4,1,0.0,3,3,3.0,1.0,4.0,2.0,2.0,2.0,2.0,1,0
2.0,0.0,1,1,0,0.0,0.0,3,2,0.0,3,3,5.0,3.0,1.0,2.0,1.0,1.0,2.0,1,1
4.0,3.0,1,0,0,0.0,0.0,3,2,0.0,2,4,3.0,3.0,2.0,2.0,0.0,1.0,2.0,1,1
7.0,3.0,1,1,0,1.0,1.0,1,1,0.0,2,2,5.0,5.0,4.0,5.0,0.0,3.0,1.0,0,1
8.0,0.0,0,1,1,1.0,1.0,3,1,0.0,5,5,3.0,4.0,4.0,4.0,2.0,3.0,2.0,0,1
5.0,0.0,1,1,0,0.0,0.0,3,1,0.0,1,1,5.0,4.0,3.0,5.0,1.0,2.0,3.0,0,0
3.0,2.0,1,0,0,0.0,0.0,5,1,0.0,3,2,1.0,5.0,4.0,2.0,2.0,2.0,2.0,1,0
3.0,0.0,1,0,0,0.0,0.0,3,3,0.0,3,3,3.0,3.0,3.0,1.0,1.0,1.0,2.0,1,1
4.0,3.0,1,0,0,0.0,0.0,3,1,0.0,3,1,5.0,5.0,5.0,2.0,2.0,1.0,2.0,0,0
8.0,0.0,1,1,1,1.0,1.0,2,1,0.0,3,5,4.0,4.0,4.0,4.0,2.0,2.0,2.0,1,0
4.0,4.0,1,0,0,1.0,1.0,5,2,1.0,2,2,3.0,3.0,2.0,2.0,2.0,1.0,2.0,1,0
7.0,4.0,1,0,0,0.0,0.0,2,1,0.0,5,4,5.0,5.0,5.0,5.0,2.0,1.0,2.0,0,0
5.0,0.0,0,1,1,1.0,1.0,3,3,3.0,1,4,4.0,4.0,3.0,3.0,0.0,1.0,3.0,1,0
4.0,0.0,0,1,0,0.0,0.0,1,1,0.0,1,1,4.0,3.0,4.0,2.0,1.0,1.0,2.0,0,0
8.0,4.0,1,1,1,1.0,1.0,1,1,0.0,3,3,5.0,5.0,5.0,5.0,2.0,2.0,1.0,1,1
2.0,0.0,1,0,0,1.0,0.0,3,4,0.0,2,1,5.0,5.0,1.0,1.0,2.0,2.0,2.0,0,1
4.0,0.0,1,0,0,0.0,0.0,2,4,0.0,4,4,3.0,3.0,5.0,2.0,1.0,1.0,2.0,0,1
6.0,3.0,1,1,0,1.0,1.0,3,1,0.0,5,5,4.0,3.0,5.0,2.0,1.0,3.0,3.0,1,1
6.0,3.0,1,1,0,1.0,0.0,3,5,0.0,3,2,4.0,2.0,3.0,2.0,2.0,1.0,2.0,1,1
1.0,0.0,0,0,0,0.0,0.0,5,1,0.0,4,4,5.0,5.0,5.0,2.0,1.0,1.0,3.0,0,0
1.0,0.0,0,0,0,0.0,0.0,5,4,0.0,4,4,1.0,5.0,5.0,2.0,0.0,1.0,3.0,1,0
1.0,0.0,0,0,0,0.0,0.0,4,3,0.0,2,1,1.0,1.0,1.0,1.0,0.0,1.0,2.0,1,1
4.0,0.0,1,0,0,0.0,0.0,3,1,0.0,3,2,5.0,5.0,5.0,2.0,1.0,1.0,3.0,0,1
1.0,0.0,1,0,0,0.0,0.0,4,4,0.0,3,2,3.0,4.0,3.0,1.0,0.0,1.0,3.0,0,0
1.0,4.0,1,1,0,1.0,0.0,5,3,0.0,4,5,3.0,2.0,5.0,2.0,1.0,1.0,2.0,1,1
2.0,0.0,1,0,0,0.0,0.0,4,5,0.0,2,1,4.0,4.0,2.0,1.0,0.0,2.0,3.0,0,1
3.0,0.0,1,1,0,0.0,0.0,5,1,0.0,1,1,2.0,2.0,2.0,1.0,0.0,1.0,3.0,0,0
1.0,0.0,1,0,0,0.0,0.0,4,5,0.0,4,2,1.0,4.0,5.0,1.0,0.0,1.0,1.0,1,1
1.0,0.0,1,0,0,0.0,0.0,5,1,0.0,4,5,2.0,4.0,3.0,1.0,0.0,1.0,3.0,0,0
5.0,1.0,1,1,1,0.0,0.0,5,3,0.0,3,1,5.0,3.0,5.0,1.0,1.0,1.0,2.0,0,1
1.0,4.0,1,0,0,0.0,0.0,5,1,0.0,1,3,1.0,5.0,1.0,1.0,0.0,3.0,3.0,0,0
4.0,4.0,1,1,0,1.0,0.0,1,3,0.0,3,3,3.0,5.0,3.0,2.0,1.0,1.0,2.0,1,0
2.0,3.0,1,0,0,0.0,0.0,4,1,0.0,1,4,1.0,1.0,5.0,0.0,1.0,2.0,2.0,0,0
6.0,4.0,1,1,0,1.0,1.0,5,3,3.0,2,2,3.0,3.0,2.0,3.0,2.0,1.0,3.0,1,1
4.0,3.0,1,1,0,0.0,0.0,3,1,0.0,2,2,5.0,5.0,5.0,2.0,1.0,1.0,2.0,1,1
6.0,2.0,1,1,0,1.0,0.0,1,3,1.0,5,2,4.0,2.0,4.0,3.0,0.0,1.0,1.0,1,1
1.0,0.0,0,0,0,0.0,0.0,5,1,0.0,3,1,1.0,5.0,3.0,2.0,0.0,2.0,3.0,0,0
1.0,3.0,0,1,0,1.0,0.0,3,3,0.0,4,1,3.0,4.0,5.0,2.0,1.0,1.0,2.0,1,1
2.0,2.0,0,0,0,0.0,0.0,5,3,0.0,1,1,5.0,4.0,3.0,2.0,2.0,1.0,3.0,0,0
4.0,4.0,1,1,0,1.0,1.0,4,3,0.0,3,5,5.0,5.0,5.0,2.0,1.0,2.0,2.0,0,1
6.0,3.0,0,0,0,0.0,0.0,4,3,0.0,3,2,1.0,3.0,1.0,2.0,2.0,2.0,3.0,0,0
5.0,0.0,1,1,1,1.0,0.0,1,3,0.0,4,3,5.0,5.0,5.0,3.0,2.0,3.0,1.0,1,0
1.0,4.0,1,0,0,1.0,0.0,3,1,0.0,2,2,5.0,3.0,5.0,1.0,0.0,2.0,1.0,1,1
2.0,3.0,1,0,0,0.0,0.0,4,1,0.0,3,1,5.0,5.0,5.0,2.0,0.0,2.0,2.0,0,1
7.0,3.0,1,1,0,1.0,1.0,3,1,3.0,4,3,5.0,5.0,4.0,3.0,2.0,1.0,2.0,1,0
4.0,3.0,1,0,0,0.0,0.0,2,1,0.0,4,5,5.0,5.0,5.0,2.0,2.0,1.0,1.0,0,1
5.0,2.0,1,0,0,0.0,0.0,4,3,0.0,3,1,1.0,1.0,1.0,2.0,2.0,1.0,3.0,0,1
3.0,4.0,1,0,1,0.0,0.0,3,1,0.0,3,1,1.0,2.0,2.0,4.0,1.0,1.0,3.0,0,0
4.0,4.0,1,0,0,0.0,0.0,1,3,0.0,1,4,1.0,1.0,1.0,1.0,0.0,2.0,1.0,0,1
3.0,1.0,1,0,0,0.0,0.0,2,1,0.0,5,5,5.0,5.0,5.0,2.0,1.0,2.0,2.0,0,0
5.0,4.0,1,0,1,1.0,1.0,3,4,0.0,2,3,2.0,5.0,5.0,1.0,1.0,1.0,2.0,1,1
4.0,4.0,1,1,0,0.0,0.0,5,1,1.0,4,2,5.0,5.0,1.0,3.0,2.0,2.0,1.0,0,1
5.0,1.0,1,0,1,1.0,1.0,5,5,3.0,1,1,5.0,5.0,1.0,4.0,0.0,1.0,2.0,1,1
5.0,3.0,0,1,0,0.0,0.0,3,2,0.0,3,3,5.0,4.0,4.0,5.0,0.0,2.0,3.0,1,1
5.0,4.0,1,1,0,1.0,0.0,3,1,0.0,3,3,5.0,5.0,5.0,5.0,1.0,2.0,2.0,1,0
1.0,4.0,1,0,0,0.0,1.0,5,1,1.0,2,3,1.0,1.0,1.0,2.0,0.0,2.0,2.0,0,0
2.0,0.0,1,0,0,0.0,0.0,3,1,0.0,3,2,5.0,4.0,1.0,2.0,1.0,1.0,3.0,0,0
3.0,3.0,0,0,0,0.0,0.0,5,3,0.0,1,1,3.0,2.0,1.0,2.0,0.0,2.0,3.0,0,0
4.0,4.0,1,0,0,0.0,0.0,5,1,0.0,5,4,4.0,4.0,3.0,2.0,1.0,1.0,2.0,0,0
5.0,1.0,1,0,1,1.0,1.0,3,3,1.0,1,1,4.0,5.0,4.0,1.0,1.0,2.0,2.0,0,1
8.0,3.0,1,0,0,1.0,1.0,1,1,0.0,5,3,5.0,3.0,4.0,2.0,2.0,2.0,1.0,1,1
3.0,3.0,1,0,0,0.0,0.0,5,4,0.0,2,2,3.0,3.0,1.0,2.0,1.0,2.0,3.0,0,0
1.0,1.0,1,0,0,0.0,0.0,3,2,0.0,1,2,3.0,5.0,1.0,2.0,1.0,1.0,3.0,0,0
2.0,2.0,1,0,0,0.0,0.0,5,4,0.0,5,2,3.0,1.0,1.0,1.0,0.0,2.0,2.0,0,1
2.0,4.0,1,0,0,1.0,0.0,3,4,0.0,3,3,4.0,3.0,3.0,1.0,1.0,2.0,2.0,0,0
1.0,4.0,1,1,0,0.0,0.0,2,3,3.0,3,4,5.0,5.0,5.0,2.0,1.0,2.0,2.0,1,0
4.0,0.0,1,0,0,0.0,1.0,5,5,1.0,1,3,1.0,3.0,1.0,2.0,0.0,3.0,3.0,0,1
1.0,3.0,0,0,0,0.0,0.0,5,3,0.0,1,3,3.0,5.0,5.0,1.0,1.0,1.0,3.0,0,0
4.0,3.0,1,0,0,0.0,0.0,3,1,0.0,2,1,3.0,5.0,5.0,2.0,0.0,1.0,2.0,0,1
1.0,0.0,1,0,0,0.0,0.0,4,1,0.0,4,2,1.0,3.0,1.0,1.0,0.0,2.0,2.0,1,0
1.0,0.0,1,0,0,0.0,0.0,3,3,0.0,1,1,1.0,3.0,1.0,2.0,0.0,2.0,1.0,0,1
3.0,0.0,0,0,0,0.0,0.0,5,1,0.0,3,1,2.0,1.0,2.0,2.0,1.0,2.0,2.0,0,0
4.0,1.0,0,1,1,0.0,0.0,1,1,0.0,4,3,5.0,5.0,5.0,2.0,0.0,1.0,1.0,1,1
5.0,3.0,1,0,0,1.0,0.0,1,1,3.0,5,3,2.0,5.0,5.0,2.0,1.0,2.0,1.0,0,1
4.0,2.0,1,0,0,0.0,0.0,3,1,0.0,3,2,2.0,2.0,3.0,2.0,0.0,2.0,3.0,0,1
2.0,4.0,1,0,0,0.0,0.0,3,3,0.0,2,3,2.0,4.0,3.0,2.0,0.0,1.0,1.0,0,0
6.0,2.0,0,0,0,1.0,1.0,1,1,1.0,4,4,3.0,5.0,5.0,5.0,2.0,1.0,1.0,0,0
5.0,2.0,0,1,0,0.0,0.0,3,2,0.0,3,3,2.0,2.0,2.0,2.0,1.0,2.0,2.0,1,1
2.0,2.0,1,0,0,0.0,0.0,5,3,0.0,1,2,5.0,2.0,2.0,1.0,2.0,1.0,2.0,0,1
1.0,0.0,1,0,0,0.0,0.0,5,5,0.0,1,1,5.0,4.0,2.0,2.0,1.0,3.0,1.0,0,1
6.0,1.0,1,0,0,0.0,0.0,2,3,0.0,2,3,3.0,4.0,2.0,2.0,2.0,2.0,2.0,1,1
4.0,1.0,1,1,1,0.0,0.0,2,4,0.0,2,2,4.0,4.0,3.0,2.0,0.0,1.0,2.0,1,0
2.0,4.0,1,0,0,1.0,0.0,5,5,0.0,2,1,5.0,4.0,3.0,2.0,1.0,1.0,2.0,0,1
2.0,0.0,1,0,0,0.0,0.0,3,1,0.0,3,1,4.0,4.0,2.0,2.0,0.0,2.0,3.0,1,0
3.0,1.0,1,1,0,0.0,0.0,3,3,0.0,3,3,3.0,3.0,3.0,1.0,0.0,1.0,2.0,1,1
2.0,0.0,1,0,0,0.0,0.0,3,1,0.0,3,2,2.0,3.0,2.0,2.0,1.0,2.0,3.0,0,0
3.0,0.0,1,0,0,0.0,0.0,5,4,0.0,5,2,5.0,1.0,5.0,1.0,0.0,1.0,3.0,0,1
1.0,2.0,1,0,0,0.0,0.0,3,3,0.0,5,2,3.0,3.0,3.0,2.0,1.0,1.0,2.0,1,0
2.0,4.0,1,1,0,0.0,0.0,5,4,0.0,3,2,2.0,2.0,1.0,1.0,0.0,2.0,3.0,1,0
5.0,0.0,1,0,0,0.0,0.0,5,3,0.0,2,2,3.0,5.0,2.0,2.0,2.0,1.0,3.0,1,0
4.0,3.0,1,1,1,0.0,0.0,5,4,1.0,1,1,2.0,3.0,4.0,2.0,2.0,2.0,2.0,1,1
3.0,0.0,0,0,0,0.0,0.0,3,1,0.0,3,2,5.0,5.0,1.0,2.0,1.0,2.0,2.0,0,0
2.0,0.0,1,0,0,0.0,0.0,5,1,0.0,1,1,5.0,5.0,5.0,2.0,0.0,2.0,3.0,0,0
5.0,1.0,0,1,0,0.0,0.0,2,1,0.0,5,3,5.0,4.0,4.0,2.0,1.0,2.0,2.0,0,0
5.0,4.0,1,1,1,1.0,0.0,3,2,3.0,3,4,4.0,5.0,4.0,2.0,1.0,1.0,2.0,1,0
7.0,4.0,1,0,0,1.0,1.0,3,1,3.0,5,3,5.0,5.0,5.0,6.0,1.0,2.0,1.0,1,1
2.0,4.0,1,0,0,0.0,0.0,5,1,3.0,4,3,5.0,5.0,5.0,1.0,1.0,1.0,2.0,0,1
2.0,0.0,0,0,0,0.0,0.0,5,1,0.0,3,1,3.0,3.0,1.0,2.0,0.0,2.0,3.0,0,0
3.0,2.0,1,0,0,0.0,0.0,3,1,0.0,4,2,3.0,2.0,1.0,1.0,1.0,4.0,2.0,0,1
2.0,4.0,1,0,0,1.0,0.0,2,3,0.0,2,2,4.0,5.0,4.0,2.0,1.0,1.0,3.0,1,0
2.0,3.0,1,0,0,0.0,0.0,1,1,0.0,1,1,3.0,4.0,4.0,1.0,0.0,1.0,3.0,0,0
5.0,3.0,1,0,0,1.0,1.0,1,1,3.0,5,4,5.0,4.0,4.0,2.0,2.0,2.0,1.0,1,1
5.0,3.0,1,0,0,1.0,0.0,4,1,0.0,2,1,5.0,5.0,5.0,3.0,0.0,1.0,2.0,0,1
2.0,3.0,1,0,0,0.0,0.0,4,3,0.0,2,2,5.0,5.0,5.0,2.0,0.0,2.0,3.0,0,1
4.0,4.0,1,1,1,1.0,1.0,3,1,0.0,3,4,5.0,5.0,5.0,2.0,2.0,1.0,2.0,0,1
3.0,2.0,1,0,1,1.0,0.0,5,1,3.0,5,4,1.0,1.0,1.0,2.0,2.0,1.0,3.0,1,0
2.0,2.0,1,1,0,0.0,0.0,4,1,0.0,5,1,5.0,5.0,1.0,2.0,0.0,1.0,1.0,0,1
1.0,0.0,1,0,0,0.0,0.0,5,1,0.0,4,5,2.0,2.0,1.0,1.0,1.0,1.0,3.0,1,0
1.0,0.0,1,0,0,0.0,0.0,2,3,0.0,1,2,5.0,3.0,5.0,1.0,0.0,1.0,3.0,1,1
1.0,3.0,1,0,0,0.0,0.0,5,1,0.0,1,1,1.0,3.0,3.0,1.0,0.0,1.0,3.0,0,0
1.0,0.0,1,0,0,1.0,0.0,3,4,1.0,3,2,2.0,1.0,2.0,2.0,0.0,1.0,3.0,0,1
1.0,4.0,1,0,0,0.0,0.0,5,5,1.0,5,5,4.0,3.0,5.0,1.0,1.0,1.0,3.0,0,0
3.0,4.0,1,1,0,0.0,0.0,3,3,1.0,3,5,2.0,3.0,4.0,2.0,1.0,2.0,2.0,0,1
4.0,0.0,1,0,1,1.0,0.0,5,3,0.0,2,1,3.0,3.0,2.0,2.0,0.0,1.0,3.0,1,1
5.0,0.0,0,0,0,0.0,0.0,2,1,0.0,5,2,3.0,4.0,3.0,2.0,1.0,1.0,2.0,1,0
1.0,2.0,0,0,0,0.0,0.0,3,1,0.0,4,5,3.0,5.0,5.0,2.0,2.0,2.0,3.0,0,0
1.0,1.0,1,0,0,0.0,0.0,2,1,0.0,2,3,2.0,1.0,4.0,1.0,2.0,1.0,3.0,0,0
1.0,0.0,0,0,0,0.0,1.0,5,5,1.0,4,3,1.0,1.0,1.0,5.0,1.0,2.0,3.0,1,0
1.0,0.0,1,0,0,1.0,0.0,5,4,0.0,1,1,1.0,1.0,1.0,2.0,0.0,2.0,3.0,0,1
4.0,4.0,1,0,1,0.0,0.0,4,2,1.0,2,1,3.0,3.0,2.0,2.0,1.0,2.0,3.0,0,0
3.0,4.0,1,0,0,0.0,0.0,5,3,0.0,2,5,1.0,5.0,1.0,1.0,0.0,2.0,3.0,0,1
2.0,0.0,0,1,0,0.0,0.0,3,1,0.0,2,1,1.0,5.0,2.0,2.0,1.0,2.0,2.0,1,1
3.0,4.0,1,0,0,1.0,1.0,3,1,0.0,1,2,2.0,4.0,1.0,1.0,1.0,2.0,2.0,0,0
1.0,3.0,1,1,0,0.0,0.0,3,4,0.0,4,3,4.0,2.0,5.0,1.0,2.0,2.0,2.0,1,0
10.0,4.0,1,1,0,1.0,0.0,2,1,0.0,5,4,5.0,4.0,5.0,5.0,2.0,3.0,1.0,1,0
7.0,0.0,1,1,1,1.0,1.0,3,1,1.0,4,4,5.0,5.0,5.0,4.0,2.0,2.0,1.0,1,1
5.0,4.0,1,0,0,1.0,0.0,5,1,0.0,5,5,5.0,5.0,5.0,2.0,0.0,2.0,1.0,1,1
5.0,0.0,0,0,0,1.0,0.0,5,1,0.0,2,3,1.0,5.0,4.0,2.0,1.0,1.0,1.0,1,0
4.0,4.0,1,1,0,1.0,1.0,3,1,0.0,3,2,5.0,5.0,5.0,2.0,2.0,1.0,1.0,1,1
2.0,0.0,1,0,0,0.0,0.0,5,5,0.0,2,1,2.0,2.0,1.0,2.0,0.0,1.0,3.0,0,0
4.0,0.0,0,0,0,0.0,0.0,3,3,0.0,3,2,3.0,3.0,2.0,2.0,1.0,1.0,3.0,0,0
2.0,0.0,0,0,0,1.0,0.0,5,3,0.0,4,4,3.0,2.0,3.0,2.0,0.0,1.0,2.0,1,1
2.0,4.0,1,0,0,0.0,0.0,5,3,0.0,2,1,5.0,3.0,3.0,2.0,0.0,1.0,2.0,0,0
4.0,0.0,0,0,0,0.0,0.0,1,3,0.0,1,1,1.0,3.0,1.0,2.0,2.0,1.0,3.0,0,0
3.0,0.0,1,1,0,1.0,0.0,3,3,0.0,3,2,1.0,5.0,4.0,2.0,1.0,1.0,2.0,0,0
5.0,4.0,1,1,1,1.0,1.0,5,5,0.0,3,3,5.0,5.0,1.0,5.0,1.0,2.0,2.0,0,0
6.0,4.0,1,1,0,1.0,0.0,3,2,0.0,3,3,5.0,4.0,5.0,5.0,1.0,2.0,2.0,1,1
2.0,0.0,1,0,0,0.0,0.0,4,4,3.0,2,2,5.0,5.0,4.0,1.0,2.0,2.0,2.0,0,1
1.0,3.0,1,0,0,0.0,0.0,3,3,0.0,2,1,2.0,3.0,4.0,1.0,0.0,1.0,3.0,0,0
4.0,1.0,0,1,0,0.0,0.0,3,3,0.0,3,1,3.0,2.0,5.0,2.0,0.0,1.0,2.0,0,1
1.0,4.0,1,1,0,0.0,0.0,5,1,0.0,2,5,5.0,5.0,5.0,5.0,1.0,1.0,3.0,1,1
1.0,2.0,1,0,0,0.0,0.0,5,1,0.0,1,1,1.0,1.0,1.0,1.0,0.0,1.0,3.0,0,0
4.0,4.0,1,0,0,0.0,0.0,4,3,0.0,3,1,2.0,2.0,1.0,2.0,1.0,1.0,3.0,1,0
2.0,3.0,0,0,1,0.0,1.0,5,1,3.0,3,4,5.0,4.0,5.0,2.0,2.0,2.0,2.0,1,0
2.0,3.0,0,0,0,0.0,0.0,3,3,0.0,5,2,3.0,3.0,4.0,3.0,1.0,1.0,3.0,0,1
2.0,3.0,1,1,1,1.0,1.0,2,1,3.0,2,4,3.0,5.0,5.0,5.0,2.0,2.0,1.0,1,1
1.0,3.0,1,0,0,0.0,0.0,3,1,0.0,2,1,5.0,3.0,4.0,1.0,1.0,2.0,3.0,0,0
4.0,0.0,1,0,0,0.0,0.0,2,1,0.0,1,2,4.0,3.0,4.0,2.0,0.0,2.0,3.0,0,0
2.0,4.0,0,0,0,0.0,1.0,3,1,0.0,1,2,1.0,5.0,3.0,1.0,0.0,2.0,3.0,0,1
2.0,3.0,0,0,0,1.0,0.0,3,2,0.0,4,3,2.0,5.0,3.0,2.0,1.0,1.0,2.0,0,0
1.0,3.0,0,0,0,0.0,0.0,4,1,0.0,2,1,3.0,1.0,5.0,0.0,1.0,1.0,3.0,0,1
1.0,4.0,1,1,0,0.0,0.0,5,1,0.0,1,2,3.0,5.0,2.0,2.0,0.0,2.0,3.0,0,0
2.0,3.0,1,0,0,0.0,0.0,3,5,0.0,3,3,1.0,3.0,2.0,2.0,1.0,1.0,3.0,0,0
1.0,0.0,1,0,0,0.0,0.0,2,1,0.0,1,2,1.0,1.0,1.0,1.0,0.0,1.0,3.0,0,0
1.0,4.0,1,0,0,0.0,0.0,3,1,0.0,2,1,5.0,3.0,5.0,1.0,0.0,1.0,2.0,0,0
1.0,3.0,1,0,0,0.0,0.0,4,2,0.0,2,2,5.0,5.0,2.0,2.0,0.0,3.0,2.0,0,1
1.0,0.0,1,0,0,0.0,0.0,5,5,0.0,3,2,1.0,3.0,3.0,3.0,0.0,1.0,3.0,0,0
2.0,1.0,1,0,0,0.0,0.0,5,1,0.0,5,3,5.0,5.0,5.0,1.0,2.0,3.0,2.0,0,0
3.0,4.0,1,0,0,0.0,0.0,4,1,0.0,2,1,5.0,5.0,2.0,1.0,1.0,1.0,3.0,1,0
8.0,4.0,1,1,1,1.0,1.0,1,1,3.0,1,5,5.0,5.0,5.0,2.0,2.0,2.0,1.0,1,1
2.0,0.0,1,0,0,0.0,0.0,3,2,0.0,2,3,5.0,5.0,4.0,1.0,1.0,2.0,2.0,1,0
4.0,3.0,1,0,0,0.0,0.0,5,5,1.0,3,1,5.0,1.0,3.0,4.0,0.0,2.0,1.0,0,0
1.0,3.0,1,0,0,0.0,0.0,3,1,0.0,5,3,5.0,5.0,5.0,1.0,0.0,1.0,2.0,0,0
2.0,0.0,1,0,1,0.0,0.0,5,3,0.0,3,5,2.0,5.0,4.0,2.0,2.0,2.0,1.0,1,1
4.0,0.0,1,1,1,1.0,1.0,3,1,0.0,1,1,5.0,1.0,1.0,1.0,0.0,2.0,2.0,1,1
2.0,0.0,1,0,0,0.0,0.0,5,1,0.0,3,2,5.0,3.0,1.0,2.0,0.0,2.0,1.0,0,0
5.0,1.0,1,1,0,1.0,0.0,2,3,1.0,1,3,4.0,3.0,2.0,5.0,2.0,2.0,3.0,1,0
5.0,3.0,1,1,0,1.0,1.0,5,2,0.0,4,2,5.0,5.0,4.0,2.0,1.0,1.0,2.0,1,1
4.0,0.0,1,1,1,0.0,0.0,1,1,1.0,5,4,2.0,4.0,5.0,3.0,1.0,1.0,1.0,1,0
1.0,1.0,0,0,0,0.0,0.0,3,1,0.0,3,1,5.0,5.0,5.0,1.0,1.0,1.0,3.0,0,0
3.0,0.0,1,1,0,0.0,0.0,3,1,0.0,4,5,5.0,5.0,5.0,3.0,2.0,2.0,2.0,1,0
7.0,0.0,0,1,0,0.0,0.0,1,1,0.0,5,4,4.0,5.0,5.0,3.0,1.0,2.0,1.0,1,1
4.0,4.0,1,0,0,0.0,0.0,1,1,0.0,5,4,5.0,3.0,3.0,2.0,0.0,2.0,2.0,1,0
5.0,0.0,1,0,0,0.0,0.0,3,2,0.0,2,5,5.0,5.0,5.0,2.0,0.0,2.0,2.0,1,0
5.0,4.0,1,0,0,1.0,1.0,4,5,3.0,5,4,5.0,5.0,1.0,2.0,0.0,2.0,3.0,0,1
6.0,0.0,1,1,0,0.0,0.0,3,2,0.0,1,3,4.0,4.0,1.0,5.0,2.0,3.0,2.0,0,1
1.0,1.0,1,1,0,0.0,0.0,5,2,0.0,2,3,1.0,5.0,5.0,2.0,0.0,3.0,2.0,0,1
2.0,4.0,0,0,0,1.0,1.0,4,2,0.0,3,3,5.0,5.0,2.0,5.0,1.0,2.0,3.0,0,0
3.0,3.0,1,1,0,0.0,0.0,2,1,0.0,2,1,4.0,5.0,5.0,2.0,1.0,1.0,2.0,1,0
4.0,0.0,1,0,0,1.0,0.0,3,1,0.0,4,1,5.0,4.0,4.0,4.0,1.0,2.0,1.0,0,1
4.0,3.0,0,0,0,0.0,0.0,3,1,0.0,1,1,1.0,5.0,1.0,1.0,0.0,1.0,3.0,0,0
2.0,2.0,1,1,0,0.0,0.0,2,1,0.0,4,2,5.0,5.0,5.0,3.0,1.0,2.0,1.0,1,0
3.0,1.0,0,0,0,0.0,0.0,5,1,0.0,4,1,1.0,1.0,4.0,2.0,1.0,3.0,3.0,0,0
4.0,4.0,0,1,0,1.0,0.0,5,3,3.0,3,3,1.0,3.0,1.0,5.0,0.0,1.0,3.0,0,1
4.0,0.0,0,0,0,0.0,0.0,4,3,0.0,3,2,3.0,2.0,2.0,5.0,1.0,1.0,3.0,0,1
6.0,0.0,0,1,0,0.0,0.0,3,1,0.0,3,2,1.0,4.0,4.0,5.0,2.0,2.0,2.0,1,1
4.0,0.0,1,0,0,1.0,0.0,2,2,0.0,4,5,5.0,5.0,1.0,2.0,1.0,1.0,2.0,0,0
10.0,0.0,0,0,0,1.0,1.0,1,1,0.0,4,5,3.0,4.0,4.0,2.0,1.0,2.0,1.0,0,0
3.0,3.0,0,1,0,1.0,0.0,3,3,0.0,3,3,3.0,4.0,5.0,2.0,1.0,2.0,2.0,1,0
6.0,4.0,1,1,0,1.0,1.0,3,3,0.0,2,1,3.0,4.0,5.0,2.0,0.0,3.0,2.0,0,0
5.0,1.0,1,1,1,1.0,1.0,5,3,0.0,2,4,3.0,4.0,3.0,2.0,2.0,1.0,3.0,1,1
8.0,4.0,1,0,1,0.0,0.0,1,1,0.0,3,4,5.0,5.0,5.0,3.0,1.0,2.0,1.0,1,1
5.0,4.0,1,1,1,1.0,1.0,1,5,1.0,3,1,4.0,3.0,3.0,5.0,1.0,2.0,2.0,0,0
5.0,3.0,1,1,1,1.0,1.0,3,2,0.0,3,2,3.0,4.0,3.0,3.0,1.0,1.0,2.0,1,1
5.0,3.0,1,0,1,1.0,1.0,3,3,1.0,3,2,3.0,4.0,3.0,5.0,2.0,3.0,2.0,0,1
3.0,0.0,1,0,0,0.0,0.0,3,3,3.0,5,2,4.0,3.0,3.0,2.0,1.0,2.0,1.0,0,1
2.0,3.0,1,0,0,0.0,0.0,4,4,0.0,1,1,1.0,5.0,1.0,1.0,1.0,1.0,3.0,0,0
1.0,3.0,1,0,0,0.0,0.0,5,5,0.0,1,1,1.0,1.0,4.0,0.0,0.0,1.0,3.0,0,0
4.0,3.0,1,0,0,0.0,0.0,1,1,3.0,1,1,5.0,5.0,5.0,2.0,0.0,2.0,2.0,0,0
6.0,2.0,0,0,0,1.0,0.0,3,2,0.0,2,3,5.0,4.0,3.0,3.0,1.0,1.0,2.0,0,0
4.0,2.0,0,0,0,0.0,0.0,1,1,0.0,3,1,1.0,5.0,1.0,2.0,1.0,2.0,2.0,1,0
7.0,4.0,1,1,0,0.0,0.0,2,1,3.0,3,3,5.0,5.0,5.0,4.0,2.0,2.0,2.0,1,0
5.0,0.0,1,0,0,1.0,0.0,5,1,0.0,2,2,5.0,5.0,5.0,2.0,2.0,2.0,3.0,1,1
6.0,2.0,0,1,0,0.0,0.0,3,1,0.0,3,3,1.0,5.0,3.0,2.0,1.0,1.0,2.0,0,0
5.0,2.0,1,0,0,0.0,0.0,5,1,0.0,2,1,3.0,3.0,1.0,1.0,2.0,2.0,2.0,0,1
4.0,1.0,0,0,0,0.0,0.0,1,1,0.0,1,1,5.0,4.0,3.0,1.0,2.0,1.0,1.0,0,0
4.0,3.0,1,0,0,0.0,0.0,3,1,0.0,3,2,1.0,5.0,1.0,3.0,2.0,1.0,3.0,1,0
4.0,0.0,0,0,0,0.0,0.0,4,1,0.0,2,1,1.0,1.0,1.0,2.0,0.0,1.0,3.0,0,0
5.0,2.0,0,0,0,0.0,0.0,1,1,0.0,1,1,3.0,5.0,5.0,3.0,2.0,1.0,2.0,0,1
4.0,0.0,0,0,0,1.0,0.0,2,1,0.0,5,4,5.0,5.0,1.0,2.0,1.0,1.0,2.0,0,0
6.0,3.0,1,0,0,0.0,0.0,3,1,1.0,2,1,4.0,4.0,2.0,2.0,2.0,1.0,3.0,0,0
1.0,4.0,1,0,0,0.0,0.0,5,1,0.0,1,1,1.0,2.0,4.0,1.0,0.0,2.0,3.0,0,0
2.0,0.0,1,0,0,0.0,0.0,5,1,0.0,1,1,2.0,3.0,3.0,1.0,0.0,1.0,3.0,0,1
1.0,1.0,1,0,0,0.0,0.0,4,2,0.0,1,1,4.0,3.0,2.0,1.0,0.0,1.0,3.0,1,0
1.0,1.0,1,0,0,0.0,0.0,3,3,0.0,5,5,5.0,5.0,1.0,2.0,0.0,1.0,3.0,0,0
2.0,1.0,1,0,0,0.0,0.0,4,3,0.0,2,2,1.0,5.0,5.0,1.0,1.0,1.0,3.0,0,0
1.0,1.0,1,0,0,0.0,0.0,4,4,0.0,1,1,3.0,1.0,1.0,1.0,0.0,1.0,3.0,0,1
1.0,0.0,0,0,0,0.0,0.0,5,1,0.0,1,2,1.0,1.0,1.0,5.0,1.0,3.0,3.0,0,1
1.0,0.0,0,0,0,0.0,0.0,2,3,0.0,3,2,1.0,1.0,1.0,2.0,0.0,1.0,3.0,0,0
2.0,2.0,0,1,1,0.0,0.0,2,3,0.0,2,3,3.0,3.0,5.0,2.0,2.0,1.0,2.0,1,1
4.0,4.0,1,0,0,0.0,0.0,4,4,0.0,2,3,3.0,2.0,3.0,5.0,0.0,2.0,3.0,1,0
5.0,0.0,1,0,0,0.0,0.0,5,5,1.0,4,1,1.0,5.0,1.0,2.0,0.0,1.0,3.0,1,0
5.0,4.0,1,0,0,1.0,1.0,1,1,0.0,4,5,1.0,5.0,1.0,3.0,1.0,1.0,2.0,0,1
3.0,0.0,1,0,0,0.0,0.0,4,3,0.0,1,1,5.0,4.0,2.0,1.0,1.0,1.0,2.0,0,0
4.0,3.0,1,0,0,0.0,0.0,5,3,0.0,2,2,5.0,4.0,4.0,2.0,2.0,1.0,2.0,0,1
4.0,4.0,1,1,0,1.0,1.0,1,1,0.0,2,5,5.0,5.0,5.0,2.0,1.0,2.0,3.0,0,0
2.0,4.0,1,1,0,0.0,0.0,3,1,0.0,3,2,5.0,5.0,5.0,2.0,1.0,2.0,2.0,1,1
2.0,1.0,0,1,0,1.0,1.0,3,3,1.0,3,3,5.0,3.0,5.0,3.0,0.0,1.0,2.0,0,1
4.0,2.0,1,0,0,0.0,0.0,3,3,0.0,2,2,5.0,3.0,1.0,5.0,1.0,2.0,3.0,1,0
5.0,4.0,1,0,0,1.0,0.0,5,3,3.0,5,1,4.0,3.0,3.0,5.0,0.0,2.0,3.0,0,1
2.0,4.0,1,0,0,0.0,0.0,5,5,0.0,2,2,5.0,5.0,1.0,2.0,0.0,2.0,3.0,0,0
2.0,0.0,1,0,0,0.0,0.0,3,1,0.0,3,2,4.0,5.0,2.0,3.0,0.0,1.0,2.0,0,1
5.0,4.0,1,1,1,1.0,1.0,1,1,0.0,4,4,5.0,1.0,5.0,4.0,0.0,2.0,1.0,1,1
6.0,4.0,1,1,1,1.0,1.0,4,3,0.0,1,2,3.0,2.0,1.0,3.0,1.0,2.0,3.0,0,1
5.0,4.0,0,1,1,1.0,1.0,3,2,1.0,3,5,4.0,5.0,4.0,5.0,1.0,3.0,2.0,1,1
4.0,4.0,0,1,0,0.0,0.0,3,2,0.0,4,3,5.0,5.0,5.0,3.0,2.0,2.0,2.0,0,0
3.0,2.0,1,0,0,0.0,0.0,3,1,0.0,2,2,5.0,5.0,2.0,2.0,2.0,2.0,1.0,0,1
5.0,1.0,0,1,0,0.0,0.0,5,1,1.0,1,1,1.0,5.0,5.0,1.0,0.0,1.0,2.0,0,1
6.0,4.0,0,1,0,0.0,0.0,1,1,0.0,3,3,4.0,1.0,4.0,3.0,1.0,1.0,1.0,1,0
2.0,0.0,1,0,1,1.0,0.0,2,1,0.0,2,1,3.0,4.0,2.0,2.0,0.0,1.0,2.0,1,1
5.0,4.0,1,0,0,1.0,0.0,5,1,3.0,3,5,5.0,5.0,5.0,3.0,1.0,1.0,1.0,0,0
1.0,2.0,1,0,0,0.0,0.0,5,4,0.0,4,5,2.0,3.0,3.0,2.0,2.0,1.0,1.0,0,1
10.0,4.0,1,1,1,1.0,1.0,2,2,3.0,4,4,4.0,3.0,4.0,6.0,2.0,3.0,1.0,0,1
7.0,1.0,1,1,1,1.0,1.0,2,1,0.0,3,5,5.0,4.0,5.0,2.0,2.0,3.0,1.0,1,0
4.0,0.0,1,0,0,0.0,0.0,3,1,0.0,2,4,3.0,4.0,5.0,4.0,1.0,2.0,2.0,0,1
6.0,4.0,1,1,0,1.0,0.0,2,1,0.0,3,2,5.0,5.0,5.0,5.0,1.0,2.0,1.0,0,0
6.0,4.0,0,0,0,1.0,0.0,3,3,0.0,5,3,5.0,5.0,5.0,4.0,2.0,2.0,1.0,1,0
5.0,4.0,1,0,0,1.0,1.0,4,2,1.0,2,1,4.0,3.0,3.0,2.0,2.0,3.0,3.0,0,1
1.0,3.0,1,0,0,0.0,0.0,4,2,3.0,1,1,1.0,3.0,1.0,0.0,0.0,1.0,3.0,0,0
10.0,4.0,1,1,1,1.0,1.0,1,1,1.0,4,5,5.0,5.0,5.0,5.0,1.0,3.0,2.0,1,1
3.0,2.0,1,0,0,0.0,0.0,4,5,0.0,5,4,5.0,5.0,1.0,2.0,1.0,1.0,3.0,0,0
2.0,1.0,1,0,0,0.0,0.0,3,3,0.0,2,3,3.0,3.0,2.0,2.0,0.0,2.0,3.0,0,0
2.0,0.0,1,1,0,0.0,0.0,3,1,0.0,4,1,2.0,1.0,4.0,1.0,1.0,1.0,1.0,0,1
3.0,2.0,0,0,0,0.0,0.0,5,4,0.0,5,3,4.0,5.0,2.0,1.0,1.0,1.0,1.0,0,0
2.0,4.0,0,1,0,1.0,0.0,3,3,0.0,2,1,5.0,5.0,4.0,2.0,2.0,1.0,2.0,1,0
5.0,3.0,1,1,1,0.0,0.0,3,3,0.0,3,2,3.0,5.0,3.0,2.0,1.0,1.0,3.0,0,1
4.0,0.0,1,0,0,0.0,0.0,2,1,0.0,1,1,1.0,1.0,2.0,1.0,0.0,1.0,3.0,0,0
5.0,3.0,0,0,0,0.0,0.0,3,1,0.0,2,4,2.0,4.0,1.0,1.0,1.0,2.0,2.0,0,0
3.0,0.0,1,0,0,1.0,1.0,4,1,0.0,5,4,2.0,4.0,4.0,2.0,1.0,1.0,2.0,0,0
4.0,0.0,0,1,0,1.0,0.0,4,3,0.0,2,2,2.0,3.0,2.0,2.0,1.0,1.0,2.0,1,1
4.0,0.0,0,1,0,1.0,0.0,2,2,0.0,4,4,5.0,3.0,3.0,2.0,1.0,1.0,1.0,1,0
4.0,4.0,0,0,0,1.0,0.0,3,3,1.0,4,4,5.0,5.0,3.0,2.0,1.0,1.0,2.0,0,0
7.0,4.0,0,1,0,0.0,0.0,3,1,0.0,4,5,5.0,3.0,4.0,2.0,2.0,1.0,1.0,1,1
1.0,0.0,1,0,0,0.0,0.0,4,1,0.0,2,2,1.0,2.0,1.0,2.0,0.0,2.0,2.0,0,0
4.0,4.0,1,0,0,1.0,1.0,2,1,0.0,3,4,2.0,5.0,5.0,3.0,1.0,1.0,2.0,1,1
2.0,4.0,1,0,0,0.0,0.0,1,1,0.0,1,1,4.0,4.0,4.0,2.0,2.0,1.0,2.0,0,0
3.0,0.0,1,0,1,0.0,0.0,4,3,0.0,3,1,5.0,5.0,5.0,2.0,0.0,2.0,3.0,0,0
5.0,3.0,1,0,0,0.0,0.0,5,1,0.0,1,1,1.0,1.0,4.0,2.0,1.0,2.0,3.0,0,0
3.0,3.0,1,1,0,1.0,0.0,2,1,0.0,3,2,5.0,5.0,5.0,3.0,1.0,2.0,2.0,1,0
5.0,3.0,1,0,0,0.0,0.0,3,3,0.0,3,1,4.0,5.0,5.0,2.0,1.0,2.0,2.0,1,1
3.0,4.0,1,0,0,0.0,0.0,4,1,0.0,1,1,1.0,5.0,1.0,1.0,2.0,2.0,2.0,0,0
5.0,4.0,1,0,0,1.0,1.0,4,5,0.0,2,1,3.0,4.0,4.0,1.0,0.0,1.0,3.0,0,0
6.0,4.0,1,1,0,1.0,0.0,4,1,0.0,3,4,1.0,5.0,3.0,2.0,2.0,1.0,2.0,1,0
9.0,4.0,1,1,1,1.0,1.0,4,3,1.0,3,5,4.0,3.0,4.0,4.0,2.0,3.0,1.0,1,1
2.0,2.0,1,1,0,0.0,0.0,5,2,0.0,1,2,2.0,1.0,1.0,1.0,0.0,2.0,3.0,0,1
2.0,2.0,1,1,0,0.0,0.0,5,4,0.0,3,3,3.0,4.0,3.0,2.0,1.0,1.0,3.0,0,0
4.0,4.0,0,0,0,1.0,0.0,3,3,0.0,2,2,2.0,3.0,2.0,3.0,1.0,1.0,1.0,0,0
1.0,3.0,1,0,0,0.0,0.0,4,1,0.0,4,1,1.0,1.0,5.0,1.0,0.0,1.0,3.0,0,1
4.0,2.0,1,1,0,0.0,0.0,5,1,0.0,3,3,1.0,5.0,5.0,2.0,0.0,1.0,3.0,0,1
3.0,3.0,1,0,0,0.0,0.0,3,3,0.0,3,2,1.0,2.0,3.0,2.0,1.0,2.0,2.0,0,0
5.0,4.0,1,0,0,1.0,1.0,2,1,0.0,2,3,2.0,5.0,2.0,2.0,2.0,1.0,1.0,1,0
4.0,4.0,1,0,0,0.0,0.0,3,1,0.0,3,3,3.0,2.0,2.0,2.0,2.0,2.0,2.0,0,0
4.0,4.0,0,0,0,0.0,0.0,4,1,0.0,1,1,1.0,1.0,1.0,2.0,1.0,1.0,3.0,0,0
4.0,0.0,0,0,0,0.0,0.0,5,1,0.0,1,1,1.0,1.0,1.0,1.0,1.0,1.0,3.0,0,0
7.0,1.0,0,1,1,1.0,0.0,1,3,0.0,3,2,5.0,5.0,4.0,2.0,1.0,1.0,1.0,0,1
3.0,0.0,0,0,0,0.0,0.0,5,3,0.0,2,2,1.0,1.0,1.0,1.0,1.0,1.0,3.0,0,1
2.0,0.0,0,0,0,0.0,0.0,5,1,3.0,4,4,2.0,3.0,3.0,1.0,1.0,1.0,1.0,0,0
2.0,4.0,1,0,0,0.0,0.0,5,1,0.0,1,1,1.0,2.0,1.0,1.0,2.0,2.0,3.0,0,0
2.0,4.0,1,1,0,0.0,0.0,3,4,0.0,1,3,4.0,4.0,4.0,2.0,0.0,1.0,3.0,0,0
4.0,0.0,0,0,0,0.0,0.0,3,2,0.0,5,4,3.0,3.0,2.0,5.0,2.0,2.0,3.0,0,1
4.0,2.0,1,0,1,0.0,0.0,5,5,3.0,1,5,1.0,1.0,1.0,1.0,0.0,2.0,3.0,0,0
7.0,4.0,1,1,0,1.0,0.0,4,3,3.0,2,3,4.0,4.0,3.0,5.0,2.0,2.0,3.0,0,0
1.0,0.0,0,0,0,0.0,0.0,3,1,0.0,4,5,5.0,5.0,1.0,2.0,0.0,1.0,3.0,0,0
4.0,3.0,1,0,1,1.0,0.0,3,1,0.0,3,2,4.0,4.0,4.0,4.0,2.0,2.0,2.0,0,0
4.0,4.0,1,1,0,1.0,0.0,1,3,0.0,4,4,5.0,3.0,4.0,2.0,1.0,2.0,2.0,1,1
3.0,4.0,1,0,0,1.0,0.0,3,3,0.0,3,3,1.0,3.0,3.0,1.0,1.0,1.0,2.0,0,0
3.0,0.0,1,0,0,0.0,0.0,3,3,0.0,2,2,2.0,2.0,2.0,2.0,2.0,1.0,2.0,0,1
7.0,0.0,1,1,1,1.0,0.0,1,1,3.0,3,5,5.0,5.0,4.0,2.0,1.0,2.0,1.0,0,1
5.0,4.0,1,0,0,1.0,1.0,2,1,0.0,3,5,5.0,4.0,5.0,2.0,1.0,2.0,1.0,0,1
1.0,0.0,1,1,0,0.0,0.0,5,3,0.0,2,1,1.0,2.0,3.0,2.0,1.0,2.0,1.0,0,1
3.0,3.0,1,0,0,0.0,0.0,3,4,0.0,2,3,5.0,2.0,2.0,2.0,1.0,2.0,2.0,0,1
4.0,4.0,1,0,1,1.0,0.0,3,1,0.0,4,2,5.0,5.0,5.0,4.0,2.0,1.0,2.0,0,1
8.0,0.0,1,0,0,0.0,0.0,3,1,0.0,1,2,5.0,5.0,5.0,2.0,2.0,2.0,3.0,0,1
7.0,4.0,1,1,0,1.0,1.0,2,1,0.0,4,4,5.0,5.0,5.0,2.0,0.0,3.0,1.0,0,1
4.0,4.0,1,0,0,0.0,1.0,5,5,0.0,1,1,1.0,1.0,1.0,3.0,2.0,1.0,3.0,1,1
6.0,2.0,1,0,0,1.0,0.0,3,1,0.0,3,4,5.0,5.0,3.0,2.0,2.0,1.0,1.0,1,1
2.0,2.0,1,0,0,0.0,0.0,3,2,0.0,2,3,2.0,3.0,3.0,2.0,1.0,2.0,3.0,0,0
2.0,3.0,1,1,0,0.0,0.0,3,1,0.0,3,4,1.0,5.0,5.0,2.0,1.0,2.0,3.0,0,0
4.0,0.0,0,1,0,0.0,0.0,3,3,0.0,3,5,1.0,5.0,5.0,1.0,1.0,2.0,2.0,0,0
4.0,0.0,0,0,0,0.0,0.0,1,1,0.0,3,2,5.0,5.0,5.0,4.0,0.0,2.0,2.0,1,0
3.0,0.0,0,0,0,0.0,0.0,5,3,0.0,2,2,1.0,5.0,1.0,2.0,1.0,2.0,3.0,0,0
1.0,0.0,1,0,0,0.0,0.0,2,1,0.0,1,1,2.0,4.0,1.0,1.0,1.0,2.0,3.0,0,1
2.0,3.0,1,0,0,0.0,0.0,3,1,0.0,5,4,4.0,4.0,3.0,5.0,0.0,2.0,2.0,1,0
4.0,0.0,1,0,0,1.0,0.0,4,5,0.0,4,2,5.0,4.0,4.0,2.0,1.0,2.0,2.0,0,1
3.0,2.0,1,0,0,0.0,0.0,3,3,0.0,5,2,3.0,3.0,4.0,3.0,2.0,2.0,2.0,0,0
2.0,1.0,0,0,0,0.0,0.0,4,3,0.0,2,1,3.0,4.0,1.0,0.0,2.0,1.0,3.0,0,0
4.0,4.0,1,1,0,1.0,0.0,5,3,1.0,2,2,1.0,1.0,1.0,2.0,0.0,1.0,2.0,0,0
4.0,4.0,1,0,0,0.0,0.0,3,3,0.0,2,3,2.0,3.0,3.0,1.0,1.0,1.0,2.0,0,1
3.0,3.0,1,0,0,0.0,0.0,1,1,0.0,4,1,1.0,1.0,1.0,1.0,0.0,2.0,2.0,0,0
1.0,4.0,1,0,0,0.0,0.0,2,1,0.0,1,1,1.0,1.0,1.0,2.0,0.0,2.0,3.0,0,1
4.0,3.0,1,0,0,0.0,0.0,3,5,0.0,4,2,2.0,1.0,1.0,1.0,0.0,2.0,1.0,0,0
6.0,2.0,1,1,0,1.0,0.0,3,1,3.0,5,3,4.0,4.0,4.0,4.0,1.0,1.0,2.0,1,1
4.0,3.0,1,0,0,0.0,0.0,5,1,0.0,1,1,3.0,4.0,1.0,3.0,0.0,1.0,3.0,0,0
1.0,0.0,1,0,0,0.0,0.0,3,1,0.0,4,2,1.0,1.0,1.0,3.0,0.0,1.0,2.0,0,0
5.0,2.0,0,0,0,0.0,0.0,3,3,0.0,2,3,1.0,3.0,1.0,2.0,1.0,1.0,3.0,0,1
1.0,2.0,1,0,0,0.0,0.0,1,1,0.0,1,2,1.0,5.0,5.0,1.0,1.0,1.0,2.0,0,0
5.0,0.0,1,0,0,1.0,1.0,3,2,3.0,3,3,3.0,2.0,5.0,5.0,0.0,3.0,1.0,0,1
1.0,1.0,1,0,0,0.0,0.0,5,1,0.0,2,2,5.0,5.0,1.0,0.0,0.0,1.0,3.0,0,0
4.0,0.0,0,0,0,0.0,0.0,5,5,0.0,1,1,1.0,1.0,1.0,2.0,0.0,1.0,3.0,0,0
3.0,3.0,0,0,0,0.0,0.0,3,3,3.0,5,1,5.0,5.0,5.0,2.0,1.0,1.0,2.0,1,0
5.0,1.0,1,1,0,1.0,1.0,1,1,0.0,1,2,1.0,5.0,1.0,3.0,0.0,2.0,3.0,0,0
3.0,4.0,1,1,1,0.0,0.0,3,1,0.0,3,2,3.0,5.0,3.0,2.0,1.0,2.0,1.0,1,1
2.0,3.0,1,0,0,0.0,0.0,3,1,0.0,2,1,5.0,5.0,5.0,2.0,1.0,2.0,2.0,0,1
3.0,4.0,1,1,0,0.0,0.0,3,2,0.0,2,2,1.0,4.0,2.0,2.0,0.0,1.0,2.0,0,1
1.0,4.0,1,0,0,0.0,0.0,1,1,0.0,5,1,3.0,4.0,5.0,1.0,0.0,1.0,2.0,1,0
6.0,4.0,1,1,0,1.0,1.0,3,1,0.0,5,1,3.0,1.0,1.0,2.0,0.0,1.0,2.0,0,1
2.0,0.0,1,0,0,0.0,0.0,2,3,0.0,3,2,2.0,3.0,2.0,1.0,1.0,2.0,3.0,0,0
2.0,4.0,1,1,0,1.0,1.0,4,3,0.0,5,3,5.0,5.0,1.0,2.0,0.0,1.0,3.0,0,1
6.0,3.0,1,0,1,1.0,1.0,3,1,1.0,5,5,5.0,4.0,4.0,5.0,2.0,1.0,1.0,0,0
4.0,4.0,1,0,0,1.0,1.0,4,2,0.0,2,2,3.0,4.0,3.0,3.0,0.0,2.0,2.0,0,1
1.0,0.0,1,0,0,1.0,1.0,5,4,0.0,2,5,3.0,4.0,3.0,3.0,1.0,2.0,3.0,1,1
4.0,2.0,1,0,0,1.0,0.0,4,2,0.0,1,2,1.0,1.0,1.0,1.0,2.0,1.0,3.0,1,1
4.0,3.0,1,0,0,0.0,0.0,5,2,0.0,3,5,4.0,1.0,5.0,4.0,0.0,2.0,2.0,0,1
4.0,4.0,1,0,0,0.0,0.0,1,1,0.0,4,5,5.0,5.0,5.0,1.0,0.0,2.0,3.0,0,1
4.0,3.0,1,1,0,1.0,1.0,5,3,3.0,3,3,3.0,3.0,4.0,2.0,1.0,3.0,2.0,1,1
4.0,4.0,1,0,0,1.0,1.0,5,1,1.0,2,3,4.0,5.0,3.0,2.0,0.0,1.0,2.0,0,1
2.0,0.0,1,0,0,0.0,0.0,5,5,1.0,3,1,5.0,2.0,3.0,2.0,1.0,1.0,2.0,0,0
4.0,4.0,1,1,0,1.0,0.0,3,2,0.0,3,3,5.0,5.0,5.0,2.0,1.0,1.0,2.0,1,1
2.0,1.0,1,1,0,0.0,0.0,5,3,0.0,3,1,4.0,2.0,4.0,5.0,2.0,2.0,3.0,1,0
4.0,0.0,1,1,0,0.0,0.0,4,2,1.0,3,1,5.0,5.0,5.0,2.0,2.0,2.0,2.0,1,1
4.0,4.0,0,0,0,0.0,0.0,3,2,0.0,3,3,3.0,4.0,2.0,3.0,2.0,2.0,3.0,0,0
5.0,4.0,1,1,1,0.0,0.0,3,3,3.0,5,5,3.0,3.0,3.0,2.0,0.0,2.0,2.0,1,1
4.0,4.0,1,0,0,0.0,0.0,5,1,0.0,5,3,4.0,3.0,4.0,2.0,2.0,1.0,2.0,1,0
2.0,3.0,0,0,0,1.0,1.0,3,1,0.0,3,2,3.0,3.0,3.0,4.0,1.0,1.0,3.0,1,0
5.0,3.0,1,0,0,0.0,0.0,2,1,0.0,3,2,1.0,4.0,4.0,4.0,2.0,1.0,2.0,0,1
5.0,4.0,0,1,0,0.0,0.0,2,2,0.0,5,3,4.0,5.0,3.0,4.0,2.0,1.0,2.0,1,1
7.0,2.0,1,1,1,0.0,1.0,1,3,0.0,5,2,5.0,5.0,5.0,3.0,2.0,2.0,2.0,1,1
5.0,0.0,0,0,0,0.0,0.0,5,1,0.0,2,1,1.0,1.0,1.0,2.0,1.0,2.0,3.0,0,0
4.0,4.0,1,0,0,0.0,0.0,3,1,0.0,1,1,1.0,1.0,5.0,2.0,1.0,2.0,3.0,0,0
6.0,3.0,1,1,1,1.0,0.0,4,2,3.0,4,4,4.0,4.0,4.0,2.0,1.0,2.0,2.0,1,1
5.0,0.0,1,1,0,0.0,0.0,3,2,0.0,4,3,5.0,4.0,4.0,2.0,2.0,2.0,2.0,1,0
3.0,3.0,1,1,0,0.0,0.0,3,1,0.0,2,1,5.0,5.0,5.0,2.0,0.0,2.0,3.0,0,0
2.0,4.0,1,0,0,0.0,0.0,3,1,0.0,2,4,5.0,5.0,5.0,2.0,2.0,1.0,1.0,0,0
3.0,4.0,1,0,0,0.0,0.0,5,3,0.0,3,5,5.0,4.0,4.0,1.0,1.0,2.0,3.0,1,0
3.0,4.0,1,0,0,0.0,0.0,3,1,0.0,4,5,3.0,2.0,5.0,1.0,1.0,2.0,2.0,0,1
1.0,2.0,1,0,0,0.0,0.0,2,5,0.0,2,4,1.0,4.0,5.0,2.0,1.0,2.0,1.0,1,1
5.0,0.0,1,0,0,0.0,0.0,3,1,0.0,1,4,1.0,3.0,4.0,2.0,1.0,2.0,2.0,1,1
1.0,4.0,0,0,0,0.0,0.0,5,1,0.0,1,1,1.0,1.0,1.0,1.0,1.0,1.0,2.0,1,0
5.0,0.0,1,0,0,0.0,0.0,5,1,0.0,4,4,5.0,5.0,5.0,4.0,2.0,1.0,2.0,1,0
4.0,0.0,1,0,0,0.0,0.0,1,1,0.0,4,4,3.0,3.0,5.0,5.0,1.0,1.0,2.0,0,0
1.0,4.0,0,0,0,0.0,0.0,4,4,0.0,1,2,3.0,2.0,3.0,2.0,2.0,2.0,3.0,1,1
6.0,4.0,1,1,0,1.0,0.0,3,1,1.0,5,5,5.0,5.0,5.0,2.0,2.0,2.0,3.0,1,1
4.0,4.0,1,0,0,0.0,0.0,3,1,0.0,2,1,5.0,1.0,5.0,1.0,1.0,2.0,3.0,0,0
4.0,4.0,0,1,0,0.0,1.0,2,1,0.0,5,5,4.0,4.0,4.0,4.0,0.0,2.0,2.0,0,1
4.0,4.0,1,0,0,0.0,0.0,5,2,1.0,5,1,4.0,4.0,3.0,1.0,1.0,2.0,3.0,0,0
5.0,3.0,1,0,0,1.0,0.0,5,3,1.0,1,1,2.0,5.0,1.0,2.0,1.0,2.0,3.0,0,1
4.0,4.0,1,1,0,0.0,0.0,5,1,0.0,3,4,5.0,5.0,5.0,4.0,1.0,2.0,2.0,0,0
7.0,1.0,1,0,0,1.0,0.0,3,3,0.0,3,4,1.0,5.0,5.0,2.0,1.0,2.0,1.0,1,1
4.0,0.0,0,0,0,0.0,0.0,5,2,0.0,1,1,1.0,1.0,1.0,2.0,0.0,2.0,3.0,1,0
7.0,3.0,1,0,0,0.0,0.0,2,1,0.0,3,4,4.0,5.0,4.0,2.0,1.0,2.0,2.0,0,1
3.0,3.0,1,0,0,1.0,1.0,4,1,0.0,4,5,5.0,5.0,3.0,2.0,1.0,2.0,2.0,0,1
4.0,4.0,1,0,0,0.0,0.0,3,3,1.0,1,1,4.0,5.0,4.0,2.0,1.0,1.0,3.0,1,0
6.0,0.0,0,1,1,1.0,1.0,3,1,0.0,3,5,3.0,4.0,4.0,5.0,1.0,2.0,2.0,1,1
6.0,3.0,1,1,1,1.0,1.0,2,1,0.0,2,5,5.0,5.0,3.0,5.0,1.0,2.0,2.0,1,0
1.0,3.0,1,0,0,0.0,0.0,4,1,0.0,1,1,1.0,5.0,1.0,1.0,1.0,2.0,3.0,0,0
7.0,4.0,1,1,0,1.0,1.0,3,1,0.0,4,5,4.0,5.0,5.0,3.0,2.0,3.0,1.0,1,1
1.0,4.0,0,0,0,0.0,0.0,5,3,0.0,4,2,5.0,5.0,5.0,1.0,1.0,2.0,3.0,0,0
2.0,4.0,1,1,0,0.0,0.0,4,4,0.0,2,2,2.0,4.0,1.0,5.0,0.0,2.0,3.0,1,0
4.0,4.0,0,0,0,0.0,0.0,3,3,0.0,2,3,3.0,2.0,2.0,2.0,1.0,2.0,2.0,0,1
6.0,4.0,1,0,0,1.0,0.0,4,3,0.0,2,1,5.0,5.0,1.0,1.0,1.0,1.0,3.0,0,0
2.0,0.0,0,0,0,0.0,0.0,1,1,0.0,3,2,2.0,4.0,5.0,1.0,2.0,3.0,1.0,0,1
5.0,4.0,0,0,0,0.0,0.0,4,1,0.0,4,1,2.0,5.0,5.0,2.0,1.0,1.0,3.0,0,0
2.0,0.0,1,0,0,0.0,0.0,3,2,0.0,2,1,3.0,5.0,5.0,1.0,0.0,1.0,2.0,0,1
5.0,0.0,1,1,0,0.0,0.0,3,3,0.0,3,4,3.0,2.0,4.0,2.0,1.0,1.0,2.0,0,0
2.0,4.0,1,1,0,0.0,0.0,1,2,0.0,3,4,3.0,4.0,5.0,2.0,2.0,1.0,2.0,1,0
2.0,0.0,1,0,0,0.0,0.0,5,5,0.0,1,4,5.0,5.0,5.0,4.0,1.0,2.0,1.0,1,0
5.0,4.0,1,0,0,0.0,0.0,3,3,3.0,4,4,5.0,3.0,5.0,3.0,2.0,2.0,1.0,1,1
5.0,3.0,0,0,0,1.0,1.0,2,1,3.0,4,2,3.0,5.0,3.0,1.0,2.0,2.0,2.0,0,1
5.0,4.0,0,0,0,0.0,0.0,3,3,0.0,2,1,1.0,5.0,5.0,2.0,1.0,1.0,3.0,1,0
4.0,3.0,1,0,0,0.0,0.0,2,2,0.0,3,5,3.0,3.0,4.0,2.0,1.0,1.0,3.0,1,0
2.0,3.0,0,0,0,0.0,0.0,4,2,0.0,2,1,3.0,3.0,3.0,4.0,1.0,1.0,3.0,1,0
6.0,4.0,1,0,0,0.0,0.0,4,2,0.0,4,4,3.0,3.0,3.0,4.0,0.0,2.0,2.0,1,1
1.0,2.0,1,0,0,0.0,0.0,1,1,0.0,1,1,5.0,5.0,5.0,1.0,1.0,2.0,1.0,0,0
7.0,4.0,1,1,0,1.0,1.0,3,1,3.0,3,4,5.0,5.0,1.0,5.0,0.0,2.0,1.0,1,0
8.0,4.0,1,1,0,1.0,1.0,3,2,3.0,3,5,4.0,5.0,3.0,6.0,1.0,3.0,1.0,0,1
5.0,0.0,0,0,0,0.0,0.0,4,1,0.0,5,5,5.0,2.0,2.0,2.0,0.0,2.0,3.0,0,1
3.0,0.0,0,0,0,0.0,0.0,5,1,0.0,1,1,2.0,5.0,5.0,2.0,1.0,2.0,3.0,0,1
2.0,0.0,0,1,1,1.0,1.0,5,5,3.0,3,4,2.0,2.0,1.0,3.0,0.0,1.0,3.0,1,0
1.0,4.0,1,0,0,1.0,0.0,5,3,0.0,4,5,1.0,3.0,3.0,3.0,0.0,2.0,1.0,1,0
5.0,1.0,1,0,0,0.0,0.0,3,2,0.0,2,5,3.0,3.0,3.0,2.0,1.0,2.0,3.0,1,0
4.0,4.0,0,0,0,0.0,0.0,1,1,0.0,3,3,4.0,5.0,2.0,2.0,1.0,2.0,2.0,1,1
1.0,0.0,0,0,0,0.0,0.0,3,5,0.0,2,2,2.0,2.0,1.0,2.0,1.0,2.0,3.0,0,1
4.0,0.0,0,0,0,0.0,0.0,5,1,0.0,5,1,1.0,5.0,1.0,2.0,1.0,2.0,3.0,0,0
4.0,4.0,1,1,0,1.0,0.0,5,2,0.0,1,2,5.0,3.0,3.0,5.0,2.0,1.0,3.0,0,0
2.0,4.0,1,0,0,0.0,0.0,2,1,1.0,4,4,3.0,4.0,5.0,3.0,2.0,1.0,3.0,0,1
4.0,0.0,0,0,0,0.0,0.0,2,1,0.0,1,1,3.0,5.0,5.0,0.0,1.0,1.0,1.0,0,0
4.0,0.0,0,0,0,0.0,0.0,2,1,3.0,4,4,3.0,5.0,5.0,2.0,2.0,3.0,1.0,1,0
3.0,0.0,0,0,0,0.0,0.0,3,1,0.0,3,1,3.0,3.0,3.0,0.0,0.0,1.0,3.0,0,1
2.0,0.0,0,0,0,0.0,0.0,2,1,0.0,2,1,3.0,3.0,3.0,2.0,1.0,2.0,3.0,0,1
3.0,4.0,0,0,0,1.0,0.0,5,2,3.0,4,2,3.0,5.0,5.0,2.0,1.0,1.0,1.0,1,0
1.0,0.0,1,0,0,1.0,0.0,4,4,1.0,5,3,3.0,3.0,5.0,2.0,1.0,1.0,2.0,1,0
1.0,1.0,0,1,0,0.0,0.0,2,1,0.0,1,5,1.0,4.0,5.0,2.0,1.0,2.0,1.0,1,1
5.0,0.0,0,1,0,0.0,0.0,3,1,0.0,3,2,4.0,3.0,1.0,5.0,1.0,2.0,1.0,0,0
2.0,2.0,0,1,0,0.0,0.0,3,1,0.0,2,3,5.0,5.0,2.0,2.0,1.0,1.0,3.0,1,0
5.0,4.0,1,0,0,0.0,1.0,3,2,3.0,4,4,3.0,2.0,2.0,2.0,2.0,1.0,3.0,1,1
5.0,0.0,1,0,0,0.0,0.0,4,3,0.0,2,4,3.0,4.0,3.0,2.0,0.0,2.0,1.0,0,0
5.0,3.0,1,0,0,1.0,0.0,3,1,0.0,1,1,1.0,1.0,2.0,2.0,2.0,2.0,2.0,0,0
2.0,2.0,1,0,0,0.0,0.0,3,1,0.0,2,1,5.0,4.0,5.0,1.0,0.0,1.0,2.0,0,1
1.0,0.0,1,0,0,0.0,0.0,4,4,0.0,2,2,1.0,1.0,5.0,1.0,0.0,2.0,3.0,1,0
1.0,0.0,0,1,0,0.0,0.0,4,3,0.0,2,1,1.0,1.0,1.0,1.0,0.0,1.0,3.0,0,1
6.0,3.0,1,0,0,1.0,1.0,4,3,0.0,1,2,3.0,4.0,1.0,2.0,1.0,2.0,3.0,0,1
4.0,1.0,1,0,0,0.0,0.0,1,1,0.0,4,2,3.0,5.0,2.0,2.0,0.0,2.0,1.0,1,0
6.0,3.0,1,0,1,1.0,1.0,3,1,0.0,3,3,4.0,5.0,5.0,2.0,2.0,2.0,2.0,1,1
3.0,1.0,0,0,0,0.0,0.0,3,4,0.0,1,2,4.0,3.0,4.0,3.0,0.0,2.0,3.0,1,0
7.0,4.0,1,1,1,1.0,1.0,3,1,3.0,5,4,5.0,5.0,3.0,2.0,0.0,2.0,1.0,0,1
1.0,0.0,1,0,0,0.0,0.0,5,3,0.0,1,2,3.0,4.0,1.0,2.0,0.0,1.0,2.0,0,0
5.0,4.0,1,1,1,1.0,1.0,4,2,0.0,5,3,1.0,5.0,1.0,6.0,0.0,2.0,1.0,1,0
1.0,4.0,1,0,0,0.0,0.0,2,4,1.0,2,1,1.0,2.0,1.0,1.0,1.0,1.0,2.0,0,0
2.0,1.0,1,0,0,0.0,0.0,5,3,1.0,4,4,4.0,5.0,4.0,2.0,2.0,2.0,3.0,0,0
2.0,1.0,1,0,0,0.0,0.0,2,1,0.0,2,1,5.0,5.0,1.0,1.0,1.0,2.0,3.0,0,1
2.0,0.0,1,1,0,0.0,0.0,5,1,0.0,3,3,1.0,5.0,3.0,6.0,0.0,1.0,1.0,0,1
5.0,4.0,0,1,0,1.0,1.0,1,1,0.0,3,5,5.0,5.0,5.0,2.0,1.0,1.0,2.0,1,0
4.0,3.0,1,0,0,0.0,0.0,5,5,0.0,3,3,1.0,2.0,2.0,1.0,0.0,2.0,2.0,0,0
1.0,1.0,1,0,0,0.0,0.0,5,4,0.0,2,3,5.0,1.0,1.0,2.0,2.0,2.0,3.0,1,0
3.0,3.0,1,0,0,0.0,0.0,5,3,0.0,3,3,5.0,2.0,2.0,2.0,1.0,2.0,2.0,0,1
5.0,1.0,1,0,1,0.0,0.0,1,1,0.0,2,2,5.0,5.0,4.0,2.0,1.0,2.0,1.0,0,0
3.0,1.0,0,0,0,0.0,0.0,3,3,0.0,1,2,2.0,1.0,3.0,2.0,0.0,1.0,2.0,0,1
3.0,0.0,1,0,0,1.0,0.0,3,1,0.0,3,2,4.0,4.0,3.0,3.0,1.0,2.0,2.0,1,0
6.0,4.0,0,1,0,1.0,1.0,4,3,1.0,3,1,3.0,2.0,4.0,3.0,2.0,2.0,1.0,0,0
4.0,4.0,1,0,0,1.0,0.0,3,1,0.0,5,4,1.0,2.0,5.0,2.0,2.0,2.0,1.0,0,0
5.0,4.0,1,1,0,1.0,1.0,4,2,0.0,3,5,5.0,4.0,4.0,4.0,1.0,2.0,2.0,1,1
5.0,4.0,1,0,0,0.0,0.0,3,3,0.0,3,3,5.0,4.0,5.0,5.0,1.0,3.0,1.0,0,1
7.0,2.0,1,0,0,0.0,0.0,3,1,0.0,2,4,3.0,1.0,5.0,2.0,1.0,1.0,3.0,0,0
6.0,4.0,1,1,0,1.0,0.0,3,2,3.0,4,3,4.0,3.0,4.0,2.0,1.0,2.0,2.0,1,1
5.0,0.0,1,0,0,0.0,0.0,4,3,0.0,1,2,1.0,2.0,1.0,2.0,1.0,4.0,3.0,0,1
7.0,4.0,1,0,0,0.0,0.0,3,1,0.0,1,2,5.0,5.0,5.0,2.0,0.0,2.0,1.0,0,1
5.0,0.0,0,1,0,0.0,0.0,2,1,0.0,5,3,4.0,4.0,4.0,2.0,2.0,1.0,2.0,1,0
4.0,0.0,1,0,0,0.0,0.0,4,1,0.0,2,1,1.0,1.0,4.0,1.0,0.0,2.0,3.0,0,0
1.0,2.0,1,0,0,0.0,0.0,1,5,0.0,1,1,1.0,5.0,1.0,0.0,2.0,1.0,3.0,0,1
1.0,0.0,1,0,0,0.0,0.0,2,5,1.0,5,4,3.0,1.0,2.0,1.0,2.0,2.0,3.0,0,0
2.0,4.0,1,0,0,0.0,0.0,1,1,0.0,2,1,1.0,5.0,5.0,2.0,1.0,2.0,2.0,0,1
7.0,4.0,1,0,1,1.0,1.0,3,1,0.0,4,4,4.0,5.0,5.0,3.0,2.0,2.0,2.0,1,1
2.0,4.0,1,0,0,0.0,0.0,3,1,0.0,2,2,5.0,3.0,4.0,2.0,1.0,2.0,2.0,1,0
3.0,0.0,0,0,0,0.0,0.0,2,1,0.0,1,1,2.0,4.0,4.0,2.0,1.0,2.0,1.0,0,0
5.0,1.0,1,1,0,0.0,0.0,4,1,0.0,3,2,3.0,2.0,1.0,1.0,1.0,2.0,3.0,1,1
4.0,0.0,0,0,0,0.0,0.0,5,1,0.0,3,5,2.0,3.0,3.0,2.0,1.0,1.0,3.0,0,0
2.0,0.0,1,0,0,0.0,0.0,4,4,1.0,2,2,5.0,3.0,3.0,0.0,0.0,2.0,3.0,0,1
8.0,4.0,1,1,0,1.0,1.0,2,1,0.0,2,3,5.0,4.0,5.0,5.0,2.0,2.0,1.0,0,1
5.0,0.0,1,0,1,1.0,0.0,3,3,3.0,2,3,5.0,5.0,5.0,3.0,1.0,1.0,2.0,1,0
2.0,3.0,1,0,0,0.0,0.0,3,1,0.0,1,1,3.0,3.0,2.0,3.0,1.0,2.0,3.0,0,0
4.0,3.0,1,1,0,0.0,0.0,3,4,0.0,2,1,2.0,3.0,2.0,2.0,1.0,2.0,3.0,0,0
2.0,3.0,1,0,0,0.0,0.0,5,3,0.0,2,1,1.0,5.0,3.0,2.0,1.0,1.0,3.0,1,0
3.0,4.0,1,0,0,0.0,0.0,3,2,3.0,2,3,4.0,5.0,4.0,2.0,1.0,1.0,2.0,1,0
3.0,0.0,1,0,0,1.0,0.0,2,2,0.0,3,4,4.0,5.0,5.0,3.0,0.0,1.0,2.0,0,0
4.0,0.0,1,0,0,0.0,0.0,3,2,0.0,2,1,2.0,4.0,1.0,2.0,2.0,1.0,2.0,0,0
4.0,0.0,1,1,0,0.0,1.0,4,1,0.0,4,1,1.0,5.0,1.0,1.0,2.0,2.0,2.0,0,1
2.0,0.0,1,0,0,0.0,0.0,5,1,0.0,1,1,1.0,5.0,5.0,1.0,0.0,2.0,3.0,0,1
7.0,4.0,1,0,0,0.0,1.0,3,1,0.0,3,4,5.0,5.0,5.0,3.0,2.0,1.0,1.0,1,1
5.0,4.0,1,1,0,1.0,1.0,3,2,0.0,5,2,3.0,2.0,4.0,3.0,1.0,2.0,2.0,1,1
4.0,0.0,0,1,0,1.0,0.0,3,4,0.0,4,2,1.0,2.0,1.0,2.0,1.0,2.0,3.0,0,0
6.0,4.0,0,0,0,0.0,0.0,3,1,0.0,1,1,4.0,4.0,4.0,3.0,1.0,1.0,1.0,0,0
4.0,0.0,0,0,0,0.0,0.0,5,2,0.0,1,1,3.0,3.0,3.0,1.0,1.0,1.0,3.0,0,0
1.0,4.0,0,0,0,0.0,0.0,3,3,0.0,4,4,1.0,3.0,1.0,2.0,1.0,1.0,3.0,1,0
4.0,0.0,0,0,0,1.0,1.0,2,1,0.0,5,3,3.0,4.0,5.0,4.0,0.0,1.0,1.0,1,1
3.0,0.0,0,0,0,0.0,0.0,4,1,0.0,3,4,3.0,5.0,4.0,2.0,1.0,1.0,2.0,0,0
5.0,0.0,0,0,0,1.0,1.0,5,5,0.0,1,4,3.0,3.0,2.0,3.0,0.0,2.0,3.0,0,0
4.0,1.0,1,0,0,0.0,0.0,5,4,0.0,4,4,5.0,5.0,4.0,1.0,1.0,2.0,3.0,0,1
6.0,3.0,1,0,0,0.0,0.0,3,1,0.0,5,5,5.0,5.0,5.0,1.0,2.0,2.0,2.0,0,0
2.0,1.0,1,1,0,0.0,0.0,3,1,0.0,3,3,3.0,4.0,3.0,1.0,1.0,2.0,2.0,1,1
1.0,0.0,1,0,0,0.0,0.0,3,3,0.0,2,2,1.0,1.0,5.0,1.0,0.0,1.0,3.0,0,1
5.0,4.0,1,0,0,1.0,0.0,3,1,0.0,3,3,5.0,5.0,5.0,2.0,2.0,2.0,2.0,0,0
2.0,0.0,0,0,1,0.0,0.0,4,1,1.0,5,5,3.0,5.0,5.0,2.0,2.0,2.0,1.0,1,1
6.0,3.0,1,0,0,0.0,0.0,1,1,0.0,3,1,3.0,5.0,5.0,2.0,0.0,2.0,1.0,1,0
2.0,0.0,1,0,0,0.0,0.0,4,1,0.0,2,4,2.0,2.0,2.0,2.0,0.0,2.0,3.0,0,0
3.0,4.0,1,0,0,0.0,0.0,5,4,0.0,1,1,5.0,3.0,3.0,0.0,0.0,2.0,2.0,0,0
4.0,4.0,1,1,0,1.0,1.0,2,2,0.0,1,1,1.0,1.0,5.0,3.0,0.0,2.0,2.0,0,1
5.0,0.0,1,0,0,0.0,0.0,3,1,0.0,2,1,1.0,1.0,1.0,1.0,1.0,2.0,2.0,0,0
3.0,4.0,1,0,0,0.0,0.0,5,3,0.0,2,5,1.0,4.0,1.0,2.0,2.0,2.0,2.0,0,0
6.0,3.0,1,0,1,1.0,1.0,3,2,0.0,3,5,3.0,4.0,4.0,3.0,2.0,2.0,2.0,1,0
4.0,4.0,0,0,0,0.0,1.0,4,1,0.0,2,3,3.0,3.0,4.0,2.0,0.0,2.0,3.0,1,1
1.0,0.0,0,0,0,0.0,0.0,4,5,0.0,2,4,5.0,1.0,5.0,2.0,1.0,2.0,3.0,0,0
3.0,3.0,1,1,0,0.0,0.0,1,1,0.0,4,4,5.0,5.0,5.0,5.0,1.0,2.0,2.0,1,0
3.0,1.0,0,0,0,0.0,0.0,3,3,0.0,5,5,1.0,3.0,5.0,2.0,0.0,1.0,2.0,1,0
1.0,0.0,1,0,0,0.0,0.0,5,3,0.0,1,2,1.0,1.0,1.0,1.0,1.0,2.0,3.0,0,0
3.0,2.0,1,0,0,0.0,0.0,3,5,0.0,5,5,1.0,5.0,1.0,2.0,2.0,2.0,2.0,0,0
4.0,3.0,1,1,0,0.0,0.0,5,3,0.0,2,2,5.0,4.0,4.0,1.0,0.0,2.0,3.0,1,1
5.0,4.0,1,0,0,1.0,1.0,5,1,3.0,3,3,5.0,5.0,5.0,1.0,0.0,2.0,3.0,0,0
4.0,0.0,1,0,0,0.0,0.0,4,1,0.0,4,3,4.0,4.0,4.0,2.0,1.0,2.0,3.0,1,0
2.0,0.0,1,1,0,1.0,0.0,3,3,0.0,4,1,5.0,5.0,5.0,2.0,0.0,2.0,3.0,1,0
1.0,2.0,1,1,0,0.0,0.0,5,1,1.0,5,3,1.0,2.0,1.0,2.0,2.0,1.0,3.0,0,1
5.0,0.0,1,1,0,0.0,0.0,3,2,1.0,3,2,1.0,4.0,4.0,2.0,1.0,2.0,2.0,1,1
3.0,0.0,1,1,0,0.0,0.0,3,1,0.0,5,3,3.0,2.0,3.0,2.0,1.0,2.0,1.0,0,1
1.0,4.0,0,0,0,0.0,0.0,4,3,0.0,2,3,3.0,3.0,4.0,2.0,1.0,1.0,2.0,0,0
6.0,0.0,1,0,0,1.0,1.0,2,1,1.0,3,5,4.0,5.0,5.0,3.0,1.0,1.0,2.0,0,0
3.0,3.0,1,0,0,0.0,0.0,4,5,0.0,2,3,2.0,2.0,3.0,3.0,1.0,2.0,2.0,1,0
5.0,3.0,1,1,0,1.0,1.0,3,2,0.0,3,2,3.0,4.0,4.0,3.0,1.0,2.0,2.0,0,1
2.0,3.0,1,0,0,0.0,0.0,4,2,0.0,5,3,5.0,5.0,5.0,2.0,2.0,2.0,2.0,1,0
4.0,3.0,1,0,0,0.0,0.0,5,1,0.0,2,3,5.0,3.0,3.0,1.0,1.0,1.0,3.0,1,0
1.0,0.0,1,0,0,0.0,0.0,5,3,0.0,1,1,1.0,5.0,1.0,1.0,1.0,2.0,2.0,1,0
4.0,0.0,1,0,0,1.0,0.0,5,1,3.0,3,2,5.0,4.0,5.0,2.0,1.0,1.0,3.0,1,0
3.0,0.0,1,0,0,0.0,0.0,3,4,0.0,3,5,2.0,5.0,4.0,2.0,1.0,1.0,3.0,0,0
2.0,3.0,1,0,0,0.0,0.0,5,1,0.0,3,3,2.0,1.0,5.0,2.0,1.0,2.0,3.0,0,0
1.0,0.0,1,0,0,0.0,0.0,2,1,0.0,5,2,3.0,4.0,5.0,2.0,1.0,1.0,3.0,0,0
4.0,0.0,1,0,0,0.0,0.0,3,1,0.0,3,3,3.0,3.0,4.0,2.0,1.0,1.0,2.0,0,0
4.0,4.0,1,0,0,1.0,0.0,1,1,0.0,3,4,5.0,4.0,4.0,1.0,1.0,1.0,1.0,1,1
1.0,2.0,1,0,0,0.0,0.0,1,1,0.0,1,2,5.0,5.0,2.0,2.0,1.0,2.0,3.0,0,1
3.0,1.0,0,1,0,0.0,0.0,3,1,3.0,2,4,1.0,5.0,5.0,2.0,2.0,2.0,2.0,1,1
6.0,4.0,1,1,0,1.0,1.0,1,1,0.0,4,4,5.0,5.0,5.0,3.0,2.0,2.0,1.0,1,1
3.0,4.0,1,0,0,0.0,0.0,1,1,0.0,1,1,5.0,3.0,3.0,1.0,2.0,2.0,2.0,0,1
7.0,4.0,1,0,0,0.0,0.0,4,4,0.0,1,3,5.0,3.0,1.0,4.0,2.0,2.0,2.0,0,0
6.0,1.0,1,0,0,0.0,0.0,1,1,0.0,4,3,5.0,5.0,5.0,2.0,2.0,2.0,1.0,1,1
4.0,3.0,1,0,0,1.0,0.0,1,1,0.0,1,4,5.0,5.0,5.0,3.0,0.0,2.0,3.0,1,0
5.0,1.0,1,1,1,0.0,0.0,1,1,0.0,4,4,5.0,5.0,2.0,4.0,2.0,2.0,1.0,1,1
4.0,3.0,1,0,0,1.0,0.0,5,1,0.0,2,1,1.0,1.0,5.0,1.0,0.0,2.0,3.0,0,0
2.0,0.0,1,0,0,0.0,0.0,5,4,0.0,2,2,5.0,5.0,5.0,1.0,1.0,1.0,2.0,0,1
4.0,3.0,1,1,0,1.0,0.0,4,2,0.0,3,2,5.0,4.0,3.0,2.0,2.0,2.0,3.0,0,1
6.0,3.0,0,1,0,1.0,1.0,2,2,0.0,3,3,5.0,4.0,4.0,4.0,1.0,3.0,2.0,1,0
7.0,4.0,0,0,0,1.0,1.0,3,1,3.0,5,5,3.0,5.0,4.0,2.0,1.0,1.0,2.0,1,1
5.0,2.0,1,0,0,0.0,0.0,3,1,0.0,3,2,4.0,5.0,1.0,2.0,1.0,2.0,2.0,0,1
5.0,4.0,1,0,1,1.0,1.0,4,2,1.0,2,2,5.0,3.0,2.0,2.0,1.0,2.0,2.0,0,0
4.0,0.0,0,0,0,0.0,0.0,5,1,0.0,4,4,5.0,5.0,1.0,2.0,1.0,1.0,3.0,0,1
2.0,0.0,0,0,0,0.0,0.0,3,3,0.0,3,2,3.0,4.0,4.0,4.0,0.0,2.0,1.0,0,0
4.0,0.0,1,0,0,0.0,0.0,5,2,0.0,2,1,5.0,2.0,5.0,2.0,0.0,2.0,2.0,0,1
2.0,0.0,1,0,0,0.0,0.0,3,1,0.0,2,2,3.0,1.0,2.0,5.0,1.0,2.0,3.0,1,0
2.0,4.0,1,0,0,1.0,1.0,5,3,0.0,3,1,1.0,3.0,1.0,3.0,0.0,2.0,3.0,0,0
9.0,4.0,1,1,1,1.0,1.0,2,1,0.0,2,5,4.0,4.0,4.0,4.0,2.0,1.0,1.0,1,1
3.0,4.0,1,0,0,0.0,0.0,3,2,0.0,1,3,2.0,2.0,3.0,1.0,1.0,2.0,3.0,1,0
1.0,0.0,1,0,0,0.0,0.0,3,1,0.0,4,2,4.0,4.0,3.0,1.0,1.0,1.0,2.0,1,0
1.0,0.0,1,0,0,0.0,0.0,5,3,1.0,3,2,3.0,3.0,5.0,2.0,0.0,2.0,2.0,0,0
4.0,0.0,1,1,0,0.0,0.0,4,4,0.0,2,2,1.0,3.0,4.0,1.0,1.0,2.0,3.0,0,1
1.0,3.0,1,0,0,0.0,0.0,4,1,0.0,1,3,1.0,1.0,1.0,2.0,0.0,2.0,1.0,0,0
7.0,3.0,1,1,0,1.0,1.0,2,2,0.0,5,4,5.0,5.0,4.0,4.0,1.0,4.0,2.0,1,0
4.0,2.0,1,0,0,0.0,0.0,3,4,0.0,2,1,1.0,2.0,3.0,2.0,0.0,4.0,2.0,0,0
3.0,0.0,1,0,0,0.0,0.0,4,1,0.0,1,4,3.0,4.0,3.0,5.0,1.0,4.0,2.0,0,0
10.0,4.0,1,1,1,1.0,1.0,2,1,3.0,4,3,4.0,5.0,4.0,6.0,2.0,4.0,1.0,1,0
3.0,2.0,0,0,0,0.0,0.0,3,1,0.0,3,2,3.0,3.0,3.0,2.0,1.0,1.0,3.0,0,0
4.0,0.0,0,0,0,0.0,0.0,4,1,0.0,1,1,2.0,1.0,4.0,1.0,1.0,1.0,1.0,0,0
1.0,0.0,1,0,0,0.0,0.0,4,3,0.0,2,1,1.0,5.0,1.0,2.0,0.0,2.0,2.0,1,1
1.0,1.0,0,0,0,0.0,0.0,1,1,0.0,1,4,5.0,5.0,5.0,3.0,2.0,2.0,3.0,0,1
2.0,0.0,1,0,0,0.0,0.0,3,2,0.0,2,1,5.0,5.0,3.0,1.0,2.0,1.0,3.0,0,0
2.0,1.0,1,0,0,0.0,0.0,1,1,0.0,4,5,1.0,1.0,1.0,2.0,1.0,1.0,2.0,1,1
5.0,3.0,1,1,1,1.0,1.0,3,3,0.0,3,3,4.0,3.0,2.0,3.0,1.0,2.0,2.0,1,0
3.0,1.0,1,0,0,0.0,0.0,4,3,0.0,3,3,3.0,4.0,3.0,2.0,1.0,1.0,3.0,0,0
3.0,1.0,0,0,0,0.0,0.0,3,1,0.0,1,1,5.0,4.0,5.0,2.0,2.0,1.0,1.0,0,0
1.0,3.0,0,0,0,0.0,0.0,3,3,0.0,2,4,5.0,1.0,5.0,2.0,0.0,2.0,3.0,0,1
6.0,4.0,1,1,1,1.0,0.0,3,3,3.0,4,3,3.0,3.0,2.0,3.0,1.0,2.0,3.0,1,0
5.0,0.0,1,0,0,1.0,0.0,3,3,1.0,2,4,5.0,5.0,5.0,3.0,1.0,2.0,1.0,1,1
3.0,4.0,1,1,0,1.0,1.0,1,1,0.0,3,5,5.0,5.0,5.0,2.0,1.0,2.0,2.0,1,1
3.0,1.0,0,0,0,0.0,0.0,4,1,0.0,2,5,3.0,2.0,5.0,2.0,1.0,1.0,3.0,0,0
5.0,4.0,0,1,0,1.0,1.0,1,1,3.0,3,5,5.0,5.0,5.0,2.0,1.0,1.0,2.0,0,0
2.0,0.0,1,0,0,0.0,0.0,5,5,0.0,2,5,1.0,1.0,5.0,1.0,1.0,1.0,2.0,0,0
2.0,4.0,1,1,0,0.0,0.0,4,1,0.0,3,5,2.0,5.0,3.0,4.0,1.0,2.0,2.0,0,0
5.0,4.0,1,0,0,1.0,1.0,1,1,3.0,4,4,1.0,1.0,2.0,4.0,2.0,2.0,2.0,0,0
1.0,2.0,1,0,0,0.0,0.0,3,1,0.0,1,2,1.0,3.0,3.0,2.0,1.0,3.0,3.0,1,0
3.0,4.0,1,0,0,0.0,0.0,3,1,0.0,2,1,5.0,2.0,5.0,2.0,0.0,2.0,2.0,0,0
