prod_cuenta_ahorro,prod_tarjeta_debito,prod_monedero,prod_cdt,prod_fondo_inv,prod_fondo_emp,ing_salario,ing_pension,ing_arriendos,ing_honorarios,ing_ventas,ing_subsidios,ing_remesas,ing_ayuda_familiar,gasto_arriendo,gasto_servicios,gasto_seg_social,comp_atraso_pagos,perc_camino_obj,perc_deuda_manejable,comp_deuda_mayor_activos,perc_control_sit,hab_encargado_gastos,comp_tiene_plan,hab_encargado_presup,hab_usa_app_bancaria,edad,nivel_educativo,estrato,rango_ingresos,rango_gastos,genero_Masculino,ruralidad_Intermedio,ruralidad_Rural,ruralidad_Rural disperso,region_Centro Oriente,region_Centro Sur,region_Eje cafetero,region_Llano,region_Pacífico,fragilidad_label
0.0,0.0,0.0,0.0,0.0,0.0,0.0,0,0.0,0.0,0.0,1.0,0.0,0.0,0,1,0,1,1.0,1.0,1.0,1.0,1.0,0.0,0.0,0.0,65,1.0,2.0,2.0,2.0,1,1,0,0,0,0,0,0,0,3
1.0,0.0,1.0,0.0,0.0,0.0,1.0,0,0.0,0.0,0.0,1.0,0.0,0.0,0,1,0,3,3.0,4.0,4.0,4.0,1.0,1.0,1.0,1.0,36,2.0,4.0,3.0,4.0,0,0,0,0,0,0,0,0,1,2
1.0,1.0,0.0,1.0,0.0,0.0,1.0,0,0.0,1.0,1.0,1.0,1.0,0.0,1,1,1,3,5.0,5.0,1.0,5.0,1.0,1.0,1.0,1.0,47,5.0,3.0,8.0,6.0,1,0,0,0,0,0,0,0,1,1
1.0,1.0,1.0,0.0,0.0,0.0,1.0,0,1.0,1.0,0.0,0.0,0.0,0.0,0,1,0,2,3.0,5.0,1.0,4.0,1.0,1.0,1.0,0.0,50,2.0,4.0,8.0,5.0,1,0,0,0,1,0,0,0,0,1
0.0,0.0,0.0,0.0,0.0,0.0,0.0,0,0.0,0.0,0.0,0.0,0.0,1.0,0,0,0,1,3.0,5.0,1.0,4.0,1.0,0.0,1.0,0.0,61,1.0,2.0,1.0,4.0,0,0,0,0,1,0,0,0,0,3
0.0,0.0,0.0,0.0,0.0,0.0,1.0,0,0.0,0.0,0.0,0.0,0.0,0.0,0,1,0,3,5.0,4.0,5.0,5.0,1.0,1.0,0.0,0.0,28,4.0,5.0,7.0,7.0,1,0,0,0,0,0,0,0,1,2
1.0,0.0,0.0,0.0,0.0,0.0,0.0,1,0.0,0.0,0.0,0.0,0.0,0.0,0,1,0,1,3.0,5.0,5.0,5.0,0.0,1.0,1.0,0.0,69,3.0,2.0,5.0,4.0,0,0,0,0,0,0,0,1,0,2
0.0,0.0,1.0,0.0,0.0,0.0,0.0,0,0.0,0.0,0.0,0.0,0.0,1.0,0,1,0,3,2.0,4.0,2.0,4.0,1.0,1.0,1.0,0.0,34,3.0,1.0,4.0,4.0,0,0,0,0,0,0,1,0,0,2
0.0,0.0,0.0,0.0,0.0,0.0,0.0,0,0.0,0.0,0.0,0.0,0.0,0.0,0,1,0,4,3.0,2.0,2.0,2.0,0.0,0.0,0.0,0.0,40,2.0,1.0,1.0,1.0,1,0,0,0,0,0,0,0,0,3
1.0,1.0,0.0,0.0,0.0,0.0,1.0,1,0.0,0.0,0.0,0.0,0.0,0.0,0,1,0,5,5.0,5.0,5.0,5.0,1.0,0.0,1.0,0.0,66,2.0,3.0,5.0,5.0,0,0,0,0,0,0,0,0,1,3
0.0,0.0,0.0,0.0,0.0,0.0,0.0,0,0.0,0.0,1.0,0.0,0.0,0.0,0,0,0,1,5.0,5.0,1.0,5.0,1.0,1.0,1.0,0.0,55,2.0,1.0,4.0,5.0,0,0,0,0,0,0,0,0,1,2
0.0,0.0,0.0,0.0,0.0,0.0,0.0,0,0.0,0.0,1.0,0.0,0.0,0.0,1,1,0,5,3.0,4.0,2.0,2.0,1.0,0.0,0.0,0.0,60,1.0,2.0,2.0,3.0,1,1,0,0,0,0,0,1,0,3
0.0,0.0,0.0,0.0,0.0,0.0,0.0,0,0.0,0.0,1.0,0.0,0.0,0.0,0,1,0,2,4.0,4.0,3.0,4.0,1.0,1.0,1.0,0.0,59,6.0,2.0,4.0,2.0,1,0,0,1,0,0,0,1,0,1
0.0,0.0,0.0,0.0,0.0,0.0,0.0,0,1.0,0.0,0.0,0.0,0.0,1.0,0,1,0,4,3.0,3.0,5.0,3.0,0.0,0.0,1.0,0.0,69,1.0,3.0,2.0,2.0,0,0,0,0,0,0,0,0,1,2
0.0,0.0,1.0,0.0,0.0,0.0,0.0,0,0.0,1.0,0.0,0.0,0.0,0.0,0,1,0,5,1.0,1.0,5.0,1.0,1.0,0.0,0.0,1.0,61,5.0,4.0,5.0,4.0,1,0,0,0,0,0,0,0,0,3
0.0,0.0,0.0,0.0,0.0,0.0,1.0,0,0.0,0.0,0.0,0.0,0.0,0.0,0,1,1,2,2.0,3.0,3.0,2.0,1.0,0.0,1.0,0.0,58,2.0,2.0,4.0,4.0,0,1,0,0,1,0,0,0,0,3
0.0,0.0,0.0,0.0,0.0,0.0,0.0,0,0.0,0.0,0.0,0.0,0.0,0.0,0,0,0,5,1.0,1.0,1.0,1.0,0.0,0.0,0.0,0.0,59,1.0,2.0,4.0,4.0,1,1,0,0,0,0,1,0,0,3
0.0,0.0,0.0,0.0,0.0,0.0,1.0,0,0.0,0.0,0.0,0.0,0.0,0.0,0,0,1,5,2.0,3.0,5.0,5.0,0.0,0.0,1.0,0.0,40,1.0,1.0,4.0,5.0,1,0,0,0,0,0,0,0,0,3
0.0,0.0,1.0,0.0,0.0,0.0,0.0,0,0.0,0.0,0.0,0.0,0.0,0.0,0,1,0,1,3.0,3.0,1.0,1.0,0.0,1.0,1.0,0.0,18,2.0,2.0,2.0,2.0,0,0,0,0,0,1,0,0,0,1
1.0,0.0,1.0,0.0,0.0,0.0,0.0,0,0.0,0.0,1.0,0.0,0.0,0.0,0,1,0,3,2.0,2.0,2.0,2.0,1.0,1.0,1.0,0.0,50,3.0,2.0,5.0,4.0,0,0,0,0,1,0,0,0,0,2
1.0,0.0,1.0,1.0,0.0,0.0,0.0,0,1.0,1.0,1.0,0.0,1.0,0.0,0,0,0,2,5.0,5.0,1.0,5.0,0.0,1.0,0.0,1.0,32,5.0,6.0,4.0,4.0,0,0,0,0,0,0,0,0,0,1
1.0,1.0,1.0,0.0,0.0,0.0,1.0,0,0.0,0.0,1.0,0.0,1.0,0.0,1,1,0,1,5.0,5.0,1.0,5.0,1.0,1.0,1.0,1.0,26,2.0,2.0,7.0,6.0,1,0,0,0,0,0,0,1,0,2
0.0,0.0,0.0,0.0,0.0,0.0,0.0,0,0.0,0.0,0.0,0.0,0.0,1.0,1,0,0,3,2.0,3.0,5.0,3.0,1.0,0.0,1.0,0.0,39,2.0,1.0,2.0,2.0,0,0,0,0,0,0,0,0,0,3
1.0,0.0,0.0,1.0,0.0,0.0,1.0,0,0.0,0.0,0.0,0.0,0.0,0.0,0,1,1,1,4.0,5.0,3.0,5.0,1.0,1.0,1.0,0.0,59,2.0,3.0,4.0,3.0,1,0,0,0,0,0,0,0,1,2
1.0,1.0,1.0,0.0,0.0,0.0,0.0,0,0.0,1.0,0.0,1.0,0.0,0.0,0,1,0,3,1.0,3.0,1.0,1.0,1.0,0.0,1.0,0.0,34,5.0,3.0,3.0,2.0,0,0,0,0,0,0,1,0,0,2
1.0,1.0,0.0,0.0,0.0,0.0,1.0,0,0.0,0.0,0.0,0.0,0.0,0.0,1,1,0,1,5.0,1.0,1.0,1.0,1.0,1.0,1.0,0.0,55,2.0,3.0,4.0,4.0,1,1,0,0,0,0,1,0,0,3
0.0,0.0,0.0,0.0,0.0,0.0,0.0,0,0.0,0.0,0.0,0.0,0.0,0.0,1,1,0,3,2.0,3.0,5.0,2.0,1.0,1.0,1.0,0.0,53,1.0,1.0,1.0,2.0,0,1,0,0,0,0,1,0,0,2
1.0,0.0,1.0,0.0,0.0,0.0,1.0,0,0.0,0.0,0.0,0.0,0.0,0.0,1,1,0,1,2.0,3.0,3.0,2.0,1.0,0.0,1.0,0.0,65,5.0,2.0,5.0,5.0,1,0,1,0,0,1,0,0,0,3
0.0,0.0,0.0,0.0,0.0,0.0,0.0,0,0.0,0.0,0.0,1.0,0.0,0.0,1,1,0,4,1.0,2.0,5.0,2.0,1.0,0.0,1.0,0.0,57,3.0,3.0,3.0,4.0,1,0,0,0,0,0,1,0,0,3
1.0,1.0,1.0,1.0,0.0,0.0,0.0,0,1.0,0.0,1.0,1.0,1.0,0.0,1,1,0,3,3.0,3.0,2.0,3.0,1.0,1.0,1.0,0.0,34,3.0,3.0,6.0,6.0,0,0,0,0,0,0,1,0,0,3
0.0,0.0,0.0,0.0,0.0,0.0,0.0,0,0.0,0.0,0.0,1.0,0.0,0.0,1,0,0,3,4.0,3.0,2.0,2.0,1.0,1.0,1.0,0.0,32,1.0,2.0,2.0,3.0,1,1,0,0,0,0,0,0,0,3
1.0,1.0,0.0,0.0,0.0,0.0,1.0,0,0.0,0.0,0.0,0.0,0.0,0.0,0,0,0,3,3.0,5.0,2.0,4.0,1.0,0.0,1.0,0.0,22,2.0,4.0,6.0,4.0,0,0,0,0,0,0,0,0,0,3
0.0,0.0,0.0,0.0,0.0,0.0,1.0,0,1.0,0.0,0.0,0.0,0.0,0.0,1,1,0,2,3.0,4.0,1.0,2.0,0.0,0.0,0.0,0.0,21,3.0,1.0,3.0,3.0,0,1,0,0,0,0,0,1,0,3
0.0,0.0,0.0,0.0,0.0,0.0,0.0,0,0.0,0.0,0.0,0.0,0.0,0.0,0,0,0,1,4.0,1.0,1.0,5.0,0.0,0.0,1.0,0.0,45,2.0,2.0,2.0,5.0,0,0,0,0,0,0,0,0,0,1
1.0,1.0,0.0,1.0,0.0,0.0,0.0,1,0.0,1.0,0.0,0.0,0.0,0.0,0,1,1,2,5.0,4.0,1.0,5.0,1.0,1.0,1.0,0.0,60,5.0,3.0,6.0,5.0,0,0,0,0,1,0,0,0,0,1
0.0,0.0,0.0,0.0,0.0,0.0,0.0,0,0.0,0.0,0.0,0.0,0.0,0.0,0,0,0,1,3.0,4.0,2.0,4.0,1.0,1.0,1.0,0.0,34,2.0,2.0,3.0,4.0,0,0,1,0,1,0,0,0,0,1
1.0,1.0,1.0,0.0,0.0,0.0,0.0,1,0.0,0.0,0.0,0.0,0.0,0.0,0,1,0,2,1.0,5.0,1.0,4.0,1.0,0.0,1.0,0.0,61,5.0,3.0,4.0,8.0,1,0,0,0,1,0,0,0,0,3
0.0,0.0,0.0,0.0,0.0,0.0,0.0,0,0.0,0.0,0.0,0.0,0.0,1.0,1,1,0,1,5.0,4.0,5.0,5.0,1.0,1.0,1.0,1.0,61,1.0,2.0,3.0,3.0,0,0,0,0,0,0,0,0,1,3
0.0,0.0,0.0,0.0,0.0,0.0,0.0,0,0.0,0.0,0.0,0.0,0.0,1.0,1,1,0,2,5.0,5.0,1.0,1.0,0.0,1.0,1.0,0.0,26,2.0,1.0,1.0,1.0,0,0,1,0,0,0,1,0,0,1
0.0,0.0,0.0,0.0,0.0,0.0,0.0,0,0.0,0.0,0.0,0.0,0.0,0.0,0,1,0,1,5.0,3.0,3.0,4.0,0.0,1.0,0.0,0.0,18,2.0,1.0,4.0,4.0,0,1,0,0,0,0,0,0,1,2
1.0,1.0,0.0,0.0,0.0,0.0,0.0,0,1.0,1.0,0.0,0.0,0.0,0.0,0,1,0,1,4.0,4.0,1.0,4.0,1.0,0.0,1.0,0.0,52,2.0,1.0,3.0,3.0,0,1,0,0,0,0,0,0,0,2
1.0,0.0,1.0,0.0,0.0,0.0,0.0,0,0.0,0.0,0.0,0.0,0.0,1.0,0,1,0,4,2.0,3.0,4.0,2.0,1.0,0.0,1.0,0.0,41,2.0,1.0,3.0,2.0,1,1,0,0,0,0,0,0,0,3
1.0,0.0,0.0,0.0,0.0,0.0,1.0,0,0.0,0.0,0.0,0.0,0.0,1.0,1,1,1,3,5.0,5.0,3.0,4.0,1.0,1.0,1.0,1.0,29,2.0,1.0,2.0,4.0,0,1,0,0,0,1,0,0,0,3
1.0,0.0,1.0,0.0,0.0,0.0,0.0,0,0.0,0.0,1.0,0.0,0.0,0.0,1,1,0,5,1.0,1.0,1.0,2.0,1.0,0.0,1.0,0.0,50,2.0,1.0,3.0,2.0,1,1,0,0,0,0,0,0,1,3
1.0,1.0,1.0,0.0,0.0,0.0,0.0,0,0.0,0.0,0.0,0.0,0.0,0.0,1,1,0,3,1.0,3.0,1.0,1.0,0.0,1.0,1.0,0.0,39,2.0,2.0,6.0,6.0,0,0,1,0,1,0,0,0,0,3
1.0,1.0,1.0,0.0,0.0,0.0,0.0,0,1.0,1.0,0.0,0.0,1.0,0.0,0,1,0,5,4.0,3.0,5.0,3.0,1.0,1.0,1.0,0.0,45,5.0,2.0,5.0,5.0,0,0,0,0,0,1,0,0,0,2
1.0,0.0,1.0,0.0,0.0,0.0,1.0,0,0.0,0.0,0.0,0.0,0.0,0.0,0,1,1,1,3.0,5.0,5.0,5.0,1.0,0.0,1.0,0.0,39,2.0,1.0,4.0,4.0,0,0,0,0,0,0,1,0,0,3
1.0,0.0,1.0,0.0,0.0,0.0,0.0,0,0.0,0.0,0.0,1.0,0.0,1.0,1,1,0,3,3.0,5.0,1.0,5.0,1.0,1.0,1.0,0.0,25,2.0,2.0,2.0,6.0,0,1,0,0,1,0,0,0,0,3
0.0,0.0,0.0,0.0,0.0,0.0,0.0,0,0.0,0.0,0.0,0.0,0.0,0.0,0,1,1,3,4.0,4.0,1.0,5.0,1.0,1.0,1.0,1.0,32,2.0,1.0,2.0,3.0,1,0,1,0,0,0,0,0,1,1
1.0,1.0,0.0,0.0,0.0,1.0,1.0,0,0.0,0.0,0.0,0.0,0.0,0.0,0,1,0,1,5.0,5.0,1.0,4.0,0.0,1.0,1.0,0.0,48,6.0,2.0,9.0,6.0,0,0,0,1,0,0,1,0,0,1
0.0,0.0,1.0,0.0,0.0,0.0,1.0,0,0.0,1.0,1.0,0.0,0.0,1.0,0,1,1,3,4.0,5.0,1.0,5.0,1.0,1.0,1.0,0.0,55,2.0,3.0,5.0,3.0,1,0,0,1,0,1,0,0,0,2
0.0,0.0,0.0,0.0,0.0,0.0,0.0,0,0.0,0.0,0.0,0.0,0.0,0.0,0,1,0,3,5.0,1.0,5.0,1.0,1.0,1.0,1.0,0.0,50,1.0,1.0,1.0,2.0,1,1,0,0,0,0,0,1,0,2
0.0,0.0,0.0,0.0,0.0,0.0,0.0,0,0.0,0.0,0.0,0.0,0.0,0.0,1,1,1,1,2.0,3.0,1.0,4.0,1.0,1.0,1.0,0.0,49,2.0,2.0,5.0,4.0,1,0,1,0,1,0,0,0,0,2
1.0,1.0,1.0,0.0,0.0,1.0,1.0,0,1.0,0.0,0.0,0.0,0.0,0.0,0,1,0,1,3.0,1.0,1.0,3.0,1.0,1.0,1.0,1.0,35,5.0,5.0,8.0,7.0,1,0,0,0,0,0,0,0,1,1
1.0,1.0,1.0,0.0,0.0,1.0,1.0,0,0.0,0.0,0.0,0.0,0.0,0.0,1,0,0,2,4.0,4.0,2.0,3.0,1.0,1.0,1.0,1.0,30,3.0,2.0,6.0,4.0,1,0,0,0,0,0,1,0,0,3
0.0,0.0,1.0,0.0,0.0,0.0,0.0,0,0.0,0.0,0.0,1.0,0.0,0.0,1,1,0,2,3.0,5.0,1.0,4.0,1.0,1.0,0.0,1.0,43,3.0,1.0,3.0,3.0,1,0,0,0,0,1,0,0,0,2
0.0,0.0,0.0,0.0,0.0,0.0,0.0,0,0.0,0.0,0.0,0.0,0.0,1.0,0,1,0,5,2.0,3.0,3.0,5.0,1.0,1.0,1.0,0.0,56,2.0,1.0,1.0,3.0,0,0,0,0,0,0,0,0,0,1
1.0,0.0,0.0,0.0,0.0,0.0,0.0,0,1.0,0.0,0.0,0.0,0.0,0.0,0,1,0,2,3.0,3.0,2.0,5.0,0.0,1.0,1.0,0.0,64,1.0,3.0,6.0,4.0,1,1,0,0,0,0,0,1,0,2
0.0,0.0,1.0,0.0,0.0,0.0,0.0,0,0.0,0.0,0.0,0.0,1.0,0.0,0,1,0,1,1.0,4.0,1.0,4.0,1.0,1.0,1.0,1.0,42,3.0,2.0,4.0,4.0,0,0,0,0,0,0,0,0,0,3
0.0,0.0,1.0,0.0,0.0,0.0,1.0,0,0.0,0.0,0.0,0.0,0.0,1.0,1,1,0,3,4.0,3.0,3.0,4.0,1.0,0.0,1.0,0.0,26,3.0,3.0,4.0,3.0,1,0,0,0,1,0,0,0,0,2
0.0,0.0,1.0,0.0,0.0,0.0,0.0,0,0.0,0.0,0.0,1.0,0.0,0.0,0,1,1,4,2.0,1.0,5.0,1.0,1.0,0.0,1.0,0.0,56,3.0,3.0,5.0,6.0,0,0,0,0,0,1,0,0,0,3
1.0,0.0,1.0,0.0,0.0,0.0,1.0,0,0.0,0.0,0.0,0.0,0.0,1.0,0,1,1,3,4.0,4.0,1.0,4.0,1.0,0.0,1.0,0.0,27,3.0,3.0,8.0,7.0,1,0,0,0,0,0,0,0,1,1
0.0,0.0,0.0,0.0,0.0,0.0,1.0,0,0.0,0.0,0.0,0.0,0.0,0.0,1,1,0,3,3.0,2.0,3.0,5.0,1.0,0.0,0.0,0.0,34,1.0,1.0,4.0,3.0,0,0,0,0,0,0,0,1,0,2
0.0,0.0,0.0,0.0,0.0,0.0,0.0,0,0.0,1.0,0.0,0.0,0.0,0.0,0,1,0,1,3.0,5.0,1.0,2.0,1.0,0.0,1.0,0.0,45,2.0,1.0,3.0,3.0,1,1,0,0,0,0,0,0,1,2
1.0,0.0,0.0,0.0,0.0,0.0,0.0,1,0.0,0.0,0.0,0.0,0.0,0.0,0,1,0,1,1.0,5.0,1.0,5.0,1.0,0.0,1.0,0.0,62,2.0,3.0,7.0,6.0,1,0,0,0,0,0,1,0,0,2
0.0,0.0,0.0,0.0,0.0,0.0,0.0,0,0.0,0.0,0.0,1.0,0.0,1.0,1,1,0,1,4.0,5.0,1.0,5.0,1.0,0.0,1.0,0.0,30,3.0,5.0,6.0,4.0,0,0,0,0,0,0,1,0,0,1
0.0,0.0,0.0,0.0,0.0,0.0,0.0,0,0.0,0.0,0.0,0.0,0.0,0.0,0,1,1,1,4.0,4.0,1.0,2.0,1.0,1.0,1.0,0.0,40,2.0,1.0,3.0,1.0,1,1,0,0,0,0,0,0,0,2
0.0,1.0,0.0,0.0,0.0,1.0,1.0,0,0.0,0.0,0.0,0.0,0.0,0.0,1,1,1,4,3.0,1.0,1.0,2.0,1.0,1.0,1.0,0.0,42,3.0,1.0,3.0,3.0,1,0,0,0,0,0,0,0,1,2
1.0,1.0,1.0,0.0,0.0,0.0,1.0,0,0.0,0.0,1.0,0.0,0.0,0.0,0,1,1,1,3.0,3.0,5.0,3.0,0.0,1.0,0.0,1.0,19,2.0,2.0,6.0,5.0,1,1,0,0,0,1,0,0,0,3
1.0,0.0,1.0,0.0,0.0,0.0,1.0,0,0.0,1.0,0.0,0.0,0.0,0.0,0,0,0,3,5.0,4.0,1.0,5.0,0.0,0.0,1.0,1.0,21,2.0,3.0,3.0,4.0,1,0,0,0,1,0,0,0,0,1
1.0,1.0,0.0,0.0,0.0,0.0,0.0,0,0.0,0.0,0.0,1.0,0.0,0.0,1,1,0,1,4.0,5.0,1.0,5.0,1.0,1.0,1.0,1.0,27,5.0,4.0,4.0,3.0,1,0,0,0,0,0,1,0,0,2
1.0,0.0,1.0,0.0,0.0,0.0,0.0,0,0.0,0.0,0.0,1.0,1.0,0.0,0,0,0,5,1.0,1.0,5.0,5.0,0.0,0.0,0.0,0.0,47,2.0,2.0,1.0,4.0,1,0,0,0,0,0,0,0,0,3
0.0,0.0,1.0,0.0,0.0,0.0,0.0,0,0.0,1.0,0.0,0.0,0.0,0.0,1,1,0,1,5.0,5.0,5.0,4.0,1.0,1.0,1.0,0.0,40,2.0,2.0,6.0,5.0,0,0,0,0,1,0,0,0,0,1
0.0,0.0,0.0,0.0,0.0,0.0,0.0,0,0.0,0.0,0.0,0.0,0.0,0.0,0,1,0,1,5.0,5.0,1.0,5.0,0.0,0.0,1.0,0.0,63,0.0,1.0,4.0,2.0,0,0,1,0,1,0,0,0,0,1
0.0,0.0,0.0,0.0,0.0,0.0,1.0,0,0.0,0.0,0.0,0.0,0.0,0.0,1,1,0,4,5.0,1.0,1.0,1.0,1.0,0.0,1.0,0.0,43,1.0,2.0,2.0,2.0,0,0,0,1,0,1,0,0,0,3
1.0,0.0,1.0,0.0,0.0,0.0,0.0,0,0.0,0.0,0.0,0.0,0.0,0.0,0,1,0,3,4.0,4.0,5.0,4.0,0.0,1.0,1.0,0.0,24,4.0,2.0,5.0,5.0,0,0,1,0,0,1,0,0,0,1
1.0,1.0,0.0,1.0,0.0,0.0,0.0,0,0.0,0.0,1.0,0.0,0.0,0.0,0,1,0,1,2.0,3.0,1.0,3.0,0.0,0.0,1.0,0.0,36,4.0,1.0,2.0,2.0,0,1,0,0,0,0,0,0,1,3
0.0,0.0,0.0,0.0,0.0,0.0,0.0,0,0.0,0.0,0.0,0.0,0.0,0.0,0,0,0,2,1.0,5.0,5.0,1.0,0.0,0.0,0.0,0.0,68,2.0,2.0,2.0,4.0,0,0,0,0,0,0,1,0,0,3
0.0,0.0,1.0,0.0,0.0,0.0,0.0,0,0.0,0.0,0.0,1.0,0.0,0.0,0,1,0,1,2.0,5.0,1.0,1.0,0.0,1.0,1.0,0.0,18,2.0,1.0,4.0,4.0,1,1,0,0,1,0,0,0,0,3
1.0,0.0,1.0,0.0,0.0,0.0,0.0,0,0.0,1.0,0.0,0.0,0.0,0.0,0,1,0,4,5.0,5.0,1.0,1.0,1.0,1.0,1.0,0.0,41,2.0,3.0,1.0,3.0,0,0,0,0,0,0,1,0,0,3
0.0,0.0,0.0,0.0,0.0,0.0,0.0,0,0.0,0.0,0.0,0.0,0.0,1.0,1,1,0,5,3.0,2.0,4.0,3.0,1.0,1.0,1.0,0.0,26,2.0,1.0,2.0,6.0,0,0,1,0,1,0,0,0,0,2
0.0,0.0,0.0,0.0,0.0,0.0,0.0,1,0.0,0.0,0.0,0.0,0.0,0.0,0,1,1,3,5.0,1.0,5.0,1.0,1.0,0.0,1.0,0.0,63,1.0,3.0,4.0,6.0,0,0,0,0,0,0,1,0,0,2
0.0,0.0,1.0,0.0,0.0,0.0,0.0,0,0.0,1.0,0.0,0.0,0.0,0.0,0,1,0,4,1.0,4.0,5.0,4.0,1.0,0.0,0.0,0.0,37,3.0,2.0,1.0,4.0,0,0,1,0,0,0,0,0,0,3
1.0,1.0,1.0,0.0,0.0,0.0,1.0,0,0.0,1.0,0.0,1.0,0.0,0.0,0,1,0,2,5.0,5.0,1.0,5.0,1.0,1.0,1.0,1.0,24,5.0,6.0,8.0,7.0,0,0,0,0,0,0,0,0,0,1
0.0,0.0,0.0,0.0,0.0,0.0,0.0,0,0.0,0.0,0.0,0.0,0.0,0.0,0,1,0,4,1.0,4.0,2.0,3.0,0.0,0.0,1.0,0.0,19,2.0,1.0,1.0,5.0,0,0,1,0,0,0,0,0,0,1
1.0,0.0,0.0,0.0,0.0,0.0,1.0,0,0.0,0.0,0.0,0.0,0.0,0.0,0,1,1,1,3.0,4.0,2.0,3.0,1.0,1.0,1.0,0.0,50,6.0,2.0,8.0,7.0,1,0,1,0,0,0,0,0,1,1
1.0,1.0,1.0,0.0,0.0,0.0,0.0,0,0.0,1.0,0.0,0.0,0.0,0.0,0,1,1,3,3.0,4.0,1.0,4.0,1.0,1.0,1.0,0.0,58,3.0,3.0,6.0,4.0,1,0,0,0,0,0,0,1,0,1
1.0,0.0,1.0,0.0,0.0,0.0,1.0,0,0.0,0.0,0.0,0.0,0.0,0.0,1,1,1,4,5.0,3.0,2.0,4.0,1.0,1.0,1.0,0.0,42,2.0,3.0,6.0,7.0,1,0,0,0,1,0,0,0,0,2
0.0,0.0,0.0,0.0,0.0,0.0,0.0,0,0.0,0.0,0.0,0.0,0.0,1.0,0,1,0,2,4.0,5.0,1.0,5.0,1.0,1.0,1.0,0.0,66,1.0,1.0,2.0,4.0,0,0,1,0,0,0,0,0,1,2
0.0,0.0,1.0,0.0,0.0,0.0,0.0,0,0.0,0.0,0.0,0.0,0.0,1.0,1,1,0,4,5.0,1.0,1.0,5.0,1.0,1.0,1.0,0.0,34,1.0,1.0,1.0,3.0,0,1,0,0,0,0,0,0,0,3
1.0,1.0,0.0,0.0,0.0,0.0,1.0,0,0.0,0.0,0.0,0.0,0.0,0.0,0,1,0,2,4.0,4.0,1.0,4.0,1.0,1.0,1.0,0.0,31,4.0,5.0,8.0,6.0,1,0,0,0,0,0,0,0,1,1
0.0,0.0,0.0,0.0,0.0,0.0,0.0,0,0.0,0.0,0.0,0.0,0.0,0.0,1,1,0,2,3.0,4.0,3.0,2.0,1.0,1.0,1.0,0.0,42,1.0,1.0,2.0,2.0,0,1,0,0,0,0,0,0,0,3
1.0,1.0,1.0,0.0,0.0,0.0,0.0,0,0.0,0.0,0.0,1.0,0.0,0.0,0,1,0,2,5.0,3.0,1.0,2.0,0.0,1.0,0.0,0.0,19,2.0,2.0,4.0,4.0,1,0,0,0,0,0,0,0,0,1
0.0,0.0,1.0,0.0,0.0,0.0,0.0,0,0.0,0.0,0.0,0.0,0.0,0.0,0,1,0,3,2.0,1.0,1.0,1.0,1.0,0.0,1.0,0.0,28,2.0,1.0,3.0,3.0,0,0,0,0,0,0,0,0,0,3
1.0,1.0,1.0,0.0,0.0,0.0,1.0,0,0.0,0.0,0.0,0.0,0.0,0.0,0,1,1,3,5.0,5.0,1.0,5.0,1.0,1.0,1.0,0.0,53,3.0,2.0,1.0,2.0,0,0,0,0,0,1,0,0,0,2
0.0,0.0,0.0,0.0,0.0,0.0,0.0,0,0.0,0.0,0.0,0.0,0.0,1.0,1,0,0,2,4.0,2.0,3.0,3.0,0.0,0.0,1.0,0.0,58,0.0,2.0,2.0,2.0,0,0,0,1,1,0,0,0,0,2
0.0,0.0,0.0,0.0,0.0,0.0,0.0,0,0.0,0.0,0.0,0.0,0.0,0.0,0,1,0,1,1.0,3.0,3.0,5.0,1.0,1.0,1.0,0.0,32,2.0,1.0,3.0,5.0,0,0,0,0,0,0,0,0,1,2
0.0,0.0,0.0,0.0,0.0,0.0,1.0,0,0.0,0.0,0.0,0.0,1.0,0.0,0,1,0,1,5.0,5.0,1.0,5.0,0.0,1.0,1.0,0.0,26,2.0,2.0,6.0,3.0,0,0,0,0,0,0,0,1,0,2
1.0,0.0,0.0,0.0,0.0,0.0,1.0,1,0.0,0.0,0.0,0.0,0.0,0.0,0,1,1,1,4.0,5.0,1.0,5.0,1.0,0.0,1.0,0.0,65,6.0,2.0,8.0,7.0,1,0,0,1,0,0,0,1,0,1
1.0,1.0,1.0,0.0,0.0,0.0,1.0,1,0.0,0.0,0.0,0.0,0.0,0.0,0,1,0,5,5.0,1.0,5.0,5.0,0.0,0.0,1.0,0.0,48,2.0,3.0,2.0,4.0,0,0,0,0,0,0,1,0,0,3
0.0,0.0,0.0,0.0,0.0,0.0,0.0,0,0.0,1.0,1.0,0.0,0.0,0.0,1,1,0,3,2.0,3.0,2.0,5.0,1.0,1.0,1.0,0.0,54,2.0,2.0,5.0,3.0,1,0,0,0,0,0,0,0,1,1
1.0,0.0,0.0,0.0,0.0,0.0,0.0,0,0.0,0.0,0.0,0.0,0.0,0.0,0,1,0,3,1.0,5.0,1.0,4.0,1.0,0.0,0.0,0.0,35,2.0,1.0,3.0,2.0,0,1,0,0,0,0,0,0,1,2
0.0,0.0,0.0,0.0,0.0,0.0,0.0,0,0.0,0.0,1.0,0.0,0.0,0.0,0,1,0,2,4.0,3.0,3.0,3.0,1.0,1.0,1.0,0.0,49,2.0,2.0,5.0,7.0,0,0,0,1,1,0,0,0,0,3
0.0,0.0,1.0,0.0,0.0,0.0,1.0,0,0.0,0.0,0.0,0.0,0.0,0.0,1,1,0,4,5.0,5.0,5.0,5.0,0.0,0.0,1.0,0.0,39,1.0,1.0,4.0,6.0,0,0,0,0,0,0,0,0,0,3
1.0,1.0,0.0,0.0,0.0,0.0,1.0,0,0.0,0.0,1.0,0.0,0.0,0.0,0,1,1,3,4.0,4.0,1.0,3.0,0.0,1.0,1.0,0.0,37,3.0,1.0,5.0,5.0,0,1,0,0,0,1,0,0,0,3
0.0,0.0,0.0,0.0,0.0,0.0,1.0,0,0.0,0.0,0.0,0.0,0.0,0.0,1,0,0,4,4.0,1.0,1.0,1.0,1.0,1.0,1.0,1.0,57,1.0,2.0,3.0,2.0,0,0,1,0,0,0,1,0,0,3
0.0,0.0,0.0,0.0,0.0,0.0,1.0,0,0.0,0.0,0.0,0.0,1.0,1.0,0,0,0,3,5.0,3.0,2.0,4.0,0.0,0.0,1.0,0.0,42,1.0,1.0,1.0,1.0,0,0,1,0,0,0,0,0,0,3
0.0,0.0,0.0,0.0,0.0,0.0,0.0,0,0.0,0.0,0.0,0.0,0.0,0.0,0,0,0,1,1.0,1.0,1.0,1.0,1.0,0.0,0.0,0.0,59,2.0,4.0,2.0,2.0,0,0,0,0,0,0,1,0,0,2
1.0,1.0,1.0,0.0,0.0,0.0,1.0,0,0.0,0.0,0.0,0.0,0.0,0.0,1,1,1,2,4.0,4.0,4.0,5.0,1.0,1.0,1.0,1.0,46,3.0,2.0,7.0,4.0,1,0,0,0,1,0,0,0,0,2
1.0,1.0,1.0,0.0,0.0,0.0,0.0,0,1.0,0.0,0.0,0.0,0.0,1.0,0,1,0,1,3.0,5.0,1.0,5.0,0.0,0.0,0.0,0.0,36,1.0,1.0,4.0,4.0,0,1,0,0,0,0,0,0,0,2
0.0,0.0,0.0,0.0,0.0,0.0,0.0,0,0.0,0.0,0.0,0.0,0.0,0.0,0,1,0,3,4.0,4.0,2.0,1.0,0.0,1.0,1.0,0.0,43,2.0,1.0,1.0,2.0,0,0,0,1,1,0,0,0,0,2
0.0,0.0,0.0,0.0,0.0,0.0,1.0,0,0.0,1.0,0.0,0.0,0.0,0.0,1,1,1,3,4.0,3.0,4.0,5.0,1.0,0.0,1.0,0.0,66,2.0,2.0,5.0,5.0,1,0,0,0,1,0,0,0,0,2
0.0,0.0,0.0,0.0,0.0,0.0,0.0,0,1.0,0.0,1.0,0.0,0.0,0.0,1,1,1,1,3.0,5.0,1.0,3.0,1.0,1.0,1.0,1.0,45,4.0,2.0,2.0,2.0,0,0,1,0,1,0,0,0,0,2
0.0,0.0,0.0,0.0,0.0,0.0,0.0,0,0.0,0.0,0.0,0.0,0.0,1.0,0,1,0,2,5.0,1.0,5.0,1.0,1.0,0.0,1.0,0.0,70,1.0,1.0,2.0,2.0,0,0,1,0,0,0,1,0,0,2
0.0,0.0,0.0,0.0,0.0,0.0,0.0,0,0.0,0.0,0.0,0.0,0.0,0.0,0,1,0,1,3.0,4.0,1.0,3.0,1.0,1.0,1.0,0.0,22,1.0,2.0,2.0,2.0,1,0,1,0,1,0,0,0,0,2
1.0,0.0,1.0,0.0,0.0,0.0,0.0,0,0.0,0.0,0.0,0.0,0.0,0.0,0,0,0,3,4.0,3.0,1.0,5.0,0.0,0.0,0.0,1.0,19,2.0,1.0,5.0,2.0,1,0,0,0,0,0,0,0,0,3
0.0,0.0,0.0,0.0,0.0,0.0,1.0,0,0.0,0.0,0.0,0.0,0.0,0.0,1,1,0,1,1.0,5.0,1.0,5.0,1.0,1.0,1.0,0.0,28,2.0,1.0,2.0,2.0,1,0,1,0,0,0,0,1,0,2
0.0,0.0,0.0,0.0,0.0,0.0,0.0,0,0.0,0.0,0.0,0.0,0.0,0.0,0,1,0,1,5.0,2.0,2.0,1.0,1.0,1.0,1.0,1.0,57,1.0,2.0,1.0,1.0,0,0,1,0,0,1,0,0,0,3
0.0,0.0,0.0,0.0,0.0,0.0,0.0,0,0.0,0.0,0.0,0.0,0.0,0.0,0,1,0,2,2.0,2.0,2.0,2.0,1.0,0.0,1.0,0.0,58,0.0,2.0,1.0,1.0,0,0,1,0,0,0,0,0,1,2
0.0,0.0,1.0,0.0,0.0,0.0,0.0,0,0.0,0.0,0.0,0.0,0.0,0.0,1,1,0,1,3.0,1.0,2.0,1.0,1.0,0.0,1.0,0.0,67,1.0,2.0,6.0,5.0,0,1,0,0,0,1,0,0,0,3
0.0,0.0,0.0,0.0,0.0,0.0,0.0,0,0.0,0.0,0.0,0.0,0.0,0.0,0,0,0,1,1.0,1.0,1.0,1.0,0.0,0.0,1.0,0.0,35,3.0,2.0,3.0,2.0,0,0,0,0,0,0,0,0,0,1
1.0,0.0,0.0,0.0,0.0,0.0,1.0,0,0.0,0.0,0.0,0.0,0.0,0.0,0,1,1,2,3.0,3.0,1.0,3.0,0.0,0.0,1.0,0.0,54,2.0,1.0,6.0,7.0,1,1,0,0,0,0,0,0,1,3
0.0,0.0,1.0,0.0,0.0,0.0,0.0,0,0.0,0.0,0.0,0.0,0.0,0.0,0,0,0,1,3.0,5.0,1.0,4.0,1.0,1.0,1.0,0.0,27,2.0,2.0,1.0,2.0,0,0,0,0,0,0,0,0,1,3
0.0,0.0,0.0,0.0,0.0,0.0,0.0,0,0.0,0.0,0.0,0.0,0.0,1.0,0,1,0,1,3.0,4.0,2.0,3.0,0.0,1.0,1.0,0.0,44,3.0,1.0,4.0,4.0,0,0,0,1,0,0,0,0,0,2
0.0,0.0,0.0,0.0,0.0,0.0,0.0,0,0.0,0.0,0.0,0.0,0.0,0.0,0,1,0,1,1.0,2.0,1.0,2.0,1.0,0.0,1.0,0.0,37,2.0,2.0,4.0,3.0,0,1,0,0,0,0,0,0,1,3
0.0,0.0,0.0,0.0,0.0,0.0,0.0,0,0.0,0.0,1.0,0.0,0.0,0.0,0,0,0,2,3.0,4.0,2.0,4.0,0.0,0.0,0.0,0.0,18,2.0,2.0,5.0,4.0,1,0,0,1,1,0,0,0,0,2
0.0,0.0,0.0,0.0,0.0,0.0,0.0,0,0.0,0.0,0.0,0.0,0.0,0.0,0,1,0,4,1.0,1.0,1.0,1.0,1.0,1.0,1.0,0.0,49,1.0,1.0,1.0,3.0,1,0,0,0,1,0,0,0,0,3
1.0,1.0,1.0,0.0,1.0,0.0,1.0,0,0.0,0.0,1.0,0.0,0.0,0.0,0,1,1,2,3.0,3.0,2.0,3.0,0.0,1.0,0.0,1.0,22,2.0,3.0,9.0,7.0,0,0,0,0,0,0,0,0,1,2
1.0,1.0,0.0,0.0,0.0,0.0,1.0,0,0.0,0.0,0.0,0.0,0.0,0.0,0,1,0,1,3.0,4.0,2.0,3.0,1.0,1.0,0.0,0.0,32,4.0,3.0,8.0,6.0,1,0,0,0,0,0,1,0,0,2
0.0,0.0,0.0,0.0,0.0,0.0,0.0,0,0.0,0.0,0.0,0.0,0.0,1.0,0,1,0,5,1.0,2.0,5.0,4.0,1.0,1.0,1.0,0.0,40,1.0,2.0,4.0,4.0,1,1,0,0,0,0,0,0,1,2
0.0,0.0,0.0,0.0,0.0,0.0,1.0,0,0.0,0.0,1.0,1.0,0.0,0.0,1,1,0,1,3.0,4.0,3.0,3.0,1.0,0.0,1.0,0.0,21,2.0,2.0,4.0,4.0,0,0,0,0,0,0,0,0,1,2
0.0,0.0,0.0,0.0,0.0,0.0,0.0,0,0.0,0.0,1.0,1.0,1.0,0.0,1,1,0,3,5.0,5.0,5.0,5.0,1.0,1.0,1.0,0.0,60,2.0,2.0,3.0,6.0,0,0,0,0,0,0,0,0,1,1
0.0,0.0,0.0,0.0,0.0,0.0,0.0,0,0.0,0.0,0.0,0.0,0.0,0.0,0,1,0,3,4.0,3.0,3.0,2.0,1.0,1.0,1.0,0.0,59,1.0,2.0,2.0,2.0,0,0,0,1,0,1,0,0,0,1
0.0,1.0,0.0,0.0,0.0,0.0,1.0,0,0.0,0.0,0.0,0.0,0.0,0.0,0,1,0,1,4.0,2.0,1.0,2.0,1.0,1.0,1.0,1.0,46,2.0,1.0,4.0,4.0,1,0,0,1,0,0,0,1,0,1
1.0,0.0,1.0,0.0,0.0,0.0,0.0,0,1.0,0.0,0.0,1.0,0.0,0.0,0,0,0,3,4.0,5.0,3.0,4.0,0.0,1.0,1.0,1.0,26,2.0,1.0,1.0,2.0,0,0,0,1,0,0,0,1,0,2
0.0,0.0,1.0,0.0,0.0,0.0,0.0,0,0.0,0.0,0.0,0.0,0.0,0.0,1,1,1,5,4.0,5.0,2.0,4.0,0.0,0.0,1.0,0.0,43,1.0,2.0,2.0,3.0,0,0,1,0,0,1,0,0,0,2
1.0,1.0,0.0,0.0,0.0,1.0,1.0,0,0.0,1.0,0.0,0.0,0.0,0.0,1,1,0,1,3.0,4.0,1.0,4.0,0.0,1.0,0.0,0.0,32,5.0,5.0,9.0,7.0,0,0,0,0,0,0,1,0,0,2
0.0,0.0,0.0,0.0,0.0,0.0,0.0,0,0.0,0.0,0.0,0.0,0.0,0.0,1,1,0,3,2.0,3.0,4.0,4.0,0.0,1.0,1.0,0.0,46,3.0,3.0,5.0,3.0,0,0,0,0,0,0,0,1,0,3
0.0,0.0,0.0,0.0,0.0,0.0,0.0,0,0.0,0.0,0.0,0.0,0.0,0.0,1,1,0,1,5.0,5.0,1.0,5.0,1.0,1.0,1.0,0.0,53,1.0,1.0,2.0,2.0,1,0,0,0,0,0,0,0,0,2
1.0,0.0,1.0,0.0,0.0,0.0,0.0,0,0.0,0.0,0.0,1.0,0.0,0.0,1,1,0,3,5.0,5.0,5.0,1.0,1.0,0.0,1.0,0.0,46,1.0,1.0,6.0,6.0,0,0,1,0,1,0,0,0,0,3
0.0,0.0,1.0,0.0,0.0,0.0,1.0,0,0.0,0.0,0.0,1.0,0.0,0.0,0,1,0,1,5.0,5.0,1.0,5.0,0.0,1.0,1.0,0.0,21,3.0,2.0,4.0,4.0,0,0,0,0,1,0,0,0,0,2
0.0,0.0,1.0,0.0,0.0,0.0,0.0,0,1.0,1.0,0.0,0.0,0.0,0.0,0,1,0,3,2.0,4.0,2.0,4.0,1.0,0.0,1.0,0.0,61,2.0,1.0,4.0,5.0,1,0,1,0,1,0,0,0,0,2
1.0,0.0,1.0,0.0,0.0,0.0,0.0,0,0.0,1.0,0.0,0.0,1.0,0.0,0,1,0,1,4.0,4.0,4.0,4.0,0.0,1.0,1.0,0.0,27,4.0,1.0,7.0,5.0,0,0,0,0,1,0,0,0,0,2
0.0,0.0,1.0,0.0,0.0,0.0,0.0,0,0.0,0.0,0.0,1.0,0.0,0.0,0,0,0,1,2.0,3.0,4.0,3.0,0.0,0.0,0.0,0.0,37,4.0,2.0,9.0,5.0,0,0,0,0,0,0,0,0,0,1
0.0,0.0,0.0,0.0,0.0,0.0,0.0,0,0.0,0.0,0.0,0.0,0.0,0.0,0,0,0,1,2.0,1.0,1.0,2.0,0.0,0.0,0.0,0.0,55,2.0,3.0,2.0,1.0,0,0,0,0,0,0,0,0,0,1
1.0,1.0,0.0,1.0,0.0,0.0,1.0,0,0.0,0.0,0.0,1.0,0.0,0.0,1,1,1,1,3.0,5.0,1.0,4.0,1.0,1.0,1.0,0.0,33,5.0,3.0,10.0,6.0,1,0,0,0,0,0,0,0,1,1
0.0,0.0,0.0,0.0,0.0,0.0,0.0,0,0.0,0.0,0.0,0.0,0.0,1.0,0,1,0,2,3.0,4.0,1.0,3.0,0.0,1.0,0.0,0.0,19,2.0,1.0,4.0,5.0,0,0,0,0,1,0,0,0,0,3
1.0,1.0,0.0,0.0,0.0,1.0,1.0,0,1.0,0.0,0.0,0.0,0.0,0.0,1,1,0,1,4.0,4.0,1.0,5.0,1.0,1.0,1.0,0.0,58,2.0,2.0,8.0,5.0,1,0,0,0,0,0,0,0,1,1
1.0,0.0,0.0,1.0,0.0,0.0,0.0,1,0.0,0.0,0.0,0.0,0.0,0.0,0,0,0,1,1.0,5.0,1.0,5.0,0.0,1.0,1.0,0.0,57,2.0,2.0,7.0,5.0,0,0,0,0,1,0,0,0,0,2
0.0,0.0,1.0,0.0,0.0,0.0,0.0,0,0.0,0.0,0.0,0.0,0.0,0.0,0,1,0,1,5.0,5.0,5.0,5.0,1.0,1.0,1.0,0.0,56,1.0,1.0,5.0,6.0,1,1,0,0,0,0,1,0,0,2
1.0,0.0,0.0,0.0,0.0,0.0,0.0,0,0.0,0.0,0.0,1.0,0.0,1.0,1,1,0,1,5.0,4.0,3.0,5.0,1.0,1.0,1.0,0.0,36,3.0,1.0,2.0,3.0,0,1,0,0,0,0,0,0,0,3
1.0,1.0,0.0,0.0,0.0,0.0,1.0,0,0.0,0.0,0.0,0.0,0.0,0.0,0,1,0,2,3.0,3.0,5.0,4.0,1.0,1.0,1.0,1.0,68,5.0,3.0,7.0,6.0,1,0,1,0,0,1,0,0,0,2
1.0,1.0,0.0,0.0,0.0,0.0,0.0,0,0.0,1.0,1.0,0.0,0.0,1.0,0,0,1,1,2.0,4.0,1.0,4.0,0.0,1.0,1.0,0.0,58,1.0,3.0,5.0,4.0,0,0,0,0,0,0,1,0,0,3
1.0,0.0,1.0,0.0,0.0,0.0,0.0,0,0.0,0.0,1.0,0.0,0.0,0.0,1,1,0,1,2.0,1.0,3.0,3.0,1.0,1.0,1.0,0.0,18,2.0,2.0,6.0,4.0,1,0,0,0,1,0,0,0,0,3
0.0,0.0,1.0,0.0,0.0,0.0,1.0,0,0.0,0.0,0.0,0.0,0.0,1.0,1,1,0,1,3.0,1.0,3.0,1.0,1.0,1.0,1.0,1.0,42,1.0,2.0,4.0,5.0,0,0,1,0,0,0,0,1,0,2
0.0,0.0,0.0,0.0,0.0,0.0,1.0,0,0.0,0.0,1.0,0.0,0.0,0.0,1,1,1,2,3.0,4.0,1.0,3.0,0.0,1.0,1.0,0.0,25,2.0,1.0,8.0,8.0,1,0,0,0,0,0,0,0,0,1
0.0,0.0,0.0,0.0,0.0,0.0,0.0,0,0.0,0.0,0.0,0.0,0.0,0.0,0,1,0,4,1.0,5.0,1.0,1.0,1.0,0.0,0.0,0.0,38,1.0,1.0,2.0,3.0,0,1,0,0,0,0,0,0,1,3
0.0,0.0,1.0,0.0,0.0,0.0,1.0,0,0.0,1.0,0.0,0.0,0.0,0.0,1,1,0,5,5.0,1.0,1.0,1.0,1.0,0.0,1.0,0.0,19,2.0,2.0,4.0,4.0,0,0,0,1,0,0,0,0,1,3
0.0,0.0,0.0,0.0,0.0,0.0,0.0,0,0.0,0.0,0.0,0.0,0.0,1.0,0,1,0,1,2.0,2.0,4.0,2.0,1.0,1.0,1.0,0.0,38,2.0,1.0,2.0,2.0,0,1,0,0,0,0,0,0,0,1
0.0,0.0,0.0,0.0,0.0,0.0,1.0,0,0.0,0.0,0.0,0.0,0.0,0.0,0,1,0,1,4.0,5.0,5.0,5.0,1.0,1.0,1.0,0.0,35,2.0,1.0,4.0,3.0,1,0,0,0,0,0,0,0,0,3
0.0,0.0,0.0,0.0,0.0,0.0,0.0,0,0.0,0.0,0.0,0.0,0.0,1.0,0,1,0,5,2.0,4.0,3.0,1.0,0.0,0.0,1.0,0.0,67,1.0,1.0,4.0,3.0,1,1,0,0,0,0,1,0,0,3
0.0,0.0,1.0,0.0,0.0,0.0,0.0,0,0.0,0.0,0.0,0.0,0.0,0.0,0,1,0,3,5.0,5.0,5.0,1.0,0.0,0.0,1.0,0.0,53,2.0,1.0,1.0,4.0,1,0,0,1,0,0,0,0,0,3
0.0,0.0,0.0,0.0,0.0,0.0,0.0,0,0.0,0.0,0.0,0.0,1.0,0.0,1,1,0,1,3.0,3.0,2.0,3.0,0.0,1.0,1.0,0.0,19,2.0,1.0,4.0,2.0,0,0,1,0,1,0,0,0,0,3
1.0,1.0,0.0,0.0,0.0,0.0,1.0,0,0.0,0.0,0.0,0.0,0.0,0.0,0,1,0,4,3.0,1.0,1.0,4.0,0.0,1.0,1.0,1.0,24,2.0,2.0,8.0,2.0,1,0,0,0,1,0,0,0,0,3
0.0,0.0,0.0,0.0,0.0,0.0,0.0,0,0.0,0.0,0.0,0.0,0.0,1.0,1,1,0,4,4.0,5.0,3.0,4.0,0.0,1.0,1.0,0.0,41,2.0,1.0,3.0,4.0,0,0,1,0,0,0,1,0,0,1
0.0,0.0,0.0,0.0,0.0,0.0,0.0,0,0.0,0.0,1.0,0.0,0.0,0.0,1,1,0,1,5.0,5.0,1.0,5.0,1.0,1.0,1.0,0.0,27,5.0,3.0,7.0,4.0,0,0,0,0,0,0,0,1,0,3
1.0,0.0,1.0,0.0,0.0,0.0,1.0,0,0.0,0.0,0.0,0.0,0.0,0.0,1,1,0,3,4.0,5.0,2.0,3.0,0.0,1.0,1.0,0.0,26,2.0,1.0,4.0,2.0,0,1,0,0,0,0,0,0,0,2
1.0,0.0,1.0,0.0,0.0,0.0,0.0,0,0.0,1.0,1.0,0.0,0.0,1.0,1,1,1,2,3.0,5.0,2.0,3.0,1.0,1.0,1.0,1.0,49,3.0,2.0,6.0,4.0,1,0,0,0,1,0,0,0,0,2
0.0,0.0,1.0,0.0,0.0,0.0,0.0,0,0.0,0.0,0.0,0.0,0.0,0.0,1,1,0,3,2.0,2.0,3.0,1.0,1.0,0.0,1.0,0.0,59,1.0,2.0,3.0,4.0,0,0,0,0,0,0,0,0,1,2
1.0,1.0,1.0,0.0,0.0,0.0,0.0,0,0.0,0.0,1.0,0.0,0.0,0.0,1,1,1,3,3.0,3.0,3.0,3.0,1.0,0.0,1.0,0.0,55,3.0,5.0,3.0,3.0,0,0,0,0,0,0,1,0,0,2
0.0,0.0,0.0,0.0,0.0,0.0,1.0,0,0.0,0.0,0.0,0.0,0.0,0.0,1,1,0,1,1.0,1.0,1.0,1.0,1.0,1.0,1.0,0.0,52,2.0,2.0,4.0,5.0,0,0,0,0,1,0,0,0,0,3
0.0,0.0,1.0,0.0,0.0,0.0,0.0,0,1.0,0.0,0.0,0.0,0.0,0.0,0,1,0,1,4.0,3.0,1.0,1.0,1.0,0.0,1.0,0.0,53,1.0,1.0,3.0,5.0,0,0,0,0,1,0,0,0,0,1
0.0,0.0,0.0,0.0,0.0,0.0,0.0,0,0.0,0.0,0.0,0.0,0.0,0.0,1,0,0,1,4.0,5.0,5.0,3.0,1.0,1.0,1.0,0.0,46,1.0,2.0,7.0,6.0,1,1,0,0,0,0,0,0,0,3
0.0,0.0,1.0,0.0,0.0,0.0,1.0,0,0.0,0.0,0.0,0.0,0.0,0.0,1,1,0,4,1.0,1.0,1.0,1.0,0.0,0.0,0.0,0.0,43,1.0,2.0,4.0,2.0,1,0,0,0,1,0,0,0,0,3
1.0,1.0,1.0,0.0,0.0,0.0,1.0,1,0.0,1.0,0.0,0.0,0.0,0.0,1,1,0,1,3.0,5.0,1.0,4.0,1.0,1.0,0.0,1.0,24,2.0,1.0,3.0,2.0,1,0,0,0,1,0,0,0,0,1
0.0,0.0,0.0,0.0,0.0,0.0,0.0,0,0.0,0.0,0.0,0.0,0.0,0.0,0,0,0,1,2.0,1.0,5.0,1.0,0.0,0.0,1.0,0.0,37,2.0,3.0,6.0,4.0,0,0,0,0,0,0,1,0,0,3
0.0,0.0,1.0,0.0,0.0,0.0,0.0,0,0.0,0.0,0.0,0.0,0.0,0.0,0,1,0,3,1.0,1.0,1.0,1.0,1.0,1.0,1.0,0.0,58,1.0,1.0,1.0,1.0,0,0,0,0,0,0,0,0,1,2
0.0,0.0,0.0,0.0,0.0,0.0,0.0,0,0.0,0.0,0.0,0.0,0.0,0.0,0,1,0,1,1.0,1.0,1.0,1.0,0.0,0.0,1.0,0.0,60,2.0,3.0,5.0,5.0,0,0,1,0,0,0,1,0,0,3
1.0,1.0,0.0,0.0,0.0,0.0,1.0,1,0.0,0.0,0.0,0.0,0.0,0.0,1,1,0,2,5.0,3.0,1.0,4.0,0.0,0.0,1.0,1.0,61,6.0,3.0,8.0,7.0,1,0,0,1,0,0,1,0,0,2
0.0,0.0,0.0,0.0,0.0,0.0,0.0,0,1.0,0.0,0.0,1.0,0.0,0.0,0,1,0,2,2.0,3.0,4.0,3.0,0.0,0.0,1.0,0.0,59,3.0,2.0,2.0,2.0,1,1,0,0,0,0,1,0,0,1
0.0,0.0,1.0,0.0,0.0,0.0,1.0,0,0.0,0.0,0.0,1.0,0.0,0.0,1,1,0,2,5.0,5.0,1.0,5.0,0.0,1.0,1.0,1.0,32,2.0,3.0,8.0,7.0,1,0,0,0,0,0,1,0,0,2
0.0,0.0,1.0,0.0,0.0,0.0,1.0,0,0.0,0.0,1.0,0.0,0.0,0.0,0,1,0,1,5.0,4.0,5.0,3.0,1.0,1.0,1.0,0.0,27,2.0,1.0,5.0,5.0,0,0,0,0,1,0,0,0,0,2
0.0,0.0,1.0,0.0,0.0,0.0,1.0,0,0.0,0.0,0.0,0.0,1.0,0.0,1,1,1,4,1.0,4.0,3.0,4.0,1.0,1.0,1.0,1.0,22,2.0,2.0,6.0,5.0,1,0,0,0,1,0,0,0,0,1
0.0,0.0,0.0,0.0,0.0,0.0,0.0,0,0.0,0.0,0.0,0.0,0.0,0.0,1,1,0,1,1.0,5.0,1.0,5.0,1.0,1.0,1.0,0.0,49,1.0,2.0,2.0,2.0,0,0,0,1,0,0,0,0,1,2
1.0,1.0,0.0,0.0,0.0,0.0,0.0,0,0.0,0.0,0.0,1.0,0.0,0.0,0,1,0,1,3.0,5.0,1.0,5.0,1.0,0.0,1.0,0.0,50,2.0,4.0,4.0,3.0,0,0,0,0,1,0,0,0,0,2
0.0,0.0,0.0,0.0,0.0,0.0,0.0,0,0.0,0.0,0.0,1.0,0.0,0.0,0,0,0,1,5.0,5.0,1.0,1.0,0.0,0.0,0.0,0.0,19,2.0,3.0,6.0,2.0,1,0,1,0,0,0,1,0,0,1
1.0,1.0,1.0,0.0,0.0,0.0,1.0,1,0.0,0.0,0.0,0.0,0.0,0.0,1,1,0,1,3.0,5.0,1.0,4.0,1.0,1.0,1.0,0.0,41,2.0,3.0,6.0,4.0,1,0,0,0,1,0,0,0,0,2
0.0,1.0,1.0,0.0,0.0,0.0,0.0,0,0.0,1.0,1.0,1.0,0.0,0.0,1,1,0,1,3.0,5.0,1.0,4.0,1.0,1.0,1.0,1.0,60,2.0,3.0,6.0,5.0,0,0,0,0,0,0,0,0,1,3
1.0,1.0,0.0,0.0,0.0,0.0,1.0,0,1.0,0.0,0.0,1.0,1.0,0.0,0,1,0,2,4.0,4.0,3.0,4.0,1.0,1.0,1.0,1.0,44,5.0,1.0,10.0,8.0,0,0,0,0,0,0,0,0,0,1
0.0,0.0,0.0,0.0,0.0,0.0,0.0,0,0.0,0.0,0.0,0.0,0.0,0.0,0,0,1,5,3.0,2.0,3.0,4.0,0.0,0.0,1.0,0.0,57,2.0,2.0,2.0,4.0,1,1,0,0,0,0,0,0,0,2
1.0,0.0,0.0,0.0,0.0,0.0,1.0,0,0.0,0.0,0.0,1.0,0.0,1.0,1,1,0,1,2.0,3.0,3.0,3.0,1.0,1.0,1.0,0.0,21,4.0,1.0,4.0,5.0,1,0,0,0,1,0,0,0,0,2
0.0,0.0,1.0,0.0,0.0,0.0,1.0,0,0.0,0.0,0.0,0.0,0.0,0.0,1,1,1,3,3.0,3.0,3.0,4.0,1.0,1.0,1.0,0.0,32,3.0,2.0,3.0,5.0,0,1,0,0,1,0,0,0,0,2
1.0,1.0,1.0,0.0,0.0,0.0,0.0,0,0.0,0.0,0.0,0.0,0.0,0.0,0,1,0,3,3.0,2.0,4.0,4.0,1.0,1.0,1.0,0.0,31,1.0,2.0,3.0,2.0,0,0,0,1,0,0,0,1,0,3
1.0,1.0,0.0,0.0,0.0,0.0,0.0,1,0.0,0.0,0.0,0.0,0.0,0.0,0,1,1,1,5.0,5.0,5.0,5.0,1.0,1.0,1.0,0.0,65,2.0,6.0,9.0,8.0,0,0,0,0,0,0,0,0,1,2
0.0,0.0,0.0,0.0,0.0,0.0,1.0,0,0.0,0.0,0.0,0.0,0.0,0.0,0,1,0,1,3.0,5.0,1.0,4.0,1.0,0.0,1.0,0.0,60,1.0,1.0,6.0,5.0,0,0,0,0,1,0,0,0,0,2
1.0,1.0,0.0,0.0,0.0,0.0,0.0,0,0.0,0.0,0.0,0.0,0.0,0.0,1,1,0,1,4.0,3.0,5.0,5.0,0.0,1.0,1.0,0.0,40,2.0,3.0,5.0,3.0,1,1,0,0,0,0,1,0,0,1
0.0,0.0,1.0,0.0,0.0,0.0,0.0,0,0.0,0.0,0.0,1.0,0.0,0.0,0,1,0,1,4.0,5.0,3.0,5.0,1.0,1.0,1.0,0.0,49,2.0,2.0,3.0,3.0,0,1,0,0,0,0,0,0,1,2
0.0,0.0,0.0,0.0,0.0,0.0,0.0,0,0.0,0.0,0.0,0.0,0.0,0.0,0,1,0,3,4.0,5.0,1.0,5.0,1.0,1.0,1.0,0.0,58,1.0,1.0,2.0,2.0,1,0,0,1,0,0,0,0,0,3
1.0,1.0,0.0,0.0,0.0,0.0,0.0,0,0.0,1.0,0.0,0.0,0.0,0.0,1,1,0,5,2.0,1.0,2.0,1.0,0.0,0.0,0.0,0.0,54,3.0,1.0,1.0,2.0,0,0,0,0,0,0,0,0,0,3
0.0,0.0,0.0,0.0,0.0,0.0,0.0,0,0.0,0.0,0.0,0.0,0.0,0.0,1,1,0,1,3.0,5.0,1.0,4.0,1.0,1.0,1.0,0.0,44,2.0,2.0,7.0,3.0,1,0,0,0,0,1,0,0,0,2
0.0,0.0,1.0,0.0,0.0,0.0,1.0,0,0.0,0.0,0.0,0.0,0.0,0.0,1,1,0,2,4.0,4.0,1.0,3.0,1.0,0.0,1.0,1.0,19,2.0,3.0,5.0,5.0,1,0,0,0,1,0,0,0,0,3
1.0,1.0,1.0,0.0,0.0,0.0,1.0,0,0.0,0.0,0.0,1.0,0.0,0.0,1,1,0,1,3.0,5.0,1.0,5.0,1.0,1.0,1.0,0.0,38,3.0,3.0,7.0,6.0,0,0,0,0,1,0,0,0,0,2
1.0,0.0,1.0,0.0,0.0,0.0,0.0,0,0.0,0.0,1.0,0.0,0.0,0.0,0,1,0,2,4.0,4.0,1.0,5.0,1.0,1.0,1.0,1.0,47,3.0,1.0,2.0,2.0,0,0,0,1,0,0,0,1,0,2
1.0,1.0,0.0,0.0,0.0,0.0,1.0,0,0.0,0.0,0.0,0.0,0.0,0.0,1,1,1,1,5.0,5.0,1.0,5.0,0.0,1.0,1.0,0.0,53,2.0,1.0,4.0,5.0,1,0,0,0,0,0,0,0,1,2
1.0,0.0,1.0,0.0,0.0,0.0,0.0,0,0.0,0.0,0.0,0.0,0.0,0.0,1,1,0,4,1.0,2.0,2.0,2.0,1.0,1.0,1.0,1.0,48,0.0,2.0,4.0,4.0,1,0,1,0,0,1,0,0,0,2
1.0,1.0,1.0,0.0,0.0,0.0,1.0,0,0.0,0.0,0.0,1.0,1.0,0.0,0,1,0,1,5.0,5.0,1.0,5.0,1.0,1.0,1.0,0.0,63,4.0,3.0,10.0,6.0,1,0,0,0,0,0,0,0,0,1
0.0,0.0,1.0,0.0,0.0,0.0,0.0,0,0.0,0.0,0.0,0.0,0.0,0.0,1,1,0,3,2.0,2.0,3.0,2.0,1.0,1.0,1.0,0.0,33,2.0,2.0,4.0,2.0,1,0,1,0,1,0,0,0,0,2
1.0,0.0,0.0,0.0,0.0,0.0,0.0,1,0.0,0.0,0.0,0.0,0.0,0.0,0,1,1,1,1.0,4.0,1.0,2.0,1.0,0.0,1.0,0.0,36,1.0,2.0,5.0,5.0,1,0,0,0,1,0,0,0,0,3
0.0,0.0,0.0,0.0,0.0,0.0,1.0,0,0.0,0.0,0.0,1.0,0.0,0.0,0,0,0,1,4.0,3.0,2.0,5.0,1.0,1.0,1.0,0.0,22,3.0,1.0,2.0,1.0,1,0,0,0,0,0,0,0,0,2
0.0,0.0,1.0,0.0,0.0,0.0,0.0,0,0.0,0.0,0.0,1.0,0.0,0.0,1,1,0,1,1.0,1.0,1.0,1.0,0.0,0.0,0.0,0.0,63,2.0,2.0,5.0,5.0,0,0,0,0,0,1,0,0,0,3
0.0,0.0,0.0,0.0,0.0,0.0,0.0,0,0.0,1.0,0.0,0.0,0.0,0.0,0,1,0,5,1.0,1.0,5.0,4.0,1.0,0.0,1.0,0.0,57,0.0,1.0,1.0,4.0,0,1,0,0,0,0,0,0,1,3
0.0,0.0,0.0,0.0,0.0,0.0,0.0,0,0.0,0.0,0.0,0.0,0.0,1.0,0,1,0,3,1.0,1.0,1.0,1.0,0.0,0.0,0.0,0.0,54,1.0,1.0,1.0,1.0,0,0,1,0,0,0,0,0,0,2
0.0,0.0,1.0,0.0,0.0,0.0,0.0,0,0.0,0.0,0.0,0.0,0.0,0.0,1,1,0,3,2.0,3.0,3.0,2.0,1.0,0.0,1.0,0.0,21,2.0,2.0,2.0,2.0,0,1,0,0,1,0,0,0,0,3
0.0,0.0,0.0,0.0,0.0,0.0,1.0,0,0.0,0.0,0.0,0.0,0.0,0.0,0,1,1,1,4.0,5.0,3.0,4.0,1.0,1.0,1.0,0.0,36,2.0,2.0,4.0,3.0,1,1,0,0,0,0,1,0,0,2
1.0,0.0,0.0,0.0,0.0,0.0,1.0,0,0.0,0.0,0.0,0.0,0.0,0.0,0,1,1,3,1.0,3.0,5.0,3.0,0.0,0.0,1.0,0.0,43,3.0,2.0,4.0,5.0,0,1,0,0,0,0,0,1,0,3
0.0,0.0,0.0,0.0,0.0,0.0,0.0,0,0.0,0.0,0.0,0.0,0.0,0.0,1,0,0,5,1.0,5.0,5.0,1.0,1.0,1.0,1.0,0.0,52,1.0,1.0,4.0,3.0,0,1,0,0,0,0,0,0,0,3
1.0,1.0,1.0,0.0,0.0,0.0,1.0,0,0.0,1.0,0.0,0.0,0.0,0.0,1,1,1,1,5.0,5.0,2.0,5.0,1.0,1.0,1.0,0.0,33,6.0,4.0,10.0,7.0,0,0,0,0,1,0,0,0,0,2
1.0,1.0,1.0,0.0,1.0,0.0,1.0,0,0.0,0.0,0.0,0.0,0.0,0.0,0,1,1,1,5.0,5.0,1.0,5.0,0.0,1.0,1.0,1.0,20,3.0,1.0,9.0,7.0,1,0,0,0,1,0,0,0,0,2
0.0,0.0,0.0,0.0,0.0,0.0,0.0,0,1.0,0.0,0.0,1.0,0.0,0.0,1,1,0,2,4.0,5.0,1.0,5.0,1.0,1.0,1.0,0.0,37,2.0,3.0,5.0,4.0,0,1,0,0,0,0,1,0,0,2
0.0,0.0,0.0,0.0,0.0,0.0,0.0,0,0.0,0.0,0.0,0.0,0.0,0.0,1,1,1,3,2.0,2.0,2.0,1.0,0.0,0.0,1.0,0.0,43,1.0,2.0,5.0,2.0,1,0,0,0,1,0,0,0,0,3
0.0,0.0,0.0,0.0,0.0,0.0,0.0,0,0.0,0.0,0.0,0.0,0.0,0.0,0,0,0,1,5.0,3.0,1.0,4.0,0.0,0.0,0.0,0.0,19,2.0,1.0,4.0,4.0,1,0,0,0,0,0,0,0,1,2
0.0,0.0,0.0,0.0,0.0,0.0,0.0,0,0.0,0.0,1.0,0.0,0.0,0.0,0,0,1,1,4.0,5.0,1.0,5.0,1.0,1.0,1.0,0.0,30,3.0,1.0,2.0,3.0,0,0,0,0,0,0,0,0,0,3
0.0,0.0,1.0,0.0,0.0,0.0,0.0,0,0.0,0.0,0.0,0.0,0.0,0.0,1,1,0,2,2.0,3.0,2.0,2.0,1.0,1.0,1.0,0.0,20,2.0,1.0,4.0,1.0,1,1,0,0,1,0,0,0,0,2
0.0,0.0,1.0,0.0,0.0,0.0,0.0,0,0.0,0.0,0.0,1.0,0.0,0.0,0,1,0,5,3.0,1.0,1.0,2.0,1.0,1.0,1.0,0.0,35,3.0,1.0,3.0,3.0,0,0,1,0,0,0,0,0,0,3
0.0,0.0,0.0,0.0,0.0,0.0,0.0,0,1.0,0.0,0.0,0.0,0.0,0.0,0,1,0,5,1.0,1.0,2.0,4.0,1.0,0.0,1.0,0.0,68,1.0,2.0,3.0,6.0,1,0,0,0,0,1,0,0,0,1
1.0,1.0,1.0,0.0,0.0,0.0,1.0,0,0.0,0.0,0.0,0.0,0.0,0.0,0,1,1,5,5.0,3.0,1.0,3.0,0.0,1.0,1.0,0.0,52,1.0,2.0,4.0,4.0,1,0,0,0,1,0,0,0,0,1
1.0,1.0,1.0,0.0,0.0,0.0,1.0,0,0.0,0.0,1.0,0.0,0.0,0.0,1,1,1,4,1.0,4.0,5.0,1.0,1.0,1.0,1.0,0.0,56,3.0,3.0,5.0,4.0,0,0,0,0,1,0,0,0,0,2
0.0,0.0,0.0,0.0,0.0,0.0,0.0,0,0.0,0.0,0.0,1.0,0.0,0.0,1,1,0,1,1.0,5.0,1.0,1.0,1.0,1.0,1.0,0.0,52,6.0,2.0,5.0,5.0,0,0,0,0,1,0,0,0,0,3
0.0,0.0,1.0,0.0,0.0,0.0,0.0,0,1.0,0.0,1.0,0.0,0.0,0.0,0,1,0,3,5.0,5.0,1.0,5.0,1.0,1.0,1.0,1.0,47,2.0,2.0,5.0,4.0,0,0,0,0,1,0,0,0,0,2
0.0,0.0,0.0,0.0,0.0,0.0,0.0,0,0.0,0.0,0.0,0.0,0.0,0.0,0,1,0,4,4.0,2.0,4.0,3.0,1.0,1.0,1.0,0.0,31,2.0,1.0,2.0,4.0,1,0,1,0,0,0,0,0,0,1
1.0,0.0,0.0,0.0,0.0,0.0,0.0,0,0.0,0.0,1.0,0.0,0.0,0.0,0,1,1,1,2.0,5.0,3.0,3.0,1.0,1.0,1.0,0.0,51,2.0,1.0,4.0,4.0,0,1,0,0,0,0,0,1,0,2
0.0,0.0,0.0,0.0,0.0,0.0,0.0,0,0.0,0.0,0.0,0.0,0.0,1.0,1,0,0,5,1.0,2.0,3.0,2.0,1.0,1.0,1.0,0.0,28,1.0,2.0,1.0,4.0,0,0,1,0,0,0,0,0,0,2
1.0,1.0,1.0,0.0,0.0,0.0,1.0,0,0.0,0.0,0.0,1.0,0.0,0.0,0,1,1,2,4.0,2.0,1.0,3.0,1.0,0.0,1.0,1.0,39,3.0,1.0,4.0,4.0,0,1,0,0,0,0,0,1,0,2
0.0,0.0,0.0,0.0,0.0,0.0,0.0,0,0.0,0.0,0.0,0.0,0.0,0.0,0,1,1,1,3.0,2.0,2.0,3.0,1.0,0.0,1.0,0.0,24,1.0,1.0,4.0,4.0,0,0,0,0,0,0,0,0,0,3
0.0,0.0,1.0,0.0,0.0,0.0,1.0,0,0.0,1.0,1.0,0.0,0.0,1.0,0,1,0,4,4.0,2.0,2.0,1.0,1.0,1.0,1.0,0.0,42,3.0,1.0,2.0,2.0,0,0,1,0,0,0,0,0,0,3
1.0,1.0,1.0,0.0,0.0,0.0,1.0,0,0.0,1.0,1.0,0.0,0.0,0.0,1,1,1,2,5.0,5.0,3.0,4.0,1.0,1.0,1.0,1.0,27,5.0,3.0,7.0,6.0,0,0,0,0,0,0,0,1,0,2
0.0,0.0,1.0,0.0,0.0,0.0,0.0,0,0.0,0.0,0.0,0.0,0.0,1.0,1,1,0,5,1.0,1.0,3.0,4.0,1.0,1.0,1.0,1.0,47,2.0,2.0,5.0,4.0,0,0,0,0,1,0,0,0,0,2
0.0,0.0,1.0,0.0,0.0,0.0,0.0,0,0.0,0.0,0.0,0.0,0.0,1.0,1,0,0,1,1.0,5.0,1.0,3.0,1.0,1.0,1.0,0.0,29,2.0,3.0,4.0,1.0,0,0,0,0,0,0,1,0,0,1
0.0,0.0,1.0,0.0,0.0,0.0,0.0,0,0.0,0.0,0.0,0.0,0.0,0.0,0,1,0,1,4.0,4.0,1.0,4.0,0.0,1.0,1.0,0.0,19,2.0,2.0,5.0,2.0,1,0,0,1,1,0,0,0,0,2
1.0,1.0,0.0,0.0,0.0,0.0,1.0,0,0.0,0.0,0.0,0.0,0.0,0.0,0,0,0,3,2.0,5.0,2.0,1.0,1.0,0.0,1.0,0.0,30,5.0,2.0,4.0,6.0,0,0,0,0,0,0,1,0,0,3
0.0,0.0,1.0,0.0,0.0,0.0,0.0,0,0.0,0.0,0.0,0.0,0.0,1.0,0,1,0,2,1.0,2.0,2.0,3.0,0.0,1.0,1.0,0.0,25,2.0,2.0,7.0,9.0,1,0,0,0,1,0,0,0,0,3
0.0,0.0,0.0,0.0,0.0,0.0,0.0,0,0.0,0.0,0.0,0.0,0.0,0.0,1,1,0,5,1.0,2.0,3.0,1.0,1.0,0.0,1.0,0.0,42,2.0,1.0,4.0,5.0,1,0,0,0,1,0,0,0,0,3
1.0,1.0,1.0,0.0,0.0,0.0,1.0,0,0.0,1.0,0.0,0.0,0.0,1.0,1,1,1,3,4.0,3.0,1.0,5.0,1.0,1.0,1.0,1.0,45,1.0,2.0,5.0,3.0,1,0,0,1,0,1,0,0,0,2
1.0,1.0,0.0,0.0,0.0,0.0,1.0,1,0.0,0.0,0.0,0.0,0.0,0.0,1,1,0,1,5.0,5.0,1.0,5.0,1.0,1.0,1.0,0.0,39,5.0,4.0,6.0,4.0,1,0,0,0,0,0,1,0,0,1
0.0,0.0,0.0,0.0,0.0,0.0,0.0,0,0.0,0.0,0.0,0.0,0.0,1.0,0,0,0,4,4.0,2.0,1.0,2.0,0.0,0.0,0.0,0.0,70,1.0,2.0,1.0,4.0,1,0,0,0,0,1,0,0,0,1
0.0,0.0,0.0,0.0,0.0,0.0,0.0,0,0.0,0.0,0.0,0.0,0.0,0.0,1,1,0,1,1.0,1.0,2.0,5.0,1.0,1.0,1.0,0.0,46,0.0,2.0,2.0,2.0,0,0,0,0,0,1,0,0,0,2
0.0,0.0,0.0,0.0,0.0,0.0,0.0,0,0.0,0.0,0.0,0.0,0.0,0.0,0,1,0,1,3.0,5.0,1.0,5.0,1.0,1.0,1.0,0.0,70,2.0,1.0,2.0,2.0,0,0,0,1,0,0,0,0,0,2
0.0,0.0,0.0,0.0,0.0,0.0,0.0,0,0.0,0.0,0.0,0.0,0.0,0.0,1,0,0,1,5.0,5.0,1.0,5.0,1.0,1.0,1.0,0.0,56,2.0,3.0,2.0,2.0,1,0,0,0,0,0,1,0,0,1
0.0,0.0,0.0,0.0,0.0,0.0,0.0,0,0.0,0.0,0.0,0.0,0.0,0.0,1,1,0,3,3.0,5.0,1.0,3.0,1.0,1.0,1.0,0.0,34,3.0,3.0,4.0,4.0,0,0,0,0,0,0,1,0,0,3
0.0,0.0,0.0,0.0,0.0,0.0,0.0,0,0.0,0.0,0.0,1.0,0.0,0.0,0,1,0,1,1.0,4.0,1.0,3.0,0.0,0.0,0.0,0.0,60,1.0,2.0,1.0,2.0,1,0,0,0,0,0,1,0,0,1
0.0,0.0,1.0,0.0,0.0,0.0,0.0,0,0.0,0.0,0.0,0.0,0.0,0.0,0,1,0,1,1.0,4.0,5.0,5.0,0.0,0.0,1.0,0.0,54,1.0,1.0,3.0,4.0,1,1,0,0,0,1,0,0,0,3
0.0,0.0,1.0,0.0,0.0,0.0,0.0,0,0.0,0.0,0.0,0.0,0.0,0.0,1,1,0,4,1.0,5.0,1.0,5.0,1.0,1.0,1.0,0.0,25,2.0,2.0,2.0,4.0,0,0,0,0,1,0,0,0,0,2
0.0,0.0,0.0,0.0,0.0,0.0,0.0,0,0.0,0.0,0.0,0.0,0.0,0.0,1,1,0,3,1.0,5.0,5.0,1.0,1.0,1.0,1.0,0.0,27,2.0,1.0,2.0,3.0,0,0,0,0,1,0,0,0,0,3
0.0,0.0,0.0,0.0,0.0,0.0,0.0,0,0.0,0.0,0.0,0.0,0.0,0.0,1,1,0,5,1.0,1.0,1.0,1.0,1.0,0.0,1.0,0.0,50,1.0,2.0,2.0,2.0,0,0,0,0,0,0,1,0,0,3
0.0,0.0,0.0,0.0,0.0,0.0,1.0,0,0.0,0.0,0.0,0.0,0.0,0.0,0,1,0,1,1.0,5.0,5.0,1.0,1.0,0.0,1.0,0.0,47,1.0,1.0,2.0,1.0,1,0,1,0,0,1,0,0,0,3
1.0,0.0,0.0,0.0,0.0,0.0,0.0,0,0.0,0.0,0.0,0.0,0.0,0.0,0,1,0,1,3.0,2.0,3.0,3.0,0.0,0.0,1.0,0.0,24,2.0,1.0,1.0,1.0,0,0,1,0,0,1,0,0,0,2
0.0,0.0,0.0,0.0,0.0,0.0,0.0,0,0.0,0.0,0.0,0.0,0.0,1.0,0,0,0,5,1.0,3.0,2.0,1.0,0.0,0.0,0.0,0.0,64,1.0,1.0,1.0,2.0,0,0,0,0,0,0,0,0,0,2
1.0,0.0,0.0,0.0,0.0,0.0,0.0,0,0.0,0.0,0.0,0.0,0.0,0.0,0,0,0,1,1.0,5.0,1.0,5.0,0.0,1.0,1.0,0.0,62,5.0,3.0,5.0,4.0,0,0,0,0,0,0,0,0,1,3
0.0,1.0,0.0,0.0,0.0,0.0,1.0,0,0.0,0.0,0.0,0.0,0.0,0.0,0,1,0,1,4.0,5.0,5.0,5.0,0.0,1.0,0.0,0.0,53,3.0,2.0,4.0,4.0,0,0,0,0,0,0,0,0,1,2
0.0,0.0,0.0,0.0,0.0,0.0,0.0,0,0.0,0.0,1.0,0.0,0.0,0.0,1,0,0,3,5.0,1.0,1.0,1.0,1.0,0.0,1.0,0.0,53,1.0,1.0,3.0,4.0,1,0,0,0,0,0,0,0,1,3
0.0,0.0,1.0,0.0,0.0,0.0,0.0,0,0.0,1.0,1.0,0.0,0.0,0.0,1,1,0,2,5.0,5.0,1.0,4.0,1.0,1.0,1.0,0.0,38,3.0,2.0,2.0,2.0,0,0,0,0,1,0,0,0,0,3
1.0,0.0,0.0,0.0,0.0,1.0,1.0,0,0.0,0.0,0.0,0.0,0.0,0.0,1,1,0,1,4.0,4.0,5.0,3.0,1.0,0.0,1.0,0.0,35,1.0,1.0,4.0,4.0,1,1,0,0,0,0,1,0,0,3
1.0,0.0,0.0,0.0,0.0,0.0,0.0,0,0.0,0.0,0.0,1.0,0.0,0.0,0,0,0,2,2.0,4.0,1.0,2.0,0.0,0.0,0.0,0.0,43,5.0,2.0,7.0,6.0,0,1,0,0,0,0,0,0,1,1
0.0,0.0,0.0,0.0,0.0,0.0,0.0,0,0.0,0.0,0.0,0.0,0.0,1.0,0,1,0,5,5.0,5.0,5.0,3.0,1.0,0.0,0.0,0.0,53,1.0,1.0,2.0,1.0,0,1,0,0,0,0,0,0,0,1
0.0,1.0,0.0,0.0,0.0,0.0,1.0,0,0.0,0.0,0.0,0.0,0.0,0.0,1,1,1,2,3.0,4.0,1.0,5.0,1.0,1.0,1.0,0.0,40,2.0,1.0,5.0,4.0,1,1,0,0,0,0,0,0,0,1
1.0,1.0,1.0,0.0,0.0,0.0,1.0,0,0.0,1.0,0.0,0.0,0.0,1.0,0,1,0,3,2.0,5.0,4.0,4.0,1.0,0.0,1.0,0.0,28,3.0,1.0,2.0,1.0,0,0,0,1,0,0,0,1,0,1
0.0,0.0,0.0,0.0,0.0,0.0,0.0,0,0.0,0.0,0.0,0.0,0.0,0.0,1,0,0,5,1.0,1.0,1.0,4.0,1.0,1.0,1.0,0.0,56,2.0,2.0,3.0,2.0,0,0,0,0,0,0,1,0,0,3
1.0,1.0,1.0,0.0,0.0,1.0,1.0,0,0.0,0.0,0.0,0.0,0.0,0.0,0,1,1,5,3.0,5.0,1.0,4.0,0.0,0.0,0.0,0.0,21,5.0,2.0,7.0,5.0,1,0,0,0,0,0,0,0,1,2
0.0,0.0,1.0,0.0,0.0,0.0,0.0,0,0.0,0.0,0.0,0.0,0.0,0.0,0,1,0,1,3.0,4.0,1.0,2.0,0.0,0.0,0.0,0.0,18,2.0,2.0,5.0,2.0,1,0,0,0,1,0,0,0,0,3
1.0,0.0,1.0,0.0,0.0,0.0,0.0,0,0.0,0.0,0.0,1.0,0.0,0.0,0,1,1,1,3.0,5.0,1.0,5.0,0.0,1.0,1.0,0.0,20,2.0,1.0,6.0,7.0,0,0,0,0,0,0,0,0,0,2
1.0,1.0,1.0,0.0,0.0,0.0,0.0,0,0.0,0.0,0.0,0.0,0.0,0.0,0,1,0,1,3.0,4.0,1.0,4.0,1.0,1.0,1.0,0.0,42,2.0,3.0,6.0,5.0,0,0,0,0,0,0,0,0,0,2
0.0,0.0,0.0,0.0,0.0,0.0,1.0,0,0.0,0.0,0.0,1.0,0.0,0.0,0,0,0,1,2.0,5.0,1.0,2.0,0.0,1.0,1.0,0.0,26,2.0,2.0,5.0,3.0,0,0,0,0,0,0,0,0,0,3
1.0,1.0,0.0,0.0,0.0,1.0,0.0,1,0.0,0.0,0.0,0.0,0.0,0.0,0,1,0,1,5.0,5.0,1.0,2.0,1.0,0.0,1.0,0.0,65,3.0,4.0,8.0,7.0,0,0,0,0,1,0,0,0,0,2
0.0,0.0,0.0,0.0,0.0,0.0,0.0,0,0.0,0.0,0.0,0.0,0.0,0.0,1,1,0,5,1.0,1.0,1.0,5.0,1.0,1.0,1.0,0.0,30,2.0,1.0,2.0,2.0,0,1,0,0,0,0,0,0,1,3
1.0,1.0,1.0,0.0,0.0,0.0,1.0,1,1.0,0.0,0.0,0.0,0.0,0.0,1,1,1,2,5.0,4.0,1.0,5.0,1.0,1.0,1.0,0.0,43,2.0,3.0,5.0,5.0,1,0,0,0,0,0,1,0,0,3
0.0,0.0,1.0,0.0,0.0,0.0,0.0,0,0.0,0.0,0.0,1.0,0.0,0.0,1,1,0,2,4.0,5.0,2.0,4.0,1.0,1.0,0.0,1.0,62,2.0,2.0,4.0,4.0,1,0,0,0,1,0,0,0,0,3
1.0,1.0,1.0,1.0,0.0,0.0,1.0,0,0.0,1.0,0.0,0.0,0.0,0.0,1,1,1,1,3.0,5.0,1.0,5.0,1.0,1.0,1.0,1.0,42,5.0,5.0,10.0,8.0,1,0,0,0,0,0,0,0,1,1
0.0,0.0,1.0,0.0,0.0,0.0,0.0,0,0.0,1.0,0.0,0.0,0.0,0.0,0,1,0,3,1.0,1.0,3.0,3.0,1.0,0.0,0.0,0.0,39,2.0,1.0,2.0,4.0,0,0,0,1,0,0,0,1,0,3
0.0,0.0,1.0,0.0,0.0,0.0,0.0,0,0.0,0.0,0.0,0.0,0.0,0.0,0,0,0,2,4.0,5.0,1.0,4.0,0.0,1.0,1.0,0.0,18,2.0,3.0,5.0,5.0,1,0,0,0,0,0,0,0,0,2
1.0,1.0,1.0,0.0,0.0,1.0,1.0,0,0.0,0.0,0.0,1.0,0.0,0.0,1,1,1,3,5.0,4.0,3.0,5.0,1.0,1.0,1.0,1.0,35,3.0,2.0,7.0,5.0,1,0,0,0,1,0,0,0,0,2
1.0,0.0,1.0,0.0,0.0,0.0,1.0,0,0.0,0.0,0.0,0.0,0.0,1.0,1,1,1,1,4.0,3.0,3.0,4.0,1.0,1.0,1.0,0.0,38,2.0,1.0,4.0,4.0,1,0,1,0,0,0,0,0,1,2
1.0,1.0,0.0,0.0,0.0,0.0,0.0,0,0.0,0.0,0.0,0.0,0.0,0.0,1,1,0,1,2.0,5.0,1.0,4.0,1.0,1.0,1.0,0.0,25,2.0,1.0,4.0,4.0,1,0,0,0,0,0,0,1,0,2
0.0,0.0,0.0,0.0,0.0,0.0,0.0,0,0.0,1.0,1.0,0.0,0.0,0.0,1,1,0,1,2.0,1.0,1.0,5.0,1.0,1.0,1.0,0.0,54,1.0,2.0,4.0,3.0,1,0,0,0,1,0,0,0,0,3
0.0,0.0,0.0,0.0,0.0,0.0,0.0,0,0.0,0.0,0.0,0.0,0.0,1.0,0,1,0,2,3.0,4.0,3.0,4.0,1.0,1.0,1.0,0.0,68,1.0,2.0,1.0,4.0,0,0,0,0,0,1,0,0,0,3
0.0,0.0,0.0,0.0,0.0,0.0,1.0,1,0.0,0.0,0.0,0.0,0.0,0.0,1,1,1,1,3.0,3.0,1.0,1.0,0.0,0.0,1.0,1.0,65,2.0,3.0,4.0,5.0,1,0,0,0,0,0,0,0,1,2
0.0,0.0,0.0,0.0,0.0,0.0,0.0,0,0.0,0.0,0.0,0.0,0.0,0.0,0,1,0,4,1.0,1.0,1.0,1.0,0.0,0.0,1.0,0.0,64,1.0,2.0,1.0,1.0,0,0,0,1,0,1,0,0,0,1
0.0,0.0,0.0,0.0,0.0,0.0,0.0,0,0.0,0.0,0.0,1.0,0.0,0.0,1,1,0,4,5.0,5.0,1.0,1.0,1.0,1.0,1.0,1.0,22,2.0,2.0,2.0,2.0,0,0,0,1,0,0,0,0,1,3
0.0,0.0,1.0,0.0,0.0,0.0,0.0,0,0.0,0.0,1.0,1.0,0.0,1.0,1,1,0,1,5.0,5.0,1.0,5.0,1.0,1.0,1.0,0.0,29,2.0,3.0,4.0,4.0,0,1,0,0,0,0,0,0,1,2
0.0,0.0,0.0,0.0,0.0,0.0,0.0,0,0.0,0.0,0.0,0.0,0.0,0.0,0,0,0,1,1.0,1.0,1.0,1.0,0.0,0.0,0.0,0.0,23,2.0,1.0,1.0,1.0,0,0,0,1,0,1,0,0,0,3
1.0,1.0,1.0,0.0,0.0,1.0,0.0,1,1.0,0.0,1.0,0.0,0.0,0.0,1,1,0,1,5.0,5.0,1.0,5.0,1.0,1.0,1.0,0.0,23,1.0,1.0,7.0,3.0,1,0,0,1,1,0,0,0,0,1
0.0,0.0,0.0,0.0,0.0,0.0,0.0,0,0.0,0.0,0.0,1.0,0.0,0.0,0,0,0,2,4.0,3.0,1.0,2.0,0.0,0.0,0.0,0.0,19,2.0,2.0,4.0,4.0,1,0,0,0,0,0,0,0,0,3
0.0,0.0,1.0,0.0,0.0,0.0,1.0,0,0.0,0.0,0.0,0.0,0.0,1.0,1,1,0,5,1.0,1.0,1.0,1.0,1.0,1.0,1.0,0.0,43,2.0,1.0,3.0,4.0,0,1,0,0,0,0,0,0,0,3
0.0,0.0,0.0,0.0,0.0,0.0,0.0,0,0.0,0.0,0.0,0.0,0.0,0.0,0,1,0,4,2.0,3.0,1.0,3.0,0.0,0.0,0.0,0.0,41,3.0,2.0,4.0,3.0,0,0,0,0,0,0,0,0,0,3
1.0,0.0,0.0,0.0,0.0,0.0,0.0,0,0.0,0.0,0.0,0.0,0.0,0.0,0,1,0,3,3.0,4.0,1.0,3.0,1.0,1.0,1.0,0.0,31,4.0,1.0,1.0,1.0,1,0,1,0,0,0,0,0,0,2
1.0,1.0,1.0,0.0,0.0,0.0,0.0,1,1.0,1.0,0.0,1.0,0.0,0.0,0,1,0,3,4.0,3.0,1.0,5.0,0.0,1.0,1.0,0.0,42,4.0,4.0,10.0,6.0,0,0,0,0,1,0,0,0,0,1
0.0,0.0,0.0,0.0,0.0,0.0,0.0,0,0.0,0.0,0.0,0.0,0.0,0.0,1,0,0,1,5.0,1.0,5.0,5.0,1.0,0.0,1.0,0.0,67,0.0,1.0,1.0,1.0,1,0,0,1,0,0,0,1,0,3
0.0,0.0,0.0,0.0,0.0,0.0,0.0,0,0.0,0.0,0.0,0.0,0.0,1.0,0,1,0,1,1.0,5.0,1.0,5.0,0.0,0.0,1.0,0.0,65,1.0,1.0,1.0,1.0,0,1,0,0,0,0,1,0,0,2
0.0,0.0,0.0,0.0,0.0,0.0,0.0,0,0.0,0.0,0.0,0.0,0.0,0.0,0,1,0,3,1.0,1.0,1.0,1.0,0.0,0.0,1.0,0.0,63,1.0,1.0,2.0,2.0,0,0,1,0,0,0,0,1,0,3
0.0,0.0,0.0,0.0,0.0,0.0,0.0,0,0.0,0.0,0.0,0.0,0.0,1.0,1,0,0,1,1.0,3.0,1.0,1.0,1.0,0.0,1.0,0.0,35,1.0,2.0,4.0,4.0,0,0,0,0,0,0,0,0,1,2
1.0,1.0,0.0,0.0,0.0,0.0,1.0,0,0.0,0.0,0.0,0.0,0.0,0.0,1,1,1,3,4.0,5.0,1.0,4.0,1.0,1.0,1.0,0.0,61,2.0,2.0,7.0,5.0,1,0,1,0,0,0,1,0,0,1
1.0,1.0,0.0,0.0,0.0,0.0,1.0,0,0.0,0.0,1.0,0.0,0.0,0.0,1,1,0,1,4.0,5.0,1.0,5.0,1.0,1.0,1.0,0.0,27,5.0,1.0,3.0,3.0,1,1,0,0,0,0,0,0,1,1
1.0,0.0,0.0,0.0,0.0,0.0,0.0,0,0.0,0.0,0.0,0.0,0.0,0.0,0,1,0,1,3.0,5.0,1.0,4.0,1.0,1.0,1.0,0.0,21,2.0,1.0,3.0,3.0,1,1,0,0,0,0,0,0,0,2
0.0,0.0,0.0,0.0,0.0,0.0,0.0,0,0.0,0.0,0.0,0.0,0.0,0.0,0,1,0,1,1.0,5.0,5.0,5.0,1.0,1.0,1.0,0.0,27,2.0,1.0,5.0,4.0,1,1,0,0,0,0,0,0,0,2
1.0,1.0,1.0,0.0,0.0,0.0,0.0,0,1.0,1.0,1.0,0.0,0.0,0.0,0,1,0,1,4.0,5.0,1.0,5.0,0.0,1.0,1.0,0.0,40,2.0,2.0,8.0,8.0,1,0,0,0,1,0,0,0,0,1
1.0,1.0,0.0,0.0,0.0,1.0,1.0,0,0.0,0.0,0.0,0.0,0.0,0.0,0,1,0,1,5.0,5.0,5.0,5.0,1.0,1.0,1.0,0.0,31,3.0,2.0,5.0,5.0,1,0,0,0,0,1,0,0,0,1
0.0,0.0,0.0,0.0,0.0,0.0,0.0,0,0.0,1.0,0.0,0.0,0.0,0.0,1,1,0,5,5.0,5.0,1.0,5.0,1.0,1.0,1.0,0.0,57,2.0,1.0,4.0,4.0,1,0,0,0,1,0,0,0,0,3
0.0,0.0,1.0,0.0,0.0,0.0,1.0,0,0.0,0.0,0.0,0.0,0.0,0.0,0,0,0,1,1.0,1.0,1.0,5.0,0.0,1.0,1.0,0.0,24,3.0,1.0,3.0,2.0,1,0,1,0,0,0,0,0,1,1
0.0,0.0,0.0,0.0,0.0,0.0,0.0,0,0.0,0.0,1.0,0.0,0.0,0.0,0,1,0,1,3.0,5.0,1.0,5.0,1.0,1.0,1.0,0.0,69,2.0,1.0,5.0,3.0,1,0,0,0,0,0,0,0,0,3
0.0,0.0,1.0,0.0,0.0,0.0,0.0,0,0.0,0.0,0.0,0.0,0.0,0.0,0,1,0,2,1.0,3.0,2.0,2.0,0.0,1.0,1.0,0.0,48,2.0,2.0,1.0,1.0,0,0,0,1,0,1,0,0,0,2
0.0,0.0,0.0,0.0,0.0,0.0,0.0,0,0.0,0.0,0.0,0.0,0.0,1.0,0,0,0,1,3.0,2.0,4.0,4.0,0.0,0.0,0.0,0.0,68,1.0,1.0,1.0,1.0,1,0,0,0,0,0,0,0,0,3
0.0,0.0,1.0,0.0,0.0,0.0,0.0,0,0.0,0.0,0.0,0.0,0.0,0.0,0,0,0,3,5.0,5.0,5.0,1.0,0.0,0.0,0.0,0.0,19,2.0,1.0,2.0,3.0,0,0,1,0,0,0,0,1,0,3
0.0,0.0,1.0,0.0,0.0,0.0,0.0,0,0.0,0.0,0.0,0.0,0.0,1.0,0,1,0,2,1.0,5.0,5.0,1.0,1.0,0.0,0.0,0.0,29,2.0,1.0,1.0,2.0,0,1,0,0,0,0,1,0,0,3
1.0,1.0,1.0,0.0,0.0,0.0,1.0,0,0.0,1.0,1.0,0.0,0.0,0.0,0,1,1,1,4.0,4.0,1.0,3.0,1.0,1.0,1.0,0.0,50,5.0,3.0,9.0,6.0,1,0,0,0,1,0,0,0,0,1
0.0,0.0,1.0,0.0,0.0,0.0,0.0,0,0.0,0.0,1.0,0.0,0.0,0.0,1,1,0,4,5.0,5.0,1.0,4.0,1.0,1.0,1.0,0.0,27,4.0,2.0,5.0,4.0,1,1,0,0,1,0,0,0,0,2
0.0,0.0,1.0,0.0,0.0,0.0,0.0,0,0.0,0.0,0.0,0.0,0.0,1.0,0,0,0,1,2.0,5.0,1.0,5.0,0.0,1.0,0.0,1.0,19,2.0,1.0,3.0,2.0,1,1,0,0,0,0,0,0,0,2
1.0,1.0,0.0,0.0,0.0,0.0,0.0,0,0.0,1.0,0.0,1.0,0.0,0.0,0,1,0,1,5.0,5.0,3.0,5.0,0.0,1.0,1.0,0.0,30,2.0,2.0,4.0,5.0,1,0,0,0,0,0,0,0,1,2
0.0,0.0,0.0,0.0,0.0,0.0,0.0,0,0.0,0.0,0.0,0.0,0.0,0.0,0,0,0,1,3.0,4.0,2.0,2.0,0.0,0.0,0.0,0.0,19,2.0,3.0,2.0,3.0,1,0,0,0,0,0,0,1,0,1
1.0,1.0,1.0,0.0,0.0,0.0,0.0,0,0.0,0.0,1.0,1.0,0.0,0.0,1,1,0,3,2.0,5.0,3.0,5.0,1.0,1.0,1.0,0.0,46,2.0,1.0,7.0,6.0,0,1,0,0,1,0,0,0,0,2
1.0,0.0,1.0,0.0,0.0,0.0,0.0,0,0.0,0.0,1.0,0.0,0.0,1.0,0,1,0,1,5.0,4.0,1.0,4.0,0.0,0.0,0.0,0.0,23,4.0,1.0,6.0,5.0,1,1,0,0,0,1,0,0,0,2
1.0,0.0,1.0,0.0,0.0,0.0,0.0,0,0.0,0.0,0.0,0.0,0.0,0.0,0,1,1,1,5.0,4.0,1.0,3.0,1.0,1.0,1.0,0.0,23,2.0,1.0,2.0,5.0,1,1,0,0,0,0,1,0,0,2
0.0,0.0,0.0,0.0,0.0,0.0,0.0,0,0.0,0.0,0.0,0.0,0.0,0.0,0,0,0,1,2.0,4.0,3.0,3.0,0.0,0.0,0.0,0.0,18,1.0,1.0,1.0,3.0,0,1,0,0,0,0,0,1,0,3
0.0,0.0,1.0,0.0,0.0,0.0,0.0,0,0.0,0.0,0.0,0.0,0.0,0.0,0,1,0,2,2.0,5.0,1.0,2.0,1.0,0.0,1.0,0.0,40,2.0,1.0,3.0,3.0,0,1,0,0,0,0,0,1,0,2
1.0,1.0,1.0,0.0,0.0,0.0,1.0,0,0.0,0.0,0.0,1.0,0.0,0.0,1,1,0,2,3.0,4.0,3.0,4.0,0.0,1.0,1.0,0.0,29,5.0,4.0,10.0,10.0,1,0,0,0,0,0,0,0,0,2
0.0,0.0,0.0,0.0,0.0,0.0,0.0,0,0.0,0.0,0.0,0.0,0.0,0.0,0,1,0,2,4.0,4.0,5.0,5.0,1.0,1.0,1.0,0.0,57,1.0,1.0,4.0,2.0,0,0,0,0,0,0,0,0,0,2
0.0,0.0,1.0,0.0,0.0,0.0,0.0,0,0.0,0.0,0.0,1.0,0.0,0.0,0,0,0,1,3.0,5.0,4.0,5.0,1.0,1.0,1.0,0.0,29,2.0,2.0,2.0,2.0,0,0,1,0,0,0,0,0,0,2
0.0,0.0,0.0,0.0,0.0,0.0,1.0,0,0.0,1.0,0.0,0.0,0.0,0.0,1,1,0,3,2.0,2.0,2.0,2.0,1.0,1.0,1.0,0.0,56,2.0,1.0,3.0,2.0,1,1,0,0,1,0,0,0,0,2
0.0,0.0,0.0,0.0,0.0,0.0,0.0,0,0.0,0.0,0.0,0.0,0.0,0.0,0,0,0,1,1.0,1.0,1.0,1.0,0.0,0.0,0.0,0.0,18,2.0,2.0,4.0,4.0,0,0,0,0,0,0,0,0,1,3
0.0,0.0,0.0,0.0,0.0,0.0,0.0,0,0.0,0.0,0.0,0.0,0.0,0.0,0,0,0,1,1.0,1.0,1.0,5.0,1.0,0.0,1.0,0.0,70,1.0,3.0,2.0,2.0,0,1,0,0,0,0,1,0,0,2
0.0,0.0,1.0,0.0,0.0,0.0,0.0,0,0.0,0.0,0.0,0.0,0.0,0.0,0,0,0,5,1.0,1.0,5.0,1.0,0.0,0.0,0.0,0.0,65,5.0,2.0,3.0,2.0,1,0,0,0,0,0,0,0,0,2
0.0,0.0,0.0,0.0,0.0,0.0,0.0,0,0.0,0.0,0.0,0.0,0.0,0.0,0,1,0,5,1.0,1.0,1.0,1.0,0.0,0.0,0.0,0.0,47,1.0,1.0,3.0,2.0,0,1,0,0,0,0,0,0,0,3
0.0,0.0,1.0,0.0,0.0,0.0,1.0,0,0.0,0.0,1.0,0.0,0.0,0.0,1,1,0,1,3.0,3.0,2.0,4.0,1.0,1.0,1.0,1.0,20,3.0,1.0,3.0,3.0,1,0,0,0,0,0,0,0,0,2
1.0,1.0,1.0,0.0,0.0,0.0,1.0,1,0.0,1.0,0.0,0.0,1.0,0.0,0,1,0,1,3.0,5.0,1.0,4.0,1.0,0.0,1.0,0.0,44,4.0,3.0,7.0,7.0,1,0,0,0,0,0,1,0,0,3
1.0,1.0,0.0,0.0,0.0,0.0,0.0,0,0.0,0.0,0.0,0.0,0.0,0.0,0,1,1,3,5.0,5.0,1.0,4.0,1.0,1.0,1.0,0.0,70,1.0,2.0,5.0,4.0,1,1,0,0,0,1,0,0,0,2
0.0,0.0,0.0,0.0,0.0,0.0,0.0,0,0.0,0.0,0.0,0.0,0.0,0.0,1,1,0,3,2.0,5.0,5.0,5.0,1.0,1.0,1.0,0.0,39,2.0,3.0,5.0,4.0,1,0,0,0,1,0,0,0,0,2
0.0,0.0,0.0,0.0,0.0,0.0,0.0,0,0.0,0.0,0.0,0.0,0.0,0.0,0,1,0,1,5.0,2.0,5.0,2.0,0.0,0.0,0.0,0.0,57,1.0,2.0,1.0,1.0,0,0,0,1,0,0,1,0,0,2
0.0,0.0,0.0,0.0,0.0,0.0,0.0,0,0.0,0.0,1.0,0.0,0.0,0.0,0,1,0,3,1.0,5.0,5.0,1.0,1.0,0.0,1.0,0.0,37,1.0,1.0,7.0,5.0,0,0,0,0,1,0,0,0,0,3
1.0,0.0,0.0,0.0,0.0,0.0,0.0,0,0.0,0.0,0.0,0.0,0.0,0.0,1,1,0,1,5.0,5.0,5.0,4.0,1.0,1.0,1.0,1.0,36,2.0,4.0,6.0,6.0,0,0,0,0,0,0,1,0,0,2
0.0,0.0,1.0,0.0,0.0,0.0,0.0,0,0.0,0.0,0.0,0.0,0.0,1.0,1,1,0,4,5.0,5.0,1.0,1.0,1.0,1.0,1.0,1.0,30,2.0,1.0,2.0,2.0,0,1,0,0,0,0,0,0,0,2
0.0,0.0,0.0,0.0,0.0,0.0,0.0,0,0.0,0.0,0.0,0.0,0.0,0.0,0,1,0,1,1.0,1.0,1.0,1.0,1.0,0.0,1.0,0.0,46,1.0,1.0,1.0,1.0,0,0,1,0,0,0,0,0,1,3
0.0,0.0,0.0,0.0,0.0,0.0,0.0,0,0.0,0.0,0.0,0.0,0.0,0.0,1,1,0,1,1.0,5.0,4.0,3.0,1.0,1.0,1.0,0.0,57,2.0,1.0,4.0,5.0,1,1,0,0,0,0,0,0,0,2
1.0,0.0,1.0,1.0,0.0,0.0,0.0,0,1.0,0.0,0.0,0.0,0.0,0.0,0,1,0,1,5.0,4.0,3.0,5.0,1.0,1.0,1.0,1.0,39,2.0,1.0,4.0,5.0,0,0,1,0,1,0,0,0,0,3
1.0,0.0,1.0,0.0,0.0,0.0,0.0,0,0.0,1.0,1.0,0.0,0.0,0.0,1,1,0,3,5.0,4.0,1.0,3.0,1.0,1.0,1.0,1.0,25,5.0,3.0,7.0,5.0,1,0,0,0,0,0,0,0,1,2
0.0,0.0,0.0,0.0,0.0,0.0,0.0,0,0.0,0.0,0.0,0.0,0.0,0.0,0,1,1,4,1.0,2.0,2.0,1.0,1.0,0.0,1.0,0.0,48,1.0,1.0,6.0,7.0,0,1,0,0,0,1,0,0,0,3
0.0,0.0,0.0,0.0,0.0,0.0,0.0,0,0.0,0.0,0.0,0.0,0.0,0.0,1,1,0,1,1.0,3.0,1.0,1.0,1.0,1.0,1.0,0.0,19,2.0,2.0,3.0,7.0,0,0,0,0,0,0,0,0,1,2
1.0,0.0,1.0,0.0,0.0,1.0,1.0,0,0.0,1.0,0.0,0.0,0.0,0.0,1,1,1,3,5.0,5.0,1.0,5.0,1.0,1.0,1.0,1.0,42,5.0,3.0,7.0,4.0,1,0,0,0,1,0,0,0,0,1
1.0,1.0,1.0,0.0,0.0,0.0,1.0,0,0.0,0.0,0.0,0.0,0.0,0.0,1,1,0,4,1.0,5.0,1.0,5.0,0.0,1.0,0.0,1.0,21,3.0,2.0,6.0,5.0,0,0,0,0,1,0,0,0,0,1
0.0,0.0,0.0,0.0,0.0,0.0,0.0,0,0.0,0.0,0.0,0.0,0.0,0.0,0,0,0,5,5.0,4.0,1.0,1.0,1.0,1.0,1.0,0.0,48,2.0,1.0,2.0,1.0,0,0,1,0,0,0,0,0,0,3
0.0,0.0,0.0,0.0,0.0,0.0,0.0,0,0.0,0.0,0.0,0.0,0.0,1.0,0,1,0,1,2.0,3.0,2.0,2.0,0.0,0.0,0.0,0.0,70,1.0,2.0,1.0,2.0,0,0,0,0,1,0,0,0,0,1
0.0,0.0,1.0,0.0,0.0,0.0,0.0,0,0.0,0.0,0.0,0.0,0.0,1.0,0,1,0,5,3.0,3.0,3.0,4.0,0.0,0.0,0.0,0.0,38,2.0,1.0,1.0,1.0,0,0,0,1,0,0,0,1,0,1
1.0,0.0,1.0,0.0,0.0,0.0,1.0,0,0.0,0.0,0.0,0.0,0.0,0.0,1,1,0,1,3.0,4.0,1.0,4.0,1.0,1.0,1.0,1.0,29,5.0,2.0,6.0,4.0,1,0,0,0,1,0,0,0,0,2
0.0,0.0,0.0,0.0,0.0,0.0,0.0,0,0.0,0.0,0.0,0.0,0.0,0.0,0,1,0,3,3.0,4.0,1.0,3.0,1.0,1.0,1.0,0.0,40,2.0,1.0,1.0,1.0,1,0,1,0,0,1,0,0,0,2
0.0,0.0,1.0,0.0,0.0,0.0,0.0,0,0.0,0.0,0.0,0.0,0.0,0.0,1,1,0,3,1.0,5.0,1.0,5.0,1.0,1.0,1.0,0.0,41,4.0,3.0,5.0,6.0,0,0,0,0,0,0,1,0,0,3
0.0,0.0,0.0,0.0,0.0,0.0,0.0,0,0.0,0.0,0.0,0.0,0.0,1.0,0,1,0,1,5.0,5.0,1.0,5.0,0.0,1.0,1.0,0.0,57,1.0,1.0,4.0,4.0,1,0,0,0,0,0,0,0,0,2
1.0,1.0,1.0,0.0,0.0,0.0,1.0,0,1.0,0.0,0.0,0.0,0.0,0.0,1,1,0,2,3.0,5.0,2.0,3.0,0.0,1.0,1.0,1.0,46,6.0,3.0,8.0,8.0,1,1,0,0,1,0,0,0,0,1
1.0,1.0,1.0,0.0,0.0,0.0,1.0,0,0.0,0.0,0.0,0.0,0.0,1.0,0,1,0,2,5.0,5.0,1.0,4.0,1.0,0.0,1.0,0.0,28,3.0,2.0,3.0,4.0,1,0,0,0,0,0,0,0,0,2
0.0,0.0,0.0,0.0,0.0,0.0,0.0,0,0.0,0.0,0.0,0.0,0.0,0.0,0,0,0,1,4.0,5.0,1.0,5.0,0.0,1.0,0.0,0.0,24,4.0,3.0,8.0,7.0,1,0,0,0,1,0,0,0,0,2
1.0,1.0,0.0,0.0,0.0,1.0,1.0,0,0.0,0.0,0.0,0.0,0.0,0.0,0,1,1,2,3.0,4.0,2.0,3.0,1.0,1.0,1.0,1.0,55,6.0,4.0,8.0,7.0,1,0,0,0,0,0,0,1,0,1
1.0,0.0,0.0,0.0,0.0,0.0,0.0,0,0.0,0.0,0.0,0.0,0.0,0.0,1,1,0,2,5.0,5.0,1.0,5.0,1.0,1.0,1.0,0.0,26,2.0,1.0,3.0,2.0,1,0,0,0,0,0,0,0,0,2
1.0,1.0,0.0,0.0,0.0,0.0,0.0,0,0.0,0.0,0.0,1.0,0.0,0.0,0,1,0,3,5.0,5.0,1.0,5.0,1.0,0.0,0.0,0.0,48,5.0,1.0,4.0,4.0,1,0,0,0,0,0,0,0,1,1
0.0,0.0,0.0,0.0,0.0,0.0,0.0,0,0.0,0.0,0.0,0.0,0.0,0.0,1,1,0,5,3.0,2.0,1.0,1.0,1.0,0.0,1.0,0.0,18,2.0,2.0,1.0,2.0,0,0,0,0,0,0,1,0,0,3
0.0,0.0,0.0,0.0,0.0,0.0,0.0,0,0.0,0.0,0.0,0.0,0.0,0.0,0,1,0,3,5.0,5.0,4.0,4.0,1.0,1.0,1.0,0.0,55,2.0,2.0,7.0,5.0,1,0,0,0,0,0,1,0,0,1
0.0,0.0,0.0,0.0,0.0,0.0,0.0,0,0.0,0.0,1.0,0.0,0.0,0.0,1,1,0,2,5.0,3.0,1.0,1.0,1.0,1.0,1.0,0.0,23,2.0,1.0,2.0,5.0,1,1,0,0,0,1,0,0,0,2
0.0,0.0,0.0,0.0,0.0,0.0,0.0,0,0.0,0.0,0.0,0.0,0.0,0.0,0,0,0,4,4.0,2.0,2.0,2.0,0.0,0.0,1.0,0.0,39,1.0,2.0,1.0,4.0,1,1,0,0,0,0,1,0,0,3
0.0,0.0,0.0,0.0,0.0,0.0,0.0,0,0.0,0.0,0.0,0.0,0.0,1.0,0,1,0,4,1.0,1.0,2.0,2.0,0.0,0.0,1.0,0.0,49,2.0,2.0,1.0,1.0,0,0,0,1,0,1,0,0,0,2
0.0,0.0,0.0,0.0,0.0,0.0,1.0,0,0.0,0.0,0.0,0.0,0.0,0.0,0,0,0,2,3.0,4.0,1.0,3.0,1.0,1.0,1.0,0.0,29,1.0,1.0,2.0,2.0,1,1,0,0,0,0,0,0,0,3
0.0,0.0,1.0,0.0,0.0,0.0,0.0,0,0.0,0.0,0.0,0.0,1.0,0.0,1,1,0,1,1.0,5.0,1.0,5.0,1.0,1.0,1.0,0.0,68,1.0,3.0,4.0,4.0,1,0,0,0,1,0,0,0,0,3
1.0,0.0,1.0,0.0,0.0,0.0,0.0,0,0.0,0.0,1.0,1.0,0.0,0.0,0,1,0,2,3.0,5.0,1.0,4.0,0.0,1.0,1.0,0.0,24,2.0,1.0,4.0,4.0,0,1,0,0,0,1,0,0,0,2
1.0,1.0,1.0,0.0,0.0,0.0,0.0,0,0.0,1.0,0.0,0.0,0.0,0.0,1,1,0,1,4.0,4.0,1.0,3.0,0.0,1.0,1.0,0.0,25,5.0,3.0,5.0,5.0,1,0,0,0,0,0,1,0,0,3
0.0,0.0,1.0,0.0,0.0,0.0,0.0,0,0.0,0.0,0.0,0.0,0.0,1.0,0,1,0,1,5.0,5.0,1.0,5.0,0.0,1.0,1.0,0.0,23,2.0,2.0,4.0,5.0,0,1,0,0,0,0,1,0,0,2
0.0,0.0,0.0,0.0,0.0,0.0,1.0,0,0.0,0.0,0.0,0.0,0.0,0.0,0,1,0,1,1.0,5.0,1.0,1.0,1.0,1.0,1.0,0.0,60,2.0,2.0,3.0,3.0,0,1,0,0,1,0,0,0,0,3
1.0,1.0,0.0,0.0,0.0,0.0,1.0,0,0.0,0.0,0.0,0.0,0.0,0.0,1,1,0,3,4.0,4.0,3.0,4.0,1.0,1.0,1.0,0.0,40,4.0,3.0,5.0,3.0,1,0,0,0,0,0,0,1,0,2
1.0,1.0,1.0,0.0,0.0,0.0,1.0,0,0.0,0.0,0.0,0.0,0.0,1.0,1,1,0,1,5.0,5.0,5.0,5.0,0.0,0.0,1.0,1.0,39,1.0,1.0,2.0,3.0,0,0,0,0,0,0,1,0,0,1
0.0,0.0,0.0,0.0,0.0,0.0,0.0,0,0.0,0.0,0.0,0.0,0.0,0.0,1,1,1,1,1.0,2.0,1.0,4.0,0.0,1.0,1.0,0.0,53,2.0,1.0,4.0,7.0,0,0,0,0,0,0,0,0,1,1
0.0,0.0,0.0,0.0,0.0,0.0,0.0,0,0.0,0.0,0.0,0.0,0.0,1.0,1,1,1,3,4.0,5.0,1.0,5.0,1.0,1.0,1.0,1.0,37,2.0,1.0,2.0,4.0,0,1,0,0,0,0,0,0,0,1
1.0,1.0,1.0,0.0,0.0,0.0,1.0,0,0.0,1.0,1.0,0.0,0.0,0.0,1,1,0,3,2.0,4.0,1.0,2.0,0.0,1.0,0.0,1.0,38,4.0,2.0,10.0,5.0,1,0,0,0,1,0,0,0,0,2
1.0,1.0,1.0,0.0,0.0,1.0,1.0,0,0.0,0.0,0.0,0.0,0.0,0.0,0,1,0,1,5.0,5.0,1.0,5.0,0.0,0.0,1.0,1.0,55,6.0,3.0,7.0,7.0,0,1,0,0,0,0,0,1,0,1
0.0,0.0,0.0,0.0,0.0,0.0,0.0,0,0.0,0.0,0.0,0.0,0.0,0.0,1,1,1,4,3.0,3.0,3.0,3.0,0.0,1.0,1.0,0.0,37,2.0,1.0,1.0,2.0,1,0,0,0,0,0,0,0,0,2
0.0,0.0,0.0,0.0,0.0,0.0,0.0,0,1.0,0.0,0.0,0.0,0.0,1.0,0,1,0,1,1.0,5.0,1.0,5.0,1.0,1.0,1.0,0.0,67,2.0,1.0,4.0,4.0,1,0,0,0,0,0,0,0,0,2
0.0,0.0,1.0,0.0,0.0,0.0,0.0,0,0.0,0.0,1.0,0.0,0.0,0.0,1,1,0,4,5.0,5.0,5.0,1.0,0.0,1.0,1.0,0.0,62,2.0,3.0,4.0,2.0,1,0,0,0,0,0,0,1,0,2
1.0,1.0,0.0,0.0,0.0,0.0,0.0,1,0.0,0.0,0.0,0.0,0.0,0.0,0,1,0,1,3.0,5.0,1.0,5.0,1.0,1.0,1.0,0.0,64,2.0,1.0,5.0,4.0,0,0,0,0,0,0,0,0,1,1
1.0,1.0,1.0,0.0,0.0,1.0,1.0,0,0.0,0.0,0.0,0.0,0.0,0.0,1,0,1,3,2.0,1.0,1.0,3.0,1.0,1.0,1.0,1.0,27,4.0,1.0,7.0,4.0,0,1,0,0,0,0,0,0,0,2
0.0,0.0,0.0,0.0,0.0,0.0,0.0,0,0.0,0.0,1.0,1.0,0.0,0.0,1,1,0,3,5.0,4.0,1.0,4.0,0.0,0.0,0.0,1.0,23,3.0,3.0,3.0,7.0,0,0,0,0,0,0,0,1,0,3
0.0,0.0,0.0,0.0,0.0,0.0,0.0,0,0.0,1.0,0.0,0.0,0.0,0.0,0,0,0,1,3.0,1.0,1.0,5.0,0.0,1.0,0.0,0.0,23,2.0,1.0,4.0,2.0,1,0,0,1,0,0,0,1,0,1
1.0,1.0,1.0,0.0,0.0,0.0,1.0,0,0.0,0.0,0.0,0.0,0.0,0.0,1,1,0,3,4.0,4.0,3.0,4.0,0.0,1.0,1.0,0.0,21,4.0,2.0,7.0,6.0,1,0,0,0,1,0,0,0,0,2
0.0,0.0,0.0,0.0,0.0,0.0,1.0,0,0.0,0.0,0.0,0.0,0.0,0.0,1,1,0,1,4.0,4.0,4.0,4.0,1.0,1.0,1.0,0.0,52,3.0,2.0,4.0,4.0,0,0,0,0,0,0,1,0,0,2
0.0,0.0,0.0,0.0,0.0,0.0,0.0,0,0.0,0.0,0.0,0.0,0.0,0.0,0,1,0,4,1.0,1.0,1.0,1.0,0.0,0.0,0.0,0.0,62,2.0,1.0,1.0,1.0,1,0,0,0,0,0,0,0,0,1
1.0,1.0,1.0,0.0,0.0,0.0,1.0,0,0.0,0.0,1.0,0.0,1.0,0.0,1,1,0,3,3.0,4.0,1.0,3.0,1.0,1.0,1.0,1.0,35,5.0,1.0,10.0,6.0,1,0,0,0,0,0,0,0,0,1
1.0,1.0,0.0,0.0,0.0,0.0,1.0,0,0.0,0.0,0.0,1.0,0.0,0.0,0,1,1,3,2.0,3.0,1.0,3.0,0.0,0.0,1.0,0.0,29,3.0,3.0,3.0,3.0,0,1,0,0,0,0,0,1,0,2
0.0,0.0,0.0,0.0,0.0,0.0,0.0,0,0.0,0.0,1.0,0.0,0.0,0.0,0,1,1,2,2.0,1.0,1.0,5.0,1.0,1.0,1.0,0.0,52,2.0,1.0,5.0,3.0,0,1,0,0,0,0,0,0,0,1
0.0,0.0,0.0,0.0,0.0,0.0,0.0,0,0.0,0.0,0.0,0.0,0.0,0.0,1,1,0,4,4.0,1.0,5.0,4.0,1.0,0.0,1.0,0.0,59,1.0,1.0,1.0,1.0,0,0,1,0,0,1,0,0,0,3
1.0,0.0,1.0,0.0,0.0,0.0,0.0,0,0.0,1.0,0.0,1.0,0.0,0.0,1,1,0,1,5.0,5.0,3.0,5.0,1.0,1.0,1.0,0.0,63,1.0,2.0,2.0,1.0,0,0,0,0,1,0,0,0,0,2
1.0,0.0,0.0,0.0,1.0,0.0,1.0,1,0.0,0.0,0.0,0.0,0.0,0.0,0,1,0,2,3.0,3.0,3.0,3.0,1.0,0.0,1.0,0.0,52,1.0,2.0,6.0,5.0,0,1,0,0,0,0,1,0,0,2
0.0,0.0,0.0,0.0,0.0,0.0,0.0,0,0.0,0.0,0.0,1.0,0.0,0.0,0,1,0,5,1.0,5.0,1.0,1.0,1.0,1.0,1.0,0.0,66,0.0,2.0,1.0,1.0,0,0,1,0,0,0,1,0,0,3
0.0,0.0,0.0,0.0,0.0,0.0,0.0,0,0.0,0.0,0.0,0.0,0.0,0.0,0,0,0,2,1.0,5.0,4.0,5.0,0.0,0.0,1.0,0.0,69,1.0,1.0,10.0,5.0,0,0,0,0,1,0,0,0,0,2
0.0,0.0,1.0,0.0,0.0,0.0,1.0,0,0.0,1.0,0.0,1.0,0.0,0.0,1,1,0,1,5.0,5.0,1.0,5.0,1.0,1.0,1.0,1.0,21,2.0,1.0,4.0,2.0,1,0,0,0,0,1,0,0,0,2
0.0,0.0,0.0,0.0,0.0,0.0,0.0,0,0.0,0.0,0.0,0.0,0.0,0.0,1,1,0,5,1.0,5.0,5.0,1.0,1.0,1.0,1.0,0.0,34,2.0,2.0,3.0,6.0,1,0,0,0,1,0,0,0,0,3
0.0,0.0,1.0,0.0,0.0,0.0,1.0,0,0.0,0.0,1.0,1.0,0.0,0.0,1,1,1,5,5.0,5.0,5.0,1.0,1.0,1.0,1.0,0.0,29,3.0,2.0,5.0,5.0,0,0,0,0,0,0,0,0,1,2
0.0,0.0,0.0,0.0,0.0,0.0,0.0,0,0.0,0.0,1.0,0.0,0.0,0.0,0,1,0,2,3.0,1.0,1.0,5.0,1.0,1.0,1.0,0.0,67,2.0,1.0,2.0,3.0,0,0,0,0,0,0,0,0,0,3
0.0,1.0,1.0,0.0,0.0,0.0,0.0,0,0.0,0.0,0.0,1.0,0.0,1.0,0,0,0,1,5.0,1.0,1.0,4.0,0.0,1.0,0.0,0.0,33,4.0,3.0,5.0,3.0,1,0,0,0,1,0,0,0,0,3
0.0,1.0,0.0,0.0,0.0,0.0,1.0,0,0.0,0.0,0.0,0.0,0.0,0.0,1,1,1,4,5.0,1.0,5.0,5.0,1.0,1.0,1.0,1.0,18,2.0,1.0,5.0,5.0,0,0,0,0,0,0,0,0,0,3
0.0,0.0,1.0,0.0,0.0,0.0,0.0,0,0.0,0.0,0.0,0.0,0.0,1.0,0,0,0,1,3.0,1.0,2.0,4.0,0.0,0.0,0.0,0.0,40,1.0,1.0,2.0,2.0,1,1,0,0,0,0,0,0,0,1
1.0,0.0,1.0,0.0,0.0,0.0,0.0,0,0.0,0.0,0.0,1.0,0.0,1.0,0,0,0,2,4.0,4.0,1.0,3.0,0.0,1.0,0.0,0.0,19,3.0,1.0,4.0,3.0,1,0,1,0,0,1,0,0,0,1
1.0,0.0,0.0,0.0,0.0,0.0,1.0,0,0.0,0.0,0.0,0.0,0.0,0.0,0,0,0,1,5.0,5.0,1.0,5.0,1.0,1.0,1.0,1.0,24,2.0,2.0,2.0,1.0,1,0,1,0,0,0,0,0,0,2
1.0,1.0,1.0,0.0,0.0,0.0,1.0,0,0.0,0.0,1.0,0.0,0.0,0.0,1,1,0,2,5.0,5.0,1.0,4.0,1.0,1.0,1.0,1.0,39,3.0,4.0,6.0,5.0,0,0,0,0,0,0,0,0,1,2
0.0,0.0,0.0,0.0,0.0,0.0,0.0,0,0.0,0.0,0.0,0.0,0.0,0.0,0,0,0,1,2.0,1.0,1.0,1.0,0.0,0.0,0.0,0.0,25,3.0,1.0,1.0,1.0,0,0,0,0,0,0,0,0,0,3
1.0,1.0,1.0,0.0,0.0,0.0,0.0,0,1.0,0.0,0.0,0.0,0.0,0.0,0,1,1,1,3.0,5.0,1.0,3.0,0.0,1.0,1.0,1.0,26,5.0,2.0,6.0,6.0,0,1,0,0,1,0,0,0,0,2
1.0,1.0,1.0,0.0,0.0,0.0,1.0,0,0.0,1.0,1.0,0.0,0.0,0.0,0,1,0,2,3.0,4.0,4.0,4.0,1.0,1.0,1.0,1.0,20,3.0,3.0,7.0,4.0,1,0,0,0,0,0,1,0,0,1
0.0,0.0,1.0,0.0,0.0,0.0,0.0,0,0.0,0.0,0.0,0.0,0.0,1.0,0,1,0,1,5.0,5.0,1.0,5.0,1.0,1.0,1.0,0.0,34,4.0,2.0,3.0,4.0,0,0,0,0,0,1,0,0,0,3
0.0,0.0,0.0,0.0,0.0,0.0,0.0,0,0.0,0.0,0.0,0.0,0.0,0.0,0,1,0,1,5.0,5.0,5.0,5.0,1.0,1.0,1.0,0.0,45,1.0,2.0,4.0,4.0,0,0,0,1,0,1,0,0,0,1
0.0,0.0,1.0,0.0,0.0,0.0,0.0,0,0.0,0.0,0.0,0.0,0.0,0.0,0,1,0,1,1.0,3.0,1.0,5.0,0.0,0.0,0.0,0.0,46,1.0,1.0,1.0,1.0,0,0,0,1,0,0,0,1,0,2
1.0,0.0,0.0,0.0,0.0,0.0,1.0,0,0.0,1.0,0.0,0.0,0.0,0.0,1,1,1,1,3.0,5.0,1.0,5.0,1.0,1.0,1.0,1.0,44,2.0,3.0,5.0,4.0,1,0,0,0,0,0,1,0,0,2
0.0,0.0,0.0,0.0,0.0,0.0,0.0,0,0.0,0.0,0.0,0.0,0.0,0.0,0,1,0,3,3.0,3.0,1.0,3.0,1.0,0.0,1.0,0.0,40,1.0,2.0,5.0,4.0,1,1,0,0,0,0,0,0,0,2
0.0,0.0,1.0,0.0,0.0,0.0,0.0,0,0.0,0.0,0.0,0.0,0.0,1.0,1,0,0,5,1.0,5.0,5.0,5.0,0.0,1.0,1.0,1.0,28,1.0,1.0,2.0,1.0,0,0,1,0,0,0,0,0,0,1
0.0,0.0,1.0,0.0,0.0,0.0,0.0,0,0.0,0.0,0.0,0.0,0.0,0.0,1,1,0,5,1.0,5.0,5.0,3.0,1.0,0.0,1.0,0.0,48,2.0,1.0,6.0,5.0,1,0,0,0,0,0,0,0,0,3
1.0,0.0,1.0,0.0,0.0,0.0,0.0,0,0.0,1.0,0.0,0.0,0.0,0.0,1,1,0,5,5.0,3.0,2.0,3.0,1.0,0.0,0.0,0.0,23,1.0,2.0,3.0,2.0,1,0,1,0,0,0,0,1,0,2
0.0,0.0,0.0,0.0,0.0,0.0,0.0,0,0.0,0.0,0.0,0.0,0.0,0.0,0,0,0,5,5.0,2.0,3.0,1.0,0.0,0.0,0.0,0.0,30,1.0,2.0,4.0,5.0,0,0,0,0,0,0,0,1,0,1
1.0,1.0,1.0,0.0,0.0,0.0,1.0,0,0.0,1.0,1.0,0.0,0.0,0.0,1,1,0,3,4.0,2.0,1.0,4.0,1.0,1.0,1.0,0.0,33,3.0,2.0,6.0,4.0,1,1,0,0,1,0,0,0,0,2
0.0,0.0,0.0,0.0,0.0,0.0,0.0,0,0.0,0.0,0.0,0.0,0.0,1.0,0,0,0,3,2.0,2.0,2.0,2.0,0.0,0.0,1.0,0.0,61,0.0,1.0,1.0,1.0,0,0,0,0,0,0,0,0,0,3
1.0,1.0,1.0,1.0,0.0,0.0,0.0,0,0.0,0.0,1.0,1.0,0.0,0.0,1,1,1,2,4.0,4.0,3.0,3.0,1.0,1.0,1.0,1.0,32,3.0,1.0,7.0,6.0,0,0,0,0,0,0,0,0,0,2
0.0,0.0,1.0,0.0,0.0,0.0,0.0,0,0.0,1.0,0.0,0.0,0.0,0.0,1,1,0,2,3.0,4.0,1.0,5.0,1.0,1.0,1.0,1.0,24,4.0,2.0,5.0,2.0,0,0,0,1,0,0,0,1,0,2
0.0,0.0,0.0,0.0,0.0,0.0,1.0,0,0.0,1.0,0.0,0.0,0.0,0.0,1,1,1,1,5.0,4.0,1.0,1.0,1.0,1.0,1.0,0.0,60,5.0,5.0,6.0,6.0,1,0,0,0,0,0,1,0,0,1
0.0,0.0,0.0,0.0,0.0,0.0,0.0,0,0.0,0.0,0.0,0.0,0.0,0.0,1,1,0,1,3.0,5.0,1.0,5.0,1.0,1.0,1.0,0.0,69,2.0,3.0,5.0,5.0,0,0,0,0,1,0,0,0,0,3
0.0,0.0,0.0,0.0,0.0,0.0,0.0,0,0.0,0.0,0.0,0.0,0.0,0.0,1,1,0,3,3.0,3.0,3.0,4.0,1.0,1.0,1.0,0.0,60,2.0,2.0,4.0,4.0,0,0,0,0,1,0,0,0,0,3
1.0,1.0,1.0,0.0,0.0,0.0,1.0,0,0.0,1.0,0.0,0.0,0.0,0.0,0,1,1,2,3.0,5.0,1.0,4.0,1.0,1.0,1.0,0.0,52,2.0,2.0,4.0,5.0,0,0,0,0,1,0,0,0,0,3
1.0,1.0,1.0,0.0,0.0,0.0,1.0,0,0.0,0.0,0.0,1.0,0.0,1.0,1,1,0,5,3.0,4.0,5.0,4.0,1.0,0.0,1.0,0.0,42,1.0,1.0,5.0,4.0,0,1,0,0,0,1,0,0,0,3
1.0,1.0,1.0,0.0,0.0,0.0,1.0,0,0.0,1.0,0.0,0.0,0.0,0.0,0,1,0,3,4.0,4.0,4.0,3.0,1.0,1.0,1.0,0.0,33,4.0,4.0,7.0,7.0,1,0,0,0,1,0,0,0,0,2
0.0,0.0,1.0,0.0,0.0,0.0,0.0,0,0.0,0.0,1.0,0.0,0.0,0.0,0,1,0,4,3.0,4.0,1.0,2.0,1.0,0.0,1.0,0.0,29,1.0,2.0,2.0,1.0,1,0,1,0,0,1,0,0,0,2
0.0,0.0,1.0,0.0,0.0,0.0,0.0,0,0.0,0.0,0.0,0.0,0.0,1.0,1,1,0,1,3.0,2.0,2.0,1.0,1.0,0.0,1.0,0.0,38,2.0,1.0,2.0,3.0,1,1,0,0,0,0,0,0,0,3
0.0,0.0,0.0,0.0,0.0,0.0,1.0,0,0.0,0.0,0.0,0.0,0.0,0.0,1,1,0,1,3.0,4.0,3.0,3.0,0.0,1.0,1.0,0.0,45,2.0,1.0,4.0,3.0,0,0,0,0,1,0,0,0,0,2
0.0,0.0,0.0,0.0,0.0,0.0,0.0,0,0.0,0.0,0.0,0.0,0.0,1.0,0,0,0,1,4.0,5.0,1.0,5.0,1.0,0.0,1.0,0.0,24,2.0,1.0,1.0,1.0,0,0,1,0,0,0,0,0,0,3
1.0,1.0,0.0,0.0,0.0,0.0,1.0,0,0.0,0.0,0.0,0.0,0.0,0.0,1,1,1,4,5.0,3.0,2.0,4.0,1.0,1.0,1.0,0.0,54,3.0,1.0,5.0,5.0,1,0,0,1,0,1,0,0,0,2
0.0,0.0,1.0,0.0,0.0,0.0,0.0,0,0.0,0.0,0.0,0.0,0.0,0.0,0,1,0,1,1.0,1.0,2.0,2.0,0.0,1.0,1.0,0.0,38,2.0,2.0,3.0,4.0,0,1,0,0,0,0,1,0,0,2
0.0,0.0,0.0,0.0,0.0,0.0,0.0,0,0.0,0.0,0.0,0.0,0.0,0.0,0,0,0,4,1.0,5.0,1.0,1.0,1.0,0.0,1.0,1.0,53,2.0,2.0,4.0,4.0,0,0,0,0,0,0,1,0,0,2
0.0,0.0,0.0,0.0,0.0,0.0,0.0,0,0.0,0.0,0.0,0.0,0.0,0.0,0,0,0,1,2.0,2.0,1.0,2.0,0.0,0.0,0.0,0.0,51,1.0,1.0,2.0,4.0,0,0,0,0,0,0,0,0,0,3
1.0,0.0,0.0,0.0,0.0,0.0,1.0,0,0.0,0.0,0.0,0.0,0.0,0.0,0,0,0,2,3.0,4.0,2.0,3.0,0.0,1.0,1.0,0.0,28,3.0,1.0,6.0,6.0,0,1,0,0,0,0,0,0,1,2
0.0,0.0,0.0,0.0,0.0,0.0,0.0,0,0.0,0.0,1.0,0.0,0.0,0.0,1,1,0,5,1.0,1.0,1.0,1.0,0.0,0.0,0.0,0.0,23,2.0,2.0,1.0,1.0,1,0,0,0,0,0,1,0,0,3
1.0,1.0,1.0,0.0,0.0,0.0,1.0,0,0.0,0.0,0.0,0.0,0.0,0.0,1,1,0,3,5.0,5.0,4.0,5.0,0.0,1.0,1.0,1.0,36,2.0,2.0,4.0,3.0,1,1,0,0,0,1,0,0,0,2
0.0,0.0,0.0,0.0,0.0,0.0,0.0,0,0.0,0.0,0.0,0.0,0.0,0.0,0,1,1,3,2.0,1.0,1.0,3.0,1.0,0.0,1.0,0.0,31,2.0,1.0,2.0,1.0,1,0,0,0,0,0,0,0,0,3
0.0,0.0,1.0,0.0,0.0,0.0,0.0,0,0.0,0.0,0.0,0.0,0.0,1.0,0,1,0,1,3.0,5.0,1.0,5.0,0.0,1.0,1.0,0.0,34,2.0,1.0,3.0,4.0,0,0,1,0,0,0,0,0,0,1
0.0,0.0,0.0,0.0,0.0,0.0,0.0,0,1.0,0.0,0.0,0.0,0.0,0.0,0,1,1,1,3.0,5.0,1.0,5.0,1.0,1.0,1.0,0.0,60,1.0,2.0,6.0,5.0,1,0,0,0,0,1,0,0,0,3
0.0,0.0,1.0,0.0,0.0,0.0,0.0,0,0.0,0.0,0.0,0.0,0.0,0.0,0,0,0,1,3.0,1.0,1.0,1.0,0.0,0.0,1.0,0.0,32,1.0,2.0,1.0,1.0,1,0,1,0,0,0,0,0,0,2
0.0,0.0,1.0,0.0,0.0,0.0,1.0,0,0.0,0.0,0.0,0.0,0.0,0.0,0,1,0,1,4.0,5.0,1.0,5.0,0.0,1.0,1.0,0.0,29,3.0,1.0,5.0,6.0,1,0,0,0,0,0,0,0,1,2
1.0,1.0,1.0,0.0,0.0,0.0,0.0,0,0.0,1.0,1.0,1.0,0.0,0.0,0,1,0,1,5.0,4.0,3.0,3.0,0.0,1.0,0.0,1.0,21,3.0,3.0,8.0,6.0,1,0,0,0,0,0,0,1,0,2
0.0,0.0,0.0,0.0,0.0,0.0,0.0,0,0.0,0.0,0.0,0.0,0.0,0.0,1,1,0,5,1.0,1.0,5.0,5.0,1.0,0.0,1.0,0.0,23,1.0,2.0,4.0,4.0,0,0,0,0,0,0,1,0,0,3
1.0,1.0,0.0,0.0,0.0,1.0,1.0,0,0.0,1.0,1.0,0.0,0.0,0.0,0,0,1,3,5.0,5.0,5.0,5.0,1.0,1.0,1.0,1.0,51,2.0,2.0,2.0,3.0,1,0,0,0,0,0,0,0,0,1
0.0,0.0,0.0,0.0,0.0,0.0,0.0,0,0.0,0.0,0.0,0.0,0.0,0.0,0,0,0,1,1.0,1.0,1.0,1.0,0.0,0.0,0.0,0.0,54,1.0,2.0,3.0,3.0,1,0,0,0,0,0,0,0,0,3
1.0,0.0,1.0,0.0,0.0,0.0,0.0,0,0.0,0.0,0.0,0.0,0.0,0.0,0,1,0,1,4.0,2.0,1.0,3.0,0.0,0.0,0.0,0.0,62,1.0,1.0,3.0,1.0,0,0,1,0,0,0,0,0,0,1
1.0,0.0,1.0,0.0,0.0,0.0,1.0,0,0.0,0.0,0.0,0.0,0.0,0.0,0,1,0,2,5.0,3.0,2.0,3.0,0.0,1.0,1.0,1.0,25,3.0,1.0,2.0,2.0,1,0,0,0,0,0,0,0,0,3
0.0,0.0,0.0,0.0,0.0,0.0,0.0,0,0.0,0.0,0.0,0.0,0.0,0.0,0,0,0,1,1.0,1.0,1.0,1.0,0.0,0.0,0.0,0.0,68,2.0,2.0,3.0,4.0,1,0,0,0,0,0,0,0,0,3
0.0,0.0,0.0,0.0,0.0,0.0,0.0,0,0.0,0.0,0.0,0.0,0.0,1.0,1,1,0,5,3.0,4.0,4.0,1.0,1.0,1.0,1.0,0.0,35,1.0,1.0,2.0,4.0,0,0,0,0,0,0,0,0,1,3
0.0,0.0,0.0,0.0,0.0,0.0,0.0,0,0.0,0.0,0.0,0.0,0.0,0.0,0,0,0,1,5.0,5.0,5.0,1.0,0.0,0.0,1.0,0.0,18,2.0,2.0,2.0,3.0,0,0,0,0,0,0,1,0,0,3
0.0,0.0,1.0,0.0,0.0,0.0,0.0,0,0.0,0.0,0.0,0.0,0.0,0.0,1,1,0,4,1.0,3.0,5.0,5.0,1.0,0.0,1.0,0.0,27,3.0,3.0,4.0,3.0,0,0,0,0,0,0,1,0,0,3
0.0,0.0,1.0,0.0,0.0,0.0,0.0,0,0.0,0.0,0.0,0.0,0.0,0.0,0,0,0,5,1.0,1.0,1.0,1.0,0.0,0.0,0.0,0.0,39,2.0,3.0,1.0,1.0,0,0,0,0,0,0,0,1,0,3
0.0,0.0,1.0,0.0,0.0,0.0,0.0,0,0.0,0.0,0.0,0.0,0.0,1.0,0,1,0,2,1.0,1.0,1.0,1.0,0.0,1.0,1.0,0.0,24,2.0,2.0,2.0,2.0,0,0,1,0,0,1,0,0,0,2
1.0,0.0,1.0,0.0,0.0,0.0,0.0,0,0.0,0.0,1.0,1.0,0.0,0.0,0,1,0,2,5.0,1.0,2.0,5.0,0.0,1.0,1.0,1.0,70,2.0,1.0,2.0,3.0,0,1,0,0,0,0,0,0,0,1
1.0,1.0,1.0,1.0,0.0,0.0,0.0,0,0.0,1.0,1.0,0.0,0.0,0.0,0,0,1,1,3.0,3.0,1.0,3.0,1.0,1.0,1.0,1.0,30,5.0,3.0,9.0,10.0,1,0,0,0,0,0,1,0,0,2
0.0,0.0,0.0,1.0,0.0,0.0,0.0,0,0.0,0.0,0.0,0.0,0.0,0.0,1,1,0,3,2.0,5.0,3.0,1.0,1.0,1.0,1.0,1.0,50,1.0,2.0,1.0,4.0,0,0,1,0,1,0,0,0,0,2
1.0,0.0,0.0,0.0,0.0,0.0,1.0,0,0.0,0.0,0.0,0.0,0.0,0.0,0,1,1,1,1.0,1.0,1.0,1.0,1.0,1.0,1.0,0.0,60,1.0,2.0,5.0,4.0,1,1,0,0,0,0,1,0,0,1
0.0,0.0,0.0,0.0,0.0,0.0,0.0,0,0.0,0.0,0.0,0.0,0.0,1.0,1,1,0,4,2.0,3.0,2.0,1.0,0.0,0.0,0.0,0.0,37,0.0,2.0,4.0,1.0,0,0,0,0,0,1,0,0,0,3
0.0,0.0,1.0,0.0,0.0,0.0,1.0,0,0.0,0.0,0.0,0.0,0.0,0.0,0,1,1,1,5.0,5.0,1.0,5.0,0.0,1.0,1.0,0.0,31,2.0,2.0,6.0,4.0,0,0,0,0,1,0,0,0,0,1
0.0,0.0,0.0,0.0,0.0,0.0,1.0,0,0.0,0.0,0.0,0.0,0.0,0.0,1,0,0,5,1.0,3.0,4.0,1.0,1.0,1.0,0.0,0.0,34,5.0,3.0,4.0,4.0,0,0,0,0,0,0,1,0,0,3
1.0,1.0,1.0,0.0,0.0,0.0,1.0,0,0.0,0.0,0.0,0.0,0.0,0.0,1,1,0,1,5.0,5.0,1.0,5.0,1.0,1.0,1.0,1.0,18,5.0,2.0,4.0,4.0,0,0,0,0,0,0,0,0,1,3
1.0,1.0,0.0,0.0,0.0,0.0,1.0,0,0.0,0.0,0.0,0.0,0.0,0.0,0,1,0,2,2.0,1.0,1.0,1.0,1.0,0.0,1.0,0.0,40,4.0,6.0,6.0,6.0,1,0,0,0,0,0,0,0,0,2
0.0,0.0,0.0,0.0,0.0,0.0,0.0,0,0.0,0.0,0.0,0.0,0.0,0.0,1,1,1,2,5.0,5.0,1.0,5.0,0.0,1.0,0.0,0.0,30,2.0,2.0,4.0,4.0,0,1,0,0,0,0,1,0,0,2
0.0,0.0,1.0,0.0,0.0,0.0,0.0,0,0.0,0.0,0.0,0.0,0.0,1.0,1,1,0,1,3.0,2.0,5.0,5.0,1.0,1.0,1.0,0.0,27,2.0,3.0,2.0,3.0,0,0,0,0,0,0,0,1,0,2
0.0,0.0,0.0,0.0,0.0,0.0,0.0,0,0.0,0.0,0.0,0.0,0.0,0.0,0,0,0,1,1.0,1.0,2.0,5.0,0.0,0.0,0.0,0.0,28,2.0,1.0,1.0,2.0,0,0,0,0,0,0,1,0,0,3
0.0,0.0,1.0,0.0,0.0,0.0,1.0,0,0.0,0.0,0.0,0.0,0.0,0.0,1,1,0,4,2.0,1.0,2.0,1.0,1.0,1.0,1.0,0.0,19,3.0,2.0,3.0,3.0,0,0,1,0,0,0,1,0,0,3
0.0,0.0,0.0,0.0,0.0,0.0,0.0,0,0.0,0.0,1.0,0.0,0.0,0.0,0,1,0,5,1.0,1.0,3.0,3.0,1.0,0.0,1.0,0.0,56,1.0,1.0,1.0,1.0,1,0,0,0,1,0,0,0,0,3
0.0,0.0,0.0,0.0,0.0,0.0,1.0,0,0.0,0.0,0.0,0.0,0.0,0.0,1,1,0,1,5.0,2.0,1.0,4.0,1.0,1.0,1.0,1.0,18,2.0,2.0,5.0,3.0,1,0,1,0,0,0,1,0,0,2
0.0,0.0,1.0,0.0,0.0,1.0,1.0,0,1.0,0.0,0.0,1.0,0.0,0.0,1,0,1,3,4.0,5.0,3.0,5.0,1.0,1.0,1.0,1.0,26,3.0,3.0,4.0,4.0,1,0,0,0,0,0,0,0,1,2
0.0,0.0,1.0,0.0,0.0,0.0,1.0,0,0.0,1.0,0.0,0.0,0.0,0.0,0,1,1,4,4.0,3.0,2.0,1.0,0.0,1.0,1.0,0.0,31,4.0,3.0,7.0,6.0,0,0,0,0,1,0,0,0,0,2
0.0,0.0,0.0,0.0,0.0,0.0,0.0,0,1.0,0.0,0.0,0.0,0.0,0.0,0,1,1,3,3.0,4.0,4.0,1.0,1.0,0.0,1.0,0.0,69,1.0,2.0,2.0,4.0,0,0,0,0,0,0,1,0,0,2
0.0,0.0,0.0,0.0,0.0,0.0,0.0,0,0.0,0.0,0.0,0.0,0.0,0.0,1,1,0,1,2.0,2.0,1.0,2.0,1.0,0.0,1.0,0.0,32,2.0,1.0,2.0,1.0,0,0,0,0,0,0,0,0,0,3
0.0,0.0,0.0,0.0,0.0,0.0,0.0,0,0.0,0.0,0.0,0.0,0.0,0.0,0,0,0,1,2.0,1.0,1.0,4.0,0.0,0.0,0.0,0.0,33,2.0,2.0,5.0,5.0,0,1,0,0,0,1,0,0,0,3
0.0,0.0,0.0,0.0,0.0,0.0,0.0,0,0.0,0.0,0.0,1.0,0.0,0.0,0,0,1,5,1.0,2.0,5.0,1.0,0.0,0.0,0.0,0.0,59,5.0,3.0,7.0,7.0,1,0,0,0,0,0,1,0,0,3
1.0,1.0,1.0,0.0,0.0,0.0,1.0,0,0.0,0.0,0.0,0.0,0.0,0.0,0,1,1,2,3.0,4.0,2.0,4.0,0.0,1.0,1.0,0.0,33,5.0,2.0,6.0,3.0,1,0,0,0,0,1,0,0,0,2
0.0,0.0,1.0,0.0,0.0,0.0,0.0,0,0.0,0.0,0.0,0.0,0.0,0.0,1,1,0,1,2.0,1.0,5.0,3.0,1.0,1.0,1.0,0.0,43,3.0,2.0,3.0,2.0,1,1,0,0,0,0,0,0,0,1
0.0,0.0,1.0,0.0,0.0,0.0,0.0,0,0.0,0.0,0.0,0.0,0.0,1.0,0,1,0,1,5.0,4.0,1.0,5.0,0.0,1.0,1.0,1.0,28,2.0,1.0,4.0,3.0,0,1,0,0,0,0,0,0,0,2
1.0,1.0,1.0,0.0,0.0,0.0,0.0,0,0.0,0.0,0.0,1.0,0.0,1.0,1,1,0,5,3.0,3.0,3.0,2.0,1.0,1.0,1.0,0.0,37,3.0,2.0,5.0,5.0,0,0,1,0,1,0,0,0,0,3
0.0,0.0,0.0,0.0,0.0,0.0,0.0,0,0.0,0.0,0.0,1.0,0.0,1.0,0,0,0,1,1.0,1.0,5.0,2.0,0.0,0.0,0.0,0.0,20,2.0,2.0,4.0,3.0,0,0,1,0,0,1,0,0,0,3
1.0,1.0,1.0,0.0,0.0,0.0,1.0,0,0.0,0.0,0.0,0.0,0.0,0.0,0,0,0,1,4.0,5.0,1.0,4.0,1.0,1.0,1.0,0.0,20,2.0,1.0,5.0,2.0,1,0,0,0,0,0,0,0,0,2
0.0,0.0,0.0,0.0,0.0,0.0,0.0,0,0.0,0.0,0.0,0.0,0.0,1.0,0,1,0,1,2.0,3.0,2.0,1.0,1.0,0.0,1.0,0.0,68,0.0,1.0,1.0,1.0,0,0,0,0,1,0,0,0,0,3
0.0,0.0,0.0,0.0,0.0,0.0,1.0,0,0.0,1.0,1.0,0.0,0.0,0.0,1,1,0,3,3.0,4.0,1.0,4.0,1.0,1.0,1.0,0.0,63,2.0,2.0,5.0,5.0,1,0,0,0,0,0,0,0,1,2
0.0,0.0,0.0,0.0,0.0,0.0,0.0,0,0.0,0.0,0.0,0.0,0.0,0.0,1,1,0,3,1.0,5.0,1.0,1.0,1.0,0.0,1.0,0.0,40,1.0,2.0,4.0,3.0,0,0,1,0,0,0,1,0,0,3
0.0,0.0,0.0,0.0,0.0,0.0,0.0,0,0.0,0.0,0.0,0.0,0.0,0.0,1,1,0,3,1.0,2.0,5.0,5.0,1.0,1.0,1.0,0.0,31,2.0,2.0,3.0,4.0,0,0,0,0,1,0,0,0,0,2
0.0,0.0,1.0,0.0,0.0,0.0,1.0,0,0.0,0.0,1.0,0.0,0.0,0.0,0,1,0,4,3.0,3.0,3.0,3.0,0.0,1.0,0.0,1.0,25,4.0,3.0,9.0,5.0,0,0,0,0,1,0,0,0,0,2
0.0,0.0,1.0,0.0,0.0,0.0,1.0,0,0.0,0.0,0.0,0.0,0.0,0.0,1,1,1,5,2.0,4.0,3.0,1.0,1.0,1.0,1.0,0.0,52,2.0,3.0,4.0,4.0,1,0,0,0,0,1,0,0,0,2
1.0,1.0,0.0,1.0,1.0,0.0,0.0,1,1.0,1.0,1.0,0.0,1.0,0.0,1,1,1,1,3.0,1.0,1.0,5.0,1.0,0.0,1.0,0.0,41,5.0,4.0,8.0,8.0,1,0,0,0,0,0,0,0,1,1
0.0,0.0,1.0,0.0,0.0,0.0,1.0,0,0.0,0.0,0.0,0.0,0.0,0.0,0,1,0,5,1.0,5.0,1.0,1.0,1.0,1.0,1.0,0.0,36,2.0,1.0,2.0,4.0,0,0,0,0,0,0,0,0,0,3
0.0,0.0,0.0,0.0,0.0,0.0,0.0,0,0.0,0.0,1.0,0.0,0.0,1.0,0,1,0,3,5.0,5.0,4.0,4.0,1.0,1.0,1.0,0.0,54,2.0,2.0,2.0,1.0,0,0,0,1,1,0,0,0,0,3
1.0,0.0,0.0,0.0,0.0,0.0,0.0,0,0.0,0.0,0.0,0.0,0.0,0.0,1,1,0,5,2.0,2.0,2.0,2.0,1.0,0.0,1.0,0.0,52,2.0,1.0,2.0,2.0,1,1,0,0,0,0,0,0,0,3
0.0,0.0,0.0,0.0,0.0,0.0,0.0,0,0.0,0.0,0.0,0.0,0.0,0.0,0,1,0,1,4.0,4.0,1.0,3.0,0.0,1.0,1.0,0.0,68,1.0,1.0,4.0,3.0,0,1,0,0,0,0,0,0,1,1
0.0,0.0,0.0,0.0,0.0,0.0,0.0,0,0.0,0.0,0.0,0.0,0.0,1.0,0,1,0,5,2.0,3.0,1.0,2.0,1.0,1.0,1.0,0.0,55,2.0,1.0,2.0,1.0,0,0,1,0,0,0,0,0,0,3
0.0,0.0,0.0,0.0,0.0,0.0,0.0,0,0.0,0.0,0.0,0.0,0.0,0.0,1,1,0,3,2.0,4.0,1.0,5.0,0.0,0.0,1.0,0.0,27,2.0,1.0,2.0,2.0,0,0,0,0,0,1,0,0,0,3
0.0,0.0,0.0,0.0,0.0,0.0,0.0,0,0.0,0.0,0.0,0.0,0.0,0.0,0,1,0,3,5.0,3.0,3.0,5.0,1.0,0.0,1.0,0.0,60,2.0,1.0,1.0,1.0,1,0,1,0,0,0,0,0,0,2
1.0,0.0,0.0,0.0,0.0,0.0,0.0,0,0.0,0.0,0.0,0.0,0.0,0.0,0,1,0,1,4.0,2.0,3.0,3.0,1.0,1.0,1.0,0.0,42,2.0,2.0,4.0,4.0,0,0,0,1,1,0,0,0,0,1
0.0,1.0,0.0,0.0,1.0,1.0,1.0,0,0.0,1.0,0.0,0.0,0.0,0.0,1,1,1,4,3.0,1.0,3.0,5.0,0.0,0.0,1.0,0.0,32,5.0,1.0,4.0,4.0,1,0,0,0,0,0,0,1,0,3
0.0,0.0,1.0,0.0,0.0,0.0,0.0,0,0.0,0.0,0.0,0.0,0.0,0.0,0,1,0,3,5.0,5.0,1.0,5.0,0.0,0.0,1.0,0.0,58,1.0,2.0,3.0,3.0,0,0,1,0,0,1,0,0,0,1
0.0,0.0,0.0,0.0,0.0,0.0,0.0,1,0.0,0.0,0.0,0.0,0.0,0.0,0,0,0,1,5.0,5.0,1.0,5.0,0.0,1.0,1.0,0.0,55,5.0,1.0,1.0,1.0,1,1,0,0,0,0,0,0,1,3
0.0,0.0,0.0,0.0,0.0,0.0,1.0,1,0.0,0.0,0.0,0.0,0.0,0.0,1,1,1,3,3.0,3.0,2.0,4.0,1.0,1.0,1.0,0.0,64,2.0,3.0,4.0,5.0,0,0,0,0,0,0,0,1,0,3
0.0,0.0,0.0,0.0,0.0,0.0,0.0,0,0.0,0.0,0.0,0.0,0.0,0.0,0,1,0,4,1.0,1.0,1.0,1.0,1.0,1.0,1.0,0.0,58,2.0,1.0,2.0,4.0,0,0,0,0,1,0,0,0,0,3
0.0,1.0,0.0,0.0,0.0,0.0,0.0,0,0.0,0.0,0.0,0.0,0.0,1.0,0,1,0,4,4.0,4.0,1.0,3.0,1.0,1.0,1.0,0.0,48,2.0,1.0,3.0,4.0,0,0,1,0,0,0,0,0,0,3
1.0,1.0,0.0,0.0,0.0,0.0,1.0,0,0.0,0.0,0.0,0.0,0.0,0.0,1,0,0,2,4.0,5.0,3.0,5.0,1.0,0.0,0.0,0.0,35,5.0,2.0,6.0,4.0,1,1,0,0,0,0,0,0,0,1
0.0,0.0,0.0,0.0,0.0,0.0,0.0,0,0.0,0.0,0.0,1.0,1.0,0.0,0,1,0,2,3.0,5.0,2.0,2.0,1.0,0.0,1.0,0.0,52,2.0,2.0,2.0,1.0,0,0,0,0,0,0,1,0,0,2
0.0,0.0,1.0,0.0,0.0,0.0,0.0,0,0.0,0.0,0.0,0.0,0.0,0.0,1,1,0,1,3.0,4.0,1.0,4.0,1.0,1.0,1.0,1.0,18,5.0,1.0,2.0,1.0,1,0,0,1,0,1,0,0,0,2
0.0,0.0,1.0,0.0,0.0,0.0,0.0,0,0.0,0.0,0.0,0.0,0.0,0.0,0,1,0,1,5.0,5.0,1.0,5.0,0.0,1.0,1.0,0.0,21,2.0,2.0,5.0,3.0,0,0,0,0,0,0,0,0,1,1
1.0,0.0,1.0,0.0,0.0,0.0,0.0,0,0.0,0.0,0.0,1.0,0.0,0.0,0,0,0,2,1.0,1.0,1.0,1.0,0.0,1.0,1.0,0.0,22,3.0,2.0,4.0,3.0,1,0,0,0,0,0,0,0,0,1
0.0,0.0,0.0,0.0,0.0,0.0,0.0,0,0.0,0.0,0.0,0.0,0.0,0.0,0,1,0,4,2.0,1.0,1.0,1.0,1.0,0.0,1.0,0.0,49,2.0,2.0,4.0,3.0,0,0,0,0,0,0,0,0,0,3
1.0,1.0,0.0,0.0,0.0,0.0,1.0,0,0.0,1.0,0.0,0.0,0.0,0.0,1,1,1,3,3.0,3.0,3.0,2.0,1.0,0.0,1.0,0.0,42,2.0,2.0,5.0,4.0,0,0,1,0,0,0,1,0,0,3
0.0,0.0,0.0,0.0,0.0,0.0,0.0,0,0.0,0.0,0.0,0.0,0.0,0.0,0,0,0,1,2.0,2.0,2.0,1.0,1.0,1.0,0.0,0.0,18,2.0,1.0,1.0,1.0,1,0,0,1,1,0,0,0,0,3
1.0,1.0,0.0,0.0,0.0,0.0,1.0,0,0.0,0.0,0.0,0.0,0.0,0.0,0,1,1,3,4.0,5.0,2.0,2.0,1.0,1.0,1.0,0.0,58,2.0,1.0,4.0,4.0,1,0,0,0,0,0,0,0,0,2
1.0,0.0,0.0,0.0,0.0,0.0,0.0,0,0.0,0.0,0.0,0.0,0.0,0.0,0,0,0,2,1.0,1.0,1.0,1.0,0.0,0.0,0.0,0.0,65,1.0,1.0,4.0,4.0,1,0,0,0,0,1,0,0,0,3
1.0,1.0,0.0,0.0,0.0,0.0,0.0,1,0.0,0.0,0.0,0.0,0.0,0.0,1,1,0,1,1.0,5.0,1.0,1.0,1.0,0.0,1.0,0.0,69,2.0,3.0,4.0,4.0,0,1,0,0,0,0,1,0,0,2
0.0,0.0,0.0,0.0,0.0,0.0,1.0,0,0.0,0.0,0.0,0.0,0.0,0.0,1,1,0,3,5.0,5.0,1.0,5.0,1.0,1.0,1.0,0.0,49,2.0,1.0,4.0,4.0,0,0,0,1,0,1,0,0,0,3
0.0,0.0,1.0,0.0,0.0,0.0,0.0,0,0.0,0.0,0.0,1.0,0.0,0.0,0,1,0,1,4.0,5.0,1.0,5.0,0.0,1.0,1.0,0.0,50,2.0,1.0,1.0,1.0,0,0,1,0,0,0,0,0,0,1
1.0,0.0,1.0,0.0,0.0,0.0,1.0,0,0.0,1.0,1.0,1.0,0.0,0.0,0,1,1,1,4.0,4.0,1.0,2.0,0.0,1.0,1.0,1.0,25,5.0,3.0,6.0,5.0,1,0,0,0,1,0,0,0,0,2
0.0,0.0,0.0,0.0,0.0,0.0,0.0,0,0.0,0.0,0.0,0.0,0.0,1.0,1,1,0,3,1.0,3.0,3.0,3.0,1.0,0.0,1.0,0.0,31,2.0,1.0,2.0,2.0,0,1,0,0,0,0,0,0,0,3
1.0,1.0,1.0,0.0,0.0,0.0,0.0,0,0.0,1.0,0.0,1.0,1.0,0.0,0,0,0,4,5.0,5.0,5.0,1.0,1.0,1.0,1.0,1.0,21,3.0,3.0,10.0,7.0,1,0,0,0,1,0,0,0,0,1
1.0,1.0,0.0,0.0,0.0,0.0,0.0,0,0.0,1.0,1.0,0.0,0.0,0.0,1,1,1,2,5.0,5.0,1.0,5.0,1.0,1.0,1.0,1.0,23,2.0,5.0,8.0,4.0,1,0,0,0,0,0,1,0,0,2
0.0,0.0,0.0,0.0,0.0,0.0,1.0,0,0.0,0.0,0.0,0.0,0.0,0.0,1,1,0,1,3.0,5.0,1.0,5.0,1.0,1.0,1.0,0.0,18,2.0,3.0,3.0,2.0,1,0,0,0,0,0,0,1,0,2
0.0,0.0,1.0,0.0,0.0,0.0,0.0,0,0.0,0.0,0.0,0.0,0.0,0.0,0,1,0,5,3.0,2.0,3.0,1.0,0.0,0.0,0.0,0.0,38,3.0,2.0,5.0,7.0,0,0,0,0,0,0,0,0,1,2
1.0,0.0,1.0,0.0,1.0,0.0,1.0,0,0.0,0.0,0.0,0.0,0.0,0.0,0,1,0,1,3.0,4.0,2.0,4.0,0.0,1.0,0.0,0.0,27,4.0,1.0,6.0,4.0,1,0,0,0,0,0,0,0,1,2
0.0,0.0,0.0,0.0,0.0,0.0,1.0,0,0.0,0.0,0.0,0.0,1.0,0.0,1,0,0,1,5.0,5.0,1.0,5.0,1.0,1.0,1.0,0.0,30,2.0,1.0,4.0,3.0,1,0,0,0,0,0,0,0,0,2
1.0,0.0,0.0,0.0,0.0,0.0,1.0,1,0.0,0.0,0.0,0.0,0.0,0.0,0,1,0,1,5.0,5.0,5.0,5.0,1.0,1.0,1.0,0.0,59,5.0,3.0,6.0,5.0,0,1,0,0,1,0,0,0,0,1
0.0,0.0,0.0,0.0,0.0,0.0,0.0,0,0.0,0.0,0.0,0.0,0.0,0.0,0,0,0,1,3.0,4.0,1.0,4.0,0.0,0.0,0.0,0.0,53,0.0,2.0,4.0,3.0,1,0,0,0,0,0,0,0,0,1
1.0,0.0,0.0,0.0,0.0,0.0,0.0,0,0.0,0.0,0.0,0.0,0.0,0.0,0,1,0,4,5.0,5.0,5.0,5.0,1.0,1.0,1.0,1.0,49,0.0,2.0,5.0,3.0,1,0,1,0,0,0,1,0,0,2
0.0,0.0,0.0,0.0,0.0,0.0,0.0,0,0.0,0.0,0.0,0.0,0.0,0.0,0,0,0,1,4.0,1.0,4.0,3.0,0.0,0.0,0.0,0.0,30,1.0,2.0,1.0,3.0,0,0,0,0,0,0,0,0,0,3
0.0,0.0,1.0,0.0,0.0,0.0,1.0,0,0.0,0.0,1.0,1.0,0.0,0.0,1,1,0,4,5.0,2.0,4.0,4.0,0.0,1.0,1.0,1.0,20,2.0,2.0,7.0,3.0,1,0,0,0,0,0,0,1,0,2
1.0,0.0,1.0,0.0,0.0,0.0,1.0,0,0.0,0.0,0.0,0.0,0.0,0.0,1,1,0,1,3.0,5.0,4.0,1.0,1.0,1.0,1.0,1.0,37,4.0,3.0,5.0,5.0,1,0,1,0,0,0,0,1,0,2
1.0,1.0,1.0,0.0,0.0,0.0,1.0,1,0.0,0.0,0.0,0.0,0.0,0.0,0,1,0,3,2.0,3.0,1.0,3.0,1.0,1.0,1.0,1.0,54,3.0,2.0,6.0,5.0,0,1,0,0,0,1,0,0,0,2
0.0,0.0,1.0,0.0,0.0,0.0,0.0,0,0.0,0.0,1.0,0.0,0.0,0.0,0,1,0,1,4.0,4.0,1.0,3.0,0.0,1.0,1.0,0.0,31,5.0,2.0,5.0,4.0,0,1,0,0,0,0,0,0,1,3
1.0,1.0,0.0,0.0,0.0,0.0,1.0,1,1.0,0.0,0.0,0.0,0.0,0.0,0,1,0,1,2.0,1.0,1.0,1.0,1.0,1.0,1.0,1.0,58,2.0,4.0,10.0,6.0,1,0,0,0,1,0,0,0,0,1
0.0,0.0,0.0,0.0,0.0,0.0,0.0,0,0.0,0.0,0.0,0.0,0.0,0.0,0,1,0,2,1.0,5.0,1.0,5.0,0.0,0.0,1.0,0.0,52,2.0,2.0,6.0,7.0,0,0,0,0,1,0,0,0,0,2
1.0,1.0,0.0,0.0,0.0,0.0,1.0,1,0.0,0.0,0.0,0.0,0.0,0.0,0,1,1,1,4.0,4.0,1.0,4.0,1.0,1.0,1.0,0.0,58,5.0,2.0,6.0,5.0,0,1,0,0,0,0,0,1,0,1
1.0,0.0,0.0,0.0,0.0,0.0,0.0,0,0.0,0.0,0.0,0.0,0.0,0.0,0,1,0,1,5.0,5.0,4.0,4.0,1.0,1.0,1.0,0.0,37,6.0,2.0,6.0,4.0,1,0,0,1,0,1,0,0,0,3
0.0,0.0,0.0,0.0,0.0,0.0,0.0,0,0.0,0.0,0.0,0.0,0.0,0.0,0,1,0,1,4.0,5.0,1.0,5.0,0.0,0.0,1.0,0.0,23,2.0,2.0,1.0,2.0,0,1,0,0,0,0,0,0,0,2
1.0,1.0,1.0,0.0,0.0,0.0,1.0,0,0.0,0.0,0.0,0.0,0.0,0.0,0,1,0,1,4.0,4.0,2.0,4.0,1.0,1.0,1.0,0.0,23,2.0,2.0,8.0,7.0,1,0,0,0,0,0,0,0,0,3
0.0,0.0,0.0,0.0,0.0,0.0,0.0,0,0.0,0.0,0.0,1.0,0.0,0.0,0,0,0,1,1.0,1.0,1.0,5.0,0.0,0.0,1.0,0.0,25,2.0,3.0,3.0,3.0,0,0,0,0,0,0,1,0,0,3
0.0,0.0,1.0,0.0,0.0,0.0,0.0,0,0.0,0.0,0.0,1.0,0.0,0.0,1,1,0,1,5.0,3.0,1.0,5.0,0.0,1.0,1.0,1.0,19,2.0,2.0,5.0,4.0,0,0,0,0,1,0,0,0,0,2
0.0,0.0,0.0,0.0,0.0,0.0,0.0,0,0.0,0.0,0.0,0.0,0.0,0.0,0,1,0,1,1.0,1.0,1.0,1.0,0.0,0.0,0.0,0.0,29,1.0,1.0,3.0,3.0,0,1,0,0,0,0,0,1,0,3
0.0,0.0,0.0,0.0,0.0,0.0,0.0,0,0.0,0.0,0.0,0.0,0.0,0.0,0,0,0,1,2.0,1.0,3.0,2.0,0.0,0.0,1.0,0.0,28,2.0,2.0,1.0,1.0,0,0,0,0,0,0,0,0,1,3
0.0,0.0,1.0,0.0,0.0,0.0,0.0,0,0.0,0.0,0.0,0.0,1.0,1.0,0,0,0,2,4.0,3.0,1.0,2.0,0.0,0.0,0.0,0.0,21,5.0,2.0,4.0,3.0,1,1,0,0,1,0,0,0,0,3
0.0,0.0,0.0,0.0,0.0,0.0,1.0,0,0.0,1.0,0.0,0.0,0.0,0.0,0,0,0,1,5.0,3.0,4.0,2.0,0.0,0.0,0.0,0.0,59,2.0,3.0,3.0,4.0,1,0,0,0,0,0,1,0,0,3
1.0,0.0,1.0,1.0,0.0,0.0,0.0,0,0.0,0.0,0.0,1.0,1.0,1.0,1,1,0,4,1.0,1.0,5.0,5.0,1.0,0.0,1.0,0.0,64,2.0,1.0,1.0,3.0,0,0,0,0,0,0,0,0,0,2
0.0,0.0,1.0,0.0,0.0,0.0,1.0,0,0.0,0.0,0.0,0.0,0.0,0.0,1,1,0,1,4.0,5.0,1.0,5.0,1.0,1.0,1.0,1.0,24,3.0,1.0,3.0,2.0,1,0,0,0,0,0,0,0,0,2
1.0,1.0,0.0,0.0,0.0,1.0,0.0,0,0.0,0.0,0.0,0.0,0.0,0.0,1,1,1,1,5.0,5.0,1.0,5.0,0.0,1.0,1.0,0.0,43,2.0,2.0,3.0,2.0,1,0,1,0,0,0,0,0,0,2
0.0,0.0,1.0,0.0,0.0,0.0,0.0,0,0.0,0.0,0.0,0.0,0.0,1.0,0,1,0,1,3.0,5.0,1.0,4.0,1.0,1.0,1.0,0.0,34,2.0,2.0,2.0,2.0,0,0,0,1,0,0,0,1,0,2
0.0,0.0,0.0,0.0,0.0,0.0,1.0,0,0.0,0.0,0.0,0.0,0.0,0.0,1,1,0,1,1.0,5.0,1.0,5.0,1.0,1.0,1.0,0.0,29,2.0,2.0,2.0,2.0,1,1,0,0,0,1,0,0,0,2
0.0,0.0,0.0,0.0,0.0,0.0,0.0,0,0.0,0.0,1.0,0.0,0.0,0.0,1,1,0,4,3.0,5.0,5.0,5.0,1.0,1.0,1.0,0.0,53,1.0,2.0,2.0,2.0,0,0,1,0,1,0,0,0,0,2
0.0,0.0,1.0,0.0,0.0,0.0,0.0,0,0.0,0.0,0.0,1.0,0.0,0.0,1,1,0,5,3.0,2.0,4.0,2.0,1.0,1.0,0.0,0.0,54,2.0,2.0,3.0,5.0,1,0,0,0,0,0,1,0,0,3
0.0,0.0,0.0,0.0,0.0,0.0,0.0,0,0.0,1.0,0.0,0.0,0.0,0.0,1,0,1,5,1.0,5.0,1.0,5.0,1.0,1.0,1.0,0.0,67,1.0,3.0,3.0,3.0,1,0,0,0,0,0,0,0,1,3
1.0,0.0,1.0,0.0,0.0,0.0,0.0,0,0.0,0.0,0.0,1.0,0.0,0.0,0,1,0,1,4.0,4.0,5.0,4.0,0.0,1.0,0.0,1.0,18,3.0,3.0,4.0,5.0,1,0,1,0,0,0,0,1,0,3
1.0,1.0,1.0,0.0,0.0,0.0,1.0,1,1.0,0.0,1.0,1.0,0.0,0.0,0,1,0,1,5.0,5.0,3.0,5.0,0.0,1.0,1.0,1.0,43,2.0,2.0,8.0,2.0,1,0,0,0,0,1,0,0,0,1
0.0,0.0,0.0,0.0,0.0,0.0,0.0,0,0.0,0.0,0.0,0.0,0.0,0.0,0,1,0,1,5.0,5.0,5.0,5.0,1.0,0.0,1.0,0.0,45,2.0,1.0,4.0,2.0,1,1,0,0,0,0,0,1,0,3
0.0,0.0,1.0,0.0,0.0,0.0,0.0,0,0.0,0.0,0.0,1.0,1.0,0.0,1,1,0,2,3.0,4.0,1.0,4.0,1.0,1.0,1.0,1.0,27,4.0,1.0,5.0,4.0,0,0,0,0,0,0,0,0,0,2
0.0,0.0,0.0,0.0,0.0,0.0,1.0,0,0.0,0.0,0.0,0.0,0.0,0.0,1,1,0,1,3.0,5.0,1.0,4.0,0.0,0.0,1.0,0.0,24,2.0,2.0,5.0,4.0,0,0,1,0,0,0,0,1,0,2
0.0,0.0,0.0,0.0,0.0,0.0,1.0,0,1.0,0.0,0.0,0.0,0.0,1.0,1,1,1,1,5.0,5.0,1.0,5.0,1.0,0.0,1.0,1.0,25,2.0,1.0,5.0,4.0,0,0,0,0,0,0,0,0,1,3
0.0,0.0,0.0,0.0,0.0,0.0,0.0,0,0.0,0.0,0.0,0.0,0.0,0.0,1,1,0,1,5.0,5.0,1.0,5.0,1.0,0.0,1.0,0.0,24,5.0,2.0,3.0,2.0,1,1,0,0,0,0,1,0,0,1
0.0,0.0,0.0,0.0,0.0,0.0,0.0,0,0.0,0.0,1.0,0.0,0.0,0.0,0,1,0,3,5.0,2.0,1.0,3.0,1.0,1.0,1.0,0.0,21,2.0,2.0,6.0,2.0,1,1,0,0,0,0,0,0,0,2
0.0,0.0,0.0,0.0,0.0,0.0,0.0,0,0.0,0.0,0.0,0.0,0.0,0.0,0,1,0,2,1.0,1.0,1.0,1.0,1.0,0.0,1.0,0.0,70,1.0,1.0,2.0,3.0,0,0,1,0,0,0,0,0,0,1
0.0,1.0,1.0,0.0,0.0,1.0,1.0,0,0.0,0.0,1.0,0.0,0.0,0.0,1,1,0,1,5.0,5.0,1.0,5.0,1.0,1.0,1.0,0.0,19,2.0,2.0,3.0,3.0,1,1,0,0,0,0,0,0,1,3
0.0,0.0,1.0,0.0,0.0,0.0,0.0,0,0.0,0.0,0.0,0.0,0.0,0.0,1,0,0,3,1.0,3.0,1.0,1.0,1.0,1.0,1.0,1.0,22,3.0,1.0,1.0,4.0,0,0,0,0,0,0,1,0,0,3
0.0,0.0,1.0,0.0,0.0,0.0,0.0,0,0.0,0.0,1.0,1.0,0.0,1.0,1,1,0,5,1.0,1.0,1.0,1.0,1.0,0.0,1.0,1.0,56,2.0,3.0,1.0,4.0,0,0,0,0,0,1,0,0,0,3
0.0,0.0,1.0,0.0,0.0,0.0,0.0,0,0.0,0.0,0.0,0.0,0.0,0.0,0,1,0,4,1.0,5.0,1.0,1.0,0.0,1.0,1.0,0.0,45,2.0,1.0,2.0,3.0,1,1,0,0,0,0,0,0,0,3
0.0,0.0,1.0,0.0,0.0,0.0,0.0,0,0.0,1.0,1.0,0.0,0.0,0.0,1,0,0,4,3.0,3.0,3.0,4.0,1.0,1.0,1.0,1.0,54,5.0,2.0,6.0,5.0,1,0,0,0,0,0,0,0,0,3
1.0,0.0,0.0,0.0,0.0,0.0,0.0,0,0.0,0.0,0.0,0.0,0.0,1.0,1,1,0,3,1.0,5.0,1.0,1.0,0.0,1.0,1.0,0.0,61,1.0,2.0,3.0,3.0,0,0,0,0,0,0,0,0,1,3
0.0,0.0,0.0,0.0,0.0,0.0,0.0,0,0.0,0.0,0.0,0.0,0.0,0.0,0,1,0,1,2.0,3.0,5.0,1.0,1.0,0.0,1.0,0.0,67,1.0,1.0,2.0,3.0,0,1,0,0,0,1,0,0,0,3
0.0,0.0,1.0,0.0,0.0,0.0,0.0,0,0.0,0.0,1.0,0.0,0.0,0.0,1,1,0,5,5.0,2.0,4.0,4.0,1.0,1.0,1.0,0.0,29,2.0,3.0,5.0,5.0,1,0,0,0,1,0,0,0,0,3
1.0,1.0,1.0,0.0,0.0,0.0,1.0,0,0.0,1.0,0.0,1.0,0.0,0.0,0,1,1,1,5.0,5.0,4.0,4.0,0.0,1.0,1.0,1.0,24,5.0,4.0,10.0,9.0,0,0,0,0,1,0,0,0,0,2
1.0,0.0,1.0,0.0,0.0,0.0,0.0,0,0.0,0.0,0.0,1.0,0.0,1.0,0,1,0,1,3.0,4.0,1.0,1.0,0.0,0.0,1.0,0.0,32,3.0,1.0,4.0,3.0,0,0,1,0,0,1,0,0,0,2
0.0,0.0,0.0,0.0,0.0,0.0,0.0,0,0.0,0.0,0.0,0.0,0.0,0.0,1,1,0,4,2.0,1.0,3.0,5.0,0.0,0.0,0.0,0.0,66,1.0,1.0,3.0,5.0,1,1,0,0,0,0,1,0,0,3
0.0,0.0,0.0,0.0,0.0,0.0,0.0,0,0.0,0.0,0.0,0.0,0.0,0.0,1,1,0,3,4.0,3.0,5.0,1.0,1.0,1.0,1.0,0.0,53,2.0,3.0,4.0,5.0,1,0,0,0,0,0,0,0,1,3
0.0,0.0,1.0,0.0,0.0,0.0,0.0,0,0.0,0.0,0.0,1.0,0.0,0.0,1,1,0,1,1.0,5.0,1.0,1.0,1.0,1.0,1.0,0.0,61,1.0,2.0,1.0,2.0,0,0,0,1,0,1,0,0,0,3
0.0,0.0,0.0,0.0,0.0,0.0,0.0,0,0.0,0.0,0.0,0.0,0.0,0.0,0,0,0,1,3.0,2.0,1.0,5.0,1.0,0.0,1.0,0.0,69,2.0,3.0,3.0,5.0,0,0,0,0,1,0,0,0,0,1
0.0,0.0,0.0,0.0,0.0,0.0,0.0,0,0.0,0.0,1.0,0.0,1.0,0.0,1,1,0,3,3.0,5.0,1.0,5.0,1.0,1.0,1.0,0.0,33,3.0,2.0,3.0,2.0,0,0,0,0,0,0,0,0,0,2
1.0,1.0,0.0,0.0,0.0,0.0,1.0,0,0.0,1.0,0.0,1.0,0.0,0.0,1,1,0,3,5.0,5.0,5.0,5.0,1.0,1.0,1.0,0.0,34,2.0,3.0,5.0,4.0,0,0,0,0,0,0,1,0,0,2
1.0,1.0,0.0,0.0,0.0,0.0,0.0,0,0.0,0.0,0.0,0.0,0.0,1.0,1,1,0,1,1.0,3.0,1.0,2.0,1.0,1.0,1.0,0.0,27,2.0,2.0,1.0,1.0,0,0,1,0,0,1,0,0,0,2
0.0,0.0,0.0,0.0,0.0,0.0,1.0,0,0.0,0.0,0.0,0.0,0.0,0.0,1,1,0,1,3.0,3.0,1.0,1.0,1.0,1.0,1.0,0.0,48,1.0,2.0,2.0,2.0,0,0,1,0,0,1,0,0,0,2
0.0,0.0,1.0,0.0,0.0,0.0,0.0,0,0.0,0.0,0.0,0.0,0.0,0.0,0,1,0,1,3.0,5.0,1.0,2.0,0.0,1.0,1.0,0.0,18,2.0,1.0,3.0,3.0,1,0,1,0,0,1,0,0,0,2
0.0,0.0,0.0,0.0,0.0,0.0,0.0,0,0.0,0.0,0.0,0.0,0.0,0.0,0,1,0,1,1.0,3.0,1.0,5.0,0.0,0.0,1.0,0.0,30,2.0,1.0,3.0,2.0,0,1,0,0,0,0,1,0,0,1
0.0,0.0,0.0,0.0,0.0,0.0,0.0,0,0.0,0.0,0.0,0.0,0.0,0.0,0,0,0,1,5.0,5.0,1.0,5.0,1.0,1.0,1.0,0.0,47,2.0,3.0,4.0,4.0,0,0,0,0,0,0,0,0,1,2
1.0,1.0,1.0,0.0,0.0,1.0,1.0,0,0.0,0.0,0.0,0.0,0.0,1.0,0,0,0,2,5.0,5.0,1.0,4.0,1.0,1.0,1.0,0.0,20,3.0,2.0,4.0,3.0,0,0,1,0,0,0,0,0,0,3
1.0,0.0,1.0,0.0,0.0,0.0,0.0,0,0.0,0.0,0.0,0.0,0.0,0.0,1,1,0,3,4.0,5.0,1.0,1.0,1.0,1.0,1.0,1.0,21,4.0,3.0,5.0,4.0,0,0,0,0,0,0,0,0,0,2
1.0,1.0,0.0,0.0,0.0,0.0,1.0,0,0.0,1.0,0.0,0.0,0.0,0.0,0,1,1,4,5.0,1.0,1.0,5.0,1.0,1.0,1.0,0.0,52,2.0,2.0,5.0,5.0,1,0,0,1,0,0,0,0,1,1
1.0,0.0,1.0,1.0,0.0,0.0,0.0,1,0.0,0.0,0.0,1.0,1.0,0.0,1,1,1,3,4.0,4.0,1.0,4.0,1.0,1.0,1.0,0.0,63,3.0,3.0,7.0,5.0,1,0,0,0,0,0,0,0,1,3
1.0,1.0,1.0,0.0,0.0,0.0,0.0,0,0.0,0.0,0.0,1.0,0.0,0.0,0,1,0,1,4.0,4.0,1.0,4.0,1.0,1.0,1.0,0.0,32,3.0,2.0,2.0,1.0,1,0,0,1,0,0,0,1,0,2
0.0,0.0,0.0,0.0,0.0,0.0,0.0,0,0.0,0.0,1.0,0.0,0.0,0.0,1,1,1,1,1.0,1.0,1.0,1.0,1.0,0.0,1.0,0.0,27,2.0,2.0,4.0,2.0,1,0,0,0,0,0,1,0,0,3
1.0,1.0,1.0,0.0,0.0,0.0,0.0,0,0.0,0.0,0.0,0.0,0.0,0.0,0,1,0,1,2.0,5.0,4.0,2.0,0.0,1.0,1.0,0.0,20,2.0,1.0,5.0,3.0,0,0,1,0,1,0,0,0,0,1
0.0,0.0,0.0,0.0,0.0,0.0,1.0,0,0.0,0.0,0.0,1.0,0.0,0.0,1,1,0,4,5.0,5.0,2.0,3.0,0.0,1.0,1.0,0.0,28,3.0,2.0,2.0,3.0,0,1,0,0,0,0,0,1,0,2
0.0,0.0,0.0,0.0,0.0,0.0,0.0,0,0.0,0.0,0.0,0.0,0.0,0.0,0,1,0,1,3.0,2.0,1.0,4.0,0.0,0.0,1.0,0.0,69,0.0,2.0,2.0,1.0,1,1,0,0,0,0,0,1,0,2
1.0,1.0,1.0,0.0,1.0,0.0,1.0,1,0.0,0.0,0.0,0.0,0.0,0.0,0,1,1,2,5.0,5.0,1.0,5.0,1.0,1.0,1.0,0.0,70,4.0,3.0,7.0,6.0,1,0,0,0,0,0,0,0,0,1
1.0,1.0,1.0,0.0,0.0,0.0,1.0,0,0.0,0.0,1.0,0.0,1.0,0.0,0,1,0,3,5.0,5.0,1.0,5.0,0.0,1.0,1.0,1.0,22,4.0,1.0,7.0,5.0,1,0,0,0,0,0,1,0,0,2
0.0,0.0,0.0,0.0,0.0,0.0,1.0,0,0.0,0.0,0.0,0.0,0.0,0.0,1,1,0,3,3.0,3.0,3.0,3.0,0.0,0.0,0.0,0.0,46,2.0,2.0,5.0,4.0,1,1,0,0,0,0,1,0,0,3
0.0,0.0,0.0,0.0,0.0,0.0,1.0,1,0.0,0.0,0.0,0.0,1.0,0.0,0,1,0,5,2.0,5.0,4.0,3.0,1.0,0.0,1.0,0.0,69,2.0,2.0,2.0,3.0,1,0,0,0,0,0,0,0,0,3
0.0,0.0,1.0,0.0,0.0,0.0,0.0,0,0.0,0.0,0.0,0.0,0.0,1.0,0,1,0,4,2.0,3.0,1.0,3.0,1.0,1.0,1.0,0.0,38,2.0,1.0,5.0,4.0,0,0,0,0,0,0,0,0,0,2
1.0,0.0,0.0,0.0,0.0,0.0,1.0,0,0.0,0.0,0.0,0.0,0.0,0.0,1,1,0,3,1.0,2.0,2.0,2.0,1.0,1.0,1.0,1.0,32,2.0,3.0,2.0,3.0,1,1,0,0,0,0,1,0,0,3
1.0,1.0,0.0,0.0,0.0,0.0,0.0,0,0.0,0.0,0.0,0.0,0.0,0.0,1,1,1,1,4.0,4.0,2.0,4.0,1.0,1.0,1.0,1.0,33,4.0,2.0,8.0,6.0,0,1,0,0,0,1,0,0,0,2
1.0,0.0,1.0,0.0,0.0,0.0,0.0,1,0.0,0.0,0.0,0.0,0.0,0.0,1,1,1,5,1.0,1.0,3.0,1.0,1.0,0.0,1.0,0.0,60,2.0,2.0,4.0,7.0,0,0,0,0,0,1,0,0,0,3
1.0,1.0,1.0,0.0,0.0,0.0,1.0,0,0.0,0.0,0.0,0.0,0.0,1.0,0,1,1,5,1.0,5.0,5.0,1.0,1.0,1.0,0.0,0.0,51,2.0,3.0,5.0,4.0,1,0,0,0,0,0,1,0,0,2
0.0,0.0,0.0,0.0,0.0,0.0,0.0,0,0.0,0.0,0.0,0.0,0.0,0.0,0,1,0,3,2.0,4.0,4.0,1.0,0.0,1.0,1.0,0.0,53,2.0,1.0,1.0,3.0,1,0,1,0,0,0,0,0,1,2
1.0,0.0,1.0,0.0,0.0,0.0,0.0,0,0.0,0.0,0.0,0.0,0.0,0.0,0,1,1,3,5.0,5.0,4.0,5.0,1.0,0.0,1.0,0.0,24,3.0,2.0,5.0,3.0,1,0,1,0,1,0,0,0,0,1
1.0,1.0,1.0,0.0,0.0,0.0,1.0,0,0.0,0.0,0.0,0.0,0.0,0.0,0,1,0,1,3.0,4.0,2.0,3.0,0.0,1.0,1.0,1.0,25,4.0,2.0,7.0,6.0,1,0,0,0,1,0,0,0,0,2
0.0,0.0,1.0,0.0,0.0,0.0,0.0,0,0.0,0.0,0.0,0.0,0.0,0.0,0,1,0,3,5.0,2.0,4.0,2.0,1.0,0.0,1.0,0.0,35,5.0,2.0,2.0,2.0,1,0,0,1,0,0,1,0,0,3
0.0,0.0,1.0,0.0,0.0,0.0,0.0,0,0.0,0.0,0.0,0.0,0.0,0.0,1,1,0,1,4.0,3.0,2.0,3.0,1.0,1.0,1.0,1.0,42,2.0,1.0,5.0,5.0,1,0,0,0,1,0,0,0,0,3
0.0,0.0,1.0,0.0,0.0,0.0,1.0,0,0.0,1.0,0.0,1.0,0.0,0.0,1,1,0,3,1.0,2.0,2.0,3.0,1.0,0.0,1.0,1.0,44,5.0,1.0,6.0,3.0,1,1,0,0,0,0,0,0,0,3
0.0,0.0,1.0,0.0,0.0,0.0,0.0,0,0.0,0.0,0.0,0.0,0.0,1.0,0,1,0,4,2.0,2.0,4.0,1.0,0.0,0.0,1.0,0.0,36,2.0,1.0,4.0,5.0,0,0,0,0,0,0,1,0,0,3
1.0,1.0,1.0,0.0,0.0,0.0,1.0,0,0.0,1.0,0.0,1.0,0.0,1.0,1,1,1,2,5.0,5.0,1.0,4.0,1.0,1.0,1.0,0.0,31,1.0,2.0,3.0,4.0,1,1,0,0,0,0,0,0,0,3
0.0,0.0,0.0,0.0,0.0,0.0,0.0,0,0.0,0.0,1.0,0.0,0.0,0.0,1,1,0,2,3.0,4.0,3.0,4.0,1.0,1.0,1.0,0.0,53,2.0,2.0,1.0,2.0,0,1,0,0,0,0,0,1,0,3
0.0,0.0,0.0,0.0,0.0,0.0,0.0,0,1.0,0.0,0.0,0.0,0.0,1.0,0,1,0,1,4.0,4.0,5.0,3.0,1.0,1.0,1.0,0.0,52,1.0,2.0,2.0,2.0,0,0,0,0,0,0,0,0,1,1
0.0,0.0,0.0,0.0,0.0,0.0,1.0,1,0.0,0.0,0.0,0.0,0.0,0.0,1,1,1,1,2.0,1.0,1.0,3.0,1.0,1.0,1.0,0.0,60,2.0,2.0,4.0,4.0,0,0,0,0,0,1,0,0,0,3
1.0,1.0,1.0,0.0,0.0,0.0,0.0,0,0.0,1.0,0.0,0.0,0.0,0.0,1,1,1,2,5.0,5.0,1.0,5.0,0.0,1.0,1.0,1.0,33,2.0,2.0,3.0,2.0,1,0,0,0,0,0,0,0,1,2
0.0,0.0,0.0,0.0,0.0,0.0,0.0,0,0.0,0.0,0.0,1.0,0.0,0.0,0,1,0,2,5.0,5.0,1.0,5.0,0.0,0.0,1.0,0.0,61,2.0,2.0,6.0,5.0,1,0,0,0,0,0,1,0,0,3
0.0,0.0,0.0,0.0,0.0,0.0,0.0,0,0.0,0.0,0.0,0.0,0.0,0.0,0,0,0,1,2.0,5.0,1.0,1.0,1.0,1.0,1.0,0.0,29,2.0,1.0,4.0,4.0,1,0,0,0,0,0,0,0,1,3
1.0,1.0,1.0,0.0,0.0,0.0,1.0,0,0.0,0.0,0.0,0.0,0.0,0.0,0,1,1,1,5.0,5.0,1.0,5.0,1.0,1.0,1.0,1.0,28,5.0,2.0,10.0,7.0,1,0,0,0,1,0,0,0,0,1
0.0,0.0,1.0,0.0,0.0,0.0,0.0,0,0.0,0.0,0.0,0.0,0.0,0.0,0,1,0,1,5.0,5.0,5.0,5.0,0.0,0.0,0.0,1.0,52,1.0,1.0,4.0,4.0,0,1,0,0,0,0,1,0,0,2
1.0,1.0,0.0,0.0,0.0,0.0,0.0,1,0.0,0.0,0.0,0.0,0.0,0.0,0,1,1,1,4.0,4.0,1.0,4.0,1.0,0.0,1.0,0.0,67,5.0,4.0,10.0,10.0,1,0,0,0,1,0,0,0,0,1
1.0,0.0,1.0,0.0,0.0,0.0,0.0,0,0.0,1.0,0.0,0.0,0.0,0.0,0,1,0,3,4.0,3.0,3.0,5.0,1.0,1.0,1.0,0.0,19,3.0,1.0,5.0,5.0,0,0,0,0,0,0,0,1,0,2
1.0,1.0,0.0,0.0,0.0,0.0,0.0,1,0.0,0.0,0.0,0.0,0.0,0.0,0,1,0,1,2.0,5.0,1.0,2.0,0.0,0.0,1.0,0.0,63,2.0,2.0,6.0,5.0,0,0,0,0,1,0,0,0,0,2
0.0,0.0,0.0,0.0,0.0,0.0,0.0,0,0.0,0.0,0.0,0.0,0.0,1.0,0,1,0,4,1.0,2.0,1.0,1.0,1.0,1.0,1.0,0.0,42,2.0,1.0,1.0,1.0,0,0,0,1,0,0,0,0,0,3
1.0,0.0,0.0,0.0,0.0,0.0,1.0,0,0.0,0.0,0.0,0.0,0.0,0.0,1,1,0,4,3.0,2.0,1.0,1.0,1.0,1.0,1.0,0.0,30,3.0,3.0,4.0,2.0,0,0,0,0,0,0,1,0,0,2
1.0,1.0,1.0,1.0,0.0,1.0,1.0,0,0.0,0.0,0.0,0.0,0.0,0.0,0,0,1,1,4.0,5.0,1.0,5.0,0.0,1.0,0.0,1.0,24,5.0,3.0,10.0,10.0,0,0,0,0,1,0,0,0,0,2
1.0,0.0,1.0,0.0,0.0,0.0,0.0,0,0.0,0.0,0.0,0.0,0.0,0.0,1,1,0,1,5.0,5.0,5.0,5.0,0.0,1.0,1.0,0.0,32,2.0,4.0,4.0,6.0,0,0,0,0,1,0,0,0,0,3
0.0,0.0,0.0,0.0,0.0,0.0,0.0,0,0.0,0.0,0.0,0.0,0.0,0.0,0,1,0,5,1.0,1.0,5.0,1.0,0.0,1.0,1.0,0.0,50,1.0,1.0,2.0,2.0,0,0,0,0,0,0,0,0,1,3
1.0,0.0,1.0,0.0,0.0,0.0,0.0,0,0.0,0.0,1.0,0.0,0.0,0.0,1,1,0,1,4.0,5.0,1.0,5.0,1.0,1.0,1.0,1.0,18,3.0,2.0,3.0,3.0,0,0,0,1,1,0,0,0,0,1
0.0,0.0,0.0,0.0,0.0,0.0,0.0,0,0.0,0.0,1.0,0.0,0.0,0.0,1,1,0,2,3.0,3.0,3.0,3.0,1.0,1.0,1.0,0.0,40,5.0,3.0,4.0,4.0,1,0,0,0,1,0,0,0,0,2
1.0,0.0,1.0,0.0,0.0,0.0,0.0,0,0.0,0.0,0.0,0.0,0.0,0.0,1,1,0,1,1.0,5.0,5.0,3.0,1.0,1.0,1.0,0.0,62,2.0,2.0,5.0,5.0,1,0,0,0,1,0,0,0,0,3
0.0,0.0,0.0,0.0,0.0,0.0,0.0,0,0.0,0.0,0.0,0.0,0.0,1.0,0,1,0,1,1.0,5.0,1.0,4.0,1.0,0.0,1.0,0.0,65,1.0,2.0,1.0,2.0,1,0,1,0,0,1,0,0,0,2
0.0,0.0,0.0,0.0,0.0,0.0,0.0,0,0.0,0.0,0.0,0.0,0.0,1.0,0,0,0,1,5.0,5.0,1.0,5.0,1.0,1.0,1.0,0.0,67,1.0,3.0,7.0,7.0,1,0,0,0,0,0,1,0,0,2
0.0,0.0,1.0,0.0,0.0,0.0,0.0,0,0.0,0.0,1.0,1.0,0.0,0.0,1,1,1,5,1.0,1.0,5.0,1.0,0.0,0.0,1.0,1.0,57,2.0,3.0,4.0,4.0,1,1,0,0,1,0,0,0,0,2
1.0,0.0,0.0,0.0,0.0,0.0,1.0,0,1.0,0.0,0.0,0.0,0.0,0.0,0,1,1,3,5.0,1.0,1.0,5.0,1.0,1.0,1.0,0.0,32,1.0,1.0,4.0,5.0,0,1,0,0,0,0,1,0,0,3
0.0,0.0,1.0,0.0,0.0,0.0,1.0,0,0.0,1.0,0.0,0.0,0.0,0.0,1,1,0,1,3.0,4.0,1.0,5.0,1.0,1.0,1.0,0.0,43,2.0,2.0,4.0,3.0,1,0,0,0,0,0,0,0,1,3
0.0,1.0,1.0,0.0,0.0,0.0,0.0,0,0.0,0.0,0.0,0.0,0.0,0.0,0,0,0,1,4.0,5.0,1.0,4.0,0.0,1.0,0.0,1.0,25,2.0,3.0,4.0,2.0,0,0,0,0,1,0,0,0,0,2
0.0,0.0,0.0,0.0,0.0,0.0,0.0,0,0.0,0.0,0.0,0.0,0.0,0.0,0,0,0,2,1.0,5.0,1.0,4.0,0.0,1.0,1.0,0.0,46,1.0,2.0,2.0,2.0,0,0,0,1,0,0,1,0,0,2
0.0,0.0,0.0,0.0,0.0,0.0,0.0,0,0.0,0.0,0.0,0.0,0.0,1.0,1,1,1,1,1.0,5.0,1.0,1.0,1.0,0.0,1.0,1.0,41,2.0,2.0,3.0,3.0,0,0,0,0,1,0,0,0,0,1
1.0,1.0,0.0,0.0,0.0,0.0,0.0,1,0.0,0.0,0.0,0.0,0.0,0.0,0,1,0,5,5.0,1.0,1.0,5.0,0.0,1.0,1.0,0.0,70,2.0,3.0,5.0,4.0,1,0,0,0,1,0,0,0,0,1
1.0,1.0,1.0,0.0,0.0,0.0,0.0,0,0.0,0.0,1.0,0.0,0.0,0.0,1,1,0,5,1.0,5.0,1.0,5.0,0.0,0.0,1.0,0.0,34,2.0,3.0,8.0,8.0,1,1,0,0,0,0,0,1,0,2
0.0,0.0,0.0,0.0,0.0,0.0,0.0,0,0.0,0.0,0.0,0.0,0.0,0.0,0,1,0,5,1.0,1.0,1.0,1.0,0.0,0.0,1.0,0.0,41,3.0,2.0,3.0,4.0,1,0,0,0,0,0,0,0,0,3
1.0,0.0,1.0,0.0,0.0,0.0,1.0,0,0.0,0.0,0.0,0.0,0.0,0.0,1,0,1,3,5.0,3.0,2.0,3.0,1.0,1.0,1.0,1.0,23,6.0,1.0,7.0,6.0,0,0,0,1,0,0,0,1,0,2
1.0,0.0,1.0,0.0,0.0,0.0,0.0,0,0.0,0.0,0.0,0.0,0.0,1.0,1,1,0,1,3.0,3.0,2.0,3.0,1.0,1.0,1.0,0.0,27,3.0,1.0,3.0,4.0,0,0,0,0,0,0,1,0,0,2
0.0,0.0,0.0,0.0,0.0,0.0,0.0,0,0.0,0.0,0.0,0.0,0.0,0.0,0,0,0,1,4.0,1.0,3.0,4.0,1.0,0.0,1.0,0.0,39,5.0,1.0,4.0,4.0,0,0,0,0,0,0,0,0,0,3
0.0,0.0,0.0,0.0,0.0,0.0,0.0,0,0.0,0.0,0.0,0.0,0.0,0.0,1,1,0,4,1.0,5.0,1.0,5.0,0.0,0.0,1.0,0.0,21,2.0,1.0,1.0,3.0,0,1,0,0,0,0,0,1,0,3
0.0,1.0,1.0,0.0,0.0,0.0,0.0,0,0.0,1.0,0.0,0.0,0.0,0.0,0,1,1,4,1.0,5.0,4.0,5.0,1.0,0.0,0.0,0.0,68,1.0,3.0,4.0,4.0,1,0,0,0,1,0,0,0,0,3
0.0,0.0,0.0,0.0,0.0,0.0,0.0,0,0.0,0.0,0.0,0.0,0.0,0.0,0,1,0,2,5.0,5.0,1.0,5.0,1.0,1.0,1.0,0.0,42,2.0,1.0,2.0,2.0,1,0,0,0,0,0,0,0,0,3
0.0,0.0,0.0,0.0,0.0,0.0,0.0,0,0.0,1.0,0.0,0.0,0.0,0.0,0,1,0,4,1.0,2.0,1.0,2.0,0.0,0.0,1.0,0.0,56,2.0,2.0,2.0,3.0,1,0,0,0,0,0,1,0,0,3
0.0,0.0,0.0,0.0,0.0,0.0,0.0,0,0.0,0.0,1.0,0.0,0.0,1.0,0,0,0,1,5.0,5.0,1.0,5.0,0.0,0.0,0.0,0.0,20,2.0,2.0,6.0,2.0,1,1,0,0,0,0,0,0,0,3
0.0,0.0,0.0,0.0,0.0,0.0,0.0,0,0.0,0.0,0.0,0.0,0.0,0.0,0,1,0,1,3.0,5.0,1.0,5.0,1.0,0.0,1.0,0.0,31,2.0,1.0,2.0,1.0,0,0,0,0,0,0,0,0,0,2
1.0,0.0,1.0,0.0,0.0,0.0,0.0,0,1.0,0.0,0.0,1.0,0.0,0.0,0,1,0,1,3.0,5.0,1.0,4.0,0.0,0.0,0.0,0.0,22,2.0,1.0,6.0,5.0,1,1,0,0,0,0,0,0,1,2
1.0,0.0,1.0,0.0,0.0,0.0,0.0,0,0.0,0.0,1.0,0.0,0.0,0.0,1,1,0,1,3.0,3.0,1.0,3.0,1.0,0.0,1.0,0.0,20,5.0,4.0,4.0,3.0,0,0,0,0,1,0,0,0,0,3
1.0,1.0,1.0,0.0,0.0,0.0,0.0,0,0.0,0.0,1.0,1.0,0.0,0.0,0,0,0,1,2.0,4.0,1.0,3.0,0.0,1.0,1.0,1.0,24,6.0,3.0,7.0,6.0,1,0,0,0,0,0,1,0,0,3
1.0,0.0,0.0,0.0,0.0,1.0,1.0,1,0.0,0.0,0.0,0.0,0.0,0.0,1,0,1,3,4.0,5.0,2.0,4.0,0.0,0.0,1.0,0.0,23,4.0,2.0,5.0,4.0,1,0,0,1,0,0,1,0,0,2
1.0,1.0,0.0,0.0,0.0,0.0,1.0,0,0.0,0.0,0.0,0.0,0.0,0.0,0,1,1,1,5.0,5.0,1.0,5.0,1.0,1.0,1.0,0.0,57,6.0,3.0,8.0,4.0,0,0,0,0,0,0,1,0,0,3
0.0,0.0,0.0,0.0,0.0,0.0,1.0,1,0.0,1.0,0.0,0.0,0.0,0.0,0,1,1,1,1.0,5.0,1.0,5.0,1.0,1.0,1.0,0.0,42,1.0,1.0,7.0,3.0,0,0,0,0,1,0,0,0,0,1
0.0,0.0,1.0,0.0,0.0,0.0,1.0,0,0.0,0.0,0.0,0.0,0.0,0.0,0,0,0,1,4.0,5.0,1.0,5.0,0.0,0.0,0.0,0.0,18,2.0,1.0,5.0,5.0,1,0,1,0,0,0,0,1,0,3
1.0,0.0,0.0,0.0,0.0,0.0,1.0,0,0.0,0.0,0.0,0.0,0.0,0.0,0,1,0,1,3.0,4.0,1.0,4.0,1.0,0.0,1.0,0.0,23,4.0,2.0,5.0,4.0,0,1,0,0,0,0,1,0,0,1
1.0,1.0,0.0,0.0,0.0,0.0,1.0,0,0.0,1.0,0.0,0.0,0.0,0.0,1,1,0,1,5.0,5.0,4.0,5.0,1.0,0.0,1.0,0.0,32,5.0,5.0,10.0,10.0,1,0,0,0,0,0,1,0,0,2
0.0,0.0,0.0,0.0,0.0,0.0,0.0,1,0.0,0.0,0.0,0.0,0.0,0.0,1,1,0,5,1.0,3.0,1.0,1.0,0.0,0.0,0.0,0.0,64,1.0,2.0,5.0,5.0,0,0,0,0,0,0,0,0,0,3
1.0,1.0,1.0,0.0,0.0,0.0,0.0,0,0.0,0.0,0.0,0.0,0.0,1.0,0,1,0,3,3.0,3.0,5.0,2.0,1.0,1.0,1.0,0.0,45,2.0,3.0,4.0,5.0,0,0,0,0,1,0,0,0,0,3
1.0,0.0,1.0,0.0,0.0,0.0,0.0,0,0.0,0.0,0.0,0.0,0.0,0.0,0,1,0,1,3.0,5.0,1.0,4.0,1.0,0.0,1.0,0.0,26,2.0,1.0,5.0,2.0,1,0,1,0,0,1,0,0,0,2
1.0,1.0,0.0,0.0,0.0,0.0,0.0,1,0.0,0.0,0.0,0.0,0.0,0.0,0,1,1,1,3.0,1.0,1.0,3.0,1.0,0.0,1.0,0.0,54,2.0,6.0,6.0,6.0,0,0,0,0,0,0,1,0,0,2
1.0,1.0,1.0,0.0,1.0,0.0,1.0,0,1.0,0.0,0.0,0.0,0.0,0.0,0,1,1,2,4.0,4.0,1.0,5.0,1.0,1.0,1.0,1.0,38,5.0,2.0,7.0,5.0,1,0,0,0,0,0,0,0,0,2
0.0,0.0,0.0,0.0,0.0,0.0,0.0,0,0.0,0.0,0.0,0.0,0.0,0.0,0,0,0,3,5.0,5.0,5.0,1.0,0.0,1.0,1.0,0.0,52,1.0,1.0,1.0,1.0,1,0,1,0,0,0,0,0,0,3
1.0,0.0,1.0,0.0,0.0,0.0,0.0,0,0.0,0.0,0.0,1.0,0.0,1.0,1,0,0,1,3.0,5.0,1.0,3.0,1.0,1.0,1.0,1.0,19,3.0,3.0,1.0,2.0,0,0,0,0,0,0,1,0,0,3
0.0,1.0,0.0,0.0,0.0,0.0,0.0,0,0.0,0.0,0.0,0.0,0.0,0.0,1,1,1,1,5.0,5.0,1.0,5.0,1.0,1.0,1.0,0.0,46,2.0,2.0,4.0,4.0,1,0,0,0,0,0,0,0,1,3
1.0,0.0,1.0,0.0,0.0,0.0,0.0,0,0.0,0.0,1.0,0.0,0.0,0.0,1,1,1,1,5.0,5.0,1.0,5.0,1.0,1.0,1.0,1.0,39,2.0,3.0,7.0,5.0,1,0,0,0,1,0,0,0,0,2
1.0,0.0,1.0,0.0,0.0,0.0,0.0,0,0.0,0.0,0.0,0.0,0.0,0.0,1,1,0,1,5.0,5.0,1.0,1.0,1.0,1.0,1.0,0.0,38,1.0,1.0,4.0,4.0,0,1,0,0,0,0,1,0,0,3
0.0,0.0,1.0,0.0,0.0,0.0,0.0,0,0.0,0.0,0.0,0.0,0.0,0.0,0,1,0,1,4.0,3.0,1.0,3.0,0.0,0.0,0.0,0.0,18,2.0,2.0,5.0,4.0,1,1,0,0,0,1,0,0,0,2
1.0,1.0,0.0,0.0,0.0,0.0,1.0,0,0.0,0.0,0.0,0.0,0.0,0.0,0,1,1,1,3.0,3.0,2.0,3.0,1.0,1.0,1.0,0.0,32,5.0,6.0,9.0,8.0,0,0,0,0,0,0,0,0,1,2
0.0,0.0,1.0,0.0,0.0,0.0,0.0,0,0.0,0.0,0.0,0.0,0.0,1.0,1,1,0,1,1.0,5.0,5.0,1.0,1.0,1.0,1.0,1.0,33,2.0,1.0,2.0,3.0,0,0,0,0,0,0,0,0,0,3
1.0,1.0,1.0,0.0,1.0,0.0,1.0,0,0.0,0.0,0.0,0.0,0.0,0.0,0,1,0,1,5.0,5.0,1.0,5.0,0.0,1.0,1.0,0.0,22,3.0,2.0,5.0,4.0,1,0,0,0,1,0,0,0,0,1
1.0,0.0,0.0,0.0,0.0,0.0,1.0,0,0.0,0.0,0.0,0.0,0.0,0.0,0,1,1,1,5.0,5.0,1.0,5.0,1.0,1.0,1.0,0.0,62,3.0,2.0,6.0,4.0,0,0,1,0,0,1,0,0,0,2
0.0,0.0,0.0,0.0,0.0,0.0,0.0,0,0.0,0.0,0.0,0.0,0.0,1.0,0,1,0,1,5.0,5.0,1.0,5.0,1.0,1.0,0.0,0.0,60,1.0,1.0,4.0,4.0,0,0,1,0,0,0,0,0,1,3
0.0,0.0,0.0,0.0,0.0,0.0,0.0,0,0.0,0.0,0.0,0.0,0.0,0.0,0,1,0,4,1.0,1.0,1.0,5.0,0.0,0.0,0.0,0.0,40,1.0,1.0,1.0,1.0,1,0,0,0,1,0,0,0,0,2
0.0,0.0,0.0,0.0,0.0,0.0,0.0,0,0.0,0.0,0.0,0.0,0.0,0.0,1,1,0,3,2.0,2.0,5.0,2.0,0.0,0.0,0.0,0.0,36,3.0,1.0,2.0,4.0,0,0,0,1,0,0,0,0,0,3
0.0,0.0,0.0,0.0,0.0,0.0,0.0,0,0.0,0.0,0.0,0.0,0.0,1.0,1,1,0,1,3.0,4.0,1.0,3.0,0.0,0.0,1.0,0.0,23,2.0,1.0,3.0,2.0,0,1,0,0,0,0,0,0,0,3
0.0,0.0,1.0,0.0,0.0,0.0,1.0,0,0.0,0.0,1.0,0.0,1.0,0.0,0,1,0,1,1.0,5.0,1.0,3.0,0.0,1.0,1.0,0.0,59,4.0,3.0,5.0,5.0,1,0,0,0,0,0,1,0,0,2
0.0,0.0,0.0,0.0,0.0,0.0,1.0,0,0.0,0.0,0.0,0.0,0.0,0.0,0,1,0,1,4.0,3.0,2.0,2.0,0.0,1.0,1.0,0.0,64,2.0,1.0,1.0,1.0,0,0,1,0,0,0,0,0,1,3
1.0,1.0,0.0,0.0,0.0,0.0,1.0,1,0.0,0.0,0.0,0.0,0.0,0.0,0,1,0,1,5.0,5.0,5.0,5.0,0.0,1.0,1.0,0.0,62,3.0,3.0,6.0,5.0,0,0,0,0,0,0,0,0,0,3
1.0,0.0,0.0,0.0,0.0,0.0,1.0,0,0.0,0.0,0.0,0.0,0.0,0.0,1,1,0,1,4.0,5.0,1.0,5.0,1.0,1.0,1.0,0.0,44,2.0,2.0,2.0,3.0,0,0,0,0,0,0,1,0,0,2
0.0,0.0,1.0,0.0,0.0,0.0,0.0,0,0.0,1.0,1.0,0.0,0.0,1.0,1,1,0,3,5.0,3.0,3.0,4.0,1.0,1.0,1.0,0.0,45,1.0,2.0,5.0,7.0,1,0,0,0,0,0,0,1,0,2
0.0,0.0,0.0,0.0,0.0,0.0,0.0,0,0.0,0.0,0.0,1.0,0.0,0.0,0,0,0,5,4.0,3.0,3.0,4.0,1.0,1.0,1.0,0.0,30,5.0,2.0,4.0,3.0,1,0,1,0,0,0,0,0,0,2
0.0,0.0,0.0,0.0,0.0,0.0,1.0,0,0.0,0.0,0.0,0.0,0.0,0.0,1,1,0,2,3.0,4.0,2.0,5.0,1.0,1.0,1.0,0.0,30,5.0,1.0,4.0,4.0,1,1,0,0,0,1,0,0,0,2
0.0,0.0,0.0,0.0,0.0,0.0,0.0,0,0.0,0.0,0.0,0.0,0.0,0.0,0,1,0,1,4.0,4.0,4.0,4.0,1.0,1.0,1.0,0.0,21,2.0,1.0,2.0,2.0,0,1,0,0,0,1,0,0,0,2
1.0,1.0,0.0,0.0,0.0,0.0,0.0,1,0.0,0.0,0.0,0.0,0.0,0.0,0,1,0,1,5.0,5.0,1.0,5.0,0.0,0.0,0.0,0.0,68,4.0,3.0,5.0,5.0,0,0,0,0,0,0,0,1,0,3
1.0,0.0,1.0,0.0,0.0,0.0,1.0,0,0.0,0.0,0.0,0.0,0.0,0.0,1,1,0,5,1.0,1.0,5.0,1.0,1.0,1.0,1.0,1.0,41,4.0,2.0,3.0,3.0,1,0,0,0,0,0,1,0,0,3
1.0,0.0,1.0,0.0,0.0,0.0,0.0,0,0.0,0.0,0.0,1.0,0.0,0.0,0,0,0,1,1.0,1.0,1.0,3.0,0.0,0.0,1.0,0.0,21,2.0,3.0,7.0,6.0,1,0,0,0,0,0,1,0,0,2
0.0,0.0,1.0,0.0,0.0,0.0,0.0,0,0.0,0.0,0.0,1.0,0.0,0.0,0,1,0,5,4.0,2.0,5.0,5.0,1.0,0.0,1.0,0.0,31,2.0,2.0,3.0,5.0,0,0,0,0,0,0,0,0,0,2
1.0,1.0,1.0,0.0,0.0,0.0,0.0,0,1.0,0.0,0.0,0.0,0.0,0.0,0,1,0,2,1.0,3.0,3.0,3.0,1.0,0.0,1.0,0.0,46,6.0,2.0,4.0,7.0,1,0,0,0,1,0,0,0,0,1
1.0,1.0,0.0,0.0,0.0,0.0,1.0,0,0.0,1.0,0.0,0.0,0.0,0.0,0,0,0,5,1.0,1.0,5.0,1.0,1.0,1.0,1.0,0.0,35,2.0,1.0,5.0,4.0,1,0,0,0,0,0,0,0,0,3
0.0,0.0,1.0,0.0,0.0,0.0,0.0,0,0.0,1.0,0.0,0.0,0.0,0.0,1,1,0,3,2.0,2.0,1.0,3.0,1.0,0.0,1.0,0.0,26,2.0,1.0,5.0,4.0,1,0,0,0,1,0,0,0,0,3
0.0,0.0,0.0,0.0,0.0,0.0,0.0,0,0.0,1.0,0.0,1.0,0.0,0.0,0,1,1,2,4.0,5.0,1.0,4.0,1.0,1.0,1.0,0.0,52,5.0,1.0,6.0,3.0,1,0,1,0,0,0,0,0,1,2
1.0,0.0,1.0,0.0,0.0,0.0,0.0,0,0.0,0.0,0.0,0.0,0.0,1.0,1,1,0,3,5.0,5.0,2.0,3.0,1.0,0.0,1.0,0.0,46,2.0,1.0,4.0,3.0,0,0,0,0,0,1,0,0,0,2
0.0,0.0,0.0,0.0,0.0,0.0,0.0,0,0.0,1.0,1.0,0.0,0.0,0.0,0,1,0,5,3.0,4.0,2.0,5.0,1.0,0.0,0.0,0.0,66,1.0,2.0,4.0,5.0,0,0,0,0,0,0,0,0,0,3
0.0,0.0,1.0,0.0,0.0,0.0,0.0,0,0.0,0.0,0.0,0.0,0.0,0.0,0,1,0,3,5.0,5.0,1.0,2.0,1.0,1.0,1.0,0.0,43,1.0,1.0,1.0,3.0,1,0,1,0,0,1,0,0,0,3
0.0,0.0,1.0,0.0,0.0,0.0,0.0,0,1.0,1.0,1.0,1.0,0.0,0.0,1,1,0,1,5.0,5.0,1.0,5.0,1.0,1.0,1.0,0.0,49,0.0,1.0,3.0,2.0,0,1,0,0,0,0,0,1,0,1
0.0,0.0,0.0,0.0,0.0,0.0,0.0,0,0.0,0.0,0.0,0.0,0.0,0.0,0,0,0,2,5.0,5.0,1.0,1.0,0.0,1.0,1.0,0.0,48,3.0,2.0,5.0,4.0,1,1,0,0,0,0,1,0,0,2
0.0,0.0,1.0,0.0,0.0,0.0,0.0,0,0.0,0.0,0.0,0.0,0.0,0.0,0,0,0,1,2.0,4.0,2.0,4.0,0.0,1.0,1.0,0.0,34,2.0,2.0,5.0,5.0,0,0,0,0,0,1,0,0,0,2
0.0,0.0,0.0,0.0,0.0,0.0,0.0,0,0.0,0.0,1.0,0.0,0.0,0.0,0,1,0,3,5.0,5.0,1.0,5.0,1.0,1.0,1.0,0.0,38,5.0,2.0,2.0,4.0,0,0,0,0,0,0,0,0,0,1
0.0,0.0,0.0,0.0,0.0,0.0,0.0,0,0.0,0.0,0.0,0.0,0.0,0.0,0,1,0,1,5.0,5.0,1.0,5.0,0.0,1.0,1.0,0.0,32,3.0,1.0,4.0,2.0,1,0,1,0,0,1,0,0,0,1
0.0,0.0,0.0,0.0,0.0,0.0,0.0,0,0.0,0.0,1.0,0.0,0.0,0.0,1,1,0,1,5.0,5.0,3.0,5.0,0.0,1.0,1.0,0.0,51,1.0,3.0,3.0,3.0,1,0,0,0,0,0,0,0,1,2
0.0,0.0,1.0,0.0,0.0,0.0,1.0,0,0.0,1.0,0.0,0.0,0.0,0.0,1,1,0,5,1.0,4.0,5.0,5.0,1.0,0.0,1.0,0.0,45,2.0,2.0,4.0,6.0,1,0,0,0,1,0,0,0,0,3
0.0,0.0,0.0,0.0,0.0,0.0,0.0,0,0.0,0.0,1.0,0.0,1.0,0.0,1,1,0,4,1.0,2.0,4.0,1.0,1.0,0.0,0.0,0.0,42,1.0,3.0,4.0,4.0,0,0,0,0,0,0,0,0,1,3
0.0,0.0,0.0,0.0,0.0,0.0,1.0,0,0.0,0.0,0.0,0.0,0.0,0.0,0,1,0,1,5.0,4.0,5.0,1.0,1.0,0.0,1.0,0.0,25,3.0,2.0,3.0,3.0,0,0,0,0,0,0,0,0,0,2
1.0,1.0,1.0,0.0,0.0,0.0,1.0,0,0.0,0.0,0.0,0.0,0.0,0.0,0,1,0,3,2.0,2.0,1.0,3.0,1.0,1.0,1.0,0.0,49,3.0,3.0,7.0,6.0,0,0,0,0,0,0,0,0,1,2
0.0,0.0,0.0,0.0,0.0,0.0,0.0,0,0.0,0.0,0.0,0.0,0.0,0.0,1,1,0,4,5.0,5.0,4.0,5.0,1.0,1.0,1.0,0.0,27,1.0,2.0,4.0,4.0,1,0,0,0,0,0,0,0,0,3
0.0,0.0,1.0,0.0,0.0,0.0,1.0,0,0.0,0.0,0.0,0.0,0.0,0.0,0,1,0,2,3.0,5.0,4.0,4.0,1.0,0.0,1.0,1.0,24,2.0,1.0,3.0,5.0,0,0,1,0,1,0,0,0,0,2
0.0,0.0,0.0,0.0,0.0,0.0,0.0,0,0.0,0.0,1.0,0.0,0.0,1.0,0,1,0,4,3.0,4.0,1.0,4.0,0.0,0.0,1.0,0.0,61,1.0,1.0,1.0,4.0,0,0,1,0,0,1,0,0,0,3
1.0,1.0,1.0,0.0,1.0,0.0,1.0,0,0.0,0.0,1.0,1.0,1.0,0.0,1,1,0,3,4.0,3.0,4.0,2.0,0.0,1.0,1.0,1.0,22,4.0,3.0,6.0,4.0,1,0,0,0,0,0,0,0,1,2
0.0,0.0,0.0,0.0,0.0,0.0,0.0,0,0.0,0.0,0.0,0.0,0.0,0.0,1,0,0,4,3.0,3.0,5.0,5.0,1.0,0.0,1.0,0.0,37,5.0,3.0,1.0,1.0,1,0,0,0,0,0,0,0,1,3
1.0,0.0,1.0,0.0,0.0,0.0,0.0,0,0.0,0.0,0.0,1.0,0.0,1.0,1,1,0,3,2.0,3.0,1.0,2.0,1.0,1.0,1.0,0.0,29,3.0,2.0,6.0,6.0,0,0,1,0,1,0,0,0,0,3
0.0,0.0,0.0,0.0,0.0,0.0,0.0,0,0.0,0.0,0.0,0.0,0.0,0.0,0,1,0,1,4.0,5.0,1.0,3.0,0.0,0.0,0.0,0.0,24,5.0,1.0,6.0,5.0,0,1,0,0,0,0,0,0,0,2
1.0,0.0,1.0,0.0,0.0,0.0,0.0,0,0.0,0.0,1.0,1.0,0.0,0.0,0,0,0,1,5.0,5.0,1.0,4.0,0.0,1.0,1.0,1.0,20,5.0,1.0,7.0,9.0,0,0,0,0,0,0,0,0,0,2
0.0,0.0,0.0,0.0,0.0,0.0,0.0,0,0.0,0.0,0.0,0.0,0.0,0.0,1,1,0,5,5.0,5.0,1.0,1.0,0.0,0.0,1.0,0.0,61,2.0,1.0,1.0,1.0,1,0,0,0,0,0,0,0,0,2
0.0,1.0,0.0,0.0,0.0,0.0,1.0,0,0.0,0.0,0.0,0.0,0.0,0.0,0,1,0,2,4.0,4.0,1.0,4.0,1.0,1.0,1.0,0.0,22,4.0,2.0,6.0,2.0,1,0,0,0,0,0,0,0,1,2
0.0,0.0,0.0,0.0,0.0,0.0,0.0,0,0.0,0.0,0.0,0.0,0.0,0.0,0,0,0,5,1.0,1.0,1.0,1.0,0.0,0.0,0.0,0.0,44,2.0,2.0,3.0,4.0,0,0,0,0,0,0,0,0,0,3
0.0,0.0,1.0,0.0,0.0,0.0,1.0,0,0.0,0.0,0.0,0.0,0.0,0.0,1,0,0,1,3.0,4.0,1.0,5.0,1.0,1.0,1.0,1.0,19,1.0,1.0,4.0,3.0,1,0,1,0,0,1,0,0,0,2
0.0,0.0,0.0,0.0,0.0,0.0,1.0,0,0.0,0.0,1.0,0.0,0.0,0.0,0,1,0,3,3.0,4.0,2.0,2.0,0.0,0.0,0.0,0.0,25,2.0,1.0,7.0,7.0,1,1,0,0,0,0,0,0,0,3
0.0,0.0,0.0,0.0,0.0,0.0,0.0,0,0.0,0.0,0.0,0.0,0.0,1.0,1,1,0,1,1.0,5.0,1.0,1.0,1.0,0.0,1.0,0.0,58,1.0,3.0,4.0,5.0,0,0,0,0,0,0,1,0,0,3
0.0,0.0,0.0,0.0,0.0,0.0,0.0,0,0.0,0.0,0.0,0.0,0.0,0.0,1,1,0,1,2.0,5.0,4.0,2.0,1.0,1.0,1.0,0.0,37,2.0,2.0,5.0,4.0,1,1,0,0,0,0,1,0,0,3
0.0,0.0,1.0,0.0,0.0,0.0,0.0,0,0.0,0.0,0.0,0.0,0.0,0.0,0,1,0,4,4.0,5.0,3.0,4.0,0.0,1.0,1.0,0.0,19,2.0,2.0,8.0,6.0,1,0,0,0,0,0,0,0,0,3
0.0,0.0,0.0,0.0,0.0,0.0,0.0,0,0.0,0.0,0.0,0.0,0.0,0.0,1,1,0,2,1.0,5.0,1.0,5.0,1.0,0.0,1.0,0.0,65,2.0,2.0,3.0,5.0,0,0,0,0,0,0,0,0,0,2
1.0,0.0,0.0,0.0,0.0,0.0,1.0,0,0.0,0.0,0.0,0.0,0.0,0.0,1,1,1,2,4.0,3.0,3.0,3.0,1.0,1.0,1.0,0.0,22,5.0,3.0,6.0,5.0,0,0,0,0,1,0,0,0,0,2
0.0,0.0,1.0,0.0,0.0,0.0,0.0,0,0.0,0.0,0.0,0.0,0.0,0.0,0,1,0,3,3.0,5.0,1.0,5.0,0.0,1.0,1.0,0.0,60,1.0,2.0,1.0,2.0,1,0,0,1,0,1,0,0,0,3
1.0,1.0,0.0,0.0,0.0,0.0,1.0,0,0.0,0.0,0.0,1.0,0.0,0.0,1,1,1,2,3.0,5.0,3.0,4.0,1.0,1.0,1.0,0.0,27,5.0,3.0,5.0,5.0,1,0,0,0,0,1,0,0,0,2
0.0,0.0,0.0,0.0,0.0,0.0,0.0,0,0.0,0.0,0.0,0.0,0.0,0.0,1,1,0,2,1.0,3.0,1.0,1.0,1.0,1.0,1.0,0.0,31,2.0,1.0,4.0,6.0,0,0,0,0,0,0,1,0,0,3
1.0,0.0,0.0,0.0,0.0,0.0,1.0,0,0.0,0.0,0.0,0.0,0.0,1.0,1,1,0,1,5.0,5.0,2.0,4.0,0.0,1.0,0.0,0.0,18,5.0,2.0,9.0,10.0,1,0,0,0,0,0,0,0,1,3
1.0,0.0,1.0,0.0,0.0,0.0,1.0,0,0.0,0.0,0.0,0.0,0.0,0.0,1,1,0,3,5.0,5.0,1.0,5.0,1.0,1.0,1.0,0.0,51,4.0,2.0,6.0,4.0,0,1,0,0,1,0,0,0,0,1
0.0,0.0,0.0,0.0,0.0,0.0,0.0,0,0.0,0.0,0.0,0.0,0.0,0.0,0,1,0,1,1.0,1.0,1.0,1.0,0.0,0.0,1.0,0.0,39,2.0,2.0,3.0,3.0,0,0,0,0,0,0,0,0,0,3
1.0,1.0,1.0,0.0,0.0,0.0,0.0,0,0.0,1.0,0.0,1.0,0.0,0.0,1,1,0,3,2.0,1.0,1.0,1.0,1.0,1.0,1.0,0.0,32,5.0,3.0,5.0,5.0,1,0,0,0,0,0,0,1,0,3
0.0,0.0,1.0,0.0,0.0,0.0,0.0,0,0.0,0.0,0.0,0.0,0.0,0.0,1,1,0,5,1.0,5.0,5.0,5.0,0.0,1.0,1.0,0.0,18,5.0,2.0,1.0,2.0,1,0,0,0,0,0,0,0,0,2
1.0,1.0,1.0,0.0,0.0,0.0,0.0,0,0.0,0.0,1.0,1.0,0.0,0.0,0,1,0,3,4.0,1.0,1.0,2.0,1.0,1.0,1.0,0.0,19,2.0,1.0,5.0,3.0,1,0,1,0,0,0,0,0,1,2
0.0,0.0,1.0,0.0,0.0,0.0,0.0,0,0.0,1.0,0.0,0.0,0.0,0.0,0,1,0,2,2.0,4.0,1.0,4.0,0.0,1.0,1.0,1.0,21,2.0,1.0,4.0,3.0,0,1,0,0,0,0,0,0,0,2
0.0,0.0,1.0,0.0,0.0,0.0,0.0,0,0.0,0.0,0.0,1.0,0.0,0.0,0,1,0,2,2.0,2.0,3.0,3.0,1.0,1.0,1.0,0.0,46,2.0,3.0,3.0,3.0,0,0,0,0,1,0,0,0,0,2
1.0,0.0,1.0,0.0,1.0,1.0,1.0,1,0.0,1.0,1.0,0.0,0.0,0.0,0,1,1,2,4.0,4.0,4.0,4.0,1.0,0.0,1.0,0.0,50,2.0,2.0,6.0,5.0,1,0,0,0,0,1,0,0,0,2
0.0,0.0,0.0,0.0,0.0,0.0,0.0,0,0.0,0.0,0.0,0.0,0.0,1.0,0,1,0,4,1.0,1.0,1.0,1.0,1.0,1.0,1.0,0.0,46,2.0,1.0,1.0,2.0,0,0,1,0,0,0,0,0,0,2
1.0,0.0,1.0,0.0,0.0,0.0,1.0,0,0.0,1.0,0.0,0.0,0.0,0.0,1,1,1,1,3.0,4.0,1.0,3.0,1.0,1.0,1.0,0.0,35,4.0,3.0,7.0,7.0,0,0,0,0,0,0,0,0,1,2
1.0,1.0,0.0,0.0,0.0,0.0,0.0,0,0.0,1.0,0.0,0.0,0.0,0.0,0,1,1,1,4.0,5.0,1.0,4.0,1.0,1.0,1.0,1.0,59,5.0,3.0,9.0,8.0,1,0,0,0,0,0,0,0,1,2
0.0,0.0,1.0,0.0,0.0,0.0,1.0,0,0.0,0.0,1.0,0.0,0.0,0.0,0,1,0,5,5.0,3.0,1.0,5.0,1.0,1.0,1.0,1.0,36,4.0,1.0,7.0,6.0,1,1,0,0,0,0,0,0,0,2
0.0,0.0,0.0,0.0,0.0,0.0,0.0,0,0.0,0.0,0.0,0.0,0.0,0.0,0,1,1,4,5.0,5.0,3.0,5.0,1.0,1.0,1.0,0.0,58,4.0,3.0,5.0,5.0,1,0,0,0,0,0,1,0,0,2
0.0,0.0,0.0,0.0,0.0,0.0,0.0,0,0.0,0.0,0.0,0.0,0.0,0.0,0,1,0,2,5.0,1.0,5.0,5.0,0.0,0.0,1.0,1.0,50,1.0,2.0,10.0,10.0,0,0,0,0,0,0,0,0,1,3
1.0,1.0,1.0,0.0,0.0,0.0,1.0,0,0.0,0.0,1.0,0.0,0.0,0.0,0,1,0,1,3.0,3.0,1.0,3.0,1.0,1.0,1.0,0.0,20,3.0,2.0,6.0,3.0,1,0,0,0,1,0,0,0,0,2
1.0,0.0,0.0,1.0,0.0,0.0,0.0,0,0.0,0.0,0.0,1.0,0.0,0.0,0,1,0,1,4.0,4.0,1.0,4.0,0.0,1.0,1.0,1.0,18,2.0,3.0,7.0,7.0,0,0,0,0,0,1,0,0,0,2
1.0,1.0,1.0,0.0,0.0,0.0,1.0,1,0.0,0.0,0.0,0.0,0.0,0.0,1,1,0,2,1.0,1.0,1.0,5.0,1.0,1.0,1.0,0.0,42,3.0,2.0,4.0,3.0,1,1,0,0,1,0,0,0,0,2
1.0,1.0,0.0,0.0,0.0,0.0,0.0,0,0.0,0.0,1.0,0.0,0.0,0.0,0,1,0,3,1.0,5.0,5.0,5.0,0.0,1.0,1.0,0.0,38,3.0,3.0,7.0,6.0,0,0,0,0,0,0,1,0,0,2
0.0,0.0,0.0,0.0,0.0,0.0,0.0,0,0.0,0.0,0.0,0.0,0.0,1.0,0,1,0,1,1.0,1.0,1.0,1.0,1.0,1.0,1.0,0.0,67,1.0,2.0,1.0,1.0,0,0,1,0,0,0,1,0,0,3
0.0,0.0,0.0,0.0,0.0,0.0,0.0,0,0.0,0.0,0.0,0.0,0.0,0.0,1,1,0,4,2.0,3.0,1.0,1.0,1.0,1.0,1.0,0.0,66,2.0,2.0,5.0,3.0,1,0,0,0,0,0,0,0,1,3
1.0,0.0,1.0,0.0,0.0,0.0,0.0,0,0.0,0.0,1.0,0.0,0.0,0.0,0,0,0,1,3.0,5.0,3.0,5.0,0.0,1.0,1.0,0.0,55,2.0,2.0,6.0,4.0,0,0,0,1,0,0,0,0,1,2
1.0,0.0,1.0,0.0,0.0,0.0,0.0,0,0.0,0.0,0.0,1.0,0.0,0.0,1,1,0,3,1.0,5.0,2.0,3.0,1.0,1.0,1.0,1.0,58,2.0,2.0,7.0,6.0,0,0,0,0,0,1,0,0,0,2
0.0,0.0,1.0,0.0,0.0,0.0,0.0,0,0.0,0.0,0.0,0.0,0.0,0.0,0,1,0,5,1.0,2.0,5.0,3.0,1.0,0.0,1.0,0.0,42,1.0,2.0,4.0,6.0,0,0,0,0,1,0,0,0,0,2
0.0,0.0,0.0,0.0,0.0,0.0,0.0,0,0.0,0.0,0.0,0.0,0.0,0.0,0,1,0,3,2.0,5.0,1.0,5.0,1.0,1.0,1.0,0.0,51,2.0,1.0,2.0,2.0,0,0,0,1,0,0,0,0,1,3
0.0,0.0,1.0,0.0,0.0,0.0,0.0,0,0.0,0.0,1.0,0.0,0.0,0.0,1,1,0,1,2.0,3.0,2.0,3.0,1.0,1.0,1.0,1.0,45,2.0,1.0,5.0,5.0,0,0,0,0,1,0,0,0,0,3
0.0,0.0,1.0,0.0,0.0,0.0,0.0,0,0.0,0.0,0.0,0.0,0.0,0.0,1,1,0,5,3.0,1.0,5.0,4.0,1.0,1.0,1.0,0.0,26,2.0,1.0,2.0,9.0,1,0,0,0,0,0,0,0,0,2
0.0,0.0,0.0,0.0,0.0,0.0,1.0,0,0.0,0.0,0.0,0.0,0.0,0.0,1,1,0,1,3.0,5.0,1.0,5.0,0.0,1.0,1.0,0.0,20,2.0,1.0,3.0,3.0,0,1,0,0,0,0,0,1,0,2
0.0,0.0,0.0,0.0,0.0,0.0,0.0,0,0.0,0.0,1.0,1.0,0.0,0.0,0,0,0,4,3.0,2.0,1.0,3.0,0.0,1.0,1.0,0.0,51,5.0,2.0,4.0,4.0,0,0,0,0,0,1,0,0,0,3
0.0,0.0,0.0,0.0,0.0,0.0,0.0,0,0.0,0.0,0.0,0.0,0.0,0.0,0,1,0,1,1.0,1.0,5.0,1.0,1.0,0.0,1.0,0.0,63,1.0,1.0,3.0,4.0,1,1,0,0,0,0,0,0,0,3
0.0,0.0,1.0,0.0,0.0,0.0,0.0,0,0.0,0.0,0.0,1.0,0.0,0.0,1,0,0,1,4.0,5.0,1.0,4.0,1.0,1.0,1.0,1.0,25,3.0,4.0,2.0,2.0,1,0,0,0,1,0,0,0,0,1
0.0,0.0,0.0,0.0,0.0,0.0,0.0,0,0.0,0.0,0.0,0.0,0.0,0.0,1,1,0,5,3.0,2.0,5.0,2.0,0.0,1.0,1.0,0.0,41,1.0,2.0,2.0,2.0,1,0,0,0,0,1,0,0,0,3
1.0,0.0,1.0,0.0,0.0,0.0,0.0,0,0.0,0.0,0.0,0.0,0.0,1.0,0,1,0,1,2.0,5.0,1.0,1.0,0.0,1.0,1.0,1.0,44,1.0,2.0,2.0,2.0,0,1,0,0,0,0,0,0,0,1
1.0,1.0,0.0,0.0,0.0,0.0,0.0,1,1.0,0.0,1.0,1.0,1.0,0.0,0,1,0,1,5.0,5.0,4.0,5.0,0.0,1.0,1.0,0.0,67,3.0,3.0,7.0,7.0,1,0,0,0,1,0,0,0,0,1
0.0,0.0,1.0,0.0,0.0,0.0,1.0,0,0.0,1.0,0.0,1.0,0.0,0.0,0,0,0,1,1.0,5.0,1.0,5.0,1.0,1.0,1.0,0.0,60,2.0,3.0,5.0,3.0,1,0,0,0,0,0,0,0,1,3
0.0,0.0,0.0,0.0,0.0,0.0,0.0,0,0.0,0.0,0.0,0.0,0.0,0.0,0,0,0,2,5.0,5.0,1.0,5.0,0.0,1.0,1.0,0.0,34,1.0,2.0,5.0,5.0,0,0,1,0,0,1,0,0,0,1
0.0,0.0,0.0,0.0,0.0,0.0,0.0,0,0.0,0.0,1.0,0.0,0.0,0.0,0,1,0,5,5.0,5.0,5.0,5.0,1.0,1.0,1.0,0.0,44,2.0,1.0,2.0,3.0,0,0,0,0,0,0,0,0,0,3
0.0,0.0,0.0,0.0,0.0,0.0,0.0,0,0.0,0.0,0.0,0.0,0.0,0.0,0,1,0,1,2.0,2.0,3.0,1.0,1.0,1.0,1.0,0.0,69,1.0,3.0,1.0,1.0,0,0,0,0,0,0,0,0,1,2
1.0,1.0,0.0,0.0,0.0,0.0,1.0,0,0.0,0.0,0.0,0.0,1.0,0.0,1,1,0,2,5.0,5.0,1.0,3.0,1.0,0.0,0.0,0.0,29,5.0,2.0,8.0,5.0,1,0,0,0,0,0,0,0,1,1
1.0,1.0,0.0,0.0,0.0,0.0,0.0,0,1.0,0.0,0.0,0.0,0.0,0.0,0,1,0,1,4.0,5.0,4.0,4.0,1.0,0.0,1.0,0.0,51,2.0,2.0,7.0,7.0,0,0,0,0,0,0,0,1,0,3
0.0,0.0,1.0,0.0,0.0,0.0,1.0,0,0.0,0.0,0.0,0.0,0.0,0.0,0,1,0,3,2.0,1.0,1.0,1.0,1.0,0.0,0.0,1.0,55,2.0,1.0,5.0,4.0,1,0,0,0,0,1,0,0,0,3
0.0,0.0,1.0,0.0,0.0,0.0,0.0,0,0.0,0.0,0.0,0.0,0.0,1.0,0,0,0,1,3.0,5.0,1.0,5.0,0.0,1.0,1.0,0.0,20,2.0,1.0,5.0,5.0,0,0,0,0,1,0,0,0,0,2
0.0,0.0,0.0,0.0,0.0,0.0,0.0,0,0.0,0.0,0.0,0.0,0.0,0.0,0,0,0,3,3.0,5.0,1.0,5.0,1.0,1.0,1.0,0.0,39,2.0,1.0,2.0,2.0,1,0,0,0,0,0,1,0,0,1
1.0,1.0,0.0,0.0,0.0,0.0,0.0,0,0.0,1.0,0.0,0.0,0.0,0.0,1,1,1,5,1.0,3.0,4.0,1.0,1.0,0.0,0.0,0.0,62,5.0,3.0,6.0,5.0,1,0,0,0,0,0,0,0,1,2
0.0,0.0,0.0,0.0,0.0,0.0,0.0,0,0.0,0.0,0.0,0.0,0.0,0.0,0,1,0,3,4.0,2.0,5.0,5.0,1.0,1.0,1.0,0.0,33,2.0,2.0,3.0,2.0,0,0,0,1,0,1,0,0,0,2
0.0,0.0,1.0,0.0,0.0,0.0,0.0,0,0.0,0.0,0.0,1.0,0.0,0.0,0,0,0,5,5.0,5.0,1.0,5.0,0.0,0.0,1.0,1.0,28,4.0,2.0,2.0,3.0,0,0,1,0,1,0,0,0,0,1
1.0,0.0,1.0,0.0,0.0,0.0,0.0,0,0.0,0.0,0.0,0.0,0.0,1.0,0,1,0,5,1.0,4.0,4.0,2.0,1.0,0.0,0.0,0.0,24,2.0,1.0,2.0,3.0,0,1,0,0,0,0,1,0,0,3
0.0,0.0,1.0,0.0,0.0,0.0,0.0,0,0.0,0.0,0.0,0.0,0.0,0.0,1,1,0,3,5.0,5.0,5.0,4.0,1.0,1.0,1.0,0.0,37,2.0,2.0,10.0,8.0,0,1,0,0,1,0,0,0,0,2
1.0,1.0,1.0,0.0,0.0,0.0,0.0,0,0.0,0.0,1.0,0.0,0.0,0.0,1,1,0,1,4.0,5.0,1.0,3.0,1.0,0.0,1.0,0.0,39,1.0,3.0,4.0,5.0,1,0,0,0,1,0,0,0,0,1
0.0,0.0,0.0,0.0,0.0,0.0,0.0,0,0.0,0.0,0.0,0.0,0.0,0.0,0,0,0,5,5.0,5.0,5.0,5.0,1.0,0.0,0.0,0.0,39,1.0,1.0,1.0,2.0,1,0,0,0,0,0,0,0,0,3
0.0,0.0,0.0,0.0,0.0,0.0,0.0,0,0.0,1.0,0.0,0.0,0.0,0.0,0,1,0,4,2.0,3.0,2.0,4.0,1.0,1.0,1.0,0.0,54,2.0,2.0,4.0,5.0,0,0,0,0,0,0,1,0,0,2
0.0,0.0,0.0,0.0,0.0,0.0,0.0,0,0.0,0.0,1.0,0.0,0.0,0.0,1,1,0,1,5.0,5.0,1.0,5.0,0.0,1.0,1.0,0.0,57,2.0,1.0,9.0,4.0,1,0,0,1,0,0,0,1,0,1
1.0,1.0,1.0,0.0,0.0,0.0,0.0,0,0.0,0.0,0.0,0.0,0.0,0.0,1,1,0,4,3.0,4.0,3.0,3.0,1.0,0.0,1.0,1.0,52,1.0,3.0,2.0,2.0,1,0,0,0,0,0,0,1,0,3
1.0,0.0,1.0,1.0,1.0,1.0,1.0,0,0.0,0.0,0.0,0.0,0.0,1.0,0,0,1,3,5.0,5.0,5.0,5.0,1.0,1.0,1.0,1.0,46,1.0,2.0,1.0,2.0,0,0,1,0,0,0,0,0,0,3
0.0,0.0,0.0,0.0,0.0,0.0,0.0,0,0.0,0.0,0.0,0.0,0.0,0.0,0,1,0,2,5.0,5.0,5.0,5.0,0.0,0.0,1.0,0.0,24,2.0,1.0,2.0,2.0,1,0,0,0,0,0,0,0,1,2
0.0,0.0,0.0,0.0,0.0,0.0,0.0,0,0.0,1.0,1.0,0.0,0.0,0.0,0,1,0,3,5.0,5.0,3.0,5.0,1.0,1.0,1.0,0.0,43,2.0,1.0,4.0,4.0,0,0,0,0,0,0,1,0,0,3
1.0,1.0,0.0,0.0,0.0,1.0,1.0,0,0.0,0.0,0.0,0.0,0.0,0.0,0,1,0,1,4.0,5.0,1.0,4.0,1.0,1.0,1.0,0.0,54,3.0,2.0,8.0,6.0,1,0,0,0,1,0,0,0,0,1
0.0,0.0,1.0,0.0,0.0,0.0,0.0,0,0.0,0.0,0.0,0.0,0.0,1.0,0,1,0,5,3.0,4.0,5.0,1.0,1.0,0.0,1.0,0.0,49,2.0,1.0,1.0,1.0,0,0,0,1,0,0,0,0,0,3
0.0,0.0,0.0,0.0,0.0,0.0,0.0,0,0.0,0.0,0.0,1.0,0.0,0.0,0,1,0,4,2.0,3.0,4.0,3.0,0.0,1.0,1.0,0.0,62,1.0,1.0,1.0,2.0,1,0,0,0,0,0,0,0,0,3
0.0,0.0,0.0,0.0,0.0,0.0,0.0,0,0.0,0.0,0.0,0.0,0.0,1.0,0,1,0,1,4.0,5.0,2.0,4.0,1.0,1.0,1.0,0.0,56,1.0,2.0,1.0,2.0,1,0,0,1,0,0,0,1,0,1
1.0,1.0,1.0,0.0,0.0,0.0,1.0,0,0.0,0.0,0.0,0.0,0.0,0.0,0,1,0,3,4.0,4.0,4.0,4.0,0.0,1.0,1.0,0.0,36,3.0,2.0,6.0,5.0,0,0,0,0,1,0,0,0,0,2
1.0,0.0,0.0,0.0,0.0,0.0,0.0,0,0.0,1.0,0.0,0.0,0.0,0.0,1,1,0,1,1.0,5.0,1.0,5.0,1.0,1.0,1.0,0.0,67,3.0,1.0,5.0,5.0,1,1,0,0,0,1,0,0,0,2
1.0,0.0,0.0,0.0,0.0,0.0,0.0,0,0.0,0.0,1.0,0.0,0.0,0.0,0,1,0,1,1.0,5.0,1.0,1.0,1.0,0.0,1.0,0.0,55,1.0,2.0,9.0,8.0,1,0,0,1,0,0,0,0,1,2
1.0,0.0,1.0,0.0,0.0,0.0,0.0,0,0.0,0.0,0.0,0.0,0.0,0.0,0,1,0,4,2.0,2.0,2.0,2.0,0.0,0.0,0.0,0.0,25,2.0,1.0,1.0,3.0,1,0,0,0,0,0,0,0,0,3
0.0,0.0,0.0,0.0,0.0,0.0,0.0,0,1.0,0.0,0.0,0.0,0.0,1.0,0,1,0,3,5.0,5.0,1.0,5.0,1.0,1.0,1.0,0.0,53,2.0,1.0,4.0,5.0,0,1,0,0,0,0,0,0,0,1
0.0,0.0,0.0,0.0,0.0,0.0,1.0,0,0.0,0.0,0.0,0.0,0.0,0.0,1,1,0,2,2.0,2.0,2.0,2.0,0.0,1.0,1.0,0.0,39,2.0,2.0,5.0,5.0,1,1,0,0,0,0,1,0,0,2
0.0,0.0,0.0,0.0,0.0,0.0,0.0,0,0.0,0.0,0.0,0.0,0.0,0.0,0,1,1,3,1.0,1.0,1.0,1.0,1.0,1.0,1.0,0.0,59,1.0,2.0,1.0,1.0,0,1,0,0,0,0,1,0,0,1
0.0,0.0,0.0,0.0,0.0,0.0,0.0,0,0.0,0.0,0.0,0.0,0.0,0.0,0,0,0,1,5.0,5.0,5.0,5.0,0.0,0.0,1.0,0.0,60,5.0,1.0,5.0,3.0,1,0,0,1,0,0,0,0,0,1
1.0,1.0,1.0,0.0,0.0,0.0,1.0,0,0.0,0.0,0.0,1.0,0.0,0.0,1,1,1,2,3.0,3.0,1.0,2.0,0.0,1.0,1.0,0.0,30,5.0,1.0,7.0,7.0,1,1,0,0,0,0,0,1,0,1
1.0,0.0,1.0,0.0,0.0,0.0,0.0,0,0.0,0.0,0.0,1.0,0.0,0.0,1,1,0,2,2.0,5.0,1.0,5.0,1.0,1.0,1.0,0.0,19,2.0,3.0,4.0,5.0,1,0,0,0,0,0,1,0,0,3
0.0,0.0,0.0,0.0,0.0,0.0,0.0,0,0.0,0.0,0.0,0.0,0.0,0.0,1,1,0,1,3.0,2.0,2.0,1.0,0.0,1.0,1.0,0.0,33,2.0,2.0,1.0,1.0,0,0,0,1,1,0,0,0,0,2
0.0,0.0,1.0,0.0,0.0,0.0,0.0,0,0.0,0.0,0.0,0.0,0.0,0.0,0,0,0,1,3.0,4.0,2.0,3.0,0.0,0.0,0.0,0.0,54,2.0,3.0,4.0,4.0,1,0,0,0,0,0,1,0,0,3
0.0,0.0,1.0,0.0,0.0,0.0,0.0,0,0.0,0.0,0.0,0.0,0.0,0.0,1,1,0,1,2.0,4.0,3.0,2.0,0.0,1.0,1.0,0.0,35,2.0,1.0,5.0,4.0,0,0,0,0,0,0,0,1,0,1
0.0,0.0,0.0,0.0,0.0,0.0,0.0,0,0.0,0.0,1.0,0.0,0.0,0.0,1,1,1,4,1.0,4.0,5.0,1.0,1.0,0.0,1.0,0.0,37,2.0,2.0,3.0,4.0,0,0,0,0,0,0,0,0,1,3
0.0,0.0,0.0,0.0,0.0,0.0,0.0,0,0.0,0.0,0.0,0.0,0.0,0.0,1,1,0,4,3.0,3.0,1.0,3.0,1.0,1.0,1.0,0.0,58,0.0,2.0,3.0,2.0,0,1,0,0,1,0,0,0,0,2
0.0,0.0,1.0,0.0,0.0,0.0,0.0,0,0.0,0.0,0.0,0.0,0.0,0.0,0,0,0,3,1.0,4.0,4.0,1.0,1.0,0.0,1.0,0.0,59,0.0,1.0,1.0,1.0,0,0,0,0,0,0,1,0,0,3
1.0,1.0,0.0,1.0,0.0,0.0,1.0,0,0.0,0.0,0.0,0.0,0.0,0.0,0,0,0,2,3.0,3.0,2.0,2.0,0.0,0.0,0.0,0.0,34,5.0,4.0,9.0,9.0,1,0,0,0,1,0,0,0,0,2
1.0,0.0,1.0,0.0,0.0,0.0,0.0,0,0.0,0.0,0.0,0.0,0.0,1.0,0,0,0,4,2.0,2.0,2.0,1.0,1.0,1.0,1.0,1.0,46,2.0,1.0,2.0,2.0,1,1,0,0,0,0,0,0,0,3
0.0,0.0,0.0,0.0,0.0,0.0,0.0,1,0.0,0.0,0.0,0.0,0.0,0.0,1,1,0,3,5.0,4.0,2.0,4.0,1.0,1.0,1.0,1.0,50,3.0,2.0,9.0,6.0,1,0,0,0,1,0,0,0,0,2
0.0,0.0,1.0,0.0,0.0,0.0,0.0,0,0.0,0.0,0.0,0.0,0.0,0.0,1,1,0,1,4.0,4.0,1.0,3.0,0.0,1.0,1.0,1.0,20,3.0,3.0,6.0,3.0,1,0,0,0,1,0,0,0,0,2
1.0,1.0,1.0,0.0,0.0,0.0,0.0,1,0.0,0.0,0.0,0.0,0.0,0.0,0,1,1,1,3.0,5.0,3.0,2.0,1.0,1.0,1.0,1.0,64,2.0,2.0,4.0,4.0,1,0,0,1,0,0,0,1,0,3
0.0,0.0,0.0,0.0,0.0,0.0,0.0,0,0.0,0.0,0.0,0.0,0.0,1.0,0,1,0,1,1.0,1.0,1.0,1.0,1.0,1.0,1.0,0.0,60,1.0,2.0,4.0,2.0,0,0,0,0,0,0,0,0,1,2
1.0,0.0,1.0,0.0,0.0,0.0,0.0,0,0.0,0.0,0.0,1.0,0.0,0.0,0,0,0,3,4.0,4.0,1.0,4.0,0.0,0.0,0.0,0.0,25,5.0,1.0,6.0,6.0,1,0,1,0,0,0,0,0,1,2
0.0,0.0,1.0,0.0,0.0,0.0,1.0,0,0.0,0.0,0.0,0.0,0.0,0.0,0,1,0,1,1.0,5.0,1.0,1.0,1.0,0.0,1.0,0.0,37,1.0,2.0,3.0,2.0,0,1,0,0,0,0,0,0,1,3
1.0,0.0,0.0,0.0,0.0,0.0,0.0,1,0.0,0.0,0.0,0.0,0.0,0.0,0,1,0,1,5.0,5.0,1.0,5.0,1.0,1.0,1.0,0.0,65,2.0,2.0,7.0,7.0,0,0,0,0,1,0,0,0,0,1
0.0,0.0,0.0,0.0,0.0,0.0,0.0,0,0.0,0.0,0.0,0.0,0.0,1.0,0,1,0,3,3.0,4.0,3.0,3.0,1.0,0.0,1.0,0.0,51,0.0,2.0,2.0,2.0,1,0,1,0,0,1,0,0,0,2
0.0,0.0,1.0,0.0,0.0,0.0,0.0,0,0.0,0.0,0.0,0.0,0.0,0.0,0,1,0,2,5.0,5.0,1.0,5.0,1.0,1.0,1.0,0.0,47,2.0,1.0,3.0,3.0,0,0,0,1,0,0,0,1,0,1
0.0,0.0,0.0,0.0,0.0,0.0,1.0,0,0.0,0.0,0.0,0.0,0.0,0.0,1,1,0,1,3.0,3.0,1.0,1.0,1.0,0.0,1.0,0.0,29,2.0,2.0,3.0,3.0,0,1,0,0,0,0,1,0,0,3
1.0,1.0,0.0,0.0,0.0,0.0,0.0,0,0.0,0.0,0.0,0.0,0.0,1.0,1,1,0,1,4.0,2.0,1.0,5.0,1.0,1.0,1.0,1.0,27,1.0,2.0,4.0,5.0,1,0,1,0,0,0,1,0,0,2
1.0,1.0,1.0,0.0,0.0,0.0,1.0,0,0.0,1.0,0.0,0.0,0.0,0.0,1,1,1,2,5.0,2.0,5.0,3.0,1.0,0.0,1.0,1.0,28,2.0,3.0,6.0,6.0,1,0,0,0,1,0,0,0,0,2
0.0,0.0,0.0,0.0,0.0,0.0,0.0,0,0.0,1.0,1.0,0.0,0.0,1.0,0,0,0,1,3.0,5.0,1.0,3.0,0.0,0.0,1.0,0.0,56,2.0,2.0,1.0,2.0,0,0,0,1,0,0,0,0,1,2
0.0,0.0,0.0,0.0,0.0,0.0,1.0,0,0.0,0.0,0.0,0.0,0.0,0.0,0,1,0,3,4.0,4.0,3.0,4.0,0.0,1.0,1.0,1.0,19,5.0,1.0,2.0,1.0,1,0,0,1,0,1,0,0,0,2
1.0,0.0,0.0,0.0,0.0,0.0,0.0,0,0.0,0.0,0.0,0.0,0.0,0.0,1,1,0,3,2.0,2.0,3.0,2.0,1.0,0.0,1.0,0.0,42,2.0,2.0,4.0,5.0,1,0,0,0,0,0,0,0,1,3
1.0,0.0,0.0,0.0,0.0,0.0,1.0,1,0.0,0.0,0.0,0.0,0.0,0.0,0,1,0,2,2.0,5.0,1.0,5.0,1.0,1.0,1.0,0.0,60,2.0,3.0,4.0,4.0,0,0,0,0,0,0,1,0,0,3
0.0,0.0,0.0,0.0,0.0,0.0,1.0,0,0.0,0.0,0.0,0.0,0.0,1.0,1,1,0,1,1.0,1.0,1.0,1.0,1.0,0.0,1.0,0.0,43,1.0,3.0,1.0,5.0,0,0,1,0,0,0,1,0,0,3
0.0,0.0,1.0,0.0,0.0,0.0,0.0,0,0.0,0.0,0.0,0.0,0.0,1.0,1,1,0,1,1.0,1.0,5.0,1.0,0.0,0.0,1.0,1.0,50,1.0,2.0,1.0,2.0,0,1,0,0,0,0,1,0,0,3
0.0,0.0,1.0,0.0,0.0,1.0,1.0,0,0.0,0.0,0.0,0.0,0.0,0.0,0,1,0,3,5.0,5.0,3.0,5.0,1.0,1.0,1.0,1.0,35,2.0,1.0,3.0,3.0,1,0,0,0,0,0,1,0,0,1
1.0,1.0,1.0,1.0,0.0,0.0,1.0,0,0.0,1.0,1.0,1.0,1.0,0.0,1,1,0,2,4.0,2.0,3.0,1.0,1.0,1.0,1.0,1.0,32,5.0,2.0,8.0,7.0,1,0,0,0,0,0,0,0,0,3
0.0,0.0,0.0,0.0,0.0,0.0,1.0,0,0.0,1.0,0.0,0.0,0.0,0.0,0,1,1,2,3.0,3.0,5.0,4.0,1.0,0.0,1.0,0.0,61,0.0,1.0,4.0,4.0,1,0,0,0,0,0,1,0,0,3
0.0,0.0,1.0,0.0,0.0,0.0,1.0,0,0.0,0.0,0.0,1.0,0.0,1.0,0,0,0,2,5.0,5.0,1.0,5.0,0.0,1.0,0.0,0.0,24,2.0,3.0,9.0,7.0,0,0,0,0,1,0,0,0,0,3
1.0,1.0,0.0,0.0,0.0,0.0,0.0,0,0.0,0.0,1.0,0.0,0.0,0.0,1,1,0,3,2.0,3.0,1.0,3.0,1.0,1.0,1.0,0.0,43,4.0,2.0,5.0,5.0,0,0,0,0,1,0,0,0,0,2
0.0,0.0,0.0,0.0,0.0,0.0,1.0,0,0.0,0.0,0.0,0.0,0.0,0.0,1,1,1,4,3.0,2.0,4.0,2.0,1.0,1.0,1.0,0.0,40,0.0,2.0,3.0,3.0,1,0,1,0,0,0,1,0,0,2
1.0,0.0,0.0,0.0,0.0,0.0,1.0,0,1.0,0.0,0.0,0.0,0.0,0.0,1,1,0,4,4.0,3.0,3.0,3.0,1.0,1.0,1.0,0.0,57,1.0,2.0,2.0,2.0,0,1,0,0,0,0,1,0,0,2
0.0,0.0,1.0,0.0,0.0,0.0,1.0,0,0.0,1.0,0.0,0.0,0.0,0.0,0,1,1,5,1.0,1.0,5.0,1.0,0.0,1.0,1.0,1.0,47,2.0,2.0,3.0,2.0,0,1,0,0,0,0,1,0,0,2
1.0,1.0,0.0,0.0,0.0,0.0,0.0,1,1.0,0.0,1.0,0.0,0.0,0.0,1,1,1,1,1.0,1.0,1.0,5.0,1.0,1.0,1.0,0.0,70,4.0,2.0,5.0,3.0,1,1,0,0,0,1,0,0,0,1
0.0,0.0,0.0,0.0,0.0,0.0,0.0,0,0.0,1.0,1.0,0.0,0.0,0.0,0,0,0,1,4.0,1.0,1.0,4.0,1.0,0.0,0.0,0.0,25,2.0,3.0,1.0,3.0,0,0,0,0,1,0,0,0,0,3
1.0,1.0,1.0,0.0,0.0,0.0,0.0,0,0.0,0.0,1.0,0.0,0.0,0.0,0,1,1,1,4.0,4.0,1.0,5.0,0.0,1.0,1.0,1.0,41,2.0,3.0,7.0,6.0,0,1,0,0,1,0,0,0,0,1
1.0,1.0,1.0,0.0,0.0,0.0,1.0,0,0.0,0.0,0.0,1.0,0.0,0.0,0,1,0,1,4.0,5.0,4.0,4.0,0.0,1.0,0.0,1.0,22,5.0,2.0,9.0,7.0,1,0,0,0,1,0,0,0,0,2
1.0,1.0,1.0,0.0,0.0,0.0,1.0,1,1.0,1.0,0.0,0.0,0.0,0.0,1,1,1,3,3.0,4.0,1.0,3.0,1.0,1.0,1.0,0.0,38,5.0,2.0,10.0,7.0,0,0,0,0,0,0,0,0,0,2
0.0,0.0,0.0,0.0,0.0,0.0,0.0,0,0.0,0.0,0.0,0.0,0.0,0.0,0,1,0,1,3.0,5.0,1.0,3.0,0.0,0.0,1.0,0.0,50,2.0,1.0,5.0,4.0,0,0,0,0,0,0,0,0,1,2
0.0,0.0,0.0,0.0,0.0,0.0,0.0,0,0.0,0.0,1.0,0.0,0.0,1.0,0,1,0,1,3.0,5.0,2.0,2.0,1.0,1.0,1.0,0.0,69,2.0,2.0,4.0,4.0,0,0,0,1,0,1,0,0,0,2
1.0,1.0,1.0,0.0,0.0,0.0,1.0,0,0.0,0.0,1.0,0.0,0.0,0.0,1,1,0,2,4.0,4.0,1.0,4.0,1.0,1.0,1.0,1.0,29,3.0,2.0,4.0,4.0,1,0,0,0,1,0,0,0,0,2
0.0,0.0,1.0,0.0,0.0,0.0,0.0,0,0.0,0.0,0.0,0.0,0.0,0.0,0,0,0,3,3.0,3.0,3.0,2.0,0.0,1.0,1.0,1.0,39,2.0,1.0,5.0,5.0,0,0,1,0,0,0,0,1,0,3
0.0,0.0,0.0,0.0,0.0,0.0,0.0,0,0.0,0.0,0.0,0.0,0.0,0.0,1,1,0,5,1.0,4.0,1.0,5.0,1.0,1.0,1.0,0.0,32,1.0,1.0,1.0,2.0,1,0,0,1,0,0,0,1,0,3
0.0,0.0,1.0,0.0,0.0,0.0,1.0,0,0.0,0.0,0.0,0.0,0.0,0.0,0,0,0,1,1.0,2.0,5.0,3.0,0.0,0.0,0.0,0.0,52,2.0,2.0,6.0,1.0,0,0,0,0,0,0,1,0,0,3
0.0,0.0,0.0,0.0,0.0,0.0,0.0,0,0.0,0.0,0.0,1.0,0.0,1.0,1,1,0,1,5.0,1.0,1.0,1.0,0.0,0.0,0.0,0.0,62,2.0,1.0,2.0,3.0,1,0,1,0,0,0,0,0,1,1
1.0,1.0,1.0,0.0,0.0,1.0,1.0,0,0.0,1.0,1.0,1.0,0.0,0.0,1,1,0,1,5.0,5.0,1.0,4.0,0.0,1.0,1.0,1.0,37,3.0,1.0,7.0,4.0,0,0,0,0,0,1,0,0,0,2
0.0,1.0,0.0,0.0,0.0,0.0,0.0,0,0.0,0.0,0.0,0.0,0.0,0.0,0,0,0,3,2.0,3.0,1.0,2.0,0.0,0.0,0.0,0.0,18,3.0,3.0,5.0,4.0,0,0,0,0,0,0,1,0,0,3
0.0,0.0,0.0,0.0,0.0,0.0,0.0,0,0.0,0.0,0.0,0.0,0.0,0.0,0,1,0,5,1.0,5.0,1.0,5.0,1.0,1.0,1.0,0.0,27,3.0,2.0,1.0,2.0,0,1,0,0,0,0,0,1,0,2
1.0,0.0,1.0,0.0,0.0,0.0,1.0,1,0.0,1.0,0.0,0.0,0.0,0.0,1,1,0,3,3.0,3.0,3.0,4.0,1.0,1.0,1.0,0.0,40,2.0,3.0,5.0,6.0,0,0,0,0,0,0,1,0,0,2
1.0,1.0,1.0,0.0,0.0,0.0,1.0,0,0.0,0.0,0.0,0.0,0.0,0.0,0,1,1,2,4.0,5.0,1.0,4.0,1.0,1.0,1.0,0.0,35,6.0,2.0,7.0,6.0,0,0,0,0,1,0,0,0,0,1
0.0,0.0,0.0,0.0,0.0,0.0,0.0,0,0.0,0.0,0.0,0.0,0.0,0.0,0,0,0,3,3.0,5.0,2.0,4.0,0.0,0.0,1.0,0.0,19,2.0,2.0,9.0,2.0,0,1,0,0,0,0,1,0,0,2
1.0,1.0,0.0,0.0,0.0,0.0,0.0,0,0.0,1.0,0.0,0.0,0.0,0.0,1,1,1,1,3.0,3.0,3.0,3.0,1.0,1.0,1.0,0.0,62,6.0,3.0,7.0,7.0,1,1,0,0,1,0,0,0,0,3
1.0,1.0,1.0,0.0,0.0,0.0,1.0,0,0.0,0.0,0.0,0.0,0.0,0.0,0,1,0,1,4.0,4.0,5.0,3.0,1.0,1.0,1.0,0.0,29,5.0,2.0,6.0,6.0,1,0,0,0,1,0,0,0,0,3
0.0,0.0,0.0,0.0,0.0,0.0,0.0,0,0.0,1.0,0.0,0.0,1.0,1.0,0,1,0,4,5.0,1.0,1.0,2.0,1.0,1.0,1.0,0.0,70,2.0,3.0,2.0,2.0,0,0,0,0,0,0,0,0,1,3
0.0,0.0,0.0,0.0,0.0,0.0,0.0,0,0.0,0.0,0.0,0.0,0.0,0.0,1,1,0,2,2.0,4.0,1.0,4.0,0.0,0.0,1.0,0.0,50,1.0,2.0,1.0,3.0,0,0,1,0,0,1,0,0,0,1
0.0,0.0,1.0,0.0,0.0,0.0,0.0,1,0.0,0.0,0.0,0.0,0.0,0.0,0,1,0,3,2.0,3.0,4.0,4.0,0.0,0.0,1.0,0.0,50,2.0,2.0,4.0,4.0,0,0,0,0,1,0,0,0,0,3
1.0,1.0,1.0,0.0,0.0,0.0,1.0,1,0.0,0.0,0.0,1.0,0.0,0.0,1,1,1,3,4.0,4.0,2.0,5.0,1.0,1.0,1.0,0.0,41,5.0,2.0,6.0,4.0,1,1,0,0,0,1,0,0,0,1
0.0,0.0,0.0,0.0,0.0,0.0,0.0,0,0.0,0.0,0.0,0.0,0.0,0.0,0,1,0,3,3.0,3.0,4.0,3.0,1.0,0.0,1.0,0.0,62,2.0,2.0,1.0,2.0,0,0,0,1,0,0,0,1,0,2
1.0,1.0,0.0,0.0,0.0,1.0,1.0,0,0.0,0.0,0.0,1.0,0.0,0.0,1,1,1,2,5.0,5.0,1.0,5.0,1.0,1.0,1.0,0.0,24,5.0,3.0,7.0,5.0,1,0,0,0,1,0,0,0,0,1
0.0,0.0,1.0,0.0,0.0,0.0,0.0,0,0.0,0.0,1.0,0.0,0.0,0.0,1,1,0,1,4.0,5.0,1.0,5.0,1.0,1.0,1.0,0.0,49,2.0,2.0,7.0,6.0,1,1,0,0,0,1,0,0,0,1
1.0,1.0,1.0,0.0,0.0,0.0,0.0,0,0.0,1.0,0.0,0.0,0.0,0.0,1,1,1,1,5.0,5.0,1.0,5.0,1.0,1.0,1.0,1.0,41,3.0,2.0,8.0,5.0,1,0,0,0,1,0,0,0,0,1
0.0,0.0,1.0,0.0,0.0,0.0,1.0,0,1.0,0.0,0.0,0.0,0.0,1.0,1,1,1,1,4.0,4.0,4.0,4.0,0.0,0.0,1.0,1.0,41,2.0,2.0,7.0,5.0,0,0,0,0,0,0,0,0,0,1
0.0,0.0,0.0,0.0,0.0,0.0,0.0,0,0.0,0.0,0.0,0.0,0.0,0.0,1,1,0,5,2.0,4.0,3.0,3.0,0.0,1.0,1.0,0.0,28,3.0,3.0,4.0,5.0,0,0,0,0,0,0,1,0,0,3
1.0,0.0,0.0,0.0,0.0,0.0,1.0,1,0.0,0.0,0.0,0.0,0.0,0.0,0,1,1,1,3.0,4.0,1.0,4.0,1.0,0.0,1.0,0.0,58,2.0,3.0,4.0,4.0,0,1,0,0,0,0,1,0,0,3
1.0,0.0,0.0,0.0,0.0,0.0,1.0,0,0.0,0.0,1.0,0.0,0.0,0.0,0,0,0,1,5.0,4.0,1.0,4.0,0.0,1.0,1.0,1.0,20,3.0,2.0,5.0,1.0,1,0,0,0,0,0,1,0,0,2
0.0,0.0,0.0,0.0,0.0,0.0,0.0,0,0.0,0.0,0.0,0.0,0.0,0.0,0,1,0,3,1.0,4.0,1.0,5.0,1.0,0.0,1.0,0.0,60,1.0,1.0,1.0,1.0,1,0,0,0,0,0,0,0,0,3
0.0,0.0,0.0,0.0,0.0,0.0,0.0,0,0.0,0.0,0.0,0.0,0.0,0.0,0,0,0,1,4.0,2.0,1.0,3.0,0.0,1.0,1.0,0.0,59,0.0,1.0,2.0,2.0,1,0,0,0,0,0,0,0,0,3
0.0,0.0,1.0,0.0,0.0,0.0,0.0,0,0.0,0.0,0.0,0.0,0.0,1.0,1,1,0,1,1.0,5.0,3.0,3.0,1.0,1.0,1.0,0.0,58,1.0,1.0,2.0,4.0,1,0,1,0,0,1,0,0,0,1
1.0,1.0,1.0,0.0,0.0,0.0,1.0,0,0.0,0.0,0.0,0.0,0.0,0.0,1,0,1,1,3.0,5.0,1.0,3.0,1.0,0.0,1.0,0.0,46,4.0,4.0,8.0,6.0,1,0,0,0,0,0,1,0,0,2
1.0,1.0,1.0,0.0,0.0,0.0,0.0,0,0.0,0.0,1.0,0.0,0.0,0.0,0,1,0,1,3.0,5.0,1.0,5.0,1.0,1.0,1.0,1.0,20,3.0,2.0,6.0,2.0,1,0,0,1,1,0,0,0,0,1
1.0,1.0,1.0,0.0,0.0,0.0,1.0,0,0.0,0.0,0.0,1.0,0.0,0.0,1,1,1,3,3.0,4.0,1.0,5.0,1.0,1.0,1.0,0.0,40,4.0,5.0,5.0,2.0,1,0,0,0,0,0,0,0,1,2
0.0,0.0,0.0,0.0,0.0,0.0,0.0,0,0.0,1.0,1.0,0.0,0.0,0.0,0,1,0,1,4.0,5.0,1.0,4.0,0.0,1.0,0.0,0.0,47,4.0,3.0,5.0,2.0,0,0,0,0,1,0,0,0,0,1
1.0,1.0,1.0,0.0,0.0,0.0,1.0,0,0.0,0.0,0.0,1.0,0.0,0.0,1,1,0,1,4.0,4.0,1.0,4.0,1.0,1.0,1.0,1.0,19,2.0,3.0,5.0,3.0,1,1,0,0,0,0,1,0,0,2
0.0,0.0,0.0,0.0,0.0,0.0,1.0,0,0.0,1.0,0.0,0.0,0.0,0.0,0,1,1,3,3.0,3.0,2.0,3.0,0.0,1.0,0.0,0.0,41,2.0,2.0,4.0,4.0,1,0,0,0,0,0,0,0,0,3
0.0,0.0,0.0,0.0,0.0,0.0,0.0,0,0.0,1.0,0.0,0.0,0.0,0.0,0,0,0,1,3.0,3.0,2.0,3.0,0.0,1.0,0.0,0.0,19,2.0,3.0,4.0,4.0,1,0,0,0,0,0,1,0,0,1
0.0,0.0,0.0,0.0,1.0,0.0,0.0,0,0.0,0.0,0.0,0.0,0.0,1.0,0,1,0,4,3.0,2.0,5.0,5.0,1.0,1.0,1.0,0.0,54,1.0,2.0,1.0,2.0,0,1,0,0,1,0,0,0,0,2
0.0,0.0,1.0,0.0,0.0,0.0,0.0,0,0.0,0.0,0.0,0.0,0.0,0.0,0,1,0,4,3.0,5.0,1.0,3.0,0.0,1.0,1.0,0.0,30,2.0,2.0,5.0,6.0,0,0,0,0,0,0,0,1,0,1
0.0,0.0,1.0,0.0,0.0,0.0,0.0,0,0.0,0.0,0.0,0.0,0.0,0.0,0,0,0,1,5.0,5.0,1.0,5.0,0.0,0.0,0.0,0.0,18,2.0,2.0,5.0,4.0,1,0,0,0,1,0,0,0,0,2
0.0,0.0,1.0,0.0,0.0,0.0,1.0,0,0.0,0.0,0.0,0.0,0.0,0.0,1,1,0,5,5.0,5.0,1.0,5.0,0.0,1.0,1.0,0.0,51,2.0,2.0,4.0,5.0,0,0,0,0,0,0,0,0,1,3
1.0,0.0,0.0,0.0,0.0,0.0,0.0,0,0.0,0.0,0.0,0.0,0.0,1.0,0,1,0,4,2.0,1.0,5.0,1.0,1.0,0.0,0.0,0.0,57,2.0,2.0,1.0,1.0,1,1,0,0,1,0,0,0,0,3
1.0,1.0,1.0,0.0,0.0,0.0,1.0,0,0.0,0.0,0.0,0.0,0.0,0.0,1,1,0,2,4.0,4.0,1.0,4.0,1.0,1.0,1.0,0.0,42,5.0,6.0,9.0,5.0,1,0,0,0,0,0,0,0,1,1
0.0,0.0,1.0,0.0,0.0,0.0,0.0,0,0.0,0.0,0.0,1.0,0.0,1.0,0,1,1,1,1.0,1.0,1.0,1.0,1.0,1.0,1.0,0.0,30,2.0,4.0,2.0,1.0,0,0,0,0,0,0,1,0,0,1
1.0,1.0,1.0,0.0,0.0,1.0,1.0,0,0.0,0.0,1.0,0.0,0.0,0.0,1,1,0,2,3.0,4.0,1.0,5.0,0.0,1.0,1.0,0.0,21,5.0,2.0,9.0,6.0,1,0,0,0,1,0,0,0,0,2
0.0,0.0,0.0,0.0,0.0,0.0,0.0,0,0.0,0.0,0.0,0.0,0.0,0.0,0,0,0,1,5.0,5.0,3.0,5.0,0.0,0.0,0.0,0.0,19,3.0,1.0,2.0,2.0,1,0,0,0,0,0,0,0,0,1
0.0,0.0,0.0,0.0,0.0,0.0,1.0,0,0.0,0.0,0.0,0.0,0.0,0.0,0,0,0,1,1.0,5.0,1.0,5.0,0.0,1.0,0.0,0.0,60,1.0,2.0,7.0,4.0,1,0,0,1,0,1,0,0,0,1
0.0,0.0,0.0,0.0,0.0,0.0,0.0,0,0.0,0.0,0.0,0.0,0.0,1.0,0,1,0,1,1.0,2.0,1.0,1.0,1.0,0.0,1.0,0.0,70,1.0,2.0,2.0,2.0,1,0,0,0,0,1,0,0,0,3
0.0,1.0,0.0,0.0,0.0,0.0,1.0,0,0.0,0.0,0.0,0.0,0.0,0.0,1,1,1,3,2.0,3.0,1.0,1.0,1.0,0.0,1.0,0.0,27,3.0,2.0,4.0,5.0,0,1,0,0,0,0,0,0,1,3
0.0,0.0,0.0,0.0,0.0,0.0,0.0,0,0.0,0.0,0.0,0.0,0.0,1.0,0,1,0,1,1.0,4.0,1.0,1.0,0.0,0.0,1.0,0.0,63,1.0,1.0,1.0,1.0,0,0,0,1,0,0,0,0,0,2
0.0,0.0,1.0,0.0,0.0,0.0,0.0,0,0.0,1.0,0.0,0.0,0.0,1.0,0,1,0,3,5.0,3.0,5.0,3.0,1.0,0.0,1.0,0.0,30,2.0,1.0,3.0,2.0,0,1,0,0,0,0,0,0,0,2
1.0,1.0,0.0,0.0,0.0,0.0,1.0,1,0.0,0.0,0.0,0.0,0.0,0.0,0,1,0,3,1.0,1.0,1.0,5.0,1.0,1.0,1.0,0.0,43,2.0,1.0,3.0,3.0,1,0,0,0,1,0,0,0,0,3
0.0,0.0,0.0,0.0,0.0,0.0,0.0,1,0.0,0.0,0.0,0.0,0.0,0.0,0,1,0,4,1.0,5.0,5.0,1.0,1.0,1.0,0.0,0.0,62,2.0,2.0,3.0,5.0,0,0,1,0,0,0,1,0,0,3
1.0,0.0,0.0,0.0,0.0,0.0,0.0,0,0.0,0.0,1.0,0.0,0.0,0.0,0,1,1,3,3.0,4.0,3.0,5.0,1.0,1.0,1.0,0.0,65,2.0,4.0,9.0,8.0,1,0,0,0,0,0,1,0,0,2
0.0,0.0,0.0,0.0,0.0,0.0,1.0,0,0.0,0.0,1.0,1.0,0.0,0.0,1,0,0,3,1.0,4.0,1.0,1.0,1.0,1.0,1.0,1.0,28,2.0,1.0,4.0,4.0,1,0,0,0,1,0,0,0,0,3
0.0,0.0,1.0,0.0,0.0,0.0,0.0,0,1.0,0.0,0.0,0.0,0.0,0.0,0,1,0,3,2.0,2.0,2.0,2.0,1.0,0.0,1.0,0.0,54,3.0,3.0,2.0,2.0,0,0,0,0,1,0,0,0,0,3
0.0,0.0,0.0,0.0,0.0,0.0,0.0,0,0.0,0.0,0.0,0.0,0.0,0.0,0,1,0,1,3.0,5.0,1.0,4.0,1.0,1.0,1.0,0.0,53,1.0,2.0,1.0,1.0,0,0,1,0,0,0,0,0,1,1
0.0,0.0,0.0,0.0,0.0,0.0,0.0,0,0.0,0.0,0.0,0.0,0.0,0.0,0,1,0,3,2.0,4.0,4.0,2.0,1.0,0.0,1.0,0.0,45,1.0,1.0,3.0,3.0,0,0,1,0,1,0,0,0,0,2
0.0,0.0,0.0,0.0,0.0,0.0,0.0,0,0.0,0.0,0.0,0.0,0.0,0.0,0,0,0,1,2.0,5.0,1.0,2.0,0.0,1.0,1.0,0.0,19,2.0,1.0,1.0,1.0,0,0,0,0,0,0,0,0,0,2
1.0,0.0,1.0,0.0,0.0,0.0,0.0,0,0.0,0.0,0.0,1.0,0.0,0.0,0,0,0,1,2.0,3.0,2.0,2.0,0.0,0.0,0.0,0.0,20,5.0,4.0,3.0,3.0,0,0,0,0,1,0,0,0,0,3
0.0,0.0,1.0,0.0,0.0,0.0,0.0,1,0.0,1.0,0.0,0.0,0.0,0.0,1,1,1,4,2.0,2.0,4.0,5.0,1.0,1.0,1.0,1.0,70,5.0,3.0,5.0,4.0,1,0,0,0,1,0,0,0,0,3
0.0,0.0,1.0,0.0,0.0,0.0,1.0,0,0.0,0.0,0.0,0.0,0.0,0.0,1,1,0,3,5.0,5.0,2.0,5.0,1.0,1.0,1.0,1.0,23,2.0,1.0,5.0,4.0,0,1,0,0,0,1,0,0,0,3
0.0,1.0,0.0,0.0,0.0,0.0,0.0,1,0.0,0.0,0.0,0.0,0.0,0.0,0,0,0,5,3.0,5.0,3.0,3.0,1.0,1.0,1.0,0.0,67,2.0,2.0,6.0,4.0,1,0,0,0,0,0,1,0,0,3
0.0,0.0,0.0,0.0,0.0,0.0,0.0,0,0.0,0.0,0.0,0.0,0.0,1.0,0,1,0,5,4.0,5.0,5.0,2.0,1.0,0.0,1.0,0.0,62,1.0,1.0,2.0,3.0,0,0,0,0,0,1,0,0,0,3
0.0,0.0,0.0,0.0,0.0,0.0,0.0,0,0.0,0.0,0.0,0.0,0.0,0.0,1,1,0,1,3.0,2.0,3.0,1.0,1.0,1.0,1.0,0.0,62,0.0,1.0,4.0,6.0,0,1,0,0,0,0,1,0,0,2
1.0,0.0,0.0,0.0,0.0,0.0,0.0,0,0.0,0.0,0.0,0.0,0.0,0.0,1,1,0,1,5.0,1.0,2.0,3.0,1.0,1.0,1.0,0.0,54,3.0,1.0,6.0,3.0,0,1,0,0,0,0,0,0,0,1
0.0,0.0,0.0,0.0,0.0,0.0,0.0,0,0.0,0.0,0.0,0.0,0.0,0.0,1,1,0,5,1.0,5.0,1.0,5.0,1.0,1.0,1.0,0.0,61,1.0,2.0,1.0,1.0,0,1,0,0,0,0,1,0,0,3
1.0,0.0,1.0,0.0,0.0,0.0,0.0,1,0.0,0.0,1.0,0.0,0.0,0.0,1,1,0,1,2.0,2.0,2.0,2.0,1.0,1.0,1.0,0.0,55,2.0,3.0,7.0,5.0,1,0,0,1,0,0,1,0,0,2
0.0,1.0,1.0,0.0,0.0,0.0,1.0,0,0.0,1.0,0.0,0.0,0.0,0.0,1,1,0,3,2.0,5.0,1.0,3.0,1.0,1.0,1.0,1.0,33,2.0,2.0,5.0,6.0,1,0,0,0,1,0,0,0,0,2
0.0,0.0,0.0,0.0,0.0,0.0,0.0,0,1.0,0.0,0.0,0.0,0.0,0.0,0,1,0,1,1.0,5.0,1.0,1.0,0.0,0.0,0.0,0.0,59,1.0,2.0,1.0,3.0,0,1,0,0,1,0,0,0,0,3
0.0,0.0,1.0,0.0,0.0,0.0,1.0,0,0.0,0.0,0.0,0.0,0.0,0.0,1,1,0,4,4.0,4.0,3.0,2.0,1.0,1.0,1.0,1.0,41,5.0,3.0,5.0,4.0,0,0,0,0,0,0,1,0,0,3
1.0,0.0,0.0,0.0,0.0,0.0,0.0,0,0.0,0.0,0.0,0.0,0.0,0.0,1,1,0,3,5.0,5.0,5.0,5.0,1.0,1.0,1.0,1.0,33,2.0,2.0,5.0,3.0,1,0,1,0,0,0,1,0,0,1
1.0,0.0,1.0,0.0,0.0,0.0,1.0,0,0.0,0.0,0.0,0.0,0.0,0.0,0,1,0,2,3.0,4.0,2.0,4.0,0.0,0.0,1.0,0.0,22,3.0,2.0,9.0,7.0,1,0,0,0,1,0,0,0,0,2
0.0,0.0,1.0,0.0,0.0,0.0,1.0,0,0.0,0.0,1.0,1.0,1.0,0.0,1,1,0,1,3.0,5.0,1.0,5.0,1.0,1.0,0.0,1.0,21,2.0,3.0,7.0,5.0,0,0,0,0,0,0,0,0,1,2
0.0,0.0,0.0,0.0,0.0,0.0,1.0,0,0.0,0.0,0.0,0.0,0.0,0.0,0,0,0,3,1.0,3.0,1.0,1.0,0.0,1.0,1.0,1.0,58,5.0,2.0,4.0,4.0,0,0,0,0,0,1,0,0,0,3
0.0,0.0,0.0,0.0,0.0,1.0,0.0,0,0.0,0.0,0.0,0.0,0.0,0.0,0,1,0,5,3.0,4.0,3.0,2.0,0.0,0.0,1.0,0.0,36,1.0,1.0,1.0,2.0,1,0,1,0,0,0,0,0,1,3
0.0,0.0,0.0,0.0,0.0,0.0,0.0,0,0.0,0.0,0.0,0.0,0.0,0.0,0,1,0,3,2.0,4.0,1.0,3.0,1.0,1.0,1.0,0.0,62,1.0,2.0,3.0,3.0,1,0,0,0,0,0,0,0,0,2
1.0,0.0,1.0,0.0,0.0,0.0,0.0,0,0.0,0.0,1.0,0.0,0.0,1.0,1,1,0,3,3.0,3.0,2.0,4.0,1.0,0.0,1.0,0.0,36,2.0,3.0,4.0,5.0,0,0,0,0,1,0,0,0,0,3
0.0,0.0,0.0,0.0,0.0,0.0,0.0,0,0.0,0.0,0.0,0.0,0.0,0.0,0,1,0,5,4.0,5.0,1.0,3.0,1.0,0.0,1.0,0.0,46,5.0,1.0,1.0,1.0,1,0,0,0,0,0,0,0,0,3
0.0,0.0,0.0,0.0,0.0,0.0,1.0,0,0.0,0.0,0.0,0.0,0.0,0.0,0,1,0,4,3.0,4.0,3.0,3.0,0.0,1.0,1.0,0.0,53,2.0,2.0,4.0,3.0,1,0,0,0,0,0,0,0,1,2
0.0,0.0,0.0,0.0,0.0,0.0,0.0,0,0.0,1.0,0.0,0.0,0.0,0.0,1,1,0,3,2.0,4.0,3.0,3.0,1.0,0.0,0.0,0.0,41,2.0,2.0,3.0,2.0,1,0,0,0,0,0,0,0,1,3
1.0,0.0,1.0,0.0,0.0,0.0,1.0,0,0.0,0.0,0.0,0.0,0.0,0.0,1,1,1,1,3.0,5.0,2.0,4.0,1.0,1.0,1.0,0.0,30,3.0,2.0,6.0,5.0,1,0,1,0,0,0,0,0,0,1
1.0,1.0,0.0,0.0,0.0,0.0,1.0,0,0.0,0.0,0.0,0.0,0.0,0.0,0,1,0,1,4.0,5.0,1.0,5.0,1.0,1.0,1.0,0.0,32,3.0,1.0,6.0,4.0,0,0,0,0,0,0,1,0,0,2
0.0,0.0,0.0,0.0,0.0,0.0,0.0,0,0.0,0.0,0.0,0.0,0.0,0.0,0,1,0,2,3.0,1.0,2.0,5.0,1.0,1.0,1.0,0.0,30,2.0,1.0,1.0,1.0,0,1,0,0,0,0,0,0,0,2
0.0,0.0,1.0,0.0,0.0,0.0,0.0,0,0.0,0.0,0.0,1.0,0.0,0.0,0,1,0,3,1.0,1.0,1.0,1.0,1.0,0.0,1.0,0.0,53,1.0,3.0,3.0,3.0,0,0,0,0,0,0,1,0,0,3
1.0,0.0,1.0,0.0,0.0,0.0,1.0,0,0.0,0.0,0.0,0.0,0.0,1.0,1,1,0,3,5.0,5.0,4.0,5.0,1.0,1.0,1.0,1.0,34,2.0,2.0,2.0,8.0,0,0,0,0,0,0,0,0,0,3
1.0,1.0,0.0,0.0,0.0,0.0,0.0,0,0.0,0.0,1.0,1.0,0.0,0.0,0,0,0,2,2.0,2.0,2.0,1.0,1.0,1.0,1.0,0.0,35,3.0,3.0,3.0,4.0,0,0,0,0,0,0,0,0,0,2
0.0,0.0,0.0,0.0,0.0,0.0,0.0,0,0.0,0.0,0.0,0.0,0.0,0.0,0,1,0,5,1.0,1.0,1.0,1.0,1.0,1.0,1.0,0.0,52,1.0,1.0,1.0,2.0,1,0,1,0,0,0,0,0,0,3
1.0,1.0,0.0,0.0,0.0,0.0,1.0,0,0.0,0.0,0.0,0.0,0.0,0.0,1,1,0,5,1.0,2.0,2.0,3.0,1.0,1.0,1.0,0.0,55,5.0,3.0,5.0,5.0,0,0,0,0,0,0,0,0,1,2
0.0,0.0,0.0,0.0,0.0,0.0,0.0,0,0.0,0.0,0.0,0.0,0.0,0.0,0,1,0,5,3.0,3.0,5.0,1.0,1.0,0.0,0.0,0.0,42,2.0,1.0,2.0,2.0,1,0,0,0,0,1,0,0,0,3
0.0,0.0,1.0,0.0,0.0,0.0,0.0,0,0.0,0.0,0.0,0.0,0.0,0.0,0,0,0,3,2.0,4.0,1.0,3.0,0.0,0.0,1.0,0.0,44,2.0,1.0,5.0,5.0,0,0,0,0,1,0,0,0,0,3
1.0,0.0,1.0,0.0,0.0,0.0,1.0,0,0.0,0.0,0.0,0.0,0.0,0.0,1,1,1,5,1.0,1.0,1.0,1.0,1.0,1.0,1.0,0.0,22,2.0,2.0,4.0,4.0,0,0,0,0,0,0,0,0,1,3
0.0,0.0,1.0,0.0,0.0,0.0,0.0,0,1.0,0.0,1.0,0.0,0.0,0.0,0,0,1,1,4.0,5.0,1.0,4.0,1.0,0.0,1.0,0.0,27,4.0,3.0,6.0,6.0,1,0,0,0,0,0,0,0,1,3
0.0,0.0,0.0,0.0,0.0,0.0,0.0,0,0.0,0.0,0.0,0.0,0.0,1.0,1,1,0,3,3.0,5.0,2.0,5.0,0.0,1.0,1.0,0.0,62,2.0,1.0,3.0,3.0,0,0,0,0,0,0,0,0,1,3
1.0,1.0,0.0,0.0,0.0,0.0,1.0,0,0.0,0.0,0.0,0.0,0.0,0.0,0,1,1,1,4.0,5.0,1.0,5.0,1.0,1.0,1.0,0.0,27,3.0,2.0,5.0,4.0,1,0,0,0,1,0,0,0,0,2
0.0,0.0,0.0,0.0,0.0,0.0,0.0,0,0.0,0.0,0.0,0.0,0.0,1.0,0,1,0,3,3.0,2.0,3.0,3.0,1.0,0.0,1.0,0.0,68,1.0,1.0,1.0,1.0,0,0,0,0,0,0,0,0,0,2
1.0,1.0,0.0,0.0,0.0,0.0,1.0,0,0.0,0.0,0.0,0.0,0.0,0.0,1,1,1,1,5.0,5.0,1.0,5.0,1.0,1.0,1.0,0.0,35,5.0,1.0,5.0,2.0,1,0,0,1,0,0,1,0,0,2
0.0,0.0,1.0,0.0,0.0,0.0,0.0,0,0.0,0.0,0.0,0.0,0.0,0.0,0,0,0,1,2.0,2.0,2.0,2.0,0.0,0.0,0.0,0.0,27,2.0,2.0,3.0,2.0,1,0,1,0,0,0,0,0,0,1
1.0,0.0,0.0,0.0,0.0,0.0,1.0,1,0.0,0.0,0.0,0.0,0.0,0.0,0,1,1,5,5.0,4.0,3.0,4.0,1.0,1.0,1.0,1.0,67,2.0,2.0,4.0,4.0,1,0,0,0,0,1,0,0,0,2
1.0,0.0,1.0,0.0,0.0,0.0,1.0,0,0.0,0.0,1.0,1.0,0.0,0.0,1,0,0,2,4.0,5.0,1.0,4.0,1.0,1.0,1.0,1.0,19,2.0,2.0,6.0,5.0,0,0,1,0,0,0,0,1,0,3
0.0,0.0,0.0,0.0,0.0,0.0,1.0,0,0.0,0.0,0.0,0.0,0.0,0.0,1,1,0,1,1.0,5.0,1.0,1.0,1.0,0.0,1.0,0.0,28,2.0,1.0,2.0,3.0,0,0,0,0,0,0,0,0,0,2
0.0,0.0,1.0,0.0,0.0,0.0,0.0,0,0.0,0.0,0.0,0.0,0.0,0.0,1,1,0,1,4.0,5.0,2.0,5.0,0.0,0.0,1.0,0.0,18,2.0,1.0,4.0,4.0,1,1,0,0,0,1,0,0,0,3
0.0,0.0,0.0,0.0,0.0,0.0,1.0,0,0.0,0.0,0.0,0.0,0.0,0.0,1,1,1,5,2.0,1.0,5.0,5.0,1.0,1.0,1.0,0.0,55,2.0,2.0,4.0,4.0,1,0,0,0,1,0,0,0,0,2
0.0,0.0,0.0,0.0,0.0,0.0,0.0,0,1.0,0.0,0.0,0.0,0.0,0.0,0,1,0,1,4.0,2.0,1.0,2.0,1.0,0.0,1.0,0.0,68,1.0,1.0,2.0,1.0,1,0,0,0,0,0,0,0,1,2
0.0,0.0,0.0,0.0,0.0,0.0,0.0,0,0.0,0.0,0.0,0.0,0.0,0.0,1,1,0,1,1.0,5.0,1.0,3.0,0.0,1.0,0.0,0.0,24,2.0,1.0,4.0,6.0,0,0,0,0,1,0,0,0,0,2
0.0,0.0,1.0,0.0,0.0,0.0,0.0,0,0.0,0.0,0.0,0.0,0.0,0.0,0,0,0,1,2.0,3.0,2.0,5.0,0.0,0.0,0.0,0.0,30,4.0,1.0,4.0,4.0,0,1,0,0,0,0,0,0,1,3
0.0,0.0,1.0,0.0,0.0,0.0,0.0,0,0.0,0.0,0.0,0.0,0.0,1.0,0,1,0,1,5.0,5.0,1.0,5.0,0.0,1.0,1.0,0.0,55,5.0,2.0,3.0,3.0,0,0,0,0,0,0,0,0,0,2
0.0,0.0,1.0,0.0,0.0,0.0,0.0,0,0.0,0.0,1.0,0.0,0.0,0.0,1,1,0,5,5.0,5.0,5.0,5.0,1.0,1.0,1.0,0.0,52,2.0,2.0,4.0,3.0,0,0,0,0,1,0,0,0,0,2
0.0,0.0,0.0,0.0,0.0,0.0,1.0,0,0.0,0.0,0.0,0.0,0.0,0.0,1,1,0,2,2.0,4.0,3.0,4.0,1.0,1.0,1.0,0.0,31,2.0,2.0,5.0,3.0,0,0,0,0,0,0,0,0,1,2
0.0,0.0,0.0,0.0,0.0,0.0,0.0,0,0.0,0.0,0.0,0.0,0.0,0.0,0,0,0,3,5.0,5.0,2.0,4.0,0.0,0.0,0.0,0.0,26,2.0,2.0,1.0,1.0,0,0,0,1,0,0,1,0,0,3
0.0,0.0,0.0,0.0,0.0,0.0,0.0,0,0.0,1.0,0.0,1.0,0.0,0.0,0,1,0,1,1.0,2.0,5.0,1.0,1.0,0.0,0.0,0.0,39,2.0,1.0,2.0,1.0,1,0,0,0,1,0,0,0,0,3
1.0,0.0,0.0,0.0,0.0,0.0,0.0,0,0.0,0.0,0.0,0.0,0.0,0.0,1,1,0,1,1.0,5.0,5.0,5.0,0.0,0.0,0.0,0.0,40,2.0,2.0,5.0,6.0,1,1,0,0,0,0,0,0,1,3
0.0,0.0,1.0,0.0,0.0,0.0,0.0,0,1.0,0.0,0.0,0.0,0.0,0.0,0,1,0,1,5.0,5.0,1.0,2.0,1.0,1.0,1.0,0.0,65,4.0,4.0,6.0,4.0,0,0,0,0,1,0,0,0,0,1
0.0,0.0,0.0,0.0,0.0,0.0,1.0,0,1.0,1.0,0.0,0.0,0.0,0.0,0,1,1,4,1.0,3.0,1.0,5.0,1.0,1.0,1.0,0.0,46,2.0,1.0,6.0,2.0,1,0,0,0,0,0,0,0,0,1
0.0,0.0,0.0,0.0,0.0,0.0,0.0,0,0.0,1.0,0.0,0.0,0.0,0.0,0,1,0,1,3.0,3.0,3.0,3.0,1.0,1.0,1.0,0.0,56,0.0,1.0,3.0,3.0,1,0,1,0,1,0,0,0,0,3
0.0,0.0,0.0,0.0,0.0,0.0,0.0,0,0.0,0.0,0.0,0.0,0.0,1.0,0,1,0,1,5.0,5.0,1.0,4.0,1.0,1.0,1.0,0.0,32,2.0,1.0,3.0,3.0,0,0,1,0,0,1,0,0,0,1
1.0,0.0,1.0,0.0,0.0,0.0,1.0,0,0.0,0.0,0.0,0.0,0.0,0.0,1,1,1,4,3.0,1.0,1.0,1.0,1.0,0.0,1.0,1.0,33,3.0,2.0,4.0,5.0,0,0,0,0,1,0,0,0,0,3
0.0,0.0,0.0,0.0,0.0,0.0,0.0,0,0.0,0.0,0.0,0.0,0.0,0.0,0,1,0,1,5.0,5.0,1.0,5.0,1.0,1.0,1.0,0.0,55,0.0,1.0,6.0,6.0,1,0,1,0,0,0,1,0,0,1
0.0,0.0,0.0,0.0,0.0,0.0,0.0,0,0.0,0.0,0.0,0.0,0.0,0.0,1,0,0,5,1.0,2.0,5.0,3.0,1.0,0.0,1.0,0.0,57,5.0,2.0,3.0,2.0,0,0,1,0,0,0,0,0,0,3
1.0,1.0,1.0,0.0,0.0,0.0,0.0,0,0.0,0.0,1.0,0.0,0.0,0.0,0,1,1,4,3.0,3.0,1.0,5.0,1.0,1.0,1.0,1.0,51,6.0,3.0,5.0,6.0,0,0,0,0,1,0,0,0,0,3
0.0,0.0,0.0,0.0,0.0,0.0,0.0,0,0.0,0.0,0.0,0.0,0.0,0.0,0,1,0,4,2.0,1.0,3.0,5.0,1.0,0.0,1.0,1.0,34,2.0,1.0,1.0,2.0,0,0,0,0,0,0,0,0,0,2
0.0,0.0,1.0,0.0,0.0,0.0,0.0,0,0.0,0.0,1.0,0.0,0.0,0.0,1,1,1,3,4.0,4.0,3.0,5.0,0.0,0.0,1.0,0.0,51,1.0,2.0,6.0,5.0,0,0,0,0,1,0,0,0,0,1
1.0,1.0,1.0,0.0,0.0,0.0,1.0,0,0.0,0.0,0.0,0.0,0.0,0.0,1,1,0,3,5.0,4.0,1.0,4.0,1.0,1.0,1.0,1.0,23,2.0,2.0,4.0,3.0,1,0,0,0,0,0,0,0,1,2
1.0,1.0,1.0,0.0,0.0,0.0,0.0,0,1.0,1.0,0.0,1.0,0.0,0.0,1,1,0,1,4.0,5.0,1.0,5.0,1.0,1.0,1.0,0.0,19,4.0,2.0,7.0,6.0,0,0,0,0,0,0,0,0,1,2
1.0,0.0,1.0,0.0,0.0,0.0,0.0,0,1.0,0.0,0.0,0.0,0.0,0.0,1,1,1,3,5.0,5.0,1.0,5.0,1.0,1.0,1.0,1.0,55,3.0,2.0,8.0,7.0,0,0,0,0,1,0,0,0,0,3
0.0,0.0,1.0,0.0,0.0,0.0,0.0,0,0.0,0.0,0.0,0.0,0.0,0.0,1,1,0,3,5.0,5.0,3.0,5.0,1.0,0.0,0.0,0.0,23,2.0,1.0,3.0,2.0,0,1,0,0,0,0,0,0,0,3
0.0,0.0,0.0,0.0,0.0,0.0,0.0,0,0.0,0.0,0.0,0.0,0.0,0.0,0,1,0,1,2.0,4.0,1.0,2.0,1.0,1.0,1.0,0.0,57,2.0,3.0,6.0,5.0,0,0,0,0,0,0,0,0,0,2
0.0,0.0,0.0,0.0,0.0,0.0,0.0,0,0.0,0.0,0.0,0.0,0.0,0.0,0,1,0,2,2.0,2.0,3.0,1.0,0.0,0.0,1.0,0.0,59,1.0,1.0,2.0,2.0,0,0,0,0,0,0,0,0,0,3
0.0,1.0,1.0,0.0,0.0,0.0,1.0,0,0.0,0.0,0.0,0.0,0.0,0.0,0,1,0,1,5.0,5.0,1.0,5.0,0.0,1.0,1.0,0.0,57,2.0,2.0,5.0,5.0,0,0,0,0,1,0,0,0,0,1
0.0,0.0,0.0,0.0,0.0,0.0,0.0,0,0.0,0.0,0.0,0.0,0.0,0.0,1,1,0,1,1.0,1.0,1.0,5.0,0.0,1.0,1.0,0.0,22,5.0,2.0,2.0,2.0,0,0,0,0,1,0,0,0,0,2
1.0,1.0,1.0,0.0,0.0,0.0,0.0,0,0.0,0.0,0.0,1.0,0.0,0.0,1,1,0,2,4.0,4.0,2.0,3.0,1.0,0.0,0.0,1.0,24,2.0,3.0,4.0,4.0,1,0,0,0,0,0,0,0,1,2
0.0,0.0,0.0,0.0,0.0,0.0,0.0,0,0.0,0.0,0.0,0.0,0.0,0.0,1,1,1,1,3.0,2.0,2.0,4.0,1.0,1.0,1.0,0.0,25,1.0,2.0,2.0,4.0,1,1,0,0,0,0,1,0,0,2
1.0,0.0,1.0,0.0,0.0,0.0,0.0,0,0.0,0.0,0.0,0.0,0.0,0.0,0,1,0,1,5.0,5.0,1.0,3.0,0.0,1.0,1.0,0.0,42,2.0,1.0,8.0,4.0,1,0,0,1,0,1,0,0,0,1
0.0,0.0,0.0,0.0,0.0,0.0,0.0,0,0.0,0.0,0.0,0.0,0.0,0.0,0,1,0,1,4.0,1.0,5.0,2.0,0.0,0.0,1.0,0.0,48,1.0,1.0,4.0,4.0,0,1,0,0,0,0,0,0,0,3
0.0,0.0,0.0,0.0,0.0,0.0,0.0,0,0.0,0.0,0.0,0.0,0.0,0.0,0,1,0,3,3.0,3.0,1.0,2.0,0.0,0.0,1.0,0.0,69,2.0,4.0,5.0,3.0,1,0,0,0,1,0,0,0,0,2
0.0,0.0,0.0,0.0,0.0,0.0,1.0,0,0.0,1.0,0.0,0.0,0.0,0.0,1,1,0,3,3.0,4.0,2.0,3.0,1.0,1.0,1.0,0.0,36,2.0,2.0,3.0,2.0,1,0,1,0,0,0,0,0,1,2
1.0,0.0,1.0,0.0,0.0,0.0,0.0,0,1.0,0.0,0.0,0.0,0.0,0.0,0,1,0,1,3.0,5.0,1.0,5.0,0.0,1.0,1.0,0.0,21,2.0,4.0,5.0,4.0,1,0,1,0,0,0,0,1,0,3
0.0,0.0,0.0,0.0,0.0,0.0,0.0,0,0.0,0.0,0.0,0.0,0.0,1.0,0,1,0,5,1.0,3.0,3.0,2.0,0.0,0.0,1.0,0.0,46,1.0,1.0,4.0,4.0,0,0,0,0,0,0,0,0,0,3
0.0,0.0,1.0,0.0,0.0,0.0,0.0,0,0.0,0.0,0.0,1.0,0.0,0.0,1,1,0,3,3.0,4.0,5.0,2.0,1.0,0.0,1.0,0.0,47,3.0,3.0,2.0,5.0,0,0,0,0,0,0,0,0,0,2
0.0,0.0,0.0,0.0,0.0,0.0,1.0,0,0.0,1.0,1.0,1.0,0.0,1.0,0,1,0,1,4.0,1.0,2.0,4.0,1.0,1.0,1.0,1.0,25,2.0,1.0,1.0,4.0,1,0,1,0,0,0,0,0,1,2
1.0,0.0,1.0,0.0,0.0,0.0,0.0,0,0.0,0.0,0.0,0.0,0.0,0.0,0,1,0,5,1.0,1.0,1.0,1.0,1.0,1.0,1.0,1.0,30,5.0,1.0,1.0,1.0,1,0,1,0,0,0,0,0,1,1
0.0,0.0,0.0,0.0,0.0,0.0,0.0,0,0.0,0.0,0.0,0.0,0.0,0.0,0,1,0,1,5.0,5.0,5.0,5.0,1.0,0.0,0.0,0.0,44,2.0,1.0,3.0,2.0,0,1,0,0,0,0,0,0,0,3
0.0,0.0,0.0,0.0,0.0,0.0,0.0,0,0.0,0.0,1.0,1.0,0.0,0.0,1,1,0,2,5.0,5.0,4.0,3.0,1.0,1.0,1.0,0.0,51,2.0,2.0,3.0,2.0,0,0,0,0,0,0,0,0,1,2
0.0,0.0,0.0,0.0,0.0,0.0,0.0,0,0.0,1.0,1.0,0.0,0.0,0.0,0,1,0,2,4.0,4.0,3.0,4.0,0.0,1.0,1.0,0.0,39,3.0,1.0,6.0,5.0,0,0,0,0,0,1,0,0,0,1
0.0,0.0,0.0,0.0,0.0,0.0,0.0,0,0.0,0.0,1.0,0.0,0.0,0.0,1,1,0,1,1.0,2.0,3.0,1.0,1.0,1.0,1.0,0.0,21,2.0,2.0,4.0,4.0,0,0,0,1,0,0,0,0,1,2
0.0,0.0,1.0,0.0,0.0,0.0,0.0,0,0.0,0.0,0.0,0.0,0.0,0.0,0,1,0,1,5.0,5.0,1.0,4.0,1.0,1.0,1.0,0.0,38,3.0,1.0,4.0,3.0,1,0,1,0,0,0,0,0,0,1
0.0,0.0,0.0,0.0,0.0,0.0,0.0,0,0.0,0.0,0.0,0.0,0.0,0.0,0,0,0,1,3.0,4.0,1.0,5.0,1.0,1.0,1.0,0.0,51,1.0,1.0,4.0,4.0,1,0,0,0,1,0,0,0,0,2
1.0,1.0,0.0,0.0,0.0,0.0,0.0,0,0.0,0.0,1.0,1.0,1.0,1.0,1,1,0,5,4.0,2.0,5.0,1.0,1.0,1.0,1.0,1.0,34,3.0,3.0,5.0,4.0,0,0,0,0,0,0,1,0,0,3
0.0,0.0,0.0,0.0,0.0,0.0,0.0,0,0.0,0.0,0.0,0.0,0.0,0.0,1,0,0,1,5.0,1.0,5.0,5.0,0.0,0.0,0.0,0.0,59,1.0,4.0,2.0,1.0,1,0,0,0,0,0,1,0,0,2
0.0,0.0,1.0,0.0,0.0,0.0,1.0,0,1.0,0.0,0.0,0.0,0.0,1.0,0,1,0,1,1.0,5.0,1.0,5.0,0.0,1.0,1.0,0.0,61,1.0,2.0,7.0,3.0,0,0,0,0,1,0,0,0,0,1
1.0,0.0,0.0,0.0,0.0,1.0,1.0,0,0.0,0.0,0.0,0.0,0.0,0.0,0,1,1,1,2.0,5.0,5.0,4.0,1.0,1.0,1.0,0.0,43,5.0,1.0,5.0,5.0,0,1,0,0,0,0,0,0,0,1
1.0,0.0,0.0,0.0,0.0,0.0,0.0,0,0.0,0.0,0.0,0.0,0.0,0.0,0,1,0,1,2.0,4.0,2.0,2.0,1.0,0.0,1.0,0.0,26,2.0,1.0,2.0,2.0,1,1,0,0,0,0,0,0,1,2
1.0,1.0,1.0,0.0,0.0,0.0,1.0,0,0.0,0.0,0.0,1.0,1.0,0.0,0,1,0,1,3.0,3.0,2.0,4.0,1.0,1.0,1.0,1.0,30,4.0,3.0,5.0,2.0,1,0,0,0,0,0,0,1,0,1
0.0,1.0,0.0,0.0,0.0,0.0,0.0,1,0.0,0.0,0.0,0.0,0.0,0.0,0,1,0,4,1.0,5.0,5.0,1.0,0.0,0.0,1.0,0.0,69,1.0,1.0,3.0,3.0,0,0,0,0,0,0,1,0,0,2
0.0,0.0,1.0,0.0,0.0,0.0,0.0,0,0.0,0.0,0.0,0.0,0.0,0.0,0,1,0,5,4.0,5.0,1.0,3.0,1.0,1.0,1.0,1.0,42,2.0,1.0,4.0,7.0,0,0,0,0,0,1,0,0,0,2
0.0,0.0,0.0,0.0,0.0,0.0,0.0,0,0.0,0.0,0.0,0.0,0.0,1.0,0,1,0,3,1.0,3.0,5.0,1.0,0.0,0.0,1.0,0.0,22,2.0,1.0,2.0,3.0,0,1,0,0,0,0,0,0,0,3
1.0,1.0,0.0,0.0,0.0,0.0,1.0,1,0.0,0.0,0.0,0.0,0.0,0.0,0,0,0,3,2.0,1.0,3.0,1.0,1.0,1.0,1.0,1.0,64,2.0,3.0,9.0,6.0,1,0,0,0,0,0,0,0,1,1
1.0,1.0,0.0,0.0,0.0,0.0,1.0,0,0.0,0.0,0.0,0.0,0.0,0.0,0,1,1,3,5.0,5.0,2.0,5.0,1.0,1.0,1.0,0.0,54,2.0,2.0,4.0,2.0,1,0,0,1,0,1,0,0,0,2
0.0,0.0,0.0,0.0,0.0,0.0,0.0,0,0.0,0.0,0.0,0.0,0.0,0.0,1,1,0,4,1.0,1.0,1.0,1.0,1.0,1.0,1.0,0.0,59,1.0,3.0,1.0,5.0,0,0,0,0,0,0,1,0,0,2
1.0,0.0,0.0,0.0,0.0,0.0,0.0,0,0.0,0.0,0.0,0.0,1.0,0.0,0,1,0,1,1.0,5.0,1.0,2.0,1.0,1.0,1.0,0.0,57,2.0,2.0,5.0,6.0,0,1,0,0,0,0,1,0,0,2
0.0,0.0,0.0,0.0,0.0,0.0,0.0,0,0.0,0.0,0.0,0.0,0.0,0.0,0,0,0,1,3.0,1.0,1.0,1.0,1.0,1.0,1.0,1.0,55,0.0,1.0,1.0,1.0,1,0,1,0,0,0,1,0,0,2
1.0,1.0,1.0,0.0,0.0,0.0,0.0,0,0.0,1.0,0.0,1.0,0.0,1.0,0,0,0,2,3.0,4.0,1.0,3.0,1.0,0.0,1.0,0.0,20,2.0,1.0,4.0,4.0,1,0,0,0,1,0,0,0,0,3
0.0,0.0,0.0,0.0,0.0,0.0,1.0,0,0.0,0.0,0.0,0.0,0.0,0.0,1,1,0,2,4.0,5.0,3.0,1.0,1.0,0.0,1.0,0.0,60,0.0,2.0,4.0,4.0,1,0,1,0,0,0,1,0,0,2
1.0,0.0,0.0,0.0,0.0,0.0,1.0,0,0.0,0.0,0.0,0.0,0.0,0.0,1,1,0,1,5.0,5.0,1.0,5.0,1.0,1.0,1.0,0.0,51,2.0,2.0,4.0,5.0,1,1,0,0,0,0,1,0,0,2
0.0,0.0,0.0,0.0,0.0,0.0,0.0,0,0.0,0.0,0.0,0.0,0.0,0.0,0,1,0,4,5.0,5.0,5.0,1.0,1.0,1.0,1.0,0.0,63,2.0,1.0,2.0,3.0,0,0,0,0,0,0,1,0,0,3
0.0,0.0,0.0,0.0,0.0,0.0,0.0,0,0.0,0.0,0.0,0.0,0.0,0.0,0,1,1,3,1.0,5.0,1.0,5.0,1.0,0.0,1.0,0.0,35,2.0,1.0,5.0,2.0,1,0,0,0,0,0,0,0,0,3
0.0,0.0,0.0,0.0,0.0,0.0,0.0,0,0.0,0.0,0.0,0.0,0.0,0.0,0,1,0,4,1.0,1.0,1.0,1.0,0.0,0.0,0.0,0.0,34,2.0,1.0,1.0,3.0,0,0,0,0,0,0,0,0,1,3
1.0,1.0,1.0,0.0,0.0,0.0,0.0,0,0.0,0.0,0.0,0.0,0.0,0.0,0,1,0,5,1.0,1.0,1.0,2.0,0.0,0.0,0.0,0.0,61,2.0,1.0,1.0,1.0,0,0,0,0,1,0,0,0,0,3
1.0,0.0,0.0,0.0,0.0,0.0,1.0,0,0.0,0.0,0.0,1.0,0.0,0.0,1,1,1,2,2.0,4.0,1.0,1.0,1.0,0.0,1.0,1.0,31,3.0,1.0,6.0,7.0,0,0,0,0,0,0,1,0,0,1
1.0,0.0,1.0,0.0,1.0,1.0,1.0,0,0.0,1.0,0.0,0.0,0.0,0.0,0,1,1,3,3.0,2.0,2.0,4.0,1.0,1.0,1.0,1.0,55,5.0,3.0,8.0,6.0,0,0,0,0,1,0,0,0,0,3
1.0,0.0,1.0,0.0,0.0,0.0,1.0,0,0.0,0.0,0.0,0.0,0.0,1.0,1,1,1,1,4.0,5.0,1.0,5.0,1.0,1.0,1.0,0.0,30,5.0,2.0,7.0,3.0,0,0,0,0,0,0,0,0,1,1
0.0,0.0,0.0,0.0,0.0,0.0,0.0,0,0.0,0.0,0.0,0.0,0.0,0.0,0,0,0,1,4.0,4.0,1.0,5.0,0.0,0.0,0.0,0.0,62,3.0,2.0,6.0,5.0,0,1,0,0,0,0,0,0,0,1
1.0,1.0,0.0,0.0,0.0,0.0,1.0,0,0.0,0.0,0.0,0.0,0.0,0.0,1,1,1,3,1.0,5.0,1.0,1.0,1.0,1.0,1.0,0.0,44,2.0,4.0,6.0,5.0,1,0,0,0,0,0,1,0,0,2
1.0,0.0,1.0,0.0,0.0,0.0,0.0,0,0.0,0.0,0.0,1.0,0.0,0.0,0,1,0,1,4.0,3.0,1.0,4.0,0.0,1.0,0.0,0.0,19,5.0,1.0,5.0,3.0,0,0,1,0,0,1,0,0,0,2
0.0,0.0,1.0,0.0,0.0,0.0,0.0,0,0.0,0.0,1.0,0.0,0.0,0.0,0,1,0,3,2.0,1.0,2.0,3.0,1.0,1.0,1.0,1.0,47,1.0,2.0,1.0,4.0,0,0,0,1,0,0,0,1,0,2
1.0,1.0,0.0,0.0,0.0,0.0,1.0,0,0.0,0.0,0.0,1.0,0.0,0.0,0,1,0,2,5.0,5.0,2.0,5.0,0.0,1.0,1.0,1.0,21,5.0,1.0,7.0,6.0,0,1,0,0,0,0,0,0,1,3
1.0,1.0,1.0,0.0,0.0,1.0,1.0,0,0.0,0.0,0.0,0.0,0.0,0.0,1,1,1,3,5.0,3.0,1.0,3.0,1.0,1.0,1.0,0.0,52,5.0,2.0,5.0,6.0,1,0,0,0,0,1,0,0,0,2
0.0,1.0,1.0,0.0,0.0,0.0,0.0,0,0.0,0.0,0.0,0.0,0.0,0.0,0,1,1,3,1.0,1.0,1.0,1.0,0.0,1.0,1.0,0.0,57,3.0,3.0,2.0,4.0,0,0,0,0,0,0,1,0,0,2
0.0,0.0,0.0,0.0,0.0,0.0,0.0,0,0.0,0.0,0.0,0.0,0.0,0.0,0,1,0,2,3.0,4.0,2.0,4.0,1.0,1.0,1.0,0.0,40,2.0,2.0,4.0,3.0,0,0,0,0,0,0,1,0,0,3
0.0,0.0,0.0,0.0,0.0,0.0,0.0,0,0.0,0.0,0.0,0.0,0.0,1.0,1,1,0,3,1.0,1.0,1.0,1.0,1.0,0.0,1.0,0.0,70,1.0,1.0,1.0,4.0,0,1,0,0,0,0,0,0,1,3
1.0,0.0,0.0,0.0,0.0,1.0,1.0,0,0.0,0.0,1.0,0.0,1.0,0.0,0,1,1,3,3.0,3.0,1.0,3.0,0.0,1.0,1.0,0.0,45,3.0,3.0,6.0,4.0,0,0,0,0,0,0,0,0,1,2
0.0,0.0,0.0,0.0,0.0,0.0,0.0,0,0.0,0.0,0.0,1.0,0.0,0.0,0,1,0,5,3.0,3.0,5.0,2.0,1.0,0.0,1.0,0.0,62,2.0,3.0,4.0,5.0,0,0,0,0,1,0,0,0,0,1
0.0,0.0,0.0,0.0,0.0,1.0,0.0,0,0.0,0.0,0.0,1.0,1.0,0.0,0,0,1,1,5.0,5.0,1.0,5.0,0.0,1.0,1.0,1.0,51,2.0,3.0,5.0,5.0,0,0,0,0,0,0,0,0,1,3
1.0,1.0,0.0,0.0,0.0,0.0,1.0,0,0.0,0.0,0.0,0.0,0.0,0.0,0,1,0,3,5.0,5.0,1.0,5.0,1.0,1.0,1.0,0.0,42,2.0,1.0,5.0,4.0,1,0,1,0,0,0,1,0,0,2
1.0,0.0,1.0,0.0,0.0,0.0,0.0,0,0.0,0.0,1.0,0.0,0.0,0.0,0,0,0,1,4.0,5.0,1.0,4.0,0.0,1.0,0.0,0.0,59,2.0,3.0,6.0,6.0,0,0,0,0,1,0,0,0,0,1
1.0,0.0,0.0,0.0,0.0,0.0,0.0,0,1.0,0.0,0.0,0.0,0.0,0.0,0,1,0,1,3.0,5.0,1.0,5.0,1.0,1.0,1.0,0.0,49,1.0,3.0,3.0,5.0,1,0,0,0,0,0,1,0,0,2
1.0,0.0,0.0,0.0,0.0,1.0,1.0,0,0.0,0.0,0.0,0.0,0.0,0.0,1,1,1,4,3.0,2.0,2.0,4.0,1.0,1.0,1.0,0.0,42,1.0,1.0,4.0,4.0,0,0,0,0,0,0,0,0,1,3
0.0,0.0,1.0,0.0,0.0,0.0,0.0,0,0.0,0.0,0.0,0.0,0.0,1.0,1,1,0,1,3.0,5.0,1.0,3.0,0.0,0.0,1.0,0.0,24,3.0,1.0,4.0,4.0,0,0,1,0,0,0,0,0,0,2
1.0,1.0,1.0,0.0,0.0,0.0,1.0,0,0.0,0.0,1.0,0.0,0.0,0.0,1,1,0,2,4.0,2.0,4.0,4.0,1.0,1.0,1.0,1.0,29,5.0,6.0,7.0,8.0,0,0,0,0,0,0,0,0,0,2
1.0,1.0,1.0,0.0,0.0,0.0,1.0,1,0.0,1.0,1.0,1.0,0.0,0.0,1,1,0,1,5.0,5.0,1.0,5.0,0.0,0.0,1.0,0.0,31,5.0,3.0,4.0,4.0,0,0,0,0,0,0,1,0,0,1
0.0,0.0,0.0,0.0,0.0,0.0,0.0,0,0.0,0.0,0.0,0.0,0.0,0.0,1,1,0,5,2.0,1.0,4.0,2.0,1.0,1.0,1.0,0.0,24,2.0,2.0,2.0,3.0,0,1,0,0,0,0,0,1,0,3
1.0,0.0,0.0,0.0,0.0,0.0,1.0,0,0.0,0.0,0.0,0.0,0.0,0.0,1,1,0,5,1.0,1.0,3.0,5.0,1.0,0.0,1.0,0.0,51,2.0,1.0,1.0,5.0,0,1,0,0,0,0,0,0,0,3
0.0,0.0,0.0,0.0,0.0,0.0,0.0,0,0.0,1.0,0.0,0.0,0.0,0.0,0,1,0,2,2.0,3.0,1.0,2.0,0.0,0.0,1.0,0.0,37,3.0,2.0,4.0,4.0,0,0,0,0,0,0,1,0,0,3
1.0,1.0,1.0,0.0,0.0,1.0,1.0,1,0.0,1.0,1.0,1.0,0.0,0.0,1,1,1,3,5.0,5.0,5.0,5.0,1.0,1.0,1.0,0.0,35,4.0,3.0,6.0,3.0,1,0,0,0,0,0,0,0,1,1
0.0,0.0,1.0,0.0,0.0,0.0,0.0,0,0.0,0.0,0.0,0.0,0.0,0.0,1,1,0,4,1.0,5.0,1.0,1.0,1.0,0.0,1.0,0.0,43,2.0,3.0,4.0,5.0,1,0,0,0,0,0,0,0,1,3
0.0,0.0,0.0,0.0,0.0,0.0,1.0,0,0.0,0.0,0.0,0.0,0.0,0.0,0,1,0,1,3.0,2.0,1.0,3.0,1.0,1.0,0.0,0.0,65,2.0,1.0,5.0,2.0,1,0,0,0,0,0,0,0,0,2
0.0,0.0,1.0,0.0,0.0,0.0,0.0,0,0.0,0.0,0.0,0.0,0.0,0.0,0,1,0,1,5.0,4.0,1.0,5.0,1.0,1.0,1.0,1.0,48,1.0,2.0,3.0,3.0,1,0,1,0,0,0,0,1,0,3
0.0,0.0,0.0,0.0,0.0,0.0,0.0,0,0.0,0.0,0.0,1.0,0.0,0.0,0,1,0,1,5.0,5.0,5.0,5.0,0.0,0.0,0.0,0.0,20,2.0,3.0,5.0,4.0,0,0,0,0,0,0,0,0,1,2
0.0,0.0,1.0,0.0,0.0,0.0,0.0,0,0.0,0.0,1.0,0.0,0.0,0.0,0,1,0,1,1.0,5.0,1.0,5.0,1.0,1.0,0.0,0.0,18,5.0,3.0,9.0,8.0,1,0,1,0,0,0,0,0,0,1
0.0,0.0,0.0,0.0,0.0,0.0,0.0,0,0.0,0.0,0.0,0.0,0.0,0.0,1,1,0,3,5.0,2.0,5.0,4.0,1.0,1.0,1.0,0.0,28,2.0,2.0,2.0,3.0,0,1,0,0,1,0,0,0,0,3
0.0,0.0,1.0,0.0,0.0,0.0,0.0,0,0.0,0.0,0.0,0.0,0.0,0.0,0,1,1,1,2.0,5.0,1.0,5.0,0.0,1.0,1.0,0.0,55,1.0,1.0,2.0,2.0,0,0,0,1,1,0,0,0,0,3
1.0,0.0,1.0,0.0,0.0,0.0,0.0,0,0.0,0.0,0.0,0.0,0.0,0.0,0,0,0,1,2.0,5.0,5.0,5.0,0.0,0.0,1.0,0.0,20,1.0,1.0,2.0,2.0,0,1,0,0,0,0,0,0,0,3
0.0,0.0,0.0,0.0,0.0,0.0,0.0,0,0.0,0.0,0.0,0.0,0.0,1.0,0,1,0,1,4.0,3.0,1.0,1.0,0.0,1.0,1.0,0.0,68,1.0,2.0,5.0,5.0,1,1,0,0,0,0,0,0,1,2
0.0,0.0,1.0,0.0,0.0,0.0,0.0,0,0.0,0.0,0.0,0.0,0.0,0.0,0,1,0,1,3.0,5.0,1.0,5.0,1.0,1.0,1.0,1.0,29,2.0,1.0,5.0,5.0,0,0,0,0,1,0,0,0,0,2
0.0,0.0,0.0,0.0,0.0,0.0,0.0,0,0.0,0.0,0.0,1.0,0.0,0.0,0,0,0,1,3.0,2.0,5.0,1.0,1.0,1.0,1.0,0.0,30,2.0,1.0,1.0,2.0,0,0,1,0,0,0,0,0,0,2
0.0,0.0,0.0,0.0,0.0,0.0,0.0,0,0.0,0.0,0.0,1.0,0.0,0.0,0,0,0,5,1.0,5.0,1.0,1.0,1.0,0.0,1.0,0.0,51,1.0,2.0,2.0,2.0,0,0,0,0,0,0,1,0,0,3
0.0,0.0,0.0,0.0,0.0,0.0,0.0,0,0.0,0.0,1.0,0.0,0.0,1.0,0,1,0,3,4.0,5.0,2.0,4.0,1.0,1.0,1.0,0.0,59,2.0,2.0,2.0,2.0,1,1,0,0,0,0,0,1,0,1
0.0,0.0,0.0,0.0,0.0,0.0,0.0,0,0.0,0.0,0.0,0.0,0.0,0.0,0,1,0,5,3.0,5.0,1.0,1.0,0.0,1.0,1.0,0.0,20,2.0,1.0,4.0,2.0,0,0,0,1,0,0,1,0,0,3
1.0,1.0,1.0,0.0,0.0,0.0,1.0,0,0.0,0.0,0.0,1.0,0.0,0.0,0,1,0,3,3.0,3.0,1.0,4.0,1.0,1.0,1.0,1.0,29,3.0,1.0,6.0,4.0,1,0,0,0,0,0,0,0,0,2
0.0,0.0,0.0,0.0,0.0,0.0,0.0,0,0.0,0.0,0.0,0.0,0.0,0.0,1,1,0,1,1.0,2.0,1.0,3.0,1.0,1.0,1.0,0.0,40,2.0,2.0,4.0,4.0,0,0,1,0,0,1,0,0,0,3
0.0,1.0,1.0,0.0,0.0,0.0,0.0,0,0.0,0.0,0.0,0.0,0.0,0.0,0,0,0,1,2.0,5.0,1.0,1.0,1.0,0.0,0.0,0.0,45,2.0,1.0,2.0,3.0,0,0,1,0,0,0,0,0,0,3
0.0,0.0,0.0,0.0,0.0,0.0,0.0,0,0.0,0.0,0.0,0.0,0.0,0.0,0,1,0,1,1.0,1.0,5.0,1.0,1.0,1.0,1.0,0.0,21,2.0,1.0,2.0,1.0,1,0,0,1,0,0,0,0,0,2
0.0,0.0,0.0,0.0,0.0,0.0,0.0,0,0.0,0.0,0.0,1.0,0.0,0.0,0,1,0,1,1.0,1.0,1.0,4.0,1.0,0.0,1.0,0.0,69,2.0,2.0,2.0,3.0,1,1,0,0,0,0,0,1,0,2
1.0,1.0,1.0,0.0,0.0,0.0,1.0,0,0.0,0.0,0.0,0.0,0.0,0.0,0,1,1,2,5.0,4.0,1.0,5.0,1.0,0.0,1.0,1.0,28,5.0,6.0,8.0,6.0,1,0,0,0,0,0,1,0,0,2
1.0,0.0,1.0,0.0,0.0,0.0,0.0,0,0.0,0.0,0.0,0.0,0.0,1.0,0,1,0,1,1.0,2.0,1.0,1.0,1.0,0.0,0.0,0.0,36,3.0,1.0,3.0,4.0,0,0,0,1,0,0,0,1,0,1
1.0,1.0,1.0,0.0,0.0,0.0,0.0,0,1.0,1.0,0.0,0.0,0.0,0.0,1,1,1,1,5.0,5.0,1.0,5.0,1.0,1.0,1.0,1.0,40,6.0,3.0,10.0,7.0,1,0,0,0,1,0,0,0,0,1
1.0,1.0,1.0,0.0,0.0,0.0,1.0,1,0.0,0.0,1.0,1.0,0.0,0.0,0,1,0,1,2.0,5.0,1.0,5.0,1.0,1.0,1.0,0.0,22,3.0,2.0,7.0,4.0,1,0,0,1,1,0,0,0,0,1
0.0,0.0,0.0,0.0,0.0,0.0,0.0,0,0.0,0.0,0.0,0.0,0.0,0.0,0,1,0,1,1.0,1.0,1.0,1.0,1.0,0.0,1.0,0.0,63,2.0,1.0,1.0,3.0,1,0,1,0,0,0,0,0,0,3
1.0,1.0,0.0,0.0,0.0,0.0,1.0,0,0.0,0.0,0.0,0.0,0.0,0.0,0,0,0,1,5.0,2.0,2.0,4.0,0.0,1.0,0.0,0.0,32,4.0,4.0,6.0,6.0,1,0,0,0,1,0,0,0,0,3
0.0,0.0,1.0,0.0,0.0,0.0,0.0,0,0.0,0.0,0.0,0.0,0.0,1.0,0,0,0,1,3.0,3.0,1.0,3.0,0.0,1.0,1.0,0.0,40,2.0,2.0,1.0,1.0,0,0,0,1,1,0,0,0,0,2
0.0,0.0,0.0,0.0,0.0,0.0,1.0,0,0.0,0.0,0.0,0.0,0.0,0.0,0,0,0,1,5.0,5.0,4.0,5.0,0.0,1.0,1.0,0.0,18,1.0,1.0,4.0,4.0,1,0,0,0,0,0,0,0,1,1
0.0,0.0,1.0,0.0,0.0,0.0,1.0,0,0.0,1.0,0.0,0.0,0.0,0.0,1,1,1,3,1.0,5.0,5.0,5.0,1.0,0.0,1.0,0.0,51,4.0,3.0,4.0,6.0,0,0,0,0,1,0,0,0,0,2
0.0,0.0,0.0,0.0,0.0,0.0,0.0,0,0.0,0.0,1.0,0.0,0.0,0.0,0,1,0,2,2.0,3.0,1.0,2.0,1.0,0.0,1.0,0.0,19,1.0,1.0,1.0,1.0,0,1,0,0,0,0,0,0,1,3
1.0,0.0,1.0,0.0,0.0,0.0,1.0,0,0.0,0.0,0.0,1.0,0.0,1.0,0,1,1,4,3.0,4.0,5.0,3.0,1.0,1.0,1.0,1.0,46,2.0,1.0,4.0,6.0,0,1,0,0,0,0,0,1,0,1
0.0,0.0,0.0,0.0,0.0,0.0,0.0,0,1.0,0.0,0.0,0.0,0.0,1.0,0,1,1,1,5.0,5.0,5.0,5.0,1.0,1.0,1.0,0.0,52,3.0,2.0,2.0,2.0,1,0,0,0,0,0,1,0,0,2
1.0,0.0,0.0,0.0,0.0,0.0,1.0,0,0.0,0.0,0.0,0.0,0.0,0.0,0,1,0,3,4.0,5.0,5.0,5.0,1.0,1.0,1.0,0.0,33,2.0,2.0,2.0,3.0,0,0,1,0,0,0,1,0,0,3
1.0,0.0,1.0,0.0,0.0,0.0,1.0,0,0.0,0.0,0.0,0.0,0.0,0.0,1,1,0,2,3.0,5.0,3.0,4.0,0.0,1.0,1.0,0.0,44,3.0,2.0,4.0,3.0,0,0,0,0,0,0,0,0,1,3
0.0,0.0,1.0,0.0,0.0,0.0,0.0,0,0.0,0.0,0.0,1.0,0.0,0.0,0,1,0,1,3.0,1.0,1.0,5.0,1.0,1.0,1.0,0.0,37,2.0,2.0,2.0,3.0,0,0,0,0,0,0,0,0,1,3
0.0,0.0,1.0,0.0,0.0,0.0,0.0,0,0.0,0.0,0.0,0.0,0.0,1.0,0,0,0,5,1.0,1.0,1.0,4.0,0.0,0.0,1.0,0.0,36,1.0,1.0,3.0,3.0,0,0,0,0,1,0,0,0,0,3
1.0,0.0,1.0,0.0,0.0,0.0,0.0,0,0.0,0.0,1.0,0.0,0.0,1.0,1,1,1,1,5.0,4.0,5.0,1.0,1.0,1.0,1.0,0.0,51,1.0,2.0,6.0,4.0,1,0,0,1,1,0,0,0,0,3
1.0,1.0,1.0,0.0,0.0,0.0,1.0,0,0.0,1.0,0.0,0.0,0.0,0.0,1,1,1,3,1.0,2.0,3.0,1.0,1.0,1.0,1.0,0.0,33,3.0,2.0,7.0,7.0,1,0,0,0,1,0,0,0,0,3
0.0,0.0,0.0,0.0,0.0,0.0,0.0,0,0.0,0.0,0.0,1.0,0.0,0.0,1,1,0,3,1.0,1.0,1.0,1.0,0.0,1.0,1.0,0.0,56,1.0,3.0,4.0,5.0,0,0,0,0,0,0,0,0,1,3
0.0,0.0,0.0,0.0,0.0,1.0,0.0,0,1.0,0.0,1.0,0.0,0.0,0.0,0,1,1,2,3.0,5.0,1.0,4.0,1.0,1.0,1.0,0.0,39,1.0,1.0,5.0,4.0,0,0,1,0,0,1,0,0,0,1
0.0,0.0,0.0,0.0,0.0,0.0,0.0,0,0.0,0.0,0.0,0.0,0.0,0.0,0,1,0,1,3.0,1.0,1.0,4.0,0.0,1.0,1.0,0.0,20,2.0,2.0,5.0,4.0,1,0,0,0,0,0,1,0,0,2
0.0,0.0,1.0,0.0,0.0,0.0,0.0,0,0.0,0.0,1.0,1.0,0.0,1.0,0,1,0,1,5.0,4.0,1.0,5.0,1.0,1.0,1.0,0.0,21,3.0,1.0,2.0,1.0,1,1,0,0,0,0,0,0,1,3
0.0,0.0,0.0,0.0,0.0,0.0,0.0,0,0.0,0.0,0.0,0.0,0.0,0.0,0,1,0,3,1.0,5.0,1.0,1.0,1.0,1.0,1.0,0.0,55,1.0,1.0,2.0,5.0,0,1,0,0,0,0,0,0,0,2
0.0,0.0,0.0,0.0,0.0,0.0,0.0,0,0.0,0.0,0.0,0.0,0.0,0.0,0,1,0,1,1.0,3.0,1.0,5.0,0.0,0.0,1.0,0.0,63,1.0,1.0,2.0,2.0,1,0,0,0,0,0,1,0,0,3
1.0,0.0,1.0,0.0,0.0,0.0,1.0,0,0.0,1.0,0.0,0.0,0.0,0.0,0,1,1,1,5.0,5.0,1.0,4.0,1.0,1.0,1.0,0.0,21,2.0,1.0,4.0,3.0,1,0,0,0,0,0,0,0,1,2
0.0,0.0,0.0,0.0,0.0,0.0,0.0,0,0.0,1.0,1.0,1.0,0.0,0.0,1,1,1,4,5.0,5.0,5.0,1.0,0.0,1.0,1.0,0.0,23,2.0,2.0,1.0,1.0,1,0,0,0,1,0,0,0,0,1
1.0,1.0,1.0,0.0,0.0,0.0,1.0,0,0.0,0.0,0.0,0.0,0.0,0.0,0,1,1,2,3.0,4.0,1.0,4.0,1.0,1.0,1.0,1.0,48,3.0,2.0,5.0,5.0,1,1,0,0,1,0,0,0,0,2
1.0,0.0,1.0,0.0,0.0,0.0,1.0,0,0.0,1.0,0.0,0.0,0.0,0.0,1,1,1,3,1.0,5.0,5.0,5.0,1.0,1.0,1.0,0.0,33,2.0,1.0,1.0,6.0,0,0,0,0,0,0,0,0,0,1
0.0,0.0,0.0,0.0,0.0,0.0,0.0,0,0.0,0.0,0.0,0.0,0.0,0.0,1,1,0,4,1.0,5.0,5.0,5.0,1.0,0.0,0.0,0.0,38,1.0,1.0,2.0,3.0,0,0,0,0,1,0,0,0,0,3
0.0,0.0,0.0,0.0,0.0,0.0,1.0,0,0.0,0.0,0.0,0.0,0.0,0.0,1,1,0,5,1.0,1.0,5.0,1.0,1.0,1.0,1.0,0.0,23,3.0,1.0,2.0,3.0,0,0,0,0,0,0,0,0,1,3
0.0,0.0,0.0,0.0,0.0,0.0,0.0,0,1.0,0.0,0.0,0.0,0.0,0.0,0,0,0,2,5.0,5.0,1.0,5.0,0.0,0.0,1.0,0.0,26,2.0,2.0,8.0,2.0,0,0,0,0,0,0,0,0,0,2
0.0,0.0,0.0,0.0,0.0,0.0,0.0,0,0.0,0.0,0.0,0.0,0.0,0.0,0,1,0,2,5.0,5.0,1.0,5.0,1.0,1.0,1.0,0.0,52,1.0,2.0,4.0,2.0,0,0,0,0,0,0,1,0,0,2
0.0,0.0,0.0,0.0,0.0,0.0,0.0,0,0.0,0.0,0.0,0.0,0.0,0.0,0,1,0,2,5.0,5.0,1.0,3.0,0.0,1.0,1.0,0.0,28,5.0,3.0,1.0,1.0,0,0,0,0,1,0,0,0,0,2
0.0,0.0,0.0,0.0,0.0,0.0,0.0,0,0.0,0.0,0.0,0.0,0.0,0.0,1,1,0,2,5.0,5.0,1.0,5.0,0.0,1.0,1.0,0.0,35,2.0,1.0,10.0,5.0,0,1,0,0,0,1,0,0,0,2
1.0,0.0,0.0,0.0,0.0,1.0,1.0,0,0.0,1.0,0.0,0.0,0.0,0.0,0,1,1,5,5.0,5.0,5.0,5.0,1.0,1.0,1.0,0.0,46,2.0,1.0,4.0,3.0,1,0,0,0,0,0,0,0,0,2
0.0,0.0,0.0,0.0,0.0,0.0,0.0,0,0.0,0.0,0.0,0.0,0.0,0.0,1,0,0,4,1.0,2.0,2.0,2.0,0.0,1.0,1.0,0.0,22,2.0,2.0,3.0,4.0,1,1,0,0,1,0,0,0,0,2
1.0,0.0,1.0,0.0,0.0,0.0,0.0,0,0.0,0.0,0.0,0.0,0.0,1.0,0,1,0,5,1.0,5.0,5.0,4.0,0.0,0.0,1.0,0.0,45,1.0,1.0,3.0,3.0,0,0,0,0,0,0,0,0,1,3
1.0,0.0,0.0,1.0,0.0,0.0,0.0,0,0.0,0.0,1.0,0.0,0.0,1.0,1,0,0,3,3.0,4.0,2.0,2.0,0.0,0.0,1.0,0.0,70,1.0,3.0,2.0,2.0,1,0,0,0,1,0,0,0,0,1
1.0,0.0,1.0,0.0,0.0,0.0,0.0,0,0.0,0.0,0.0,0.0,0.0,0.0,0,1,0,4,5.0,5.0,5.0,1.0,1.0,1.0,1.0,0.0,23,2.0,1.0,1.0,2.0,0,0,0,0,0,0,0,0,0,2
1.0,0.0,0.0,0.0,0.0,0.0,0.0,0,1.0,0.0,0.0,0.0,0.0,0.0,0,1,0,5,4.0,2.0,2.0,1.0,1.0,1.0,1.0,0.0,60,1.0,2.0,7.0,6.0,0,0,1,0,0,1,0,0,0,1
1.0,1.0,1.0,0.0,0.0,0.0,0.0,0,0.0,0.0,0.0,0.0,0.0,0.0,0,1,0,1,3.0,5.0,2.0,3.0,1.0,0.0,1.0,0.0,53,2.0,1.0,3.0,2.0,0,0,0,0,0,0,0,0,1,2
0.0,1.0,0.0,0.0,0.0,0.0,1.0,1,0.0,0.0,1.0,0.0,0.0,0.0,0,1,1,4,1.0,2.0,1.0,5.0,1.0,1.0,1.0,0.0,65,2.0,2.0,4.0,4.0,1,0,0,0,1,0,0,0,0,1
0.0,0.0,1.0,0.0,0.0,0.0,0.0,0,0.0,0.0,0.0,0.0,0.0,0.0,0,1,0,1,1.0,5.0,1.0,1.0,1.0,0.0,1.0,0.0,57,0.0,1.0,1.0,3.0,0,0,0,1,0,0,0,1,0,3
0.0,0.0,0.0,0.0,0.0,0.0,0.0,0,0.0,0.0,1.0,0.0,0.0,0.0,1,1,0,1,5.0,2.0,1.0,5.0,1.0,1.0,1.0,0.0,54,4.0,2.0,4.0,4.0,0,1,0,0,0,1,0,0,0,2
0.0,0.0,0.0,0.0,0.0,0.0,1.0,0,0.0,0.0,0.0,0.0,0.0,0.0,1,1,0,1,5.0,5.0,2.0,5.0,0.0,1.0,1.0,0.0,28,5.0,2.0,4.0,2.0,0,0,0,0,0,0,0,0,1,2
0.0,0.0,1.0,0.0,0.0,0.0,0.0,0,0.0,1.0,0.0,0.0,0.0,0.0,1,1,0,4,2.0,2.0,2.0,2.0,1.0,0.0,0.0,0.0,39,4.0,2.0,2.0,2.0,0,0,0,0,0,0,1,0,0,3
0.0,0.0,0.0,0.0,0.0,0.0,0.0,0,0.0,0.0,0.0,0.0,0.0,0.0,1,1,0,3,5.0,5.0,5.0,5.0,1.0,1.0,1.0,0.0,41,2.0,2.0,5.0,6.0,1,0,0,0,1,0,0,0,0,2
0.0,0.0,0.0,0.0,0.0,0.0,0.0,0,0.0,0.0,0.0,1.0,0.0,0.0,0,1,0,5,4.0,5.0,4.0,5.0,1.0,0.0,1.0,0.0,51,1.0,1.0,1.0,2.0,0,1,0,0,0,0,0,0,0,3
0.0,0.0,1.0,0.0,0.0,0.0,0.0,0,0.0,1.0,0.0,0.0,0.0,0.0,1,1,0,3,1.0,3.0,1.0,3.0,0.0,0.0,1.0,0.0,55,2.0,1.0,7.0,5.0,1,0,0,0,1,0,0,0,0,2
1.0,0.0,0.0,0.0,0.0,0.0,0.0,0,0.0,1.0,0.0,0.0,0.0,0.0,1,0,1,1,5.0,5.0,1.0,5.0,1.0,0.0,1.0,0.0,60,5.0,3.0,5.0,4.0,0,0,0,0,0,0,0,0,1,3
1.0,1.0,1.0,0.0,0.0,0.0,1.0,0,0.0,1.0,0.0,0.0,0.0,0.0,0,1,1,1,1.0,1.0,3.0,5.0,0.0,1.0,0.0,1.0,21,4.0,1.0,5.0,4.0,1,0,0,0,0,0,0,0,0,2
1.0,0.0,0.0,0.0,0.0,0.0,0.0,1,0.0,0.0,0.0,0.0,0.0,0.0,0,1,0,1,5.0,1.0,1.0,5.0,0.0,0.0,1.0,0.0,67,1.0,2.0,5.0,4.0,0,1,0,0,1,0,0,0,0,2
0.0,0.0,0.0,0.0,0.0,0.0,0.0,0,0.0,1.0,0.0,0.0,0.0,0.0,0,1,0,1,3.0,3.0,3.0,3.0,1.0,1.0,1.0,0.0,58,2.0,2.0,2.0,2.0,1,0,1,0,1,0,0,0,0,3
0.0,0.0,1.0,0.0,0.0,0.0,0.0,0,0.0,0.0,0.0,0.0,0.0,0.0,0,1,0,5,1.0,1.0,3.0,1.0,1.0,0.0,1.0,0.0,45,3.0,3.0,4.0,4.0,0,0,0,0,0,0,0,0,0,3
0.0,0.0,1.0,0.0,0.0,0.0,0.0,0,0.0,0.0,0.0,0.0,0.0,0.0,0,0,0,1,3.0,5.0,1.0,3.0,1.0,0.0,0.0,0.0,19,1.0,1.0,1.0,3.0,1,0,0,0,0,0,0,0,0,3
0.0,0.0,1.0,0.0,0.0,0.0,0.0,0,0.0,0.0,0.0,0.0,0.0,0.0,1,1,0,4,5.0,5.0,1.0,1.0,1.0,0.0,1.0,0.0,24,2.0,1.0,5.0,3.0,0,0,0,0,0,0,0,0,0,3
0.0,0.0,1.0,0.0,0.0,0.0,0.0,0,0.0,0.0,0.0,0.0,0.0,1.0,0,1,0,1,4.0,5.0,2.0,3.0,1.0,1.0,1.0,1.0,53,1.0,3.0,6.0,6.0,0,0,0,0,1,0,0,0,0,2
0.0,0.0,0.0,0.0,0.0,0.0,0.0,0,0.0,0.0,0.0,0.0,0.0,0.0,1,1,0,3,5.0,3.0,3.0,3.0,0.0,1.0,1.0,1.0,57,2.0,3.0,4.0,5.0,0,0,0,0,1,0,0,0,0,3
1.0,1.0,1.0,0.0,1.0,0.0,0.0,0,1.0,0.0,1.0,0.0,0.0,0.0,1,1,1,2,5.0,4.0,1.0,3.0,1.0,1.0,1.0,1.0,26,3.0,2.0,10.0,5.0,1,0,0,0,0,0,1,0,0,1
0.0,0.0,0.0,0.0,0.0,0.0,0.0,0,0.0,0.0,0.0,0.0,0.0,1.0,0,1,0,3,1.0,1.0,1.0,5.0,1.0,1.0,1.0,1.0,49,1.0,1.0,2.0,1.0,0,1,0,0,0,0,0,0,1,2
1.0,0.0,1.0,0.0,0.0,0.0,0.0,0,0.0,1.0,1.0,0.0,0.0,0.0,0,1,1,2,3.0,4.0,2.0,3.0,1.0,1.0,1.0,0.0,51,3.0,6.0,8.0,6.0,0,0,0,0,0,0,0,0,0,1
0.0,0.0,0.0,0.0,0.0,0.0,0.0,0,0.0,0.0,0.0,0.0,0.0,0.0,1,1,0,3,5.0,5.0,5.0,1.0,0.0,1.0,1.0,0.0,43,3.0,3.0,3.0,4.0,0,0,0,0,0,0,0,0,1,1
0.0,0.0,0.0,0.0,0.0,0.0,0.0,0,0.0,0.0,0.0,0.0,0.0,0.0,0,0,0,1,5.0,5.0,5.0,5.0,0.0,0.0,0.0,0.0,18,2.0,1.0,1.0,4.0,1,1,0,0,0,0,0,0,0,3
0.0,0.0,1.0,0.0,0.0,0.0,0.0,0,1.0,0.0,0.0,1.0,0.0,1.0,0,1,0,4,3.0,4.0,2.0,4.0,1.0,0.0,1.0,1.0,45,2.0,1.0,2.0,3.0,0,1,0,0,1,0,0,0,0,3
0.0,0.0,0.0,0.0,0.0,0.0,1.0,0,0.0,0.0,0.0,1.0,0.0,0.0,0,1,0,1,2.0,5.0,1.0,3.0,1.0,1.0,1.0,1.0,28,2.0,5.0,4.0,4.0,1,0,0,0,0,0,0,0,1,3
0.0,0.0,0.0,0.0,0.0,0.0,0.0,0,0.0,0.0,0.0,0.0,0.0,0.0,1,1,0,1,1.0,5.0,1.0,1.0,1.0,0.0,1.0,0.0,31,2.0,1.0,2.0,2.0,0,0,0,0,0,0,1,0,0,2
0.0,0.0,1.0,0.0,0.0,0.0,0.0,0,0.0,0.0,0.0,0.0,0.0,0.0,1,1,0,2,3.0,3.0,2.0,3.0,0.0,1.0,1.0,0.0,30,2.0,2.0,4.0,4.0,0,1,0,0,0,0,0,1,0,2
0.0,0.0,0.0,0.0,0.0,0.0,0.0,0,0.0,0.0,0.0,0.0,0.0,0.0,1,1,0,1,3.0,5.0,5.0,5.0,1.0,1.0,1.0,0.0,50,1.0,2.0,4.0,5.0,0,0,0,0,0,0,0,0,1,3
0.0,1.0,0.0,0.0,0.0,0.0,0.0,0,1.0,0.0,0.0,0.0,1.0,0.0,0,0,0,3,5.0,5.0,1.0,5.0,1.0,1.0,1.0,0.0,46,2.0,3.0,8.0,7.0,1,0,0,0,0,0,0,0,1,2
1.0,0.0,0.0,0.0,0.0,1.0,1.0,0,0.0,0.0,1.0,0.0,0.0,0.0,1,1,0,1,3.0,5.0,1.0,5.0,1.0,1.0,1.0,0.0,44,3.0,2.0,7.0,4.0,1,1,0,0,0,0,1,0,0,1
0.0,1.0,0.0,0.0,0.0,0.0,1.0,0,0.0,0.0,0.0,0.0,0.0,0.0,0,0,0,5,2.0,1.0,5.0,5.0,0.0,0.0,0.0,0.0,27,3.0,4.0,7.0,6.0,0,0,0,0,0,0,1,0,0,2
0.0,0.0,0.0,0.0,0.0,0.0,0.0,0,1.0,0.0,0.0,0.0,0.0,0.0,0,1,0,2,2.0,1.0,1.0,5.0,1.0,0.0,1.0,0.0,65,1.0,2.0,4.0,4.0,1,0,0,0,0,0,0,1,0,1
1.0,0.0,0.0,0.0,0.0,0.0,1.0,0,0.0,0.0,0.0,1.0,0.0,0.0,1,1,1,5,1.0,3.0,5.0,3.0,1.0,1.0,1.0,1.0,31,2.0,2.0,2.0,2.0,1,0,0,1,0,0,1,0,0,2
0.0,0.0,1.0,0.0,0.0,0.0,0.0,0,0.0,0.0,0.0,0.0,0.0,1.0,1,1,0,2,1.0,5.0,3.0,5.0,1.0,1.0,1.0,0.0,39,2.0,1.0,3.0,3.0,0,0,0,1,1,0,0,0,0,2
0.0,0.0,0.0,0.0,0.0,0.0,0.0,0,0.0,0.0,0.0,0.0,0.0,1.0,0,1,0,1,1.0,5.0,1.0,1.0,1.0,0.0,1.0,0.0,40,2.0,1.0,3.0,3.0,0,0,0,0,0,0,0,0,0,3
0.0,0.0,1.0,0.0,0.0,0.0,0.0,0,0.0,0.0,0.0,0.0,0.0,1.0,1,1,0,1,5.0,2.0,1.0,5.0,1.0,1.0,1.0,0.0,29,4.0,2.0,3.0,3.0,0,0,0,0,0,1,0,0,0,2
0.0,0.0,0.0,0.0,0.0,0.0,0.0,0,0.0,0.0,0.0,0.0,0.0,0.0,0,1,0,4,1.0,1.0,3.0,1.0,0.0,0.0,1.0,0.0,56,3.0,1.0,1.0,1.0,0,0,0,0,0,0,0,0,0,3
1.0,0.0,1.0,0.0,0.0,0.0,1.0,0,0.0,0.0,0.0,0.0,0.0,0.0,0,0,0,5,4.0,5.0,1.0,3.0,1.0,0.0,0.0,0.0,31,2.0,1.0,4.0,5.0,0,0,0,0,0,0,0,0,0,3
0.0,0.0,0.0,0.0,0.0,0.0,0.0,0,0.0,0.0,0.0,0.0,0.0,0.0,0,0,0,3,3.0,3.0,3.0,5.0,0.0,0.0,0.0,0.0,29,1.0,1.0,4.0,4.0,1,0,0,0,0,0,0,0,0,3
0.0,0.0,0.0,0.0,0.0,0.0,0.0,0,0.0,0.0,0.0,0.0,0.0,0.0,0,1,0,5,1.0,1.0,5.0,1.0,1.0,1.0,1.0,0.0,46,1.0,2.0,3.0,3.0,0,0,0,1,0,0,0,0,1,3
0.0,0.0,1.0,0.0,0.0,0.0,0.0,0,0.0,0.0,0.0,0.0,0.0,0.0,0,0,0,1,4.0,1.0,3.0,3.0,1.0,0.0,1.0,0.0,57,2.0,3.0,4.0,4.0,1,0,0,0,0,0,0,0,0,1
0.0,0.0,0.0,0.0,0.0,0.0,0.0,1,0.0,0.0,0.0,0.0,0.0,0.0,0,1,0,3,4.0,5.0,2.0,4.0,1.0,1.0,1.0,0.0,61,1.0,2.0,9.0,8.0,0,0,0,0,1,0,0,0,0,3
0.0,0.0,1.0,0.0,0.0,0.0,0.0,0,0.0,0.0,1.0,1.0,0.0,0.0,0,1,0,2,4.0,5.0,1.0,5.0,1.0,1.0,1.0,1.0,27,3.0,1.0,7.0,4.0,1,0,0,0,0,0,0,0,0,2
1.0,1.0,0.0,0.0,0.0,0.0,0.0,0,0.0,1.0,0.0,1.0,0.0,0.0,0,1,1,2,4.0,4.0,1.0,4.0,1.0,1.0,1.0,0.0,41,5.0,3.0,5.0,5.0,0,0,0,0,0,0,1,0,0,3
0.0,0.0,0.0,0.0,0.0,0.0,0.0,0,0.0,0.0,0.0,0.0,0.0,0.0,1,1,0,2,3.0,4.0,5.0,4.0,0.0,1.0,1.0,0.0,51,2.0,3.0,4.0,4.0,0,0,0,0,1,0,0,0,0,3
0.0,0.0,0.0,0.0,0.0,0.0,0.0,0,0.0,0.0,0.0,1.0,0.0,0.0,0,1,0,2,5.0,5.0,1.0,5.0,1.0,1.0,1.0,0.0,66,2.0,2.0,4.0,2.0,1,0,0,0,1,0,0,0,0,1
0.0,0.0,0.0,0.0,0.0,0.0,0.0,0,0.0,0.0,0.0,0.0,0.0,0.0,1,0,0,4,1.0,1.0,1.0,4.0,0.0,0.0,0.0,0.0,48,1.0,1.0,1.0,1.0,1,0,0,0,0,0,1,0,0,3
1.0,1.0,0.0,0.0,0.0,0.0,0.0,0,0.0,0.0,0.0,0.0,0.0,0.0,0,0,0,1,4.0,4.0,3.0,4.0,0.0,0.0,1.0,0.0,20,3.0,1.0,3.0,3.0,1,0,1,0,0,0,0,0,0,3
0.0,0.0,1.0,0.0,0.0,0.0,0.0,0,0.0,0.0,1.0,1.0,0.0,0.0,0,1,0,2,5.0,5.0,1.0,3.0,0.0,1.0,0.0,0.0,36,2.0,3.0,8.0,7.0,1,1,0,0,0,1,0,0,0,1
0.0,0.0,0.0,0.0,0.0,0.0,1.0,0,0.0,1.0,0.0,0.0,0.0,0.0,1,1,0,1,1.0,4.0,1.0,5.0,1.0,1.0,1.0,0.0,43,2.0,1.0,3.0,5.0,0,1,0,0,0,0,0,0,1,2
1.0,0.0,1.0,0.0,0.0,0.0,0.0,0,0.0,1.0,1.0,1.0,0.0,0.0,0,0,0,2,5.0,5.0,1.0,3.0,0.0,1.0,0.0,1.0,18,3.0,3.0,4.0,2.0,1,0,0,0,0,0,0,1,0,2
0.0,0.0,1.0,0.0,0.0,0.0,0.0,0,0.0,0.0,0.0,0.0,0.0,0.0,0,1,0,3,3.0,3.0,1.0,2.0,0.0,0.0,0.0,1.0,28,5.0,1.0,10.0,6.0,1,0,1,0,0,0,0,0,0,1
0.0,0.0,1.0,0.0,0.0,0.0,0.0,0,0.0,1.0,0.0,0.0,0.0,0.0,0,0,0,1,3.0,3.0,4.0,3.0,0.0,0.0,0.0,0.0,24,2.0,1.0,3.0,2.0,0,0,0,1,1,0,0,0,0,3
0.0,0.0,0.0,0.0,0.0,0.0,0.0,0,0.0,0.0,0.0,0.0,0.0,1.0,0,1,0,5,1.0,2.0,3.0,1.0,0.0,0.0,0.0,0.0,63,1.0,1.0,1.0,1.0,1,0,1,0,0,0,0,0,1,3
1.0,1.0,0.0,0.0,0.0,0.0,0.0,1,0.0,0.0,0.0,0.0,0.0,0.0,1,1,0,1,5.0,4.0,4.0,4.0,1.0,1.0,1.0,0.0,70,5.0,3.0,8.0,6.0,1,0,0,0,0,0,1,0,0,2
0.0,0.0,0.0,0.0,0.0,0.0,0.0,0,0.0,0.0,0.0,1.0,0.0,0.0,0,0,0,1,1.0,1.0,5.0,5.0,0.0,1.0,1.0,0.0,61,1.0,1.0,5.0,4.0,1,0,0,0,0,0,0,0,0,2
0.0,0.0,1.0,0.0,0.0,0.0,1.0,0,0.0,0.0,0.0,0.0,0.0,0.0,1,1,0,3,5.0,4.0,4.0,5.0,1.0,1.0,1.0,0.0,24,3.0,2.0,4.0,5.0,0,0,0,0,0,0,1,0,0,3
1.0,0.0,0.0,0.0,0.0,0.0,1.0,0,0.0,0.0,0.0,0.0,0.0,0.0,0,1,0,1,1.0,5.0,1.0,1.0,1.0,1.0,1.0,0.0,42,2.0,3.0,2.0,4.0,0,0,0,0,0,0,1,0,0,2
0.0,0.0,0.0,0.0,0.0,0.0,0.0,0,0.0,0.0,0.0,0.0,0.0,0.0,0,1,0,2,5.0,4.0,1.0,5.0,1.0,1.0,1.0,0.0,52,1.0,2.0,2.0,1.0,0,0,0,1,0,0,1,0,0,2
1.0,1.0,0.0,0.0,0.0,0.0,1.0,0,0.0,1.0,0.0,0.0,0.0,0.0,1,1,1,2,4.0,4.0,1.0,2.0,1.0,1.0,1.0,0.0,55,6.0,3.0,8.0,6.0,1,0,0,0,0,0,0,0,1,1
0.0,0.0,1.0,0.0,0.0,0.0,1.0,0,0.0,1.0,0.0,0.0,1.0,0.0,0,0,1,2,2.0,4.0,3.0,5.0,0.0,0.0,1.0,0.0,32,6.0,3.0,7.0,5.0,0,0,0,0,0,0,0,0,0,1
0.0,0.0,0.0,0.0,0.0,0.0,0.0,0,0.0,0.0,0.0,0.0,0.0,0.0,0,1,0,1,5.0,5.0,1.0,1.0,0.0,1.0,1.0,0.0,65,2.0,2.0,3.0,2.0,1,0,0,1,0,0,0,0,0,1
0.0,0.0,0.0,0.0,0.0,0.0,0.0,0,0.0,1.0,0.0,0.0,0.0,0.0,0,1,0,3,4.0,5.0,2.0,4.0,1.0,1.0,1.0,0.0,23,1.0,1.0,5.0,3.0,1,0,0,0,0,0,0,0,0,2
0.0,0.0,0.0,0.0,0.0,0.0,0.0,0,0.0,0.0,0.0,0.0,0.0,0.0,0,0,1,4,3.0,4.0,1.0,4.0,0.0,0.0,1.0,0.0,63,0.0,2.0,1.0,1.0,0,1,0,0,0,0,1,0,0,1
0.0,0.0,0.0,0.0,0.0,0.0,0.0,0,0.0,1.0,0.0,0.0,0.0,0.0,0,0,0,5,1.0,1.0,1.0,1.0,0.0,0.0,0.0,0.0,30,5.0,2.0,2.0,1.0,1,0,0,0,1,0,0,0,0,3
0.0,0.0,0.0,0.0,0.0,0.0,0.0,0,0.0,0.0,0.0,0.0,0.0,0.0,0,0,0,3,2.0,4.0,5.0,2.0,0.0,1.0,0.0,0.0,54,2.0,1.0,4.0,5.0,0,0,0,0,1,0,0,0,0,2
1.0,0.0,0.0,0.0,0.0,0.0,1.0,1,0.0,1.0,0.0,0.0,0.0,0.0,0,1,1,5,4.0,3.0,1.0,2.0,1.0,1.0,1.0,0.0,48,3.0,1.0,4.0,3.0,1,0,0,0,0,0,0,0,0,3
0.0,0.0,0.0,0.0,0.0,0.0,0.0,0,0.0,0.0,0.0,1.0,0.0,1.0,0,1,0,1,1.0,1.0,2.0,1.0,1.0,1.0,1.0,0.0,70,1.0,2.0,1.0,1.0,0,1,0,0,0,0,1,0,0,3
0.0,0.0,0.0,0.0,0.0,0.0,1.0,0,0.0,0.0,0.0,1.0,0.0,1.0,0,0,0,1,3.0,4.0,1.0,5.0,1.0,1.0,1.0,0.0,60,2.0,2.0,3.0,2.0,0,0,0,1,0,0,1,0,0,3
0.0,0.0,0.0,0.0,0.0,0.0,0.0,0,0.0,1.0,1.0,0.0,0.0,1.0,1,1,0,4,5.0,5.0,1.0,5.0,1.0,0.0,1.0,0.0,45,4.0,1.0,2.0,2.0,1,0,1,0,0,0,0,0,1,1
1.0,1.0,1.0,0.0,0.0,0.0,0.0,0,0.0,0.0,0.0,0.0,0.0,0.0,1,1,0,4,1.0,2.0,4.0,1.0,1.0,0.0,1.0,0.0,48,1.0,1.0,2.0,1.0,0,0,0,0,1,0,0,0,0,3
0.0,0.0,0.0,0.0,0.0,0.0,0.0,0,0.0,0.0,0.0,0.0,0.0,0.0,1,1,1,4,1.0,2.0,2.0,1.0,1.0,0.0,1.0,0.0,59,1.0,2.0,2.0,3.0,1,0,0,0,0,0,0,0,1,3
1.0,1.0,1.0,0.0,0.0,0.0,0.0,0,0.0,0.0,0.0,0.0,0.0,0.0,1,1,1,1,3.0,4.0,3.0,5.0,0.0,1.0,1.0,0.0,31,3.0,2.0,4.0,4.0,1,0,0,0,0,1,0,0,0,2
0.0,0.0,0.0,0.0,0.0,0.0,0.0,0,0.0,0.0,0.0,1.0,0.0,1.0,1,1,0,4,4.0,5.0,5.0,1.0,1.0,1.0,1.0,0.0,65,1.0,1.0,2.0,2.0,1,1,0,0,0,0,1,0,0,3
0.0,0.0,0.0,0.0,0.0,0.0,0.0,0,0.0,0.0,0.0,0.0,0.0,1.0,1,1,0,5,1.0,5.0,5.0,1.0,0.0,1.0,1.0,0.0,65,2.0,2.0,4.0,3.0,1,1,0,0,0,0,0,0,0,2
0.0,0.0,0.0,0.0,0.0,0.0,0.0,0,0.0,0.0,0.0,0.0,0.0,0.0,1,1,0,1,4.0,5.0,1.0,1.0,0.0,1.0,1.0,0.0,20,5.0,2.0,4.0,3.0,0,0,0,0,0,0,1,0,0,2
0.0,0.0,1.0,0.0,0.0,0.0,0.0,0,0.0,0.0,0.0,0.0,0.0,1.0,0,1,0,4,3.0,4.0,5.0,1.0,0.0,0.0,1.0,0.0,63,1.0,1.0,1.0,1.0,0,0,0,0,1,0,0,0,0,2
1.0,0.0,1.0,0.0,0.0,0.0,0.0,0,0.0,0.0,0.0,0.0,0.0,1.0,0,0,0,1,5.0,4.0,1.0,4.0,0.0,1.0,0.0,1.0,27,2.0,3.0,8.0,8.0,0,0,0,0,0,0,0,1,0,3
0.0,0.0,0.0,0.0,0.0,0.0,0.0,0,0.0,0.0,0.0,0.0,0.0,1.0,0,0,0,5,1.0,1.0,1.0,1.0,0.0,0.0,0.0,0.0,68,2.0,1.0,1.0,10.0,0,0,0,0,0,0,0,0,0,1
0.0,0.0,0.0,0.0,0.0,0.0,0.0,0,0.0,0.0,0.0,0.0,0.0,0.0,0,1,0,1,1.0,5.0,1.0,5.0,1.0,1.0,1.0,0.0,52,1.0,2.0,2.0,2.0,0,0,0,1,0,0,0,1,0,2
1.0,0.0,1.0,0.0,0.0,1.0,0.0,0,0.0,0.0,1.0,0.0,0.0,1.0,1,1,0,3,3.0,3.0,5.0,5.0,1.0,1.0,1.0,0.0,31,2.0,1.0,3.0,3.0,0,1,0,0,0,0,0,0,0,2
1.0,1.0,1.0,0.0,0.0,0.0,1.0,0,0.0,0.0,0.0,0.0,0.0,0.0,1,1,0,1,3.0,4.0,2.0,4.0,1.0,1.0,1.0,0.0,62,1.0,3.0,7.0,6.0,1,0,0,0,1,0,0,0,0,2
1.0,1.0,1.0,0.0,0.0,0.0,1.0,0,0.0,0.0,0.0,0.0,0.0,0.0,0,1,0,2,4.0,4.0,2.0,5.0,1.0,1.0,1.0,1.0,46,5.0,2.0,4.0,3.0,1,0,0,0,0,0,0,0,0,2
0.0,0.0,0.0,0.0,0.0,0.0,0.0,0,1.0,0.0,0.0,0.0,0.0,0.0,0,1,0,1,5.0,5.0,4.0,5.0,1.0,0.0,1.0,0.0,67,1.0,2.0,6.0,8.0,1,0,0,0,1,0,0,0,0,1
0.0,0.0,0.0,0.0,0.0,0.0,0.0,0,0.0,0.0,0.0,0.0,0.0,0.0,0,1,0,5,1.0,1.0,1.0,1.0,1.0,1.0,1.0,0.0,57,2.0,2.0,2.0,2.0,0,0,0,0,0,0,1,0,0,1
0.0,0.0,0.0,0.0,0.0,0.0,1.0,0,0.0,0.0,0.0,0.0,0.0,0.0,1,1,0,1,4.0,5.0,1.0,5.0,1.0,1.0,1.0,1.0,50,1.0,3.0,4.0,4.0,0,1,0,0,1,0,0,0,0,2
1.0,1.0,1.0,0.0,0.0,0.0,0.0,0,0.0,0.0,1.0,1.0,1.0,0.0,0,1,0,1,3.0,3.0,1.0,3.0,0.0,1.0,1.0,1.0,20,5.0,4.0,9.0,9.0,0,0,0,0,1,0,0,0,0,2
1.0,1.0,1.0,0.0,1.0,1.0,1.0,0,0.0,1.0,0.0,0.0,0.0,0.0,0,1,1,1,1.0,1.0,5.0,5.0,1.0,1.0,1.0,0.0,40,4.0,3.0,9.0,6.0,1,0,0,0,0,0,0,1,0,1
1.0,1.0,1.0,0.0,0.0,0.0,1.0,0,0.0,1.0,0.0,0.0,1.0,0.0,0,1,1,1,5.0,5.0,1.0,5.0,1.0,1.0,1.0,0.0,53,5.0,3.0,8.0,7.0,1,0,0,0,0,1,0,0,0,1
0.0,0.0,0.0,0.0,0.0,0.0,0.0,0,0.0,0.0,1.0,0.0,0.0,0.0,1,1,0,3,5.0,1.0,5.0,1.0,1.0,0.0,1.0,0.0,33,2.0,1.0,1.0,2.0,0,1,0,0,0,0,0,0,1,3
0.0,0.0,1.0,0.0,0.0,0.0,0.0,0,0.0,0.0,0.0,0.0,0.0,0.0,0,1,0,1,5.0,5.0,1.0,5.0,1.0,1.0,1.0,0.0,44,1.0,2.0,7.0,5.0,0,0,0,0,1,0,0,0,0,2
0.0,0.0,1.0,0.0,0.0,0.0,0.0,0,0.0,0.0,0.0,0.0,0.0,0.0,1,1,0,4,2.0,1.0,5.0,1.0,1.0,0.0,1.0,0.0,25,2.0,1.0,1.0,2.0,0,0,0,0,1,0,0,0,0,3
0.0,0.0,1.0,0.0,0.0,0.0,1.0,0,0.0,1.0,0.0,0.0,0.0,0.0,0,0,0,1,3.0,5.0,1.0,4.0,0.0,0.0,0.0,0.0,18,2.0,2.0,4.0,5.0,1,0,0,0,1,0,0,0,0,3
0.0,0.0,0.0,0.0,0.0,0.0,0.0,0,0.0,0.0,1.0,0.0,0.0,0.0,0,1,0,1,4.0,4.0,1.0,1.0,1.0,0.0,1.0,0.0,56,2.0,2.0,4.0,4.0,0,0,0,0,0,0,0,0,1,1
0.0,0.0,0.0,0.0,0.0,0.0,0.0,0,0.0,0.0,0.0,0.0,0.0,0.0,1,1,0,1,2.0,5.0,1.0,2.0,1.0,1.0,1.0,0.0,58,1.0,1.0,1.0,2.0,0,0,1,0,0,0,0,0,1,3
0.0,1.0,0.0,0.0,0.0,0.0,1.0,1,0.0,0.0,0.0,0.0,0.0,0.0,0,1,1,2,5.0,5.0,1.0,5.0,1.0,1.0,1.0,1.0,70,6.0,2.0,4.0,5.0,0,0,1,0,0,0,1,0,0,2
1.0,1.0,0.0,0.0,0.0,0.0,1.0,0,0.0,0.0,0.0,0.0,0.0,0.0,1,1,1,1,3.0,5.0,1.0,4.0,1.0,1.0,1.0,0.0,27,3.0,1.0,5.0,4.0,0,0,0,0,1,0,0,0,0,2
0.0,0.0,0.0,0.0,0.0,0.0,0.0,0,0.0,0.0,0.0,1.0,0.0,0.0,0,1,0,3,5.0,1.0,5.0,5.0,0.0,1.0,1.0,0.0,49,2.0,1.0,4.0,4.0,0,0,0,0,0,0,0,1,0,3
0.0,0.0,0.0,0.0,0.0,0.0,1.0,0,0.0,1.0,1.0,0.0,1.0,0.0,1,1,0,4,3.0,4.0,1.0,3.0,1.0,1.0,1.0,0.0,56,2.0,1.0,2.0,4.0,0,1,0,0,0,1,0,0,0,3
0.0,0.0,0.0,0.0,0.0,0.0,0.0,0,0.0,0.0,0.0,0.0,0.0,0.0,0,0,0,1,2.0,4.0,5.0,5.0,0.0,0.0,0.0,0.0,22,1.0,2.0,1.0,3.0,0,0,1,0,0,0,1,0,0,3
1.0,1.0,0.0,1.0,1.0,1.0,1.0,0,0.0,0.0,1.0,0.0,0.0,0.0,1,1,1,4,3.0,2.0,3.0,4.0,1.0,1.0,1.0,1.0,50,3.0,2.0,7.0,4.0,1,0,0,0,0,0,0,0,1,1
1.0,0.0,1.0,0.0,0.0,0.0,1.0,0,0.0,0.0,0.0,0.0,0.0,0.0,1,1,1,1,4.0,3.0,2.0,4.0,1.0,0.0,1.0,0.0,34,2.0,3.0,6.0,4.0,1,0,0,0,0,1,0,0,0,2
0.0,0.0,0.0,0.0,0.0,0.0,0.0,0,1.0,0.0,0.0,0.0,0.0,0.0,0,1,0,1,1.0,1.0,1.0,1.0,0.0,0.0,1.0,0.0,51,1.0,2.0,5.0,5.0,0,1,0,0,1,0,0,0,0,2
0.0,0.0,1.0,0.0,0.0,0.0,0.0,0,0.0,0.0,1.0,0.0,1.0,0.0,0,1,0,2,1.0,4.0,1.0,1.0,1.0,1.0,1.0,1.0,36,2.0,2.0,6.0,6.0,1,0,0,0,0,0,1,0,0,2
1.0,1.0,1.0,0.0,0.0,0.0,1.0,0,0.0,1.0,0.0,0.0,0.0,0.0,0,0,0,4,3.0,4.0,5.0,3.0,1.0,0.0,1.0,0.0,35,4.0,5.0,7.0,6.0,1,0,0,0,0,0,0,0,0,1
1.0,0.0,1.0,0.0,0.0,0.0,0.0,0,0.0,0.0,0.0,0.0,0.0,0.0,0,0,1,2,4.0,3.0,1.0,5.0,1.0,1.0,1.0,0.0,28,2.0,4.0,6.0,2.0,1,0,0,0,1,0,0,0,0,1
0.0,0.0,1.0,0.0,0.0,0.0,0.0,0,0.0,1.0,0.0,1.0,0.0,0.0,1,1,0,1,5.0,5.0,1.0,5.0,1.0,1.0,1.0,1.0,25,2.0,1.0,3.0,3.0,1,0,0,0,0,0,0,0,1,1
0.0,0.0,0.0,0.0,0.0,0.0,0.0,0,0.0,0.0,0.0,0.0,0.0,0.0,1,0,0,2,4.0,5.0,4.0,5.0,1.0,1.0,1.0,1.0,50,0.0,1.0,1.0,2.0,1,0,0,0,0,0,0,0,0,1
0.0,0.0,1.0,0.0,0.0,0.0,0.0,0,0.0,0.0,1.0,0.0,0.0,1.0,1,1,0,4,1.0,1.0,5.0,5.0,1.0,1.0,1.0,0.0,58,4.0,4.0,5.0,7.0,0,0,0,0,0,0,1,0,0,3
0.0,0.0,0.0,0.0,0.0,0.0,0.0,0,0.0,0.0,0.0,0.0,0.0,0.0,1,1,0,3,1.0,1.0,1.0,1.0,0.0,0.0,0.0,0.0,39,2.0,1.0,4.0,4.0,0,0,0,0,0,0,0,0,0,3
0.0,0.0,0.0,0.0,0.0,0.0,0.0,0,0.0,0.0,0.0,0.0,0.0,0.0,0,0,0,1,2.0,5.0,1.0,1.0,0.0,1.0,0.0,0.0,20,2.0,1.0,1.0,1.0,1,0,0,0,0,0,0,0,0,3
0.0,0.0,0.0,0.0,0.0,0.0,0.0,0,0.0,0.0,0.0,0.0,0.0,0.0,1,1,0,5,1.0,2.0,2.0,5.0,1.0,0.0,0.0,0.0,60,1.0,1.0,1.0,1.0,0,0,1,0,0,1,0,0,0,3
0.0,0.0,0.0,0.0,0.0,0.0,0.0,0,0.0,0.0,0.0,0.0,0.0,0.0,0,0,0,3,2.0,2.0,5.0,3.0,0.0,0.0,0.0,0.0,52,2.0,2.0,1.0,4.0,1,1,0,0,1,0,0,0,0,1
0.0,0.0,0.0,0.0,0.0,0.0,0.0,0,0.0,0.0,0.0,0.0,0.0,0.0,0,0,0,4,1.0,4.0,1.0,3.0,0.0,0.0,0.0,0.0,18,2.0,1.0,3.0,3.0,0,0,0,0,1,0,0,0,0,3
1.0,1.0,1.0,0.0,0.0,0.0,0.0,0,0.0,0.0,0.0,0.0,0.0,0.0,0,1,0,1,2.0,5.0,1.0,3.0,1.0,0.0,1.0,1.0,69,1.0,2.0,5.0,5.0,1,0,0,0,1,0,0,0,0,3
1.0,0.0,1.0,0.0,0.0,0.0,1.0,0,0.0,0.0,0.0,0.0,0.0,0.0,0,1,0,3,5.0,5.0,5.0,5.0,1.0,1.0,1.0,0.0,18,2.0,3.0,2.0,2.0,0,0,0,0,0,0,0,0,1,2
0.0,0.0,0.0,0.0,0.0,0.0,0.0,0,0.0,1.0,0.0,0.0,0.0,0.0,0,1,0,3,1.0,1.0,1.0,1.0,1.0,0.0,0.0,0.0,46,1.0,1.0,2.0,4.0,1,0,0,0,0,0,0,1,0,1
1.0,1.0,1.0,1.0,0.0,0.0,1.0,0,1.0,1.0,1.0,1.0,0.0,0.0,0,1,1,1,5.0,5.0,1.0,5.0,1.0,1.0,1.0,0.0,35,3.0,6.0,10.0,5.0,1,0,0,0,0,0,0,0,1,1
0.0,0.0,0.0,0.0,0.0,0.0,0.0,0,0.0,0.0,0.0,0.0,0.0,0.0,0,0,0,3,1.0,1.0,1.0,1.0,0.0,0.0,0.0,0.0,55,1.0,1.0,3.0,2.0,1,0,1,0,1,0,0,0,0,3
0.0,0.0,0.0,0.0,0.0,0.0,0.0,0,0.0,0.0,0.0,0.0,0.0,0.0,0,1,0,1,5.0,3.0,4.0,3.0,1.0,0.0,0.0,0.0,51,1.0,1.0,1.0,2.0,0,0,1,0,0,1,0,0,0,3
0.0,0.0,1.0,0.0,0.0,0.0,1.0,0,0.0,0.0,0.0,0.0,0.0,0.0,0,1,0,3,5.0,5.0,1.0,3.0,0.0,1.0,1.0,1.0,21,3.0,3.0,5.0,5.0,1,0,0,0,1,0,0,0,0,2
1.0,1.0,1.0,0.0,0.0,0.0,0.0,1,1.0,1.0,0.0,0.0,0.0,0.0,0,1,0,2,5.0,5.0,1.0,5.0,0.0,0.0,1.0,0.0,60,6.0,3.0,9.0,3.0,0,0,0,0,1,0,0,0,0,1
0.0,0.0,1.0,0.0,0.0,0.0,0.0,0,0.0,0.0,0.0,0.0,0.0,0.0,0,0,0,3,3.0,3.0,1.0,3.0,1.0,1.0,1.0,0.0,58,1.0,1.0,1.0,1.0,1,1,0,0,0,0,0,0,0,3
0.0,0.0,0.0,0.0,0.0,0.0,0.0,0,0.0,0.0,0.0,0.0,0.0,1.0,0,1,0,1,2.0,3.0,1.0,5.0,1.0,1.0,1.0,0.0,64,1.0,3.0,3.0,5.0,0,0,0,0,0,0,0,1,0,2
0.0,0.0,0.0,0.0,0.0,0.0,0.0,0,0.0,0.0,0.0,0.0,0.0,0.0,0,1,0,4,4.0,2.0,1.0,1.0,1.0,0.0,1.0,0.0,48,2.0,1.0,1.0,1.0,1,0,0,0,0,1,0,0,0,3
1.0,0.0,1.0,0.0,0.0,0.0,0.0,0,0.0,1.0,0.0,1.0,0.0,0.0,0,1,0,3,2.0,5.0,1.0,3.0,0.0,0.0,0.0,0.0,21,2.0,2.0,5.0,5.0,1,0,0,0,0,0,0,0,0,2
0.0,0.0,0.0,0.0,0.0,0.0,0.0,0,0.0,0.0,0.0,0.0,0.0,0.0,1,1,0,1,5.0,5.0,3.0,4.0,1.0,1.0,1.0,0.0,59,1.0,1.0,4.0,5.0,1,0,1,0,0,0,0,1,0,3
1.0,0.0,0.0,0.0,0.0,0.0,0.0,0,0.0,0.0,1.0,0.0,0.0,0.0,0,1,0,2,4.0,5.0,5.0,4.0,1.0,1.0,1.0,0.0,68,5.0,2.0,1.0,1.0,1,0,1,0,0,0,0,0,1,1
0.0,0.0,0.0,0.0,0.0,0.0,0.0,0,0.0,0.0,0.0,0.0,0.0,0.0,1,1,0,2,4.0,5.0,1.0,5.0,0.0,1.0,1.0,0.0,33,5.0,2.0,1.0,3.0,0,0,0,0,0,1,0,0,0,3
0.0,0.0,0.0,0.0,0.0,0.0,1.0,0,0.0,0.0,1.0,1.0,0.0,0.0,0,0,0,3,2.0,1.0,2.0,4.0,1.0,1.0,1.0,0.0,22,1.0,1.0,1.0,1.0,1,1,0,0,0,0,0,0,0,3
1.0,1.0,0.0,0.0,0.0,0.0,1.0,0,0.0,0.0,0.0,0.0,0.0,0.0,0,1,1,5,1.0,5.0,1.0,1.0,1.0,0.0,0.0,0.0,52,4.0,1.0,5.0,5.0,1,1,0,0,0,0,0,0,1,2
0.0,0.0,0.0,0.0,0.0,0.0,0.0,0,0.0,0.0,1.0,0.0,0.0,0.0,1,1,0,1,4.0,5.0,1.0,2.0,1.0,0.0,1.0,0.0,26,2.0,2.0,4.0,3.0,1,0,0,1,1,0,0,0,0,2
0.0,0.0,0.0,0.0,0.0,0.0,0.0,0,0.0,0.0,0.0,0.0,0.0,0.0,0,1,0,3,3.0,3.0,3.0,3.0,0.0,1.0,1.0,0.0,44,1.0,2.0,2.0,3.0,0,1,0,0,0,0,1,0,0,2
1.0,0.0,0.0,0.0,0.0,0.0,1.0,0,0.0,1.0,0.0,0.0,0.0,0.0,1,1,0,3,2.0,3.0,3.0,2.0,0.0,0.0,0.0,0.0,24,1.0,2.0,5.0,3.0,1,0,1,0,0,0,1,0,0,3
1.0,1.0,1.0,0.0,0.0,0.0,0.0,0,0.0,0.0,0.0,1.0,0.0,0.0,0,1,0,5,5.0,3.0,2.0,1.0,1.0,0.0,1.0,0.0,35,3.0,3.0,2.0,3.0,0,0,0,0,0,0,1,0,0,3
0.0,0.0,0.0,0.0,0.0,0.0,1.0,0,0.0,0.0,0.0,0.0,0.0,0.0,1,1,0,3,3.0,5.0,1.0,5.0,1.0,1.0,1.0,0.0,35,2.0,3.0,4.0,4.0,1,0,0,0,0,0,0,0,1,2
0.0,0.0,0.0,0.0,0.0,0.0,0.0,0,0.0,0.0,1.0,0.0,0.0,0.0,0,1,0,1,4.0,4.0,1.0,3.0,1.0,0.0,1.0,0.0,25,3.0,1.0,2.0,2.0,0,0,0,1,0,0,0,1,0,2
1.0,0.0,1.0,0.0,0.0,0.0,0.0,0,0.0,0.0,0.0,0.0,0.0,0.0,0,1,0,2,3.0,4.0,5.0,3.0,1.0,0.0,1.0,0.0,28,2.0,1.0,3.0,5.0,1,0,0,0,0,0,0,0,0,3
0.0,0.0,0.0,0.0,0.0,0.0,1.0,0,0.0,0.0,0.0,0.0,0.0,0.0,1,1,1,1,5.0,5.0,1.0,5.0,1.0,1.0,1.0,0.0,45,5.0,4.0,7.0,3.0,0,0,0,0,0,0,1,0,0,1
0.0,0.0,0.0,0.0,0.0,0.0,0.0,0,0.0,0.0,0.0,0.0,0.0,1.0,0,1,0,4,1.0,5.0,5.0,5.0,0.0,1.0,1.0,0.0,60,0.0,1.0,1.0,9.0,0,0,0,0,0,0,0,0,0,2
0.0,0.0,0.0,0.0,0.0,0.0,1.0,0,1.0,0.0,0.0,0.0,0.0,0.0,1,1,1,1,5.0,5.0,1.0,5.0,1.0,1.0,1.0,0.0,53,5.0,2.0,2.0,2.0,1,1,0,0,1,0,0,0,0,1
1.0,0.0,0.0,0.0,0.0,0.0,1.0,1,1.0,0.0,0.0,0.0,0.0,0.0,0,1,1,2,1.0,1.0,2.0,3.0,1.0,0.0,1.0,0.0,59,1.0,2.0,1.0,1.0,1,1,0,0,0,0,1,0,0,3
0.0,0.0,1.0,0.0,0.0,0.0,0.0,0,0.0,0.0,0.0,1.0,0.0,1.0,0,1,0,5,2.0,3.0,1.0,5.0,1.0,1.0,1.0,0.0,48,1.0,1.0,4.0,2.0,0,0,0,0,0,0,1,0,0,2
0.0,0.0,1.0,0.0,0.0,0.0,0.0,0,0.0,0.0,0.0,0.0,0.0,0.0,0,1,0,1,5.0,3.0,1.0,5.0,0.0,1.0,1.0,1.0,18,5.0,1.0,4.0,4.0,1,1,0,0,0,0,0,0,0,2
0.0,0.0,1.0,0.0,0.0,0.0,0.0,0,0.0,0.0,0.0,0.0,0.0,0.0,0,1,0,1,3.0,5.0,1.0,5.0,0.0,0.0,1.0,0.0,20,2.0,1.0,1.0,2.0,0,1,0,0,0,0,0,1,0,3
0.0,0.0,1.0,0.0,0.0,0.0,0.0,0,0.0,0.0,0.0,0.0,0.0,0.0,0,0,0,1,1.0,1.0,5.0,1.0,0.0,0.0,0.0,0.0,38,1.0,2.0,5.0,3.0,0,0,0,0,1,0,0,0,0,3
0.0,0.0,0.0,0.0,0.0,0.0,0.0,0,0.0,0.0,0.0,0.0,0.0,1.0,1,0,0,1,1.0,1.0,1.0,1.0,0.0,0.0,1.0,0.0,39,1.0,1.0,1.0,1.0,0,0,0,0,0,0,1,0,0,3
1.0,1.0,0.0,0.0,0.0,0.0,0.0,1,0.0,0.0,0.0,0.0,0.0,0.0,0,1,1,1,2.0,3.0,3.0,2.0,1.0,1.0,1.0,0.0,68,3.0,3.0,5.0,5.0,0,0,0,0,1,0,0,0,0,3
0.0,0.0,0.0,0.0,0.0,0.0,1.0,0,0.0,0.0,1.0,0.0,0.0,0.0,0,1,0,1,5.0,5.0,1.0,5.0,0.0,1.0,1.0,0.0,34,3.0,2.0,7.0,5.0,1,1,0,0,0,0,0,1,0,1
0.0,0.0,0.0,0.0,0.0,0.0,1.0,0,0.0,0.0,1.0,0.0,0.0,0.0,0,1,0,3,3.0,3.0,2.0,3.0,1.0,1.0,1.0,0.0,24,2.0,2.0,3.0,2.0,1,0,0,0,0,0,1,0,0,2
0.0,0.0,0.0,0.0,0.0,0.0,0.0,0,0.0,0.0,0.0,0.0,0.0,0.0,0,1,0,1,3.0,3.0,1.0,3.0,1.0,0.0,1.0,0.0,46,1.0,1.0,1.0,3.0,0,1,0,0,0,1,0,0,0,3
0.0,0.0,0.0,0.0,0.0,0.0,0.0,0,0.0,0.0,0.0,0.0,0.0,0.0,0,1,0,1,3.0,2.0,3.0,3.0,1.0,0.0,0.0,0.0,32,2.0,2.0,2.0,2.0,0,1,0,0,0,1,0,0,0,3
1.0,0.0,0.0,1.0,0.0,0.0,0.0,0,0.0,1.0,0.0,0.0,0.0,0.0,0,1,1,4,3.0,4.0,1.0,4.0,1.0,1.0,1.0,0.0,58,5.0,3.0,7.0,7.0,0,0,0,0,0,0,0,0,1,2
0.0,0.0,0.0,0.0,0.0,0.0,0.0,0,0.0,0.0,0.0,0.0,0.0,0.0,1,1,0,3,1.0,5.0,1.0,1.0,0.0,1.0,1.0,0.0,26,2.0,2.0,2.0,2.0,1,1,0,0,0,0,0,1,0,1
1.0,1.0,1.0,0.0,0.0,0.0,1.0,0,0.0,0.0,1.0,0.0,0.0,1.0,0,1,1,2,3.0,4.0,1.0,4.0,1.0,1.0,1.0,0.0,43,4.0,2.0,5.0,5.0,1,1,0,0,1,0,0,0,0,2
1.0,0.0,1.0,0.0,0.0,0.0,0.0,0,0.0,0.0,0.0,0.0,0.0,1.0,0,1,1,3,2.0,3.0,3.0,2.0,1.0,1.0,1.0,0.0,53,1.0,2.0,4.0,3.0,0,0,0,0,1,0,0,0,0,1
0.0,0.0,0.0,0.0,0.0,0.0,0.0,0,0.0,1.0,0.0,0.0,0.0,0.0,1,1,0,4,3.0,5.0,1.0,5.0,1.0,1.0,1.0,0.0,32,2.0,3.0,2.0,3.0,0,0,0,0,1,0,0,0,0,2
1.0,0.0,1.0,0.0,0.0,0.0,1.0,0,0.0,0.0,0.0,0.0,0.0,0.0,1,1,0,1,5.0,5.0,1.0,2.0,1.0,0.0,1.0,0.0,32,2.0,1.0,2.0,2.0,0,0,0,0,0,0,1,0,0,3
0.0,1.0,0.0,0.0,0.0,0.0,0.0,0,0.0,0.0,0.0,1.0,0.0,1.0,0,1,0,3,1.0,1.0,3.0,2.0,0.0,1.0,1.0,0.0,58,2.0,2.0,1.0,2.0,1,0,0,1,0,0,1,0,0,2
0.0,0.0,0.0,0.0,0.0,0.0,0.0,0,0.0,0.0,0.0,0.0,0.0,0.0,0,1,1,5,3.0,3.0,3.0,1.0,1.0,1.0,0.0,0.0,61,5.0,2.0,4.0,4.0,0,0,0,0,0,0,0,0,0,3
1.0,0.0,0.0,0.0,0.0,0.0,0.0,0,0.0,0.0,1.0,0.0,0.0,0.0,1,1,0,1,5.0,5.0,1.0,4.0,1.0,1.0,1.0,0.0,38,2.0,1.0,2.0,2.0,1,0,1,0,0,1,0,0,0,2
1.0,1.0,0.0,0.0,0.0,0.0,0.0,1,1.0,0.0,0.0,0.0,0.0,0.0,0,1,1,2,3.0,4.0,4.0,3.0,1.0,0.0,1.0,1.0,65,5.0,2.0,6.0,7.0,0,0,0,0,0,1,0,0,0,2
0.0,0.0,0.0,0.0,0.0,0.0,0.0,0,0.0,0.0,0.0,0.0,0.0,0.0,1,1,0,4,2.0,5.0,5.0,5.0,1.0,0.0,1.0,0.0,33,2.0,1.0,3.0,3.0,1,1,0,0,0,0,0,0,0,3
0.0,0.0,0.0,0.0,0.0,0.0,0.0,0,0.0,0.0,0.0,1.0,0.0,1.0,0,1,0,1,1.0,1.0,1.0,1.0,0.0,0.0,0.0,0.0,70,1.0,1.0,1.0,2.0,0,0,1,0,0,1,0,0,0,2
0.0,0.0,0.0,0.0,0.0,0.0,0.0,0,0.0,0.0,0.0,0.0,0.0,0.0,0,1,0,1,5.0,5.0,1.0,2.0,0.0,1.0,1.0,0.0,47,2.0,1.0,1.0,1.0,0,0,1,0,0,0,0,0,0,3
0.0,0.0,0.0,0.0,0.0,0.0,0.0,1,0.0,0.0,1.0,0.0,0.0,0.0,0,1,1,1,5.0,5.0,1.0,5.0,1.0,1.0,1.0,0.0,62,2.0,2.0,5.0,2.0,0,0,0,0,1,0,0,0,0,2
0.0,0.0,0.0,0.0,0.0,0.0,0.0,0,0.0,0.0,0.0,0.0,0.0,0.0,0,1,0,1,2.0,3.0,2.0,3.0,1.0,1.0,1.0,0.0,44,1.0,2.0,3.0,2.0,0,0,1,0,0,0,0,0,0,3
0.0,0.0,0.0,0.0,0.0,0.0,0.0,0,0.0,0.0,0.0,0.0,0.0,0.0,1,0,0,2,1.0,1.0,1.0,1.0,0.0,0.0,0.0,0.0,65,1.0,2.0,1.0,1.0,0,0,0,1,0,0,1,0,0,3
1.0,1.0,1.0,0.0,0.0,0.0,0.0,0,0.0,1.0,1.0,1.0,1.0,0.0,1,1,0,1,5.0,5.0,1.0,3.0,1.0,1.0,1.0,0.0,23,5.0,3.0,7.0,4.0,0,0,0,0,0,1,0,0,0,2
1.0,1.0,1.0,0.0,0.0,0.0,0.0,0,0.0,0.0,0.0,1.0,0.0,1.0,1,1,1,4,1.0,2.0,3.0,3.0,1.0,0.0,1.0,1.0,31,2.0,2.0,2.0,2.0,0,0,0,0,0,0,0,0,0,3
1.0,1.0,1.0,0.0,0.0,0.0,0.0,0,0.0,0.0,1.0,1.0,1.0,0.0,0,1,0,1,4.0,4.0,2.0,4.0,0.0,1.0,1.0,1.0,24,1.0,1.0,6.0,4.0,1,1,0,0,0,0,0,1,0,1
1.0,1.0,1.0,0.0,0.0,0.0,0.0,0,0.0,0.0,0.0,0.0,0.0,1.0,0,1,0,1,4.0,4.0,1.0,4.0,0.0,1.0,1.0,0.0,38,3.0,1.0,3.0,3.0,0,0,0,1,0,0,0,1,0,1
0.0,0.0,0.0,0.0,0.0,0.0,0.0,0,0.0,0.0,0.0,0.0,1.0,0.0,1,1,0,1,2.0,1.0,2.0,3.0,1.0,0.0,1.0,1.0,43,2.0,2.0,5.0,4.0,0,0,0,0,1,0,0,0,0,2
0.0,0.0,1.0,0.0,0.0,0.0,1.0,0,0.0,0.0,1.0,0.0,0.0,0.0,1,1,0,1,1.0,5.0,1.0,5.0,1.0,0.0,1.0,0.0,56,2.0,3.0,6.0,6.0,0,0,0,0,1,0,0,0,0,1
1.0,1.0,1.0,0.0,0.0,0.0,0.0,0,0.0,0.0,0.0,0.0,0.0,0.0,1,1,0,3,3.0,4.0,1.0,3.0,1.0,1.0,1.0,0.0,26,2.0,3.0,8.0,6.0,1,0,0,0,1,0,0,0,0,2
0.0,0.0,1.0,0.0,0.0,0.0,0.0,0,0.0,0.0,0.0,0.0,0.0,1.0,0,0,0,3,1.0,4.0,5.0,2.0,0.0,0.0,1.0,0.0,28,2.0,1.0,4.0,5.0,0,0,0,0,0,0,0,0,0,3
0.0,0.0,0.0,0.0,0.0,0.0,1.0,0,0.0,1.0,0.0,0.0,0.0,0.0,0,1,0,2,3.0,2.0,2.0,3.0,1.0,1.0,1.0,0.0,45,1.0,1.0,4.0,4.0,1,1,0,0,0,0,1,0,0,2
0.0,0.0,0.0,0.0,0.0,0.0,0.0,0,0.0,0.0,0.0,0.0,0.0,1.0,0,1,0,3,1.0,5.0,1.0,5.0,0.0,0.0,1.0,0.0,23,2.0,2.0,2.0,2.0,0,0,1,0,0,1,0,0,0,3
1.0,0.0,1.0,0.0,0.0,0.0,0.0,0,0.0,1.0,0.0,0.0,0.0,0.0,0,1,0,2,3.0,3.0,3.0,2.0,1.0,1.0,1.0,1.0,49,2.0,2.0,4.0,4.0,1,0,0,1,0,0,0,1,0,2
0.0,0.0,1.0,0.0,0.0,0.0,0.0,0,0.0,0.0,0.0,1.0,0.0,0.0,0,0,0,3,1.0,4.0,1.0,3.0,0.0,0.0,0.0,0.0,45,3.0,3.0,7.0,7.0,0,1,0,0,0,0,1,0,0,3
0.0,0.0,1.0,0.0,0.0,0.0,1.0,0,0.0,1.0,0.0,0.0,0.0,0.0,0,1,0,1,1.0,5.0,1.0,1.0,1.0,0.0,1.0,0.0,52,1.0,2.0,5.0,5.0,1,0,0,1,0,1,0,0,0,3
0.0,0.0,0.0,0.0,0.0,0.0,1.0,0,0.0,0.0,1.0,0.0,0.0,0.0,0,1,0,1,3.0,5.0,1.0,2.0,0.0,1.0,1.0,1.0,27,2.0,1.0,2.0,4.0,0,0,1,0,1,0,0,0,0,3
0.0,0.0,1.0,0.0,0.0,0.0,0.0,0,0.0,0.0,0.0,0.0,0.0,0.0,0,0,0,1,4.0,3.0,2.0,5.0,0.0,1.0,1.0,0.0,29,5.0,1.0,4.0,2.0,0,0,1,0,1,0,0,0,0,2
0.0,0.0,1.0,0.0,0.0,0.0,0.0,0,0.0,0.0,1.0,0.0,0.0,1.0,0,1,0,3,3.0,3.0,3.0,3.0,1.0,1.0,1.0,1.0,50,1.0,1.0,3.0,4.0,0,0,0,0,1,0,0,0,0,3
0.0,0.0,0.0,0.0,0.0,0.0,1.0,0,0.0,0.0,0.0,0.0,0.0,0.0,0,1,0,2,2.0,2.0,1.0,3.0,1.0,1.0,1.0,0.0,23,2.0,1.0,4.0,3.0,1,1,0,0,0,0,0,0,0,3
0.0,0.0,1.0,0.0,0.0,0.0,0.0,0,0.0,1.0,0.0,1.0,0.0,0.0,1,1,0,4,1.0,2.0,3.0,2.0,0.0,1.0,1.0,0.0,44,2.0,2.0,2.0,5.0,0,0,0,0,0,0,0,1,0,2
1.0,1.0,1.0,0.0,0.0,0.0,0.0,0,0.0,1.0,0.0,0.0,0.0,0.0,0,1,0,1,4.0,4.0,1.0,5.0,0.0,1.0,1.0,0.0,57,4.0,2.0,4.0,4.0,1,1,0,0,1,0,0,0,0,1
1.0,1.0,0.0,0.0,0.0,0.0,1.0,0,0.0,0.0,0.0,0.0,0.0,0.0,0,1,0,1,3.0,3.0,3.0,3.0,1.0,1.0,1.0,0.0,50,4.0,3.0,6.0,5.0,1,0,0,0,0,0,0,1,0,1
0.0,0.0,1.0,0.0,0.0,0.0,0.0,0,0.0,0.0,0.0,0.0,0.0,0.0,1,1,0,1,1.0,3.0,1.0,2.0,0.0,1.0,1.0,0.0,35,2.0,1.0,4.0,3.0,0,1,0,0,0,0,0,0,0,3
0.0,0.0,1.0,0.0,0.0,0.0,0.0,0,0.0,0.0,0.0,0.0,0.0,0.0,0,1,0,1,2.0,4.0,2.0,5.0,1.0,0.0,1.0,0.0,43,2.0,1.0,1.0,2.0,0,0,0,0,1,0,0,0,0,3
0.0,0.0,0.0,0.0,0.0,0.0,0.0,0,0.0,0.0,0.0,0.0,0.0,1.0,0,1,0,2,3.0,3.0,5.0,5.0,1.0,1.0,1.0,0.0,51,3.0,2.0,2.0,3.0,1,0,0,0,0,0,1,0,0,3
0.0,0.0,0.0,0.0,0.0,0.0,0.0,0,0.0,0.0,0.0,0.0,0.0,1.0,0,1,0,3,4.0,2.0,3.0,4.0,1.0,0.0,1.0,0.0,53,1.0,1.0,2.0,1.0,0,0,1,0,0,0,0,0,1,3
1.0,1.0,1.0,0.0,1.0,1.0,1.0,0,0.0,0.0,0.0,0.0,0.0,0.0,1,1,0,1,4.0,5.0,1.0,3.0,1.0,1.0,1.0,1.0,27,4.0,2.0,9.0,4.0,0,0,0,0,1,0,0,0,0,3
1.0,0.0,1.0,0.0,0.0,0.0,1.0,0,0.0,0.0,0.0,0.0,0.0,0.0,0,1,1,1,1.0,2.0,3.0,3.0,1.0,1.0,1.0,0.0,46,4.0,1.0,3.0,4.0,1,0,0,0,0,1,0,0,0,2
0.0,0.0,0.0,0.0,0.0,0.0,0.0,0,0.0,1.0,1.0,0.0,0.0,0.0,1,0,0,3,4.0,5.0,2.0,4.0,1.0,1.0,1.0,0.0,44,2.0,1.0,2.0,1.0,1,0,0,0,0,0,0,0,0,1
1.0,0.0,0.0,0.0,0.0,0.0,0.0,0,0.0,0.0,0.0,1.0,0.0,0.0,1,1,0,2,5.0,5.0,2.0,3.0,1.0,1.0,1.0,1.0,25,2.0,1.0,2.0,1.0,0,0,0,1,0,0,0,1,0,2
0.0,0.0,0.0,0.0,0.0,0.0,1.0,0,0.0,0.0,0.0,0.0,0.0,0.0,0,1,0,3,4.0,3.0,3.0,3.0,1.0,0.0,1.0,0.0,54,1.0,1.0,4.0,3.0,1,0,0,1,0,1,0,0,0,2
0.0,0.0,0.0,0.0,0.0,0.0,0.0,0,0.0,0.0,0.0,0.0,0.0,1.0,0,0,0,1,1.0,2.0,3.0,5.0,1.0,1.0,1.0,0.0,47,2.0,1.0,3.0,2.0,1,0,1,0,0,0,0,0,0,1
1.0,0.0,1.0,0.0,0.0,0.0,0.0,0,0.0,1.0,0.0,1.0,0.0,0.0,0,1,0,3,3.0,5.0,1.0,4.0,1.0,1.0,1.0,1.0,33,4.0,4.0,6.0,6.0,1,0,0,0,1,0,0,0,0,3
0.0,0.0,0.0,0.0,0.0,0.0,0.0,0,0.0,0.0,0.0,0.0,0.0,0.0,1,1,1,3,2.0,3.0,2.0,2.0,1.0,1.0,1.0,0.0,59,5.0,2.0,4.0,3.0,0,0,0,0,1,0,0,0,0,2
1.0,0.0,1.0,0.0,0.0,0.0,1.0,0,0.0,0.0,0.0,0.0,0.0,0.0,1,1,0,1,5.0,5.0,1.0,5.0,1.0,1.0,1.0,0.0,50,2.0,3.0,5.0,5.0,0,0,0,0,0,0,0,0,1,2
0.0,0.0,1.0,1.0,0.0,0.0,0.0,0,0.0,0.0,0.0,1.0,0.0,1.0,1,1,1,1,2.0,1.0,2.0,3.0,1.0,1.0,1.0,1.0,28,2.0,2.0,5.0,4.0,0,0,0,0,0,0,0,0,0,2
0.0,0.0,0.0,0.0,0.0,0.0,0.0,0,0.0,0.0,0.0,0.0,0.0,0.0,0,1,0,1,2.0,2.0,2.0,2.0,1.0,1.0,1.0,0.0,63,2.0,2.0,4.0,3.0,1,0,0,0,0,0,1,0,0,1
0.0,0.0,1.0,0.0,0.0,0.0,0.0,0,0.0,0.0,0.0,0.0,0.0,0.0,0,1,0,2,3.0,4.0,1.0,5.0,1.0,1.0,1.0,0.0,39,4.0,3.0,5.0,5.0,0,0,0,0,0,0,0,0,1,3
0.0,0.0,0.0,0.0,0.0,0.0,0.0,0,0.0,0.0,0.0,0.0,0.0,1.0,1,1,0,1,1.0,1.0,1.0,1.0,1.0,1.0,1.0,0.0,38,3.0,2.0,4.0,4.0,0,0,0,0,0,0,1,0,0,3
0.0,0.0,0.0,0.0,0.0,0.0,0.0,0,0.0,0.0,0.0,0.0,0.0,0.0,0,1,0,2,3.0,4.0,1.0,4.0,0.0,0.0,0.0,0.0,19,2.0,1.0,4.0,3.0,0,1,0,0,0,0,0,0,0,3
0.0,0.0,1.0,0.0,0.0,0.0,0.0,0,0.0,0.0,0.0,1.0,0.0,0.0,0,0,0,4,4.0,3.0,1.0,5.0,1.0,1.0,1.0,1.0,33,3.0,1.0,5.0,4.0,0,0,1,0,0,0,0,0,0,1
0.0,0.0,0.0,0.0,0.0,0.0,0.0,0,0.0,0.0,0.0,0.0,0.0,0.0,0,1,0,1,5.0,4.0,4.0,5.0,1.0,1.0,1.0,0.0,21,2.0,1.0,2.0,1.0,0,0,0,1,0,1,0,0,0,3
0.0,0.0,1.0,0.0,0.0,0.0,0.0,0,0.0,0.0,0.0,0.0,0.0,1.0,0,1,0,2,1.0,3.0,1.0,1.0,1.0,1.0,1.0,0.0,41,1.0,2.0,4.0,5.0,0,0,1,0,0,0,1,0,0,2
0.0,0.0,0.0,0.0,0.0,0.0,0.0,0,0.0,0.0,0.0,0.0,0.0,1.0,0,1,0,4,1.0,5.0,5.0,5.0,0.0,0.0,1.0,0.0,60,2.0,2.0,1.0,1.0,0,0,0,0,1,0,0,0,0,3
0.0,0.0,0.0,0.0,0.0,0.0,0.0,0,0.0,0.0,0.0,0.0,0.0,0.0,0,0,0,1,5.0,4.0,5.0,1.0,0.0,0.0,0.0,0.0,20,2.0,2.0,3.0,5.0,0,0,0,0,1,0,0,0,0,3
0.0,0.0,0.0,0.0,0.0,0.0,0.0,0,0.0,1.0,1.0,0.0,0.0,0.0,0,1,0,1,5.0,5.0,5.0,5.0,1.0,1.0,1.0,0.0,46,2.0,1.0,4.0,5.0,1,0,0,0,0,1,0,0,0,1
0.0,0.0,0.0,0.0,0.0,0.0,0.0,0,0.0,0.0,0.0,0.0,0.0,1.0,0,0,0,3,2.0,2.0,2.0,5.0,1.0,0.0,1.0,0.0,39,1.0,1.0,1.0,1.0,0,0,0,1,0,0,0,0,1,3
0.0,0.0,0.0,0.0,0.0,0.0,0.0,0,0.0,0.0,1.0,0.0,0.0,1.0,0,1,0,3,3.0,1.0,5.0,1.0,1.0,1.0,1.0,0.0,61,1.0,2.0,4.0,4.0,0,1,0,0,0,0,0,0,0,2
0.0,0.0,1.0,0.0,0.0,0.0,0.0,0,0.0,0.0,0.0,0.0,0.0,1.0,0,1,0,3,3.0,3.0,3.0,1.0,1.0,1.0,1.0,0.0,29,3.0,1.0,1.0,3.0,0,1,0,0,0,0,0,0,0,2
1.0,1.0,0.0,0.0,0.0,1.0,0.0,0,0.0,1.0,1.0,0.0,0.0,0.0,0,1,1,1,4.0,5.0,5.0,2.0,1.0,1.0,1.0,0.0,48,4.0,1.0,7.0,3.0,1,1,0,0,0,0,0,0,1,2
0.0,0.0,0.0,0.0,0.0,0.0,0.0,0,0.0,1.0,0.0,0.0,0.0,0.0,1,1,1,5,1.0,5.0,5.0,5.0,1.0,1.0,1.0,0.0,31,2.0,1.0,7.0,4.0,1,1,0,0,0,0,0,0,0,1
0.0,0.0,1.0,0.0,0.0,0.0,1.0,0,0.0,0.0,0.0,0.0,0.0,0.0,0,1,0,3,5.0,3.0,4.0,2.0,1.0,1.0,0.0,1.0,34,4.0,2.0,6.0,6.0,0,0,0,0,1,0,0,0,0,1
0.0,0.0,0.0,0.0,0.0,0.0,0.0,0,0.0,0.0,0.0,0.0,0.0,0.0,0,1,0,5,1.0,1.0,1.0,4.0,1.0,0.0,1.0,0.0,35,2.0,3.0,4.0,3.0,0,0,0,0,0,0,0,0,1,3
0.0,0.0,0.0,0.0,0.0,0.0,1.0,0,0.0,0.0,0.0,0.0,0.0,1.0,0,1,0,3,1.0,3.0,1.0,4.0,1.0,1.0,1.0,0.0,57,0.0,1.0,1.0,5.0,0,0,0,0,0,0,0,0,0,3
0.0,0.0,1.0,0.0,0.0,0.0,0.0,0,0.0,0.0,0.0,0.0,0.0,0.0,1,0,0,2,2.0,3.0,2.0,2.0,0.0,0.0,0.0,0.0,20,5.0,6.0,4.0,4.0,0,0,0,0,0,0,0,0,1,3
0.0,0.0,1.0,0.0,0.0,0.0,0.0,0,0.0,0.0,0.0,0.0,0.0,0.0,0,1,0,1,4.0,3.0,1.0,4.0,1.0,1.0,1.0,0.0,21,2.0,2.0,4.0,3.0,0,0,0,1,0,0,0,1,0,3
0.0,0.0,1.0,0.0,0.0,0.0,0.0,0,0.0,0.0,0.0,1.0,0.0,0.0,1,0,0,1,3.0,4.0,5.0,3.0,0.0,0.0,0.0,0.0,19,2.0,4.0,5.0,4.0,0,0,0,0,0,0,0,0,1,3
0.0,0.0,1.0,0.0,0.0,0.0,0.0,0,0.0,0.0,0.0,0.0,0.0,0.0,0,0,0,5,4.0,5.0,5.0,5.0,0.0,1.0,0.0,1.0,20,2.0,1.0,6.0,3.0,1,0,0,0,0,0,0,0,0,3
0.0,0.0,0.0,0.0,0.0,0.0,1.0,0,0.0,1.0,0.0,0.0,0.0,0.0,1,1,1,1,5.0,4.0,2.0,5.0,1.0,1.0,1.0,0.0,26,3.0,1.0,4.0,3.0,0,0,1,0,0,0,1,0,0,2
0.0,0.0,0.0,0.0,0.0,0.0,0.0,0,0.0,0.0,0.0,0.0,0.0,1.0,0,0,0,1,3.0,5.0,1.0,1.0,1.0,0.0,1.0,0.0,65,1.0,1.0,4.0,5.0,1,0,0,0,1,0,0,0,0,2
0.0,0.0,0.0,0.0,0.0,0.0,0.0,0,0.0,0.0,0.0,0.0,0.0,0.0,1,1,0,1,5.0,5.0,5.0,5.0,1.0,1.0,1.0,0.0,65,2.0,2.0,4.0,4.0,0,0,0,0,1,0,0,0,0,3
1.0,0.0,1.0,0.0,0.0,0.0,1.0,0,0.0,1.0,1.0,0.0,1.0,1.0,1,1,0,4,1.0,2.0,3.0,1.0,0.0,0.0,1.0,0.0,36,2.0,2.0,4.0,5.0,0,0,1,0,1,0,0,0,0,3
1.0,0.0,0.0,0.0,0.0,0.0,0.0,0,0.0,0.0,0.0,0.0,0.0,0.0,1,1,0,5,1.0,3.0,1.0,3.0,1.0,0.0,1.0,0.0,36,3.0,1.0,5.0,6.0,0,0,1,0,0,0,0,0,0,3
1.0,1.0,0.0,0.0,0.0,0.0,0.0,1,1.0,0.0,0.0,0.0,0.0,0.0,0,1,0,1,5.0,5.0,1.0,5.0,1.0,1.0,1.0,0.0,63,2.0,3.0,7.0,6.0,1,1,0,0,1,0,0,0,0,1
0.0,0.0,0.0,0.0,0.0,0.0,0.0,0,0.0,0.0,0.0,0.0,0.0,0.0,0,0,0,1,1.0,2.0,4.0,3.0,0.0,0.0,0.0,0.0,18,3.0,1.0,4.0,5.0,0,1,0,0,0,0,0,1,0,3
0.0,0.0,0.0,0.0,0.0,0.0,0.0,0,0.0,0.0,0.0,0.0,0.0,1.0,0,1,0,1,1.0,4.0,1.0,1.0,0.0,0.0,1.0,0.0,67,1.0,1.0,1.0,1.0,1,0,1,0,0,0,1,0,0,1
0.0,0.0,1.0,0.0,0.0,0.0,0.0,0,0.0,0.0,0.0,1.0,0.0,0.0,1,1,0,3,1.0,3.0,3.0,1.0,1.0,0.0,1.0,0.0,24,2.0,2.0,4.0,4.0,0,0,1,0,0,0,1,0,0,3
0.0,1.0,1.0,0.0,0.0,0.0,0.0,0,0.0,0.0,0.0,1.0,0.0,1.0,1,1,0,4,3.0,5.0,3.0,3.0,1.0,1.0,1.0,0.0,36,3.0,1.0,4.0,3.0,0,0,0,0,0,1,0,0,0,3
0.0,0.0,0.0,0.0,0.0,0.0,0.0,0,0.0,0.0,0.0,0.0,0.0,1.0,0,1,0,1,4.0,5.0,3.0,3.0,0.0,1.0,1.0,0.0,37,2.0,1.0,2.0,1.0,0,0,1,0,0,0,0,0,0,2
0.0,0.0,0.0,0.0,0.0,0.0,0.0,0,0.0,0.0,1.0,0.0,0.0,0.0,1,1,0,2,5.0,5.0,1.0,5.0,1.0,1.0,1.0,0.0,18,2.0,2.0,3.0,4.0,0,1,0,0,0,1,0,0,0,3
0.0,0.0,0.0,0.0,0.0,0.0,0.0,0,0.0,0.0,0.0,0.0,0.0,0.0,0,0,0,3,3.0,2.0,2.0,3.0,1.0,0.0,1.0,0.0,63,2.0,1.0,2.0,3.0,1,0,0,0,1,0,0,0,0,1
0.0,0.0,0.0,0.0,0.0,0.0,0.0,0,0.0,0.0,0.0,1.0,0.0,0.0,1,1,0,1,4.0,1.0,1.0,3.0,0.0,0.0,1.0,0.0,22,2.0,3.0,6.0,5.0,0,0,0,0,1,0,0,0,0,2
0.0,0.0,1.0,0.0,0.0,0.0,1.0,0,0.0,0.0,1.0,0.0,0.0,0.0,0,0,0,1,5.0,5.0,1.0,5.0,0.0,0.0,0.0,0.0,19,2.0,3.0,9.0,6.0,1,0,0,0,0,0,0,0,1,3
1.0,1.0,0.0,1.0,0.0,0.0,0.0,0,0.0,0.0,1.0,0.0,0.0,1.0,0,1,0,2,1.0,5.0,5.0,5.0,1.0,1.0,1.0,1.0,65,2.0,1.0,4.0,5.0,1,0,0,1,0,0,0,0,0,1
0.0,0.0,0.0,0.0,0.0,0.0,1.0,0,0.0,0.0,0.0,0.0,0.0,0.0,0,1,0,4,5.0,5.0,5.0,5.0,1.0,1.0,1.0,0.0,68,2.0,1.0,1.0,1.0,0,0,0,0,0,0,0,0,0,2
0.0,0.0,0.0,0.0,0.0,0.0,0.0,0,1.0,0.0,0.0,0.0,0.0,0.0,0,1,0,2,3.0,5.0,5.0,5.0,0.0,1.0,1.0,0.0,57,1.0,1.0,3.0,2.0,0,0,0,0,1,0,0,0,0,3
1.0,0.0,0.0,0.0,0.0,0.0,0.0,0,0.0,0.0,0.0,0.0,0.0,0.0,1,1,0,3,5.0,5.0,4.0,5.0,1.0,1.0,1.0,0.0,42,2.0,1.0,4.0,6.0,1,1,0,0,0,0,0,0,0,3
0.0,0.0,0.0,0.0,0.0,0.0,0.0,0,0.0,1.0,0.0,0.0,0.0,0.0,1,1,0,1,1.0,4.0,4.0,1.0,1.0,0.0,0.0,0.0,57,0.0,2.0,1.0,2.0,1,1,0,0,0,0,1,0,0,3
0.0,0.0,0.0,0.0,0.0,0.0,0.0,0,0.0,0.0,0.0,0.0,0.0,1.0,1,1,0,1,2.0,1.0,1.0,1.0,1.0,0.0,1.0,0.0,63,4.0,2.0,1.0,2.0,1,0,0,0,0,0,0,0,0,1
1.0,0.0,1.0,0.0,0.0,0.0,1.0,0,0.0,0.0,0.0,0.0,0.0,0.0,1,1,0,1,5.0,5.0,1.0,5.0,1.0,1.0,1.0,0.0,26,3.0,4.0,5.0,4.0,0,0,0,0,1,0,0,0,0,2
0.0,0.0,1.0,0.0,0.0,0.0,0.0,0,0.0,0.0,0.0,0.0,0.0,1.0,1,1,1,3,3.0,4.0,1.0,5.0,0.0,0.0,1.0,0.0,29,2.0,1.0,4.0,4.0,0,0,0,0,1,0,0,0,0,3
0.0,0.0,0.0,0.0,0.0,0.0,0.0,0,0.0,0.0,0.0,0.0,0.0,0.0,1,1,0,4,5.0,5.0,5.0,5.0,1.0,0.0,1.0,0.0,43,2.0,2.0,3.0,4.0,0,0,0,0,0,0,0,0,0,2
0.0,0.0,0.0,0.0,0.0,0.0,0.0,0,0.0,0.0,0.0,0.0,0.0,1.0,0,1,0,4,3.0,3.0,3.0,2.0,1.0,1.0,1.0,0.0,44,3.0,1.0,2.0,3.0,0,0,0,0,0,0,0,0,0,2
0.0,0.0,0.0,0.0,0.0,0.0,1.0,0,0.0,0.0,0.0,0.0,0.0,0.0,0,1,0,3,3.0,3.0,3.0,3.0,1.0,0.0,1.0,0.0,49,1.0,1.0,3.0,5.0,1,1,0,0,0,0,1,0,0,2
0.0,0.0,0.0,0.0,0.0,0.0,0.0,0,0.0,0.0,0.0,0.0,0.0,0.0,0,1,0,3,1.0,5.0,1.0,1.0,1.0,0.0,1.0,0.0,66,1.0,2.0,2.0,2.0,0,1,0,0,0,0,1,0,0,3
1.0,0.0,0.0,0.0,0.0,0.0,0.0,1,0.0,0.0,0.0,0.0,0.0,0.0,1,1,1,3,4.0,5.0,5.0,4.0,1.0,1.0,1.0,0.0,68,2.0,2.0,4.0,10.0,1,0,0,0,0,0,0,0,1,3
1.0,1.0,0.0,0.0,0.0,0.0,0.0,0,0.0,0.0,1.0,0.0,0.0,0.0,1,1,0,5,3.0,2.0,3.0,3.0,1.0,1.0,1.0,0.0,45,2.0,2.0,5.0,3.0,0,0,0,1,1,0,0,0,0,3
0.0,0.0,0.0,0.0,0.0,0.0,0.0,0,0.0,0.0,0.0,0.0,0.0,0.0,0,1,0,4,1.0,1.0,1.0,1.0,1.0,0.0,1.0,0.0,53,1.0,1.0,2.0,2.0,0,1,0,0,0,0,0,0,0,2
1.0,1.0,1.0,0.0,0.0,0.0,1.0,0,0.0,0.0,0.0,1.0,0.0,0.0,1,1,1,5,1.0,1.0,1.0,1.0,1.0,0.0,1.0,0.0,39,2.0,1.0,6.0,7.0,1,0,0,0,1,0,0,0,0,3
1.0,1.0,1.0,0.0,0.0,0.0,0.0,0,0.0,0.0,0.0,0.0,0.0,0.0,0,0,1,3,1.0,5.0,1.0,3.0,0.0,0.0,0.0,1.0,20,3.0,3.0,4.0,3.0,0,0,0,0,1,0,0,0,0,3
0.0,0.0,1.0,0.0,0.0,0.0,0.0,0,0.0,0.0,1.0,1.0,0.0,0.0,1,1,0,1,5.0,3.0,1.0,5.0,1.0,1.0,1.0,1.0,40,3.0,2.0,8.0,7.0,1,0,1,0,0,0,0,1,0,1
0.0,0.0,0.0,0.0,0.0,0.0,0.0,0,0.0,0.0,0.0,1.0,0.0,1.0,1,1,0,4,5.0,1.0,5.0,5.0,1.0,0.0,1.0,0.0,53,1.0,2.0,1.0,2.0,0,0,1,0,1,0,0,0,0,3
0.0,0.0,1.0,0.0,0.0,0.0,0.0,0,0.0,0.0,0.0,0.0,0.0,1.0,0,1,0,3,2.0,3.0,3.0,2.0,0.0,0.0,1.0,0.0,41,1.0,2.0,4.0,4.0,0,0,0,0,0,0,1,0,0,3
1.0,1.0,1.0,0.0,1.0,0.0,1.0,0,0.0,0.0,0.0,0.0,0.0,0.0,0,1,1,1,4.0,5.0,1.0,4.0,0.0,1.0,1.0,1.0,27,6.0,4.0,10.0,10.0,1,0,0,0,1,0,0,0,0,1
0.0,0.0,0.0,0.0,0.0,0.0,0.0,0,0.0,1.0,0.0,1.0,0.0,0.0,0,0,1,1,1.0,5.0,1.0,5.0,1.0,0.0,1.0,0.0,64,2.0,3.0,5.0,2.0,1,0,0,0,0,0,0,0,1,1
0.0,0.0,0.0,0.0,0.0,0.0,0.0,0,0.0,0.0,0.0,0.0,0.0,1.0,1,1,0,2,1.0,2.0,3.0,2.0,0.0,0.0,1.0,0.0,62,1.0,1.0,4.0,4.0,0,0,0,0,0,0,1,0,0,3
1.0,0.0,0.0,0.0,0.0,0.0,1.0,0,0.0,1.0,1.0,1.0,0.0,1.0,1,1,1,3,3.0,5.0,1.0,5.0,1.0,1.0,1.0,0.0,59,1.0,1.0,4.0,5.0,1,1,0,0,0,1,0,0,0,2
0.0,0.0,0.0,0.0,0.0,0.0,0.0,0,0.0,0.0,0.0,0.0,0.0,0.0,1,1,0,5,1.0,2.0,3.0,5.0,0.0,0.0,1.0,0.0,37,1.0,1.0,3.0,2.0,0,1,0,0,0,0,0,0,0,2
1.0,1.0,0.0,0.0,0.0,0.0,1.0,0,0.0,1.0,0.0,0.0,0.0,0.0,1,1,1,1,1.0,5.0,1.0,3.0,1.0,0.0,1.0,0.0,38,4.0,2.0,7.0,8.0,0,0,0,1,1,0,0,0,0,3
0.0,0.0,0.0,0.0,0.0,0.0,0.0,0,0.0,1.0,0.0,0.0,0.0,0.0,0,1,0,3,4.0,4.0,3.0,3.0,1.0,1.0,1.0,0.0,42,2.0,2.0,2.0,2.0,1,0,0,1,0,0,0,1,0,1
1.0,0.0,0.0,0.0,0.0,0.0,0.0,1,0.0,0.0,0.0,0.0,0.0,0.0,0,1,1,5,5.0,4.0,5.0,1.0,1.0,1.0,1.0,0.0,70,2.0,4.0,5.0,6.0,1,0,0,0,0,0,1,0,0,3
0.0,0.0,0.0,0.0,0.0,0.0,0.0,0,0.0,0.0,0.0,0.0,0.0,0.0,0,1,0,3,3.0,3.0,5.0,1.0,1.0,0.0,0.0,0.0,59,2.0,1.0,4.0,4.0,0,1,0,0,0,0,0,0,1,3
1.0,1.0,1.0,0.0,0.0,0.0,1.0,0,0.0,0.0,0.0,0.0,0.0,0.0,0,1,0,1,3.0,4.0,2.0,3.0,0.0,1.0,0.0,0.0,46,6.0,3.0,7.0,5.0,0,0,0,0,0,1,0,0,0,2
0.0,0.0,1.0,0.0,0.0,0.0,0.0,0,0.0,1.0,0.0,0.0,0.0,0.0,1,1,0,3,2.0,5.0,1.0,1.0,1.0,0.0,1.0,0.0,60,2.0,2.0,3.0,6.0,0,0,0,0,0,0,1,0,0,1
1.0,1.0,1.0,0.0,0.0,0.0,0.0,0,0.0,0.0,0.0,0.0,0.0,1.0,0,1,0,1,2.0,4.0,2.0,4.0,1.0,0.0,1.0,0.0,31,2.0,1.0,4.0,4.0,1,0,0,0,1,0,0,0,0,3
1.0,1.0,0.0,0.0,0.0,0.0,0.0,1,0.0,0.0,0.0,0.0,0.0,0.0,1,1,0,1,5.0,5.0,1.0,4.0,1.0,1.0,1.0,0.0,67,2.0,2.0,5.0,4.0,1,0,0,0,1,0,0,0,0,1
0.0,0.0,1.0,1.0,0.0,0.0,1.0,0,0.0,0.0,0.0,0.0,0.0,0.0,1,1,0,5,3.0,5.0,1.0,3.0,1.0,1.0,1.0,0.0,27,3.0,1.0,2.0,4.0,0,1,0,0,0,0,0,0,0,3
0.0,0.0,1.0,0.0,0.0,0.0,0.0,0,0.0,0.0,0.0,0.0,0.0,1.0,0,1,0,5,3.0,1.0,5.0,5.0,1.0,1.0,1.0,0.0,40,2.0,1.0,1.0,2.0,0,1,0,0,0,0,0,0,1,2
0.0,0.0,1.0,0.0,0.0,0.0,0.0,0,0.0,0.0,0.0,1.0,0.0,0.0,0,1,0,1,3.0,3.0,1.0,2.0,0.0,0.0,0.0,0.0,44,1.0,1.0,2.0,4.0,0,1,0,0,0,0,0,0,0,1
1.0,0.0,0.0,0.0,0.0,0.0,1.0,0,0.0,0.0,0.0,0.0,0.0,0.0,1,1,1,1,2.0,2.0,1.0,5.0,1.0,1.0,1.0,0.0,35,3.0,2.0,6.0,7.0,1,1,0,0,0,0,0,1,0,2
0.0,0.0,1.0,0.0,0.0,0.0,0.0,0,0.0,0.0,0.0,0.0,0.0,0.0,0,1,0,1,5.0,5.0,3.0,5.0,1.0,1.0,1.0,1.0,27,4.0,2.0,4.0,3.0,1,0,0,0,0,0,0,0,0,1
0.0,0.0,0.0,0.0,0.0,0.0,0.0,0,0.0,0.0,0.0,0.0,0.0,0.0,0,0,0,3,1.0,2.0,1.0,1.0,0.0,1.0,1.0,0.0,53,1.0,1.0,3.0,4.0,0,0,0,0,0,0,0,0,1,1
0.0,0.0,0.0,0.0,0.0,0.0,0.0,0,0.0,0.0,0.0,0.0,0.0,1.0,0,1,0,4,1.0,1.0,1.0,1.0,0.0,0.0,0.0,0.0,70,1.0,1.0,4.0,2.0,1,0,0,1,1,0,0,0,0,3
1.0,1.0,0.0,0.0,0.0,0.0,0.0,1,0.0,0.0,0.0,0.0,0.0,0.0,0,1,0,1,5.0,5.0,1.0,5.0,0.0,1.0,1.0,0.0,67,6.0,3.0,9.0,8.0,0,0,0,0,0,0,0,0,1,1
1.0,1.0,1.0,0.0,0.0,0.0,1.0,1,0.0,0.0,1.0,0.0,0.0,0.0,0,1,0,1,4.0,5.0,3.0,3.0,1.0,0.0,1.0,0.0,41,4.0,2.0,7.0,6.0,1,1,0,0,0,1,0,0,0,1
1.0,1.0,1.0,0.0,0.0,1.0,1.0,0,0.0,0.0,0.0,0.0,0.0,0.0,1,1,0,1,4.0,5.0,1.0,4.0,1.0,1.0,1.0,0.0,39,5.0,2.0,7.0,6.0,1,0,1,0,0,1,0,0,0,1
1.0,0.0,1.0,0.0,0.0,0.0,0.0,0,0.0,0.0,0.0,0.0,0.0,0.0,0,1,1,2,5.0,5.0,3.0,3.0,1.0,1.0,1.0,0.0,23,4.0,2.0,1.0,7.0,1,0,0,1,1,0,0,0,0,3
0.0,0.0,0.0,0.0,0.0,0.0,1.0,0,0.0,0.0,0.0,0.0,0.0,0.0,0,1,0,3,2.0,2.0,3.0,2.0,0.0,0.0,0.0,0.0,41,2.0,1.0,5.0,4.0,1,0,0,0,0,0,0,0,0,3
0.0,0.0,0.0,0.0,0.0,0.0,0.0,0,0.0,0.0,0.0,0.0,0.0,0.0,1,1,0,2,4.0,4.0,1.0,5.0,1.0,0.0,1.0,0.0,42,2.0,1.0,2.0,2.0,0,0,0,0,0,0,0,0,0,2
1.0,1.0,1.0,0.0,0.0,0.0,1.0,0,0.0,0.0,0.0,0.0,0.0,0.0,1,1,1,1,3.0,5.0,1.0,5.0,0.0,1.0,1.0,1.0,28,3.0,1.0,6.0,4.0,1,0,1,0,0,0,0,0,0,1
0.0,1.0,0.0,0.0,0.0,0.0,1.0,0,0.0,1.0,0.0,0.0,0.0,0.0,0,1,1,2,4.0,4.0,1.0,4.0,1.0,1.0,1.0,0.0,33,4.0,2.0,5.0,2.0,0,0,0,0,0,0,0,0,1,1
0.0,0.0,0.0,0.0,0.0,0.0,0.0,0,0.0,0.0,0.0,0.0,0.0,1.0,0,1,0,4,4.0,3.0,1.0,5.0,1.0,1.0,1.0,0.0,46,2.0,1.0,2.0,2.0,0,1,0,0,0,0,0,0,0,1
0.0,0.0,0.0,0.0,0.0,0.0,0.0,0,0.0,0.0,0.0,0.0,0.0,0.0,0,1,0,1,3.0,4.0,2.0,5.0,1.0,1.0,1.0,0.0,56,1.0,1.0,4.0,3.0,0,0,1,0,0,0,0,0,1,2
0.0,0.0,0.0,0.0,0.0,0.0,0.0,0,0.0,0.0,0.0,0.0,0.0,0.0,1,1,0,1,1.0,5.0,5.0,5.0,0.0,0.0,1.0,0.0,21,2.0,2.0,2.0,2.0,1,0,1,0,1,0,0,0,0,2
1.0,1.0,1.0,0.0,0.0,0.0,1.0,0,1.0,0.0,0.0,0.0,0.0,0.0,0,1,1,1,5.0,5.0,1.0,1.0,1.0,1.0,1.0,1.0,60,5.0,2.0,7.0,2.0,0,1,0,0,1,0,0,0,0,1
0.0,0.0,0.0,0.0,0.0,0.0,1.0,0,0.0,1.0,1.0,0.0,0.0,0.0,0,1,0,1,2.0,2.0,5.0,4.0,0.0,1.0,1.0,0.0,18,2.0,1.0,6.0,7.0,1,0,0,0,1,0,0,0,0,2
0.0,0.0,0.0,0.0,0.0,0.0,0.0,0,0.0,0.0,0.0,1.0,0.0,1.0,1,1,0,4,1.0,5.0,5.0,1.0,1.0,1.0,1.0,0.0,43,1.0,2.0,4.0,2.0,0,0,0,1,0,0,0,0,1,2
0.0,0.0,0.0,0.0,0.0,0.0,0.0,0,0.0,0.0,0.0,0.0,0.0,0.0,1,1,0,1,5.0,5.0,5.0,5.0,1.0,0.0,1.0,0.0,56,1.0,3.0,2.0,4.0,0,0,0,0,0,1,0,0,0,2
0.0,0.0,0.0,0.0,0.0,0.0,0.0,0,0.0,0.0,1.0,0.0,0.0,0.0,1,1,0,1,5.0,5.0,1.0,2.0,1.0,1.0,1.0,0.0,27,4.0,2.0,5.0,3.0,1,0,1,0,1,0,0,0,0,1
0.0,1.0,1.0,0.0,0.0,0.0,0.0,1,0.0,0.0,0.0,0.0,0.0,1.0,0,1,0,3,5.0,5.0,5.0,2.0,1.0,0.0,1.0,1.0,68,1.0,3.0,2.0,2.0,0,0,0,0,0,0,1,0,0,3
1.0,1.0,0.0,0.0,0.0,0.0,0.0,0,1.0,0.0,1.0,0.0,0.0,0.0,0,1,0,3,4.0,5.0,1.0,5.0,0.0,1.0,1.0,0.0,37,5.0,3.0,6.0,4.0,0,0,0,0,0,0,0,1,0,2
1.0,1.0,1.0,0.0,0.0,0.0,0.0,0,0.0,1.0,0.0,1.0,1.0,0.0,0,1,0,3,4.0,4.0,1.0,3.0,1.0,1.0,1.0,0.0,38,5.0,3.0,2.0,3.0,0,0,0,1,0,0,1,0,0,1
0.0,0.0,0.0,0.0,0.0,0.0,0.0,0,0.0,0.0,0.0,0.0,0.0,0.0,0,1,0,3,2.0,4.0,1.0,3.0,1.0,0.0,1.0,0.0,22,2.0,1.0,2.0,2.0,0,1,0,0,0,0,1,0,0,1
0.0,0.0,1.0,0.0,0.0,0.0,0.0,0,0.0,0.0,0.0,0.0,0.0,1.0,1,1,0,4,4.0,4.0,2.0,1.0,1.0,1.0,1.0,0.0,31,5.0,2.0,2.0,5.0,0,0,0,1,1,0,0,0,0,3
0.0,0.0,0.0,0.0,0.0,0.0,0.0,0,0.0,0.0,0.0,0.0,1.0,0.0,0,1,0,4,3.0,4.0,1.0,2.0,1.0,1.0,1.0,0.0,60,1.0,2.0,4.0,4.0,1,0,0,0,0,1,0,0,0,1
1.0,0.0,1.0,0.0,0.0,0.0,0.0,0,0.0,0.0,0.0,0.0,0.0,0.0,0,1,0,1,3.0,5.0,5.0,4.0,1.0,1.0,1.0,0.0,38,2.0,1.0,2.0,4.0,0,0,0,1,0,0,0,1,0,1
0.0,0.0,0.0,0.0,0.0,0.0,0.0,0,0.0,0.0,0.0,0.0,0.0,0.0,1,0,1,1,3.0,5.0,1.0,4.0,0.0,1.0,1.0,0.0,21,1.0,1.0,2.0,2.0,0,0,0,0,0,0,1,0,0,3
0.0,0.0,0.0,0.0,0.0,0.0,0.0,0,0.0,0.0,0.0,0.0,0.0,1.0,1,0,0,2,2.0,4.0,1.0,1.0,0.0,0.0,0.0,0.0,22,2.0,1.0,3.0,3.0,0,1,0,0,0,0,0,0,0,3
1.0,0.0,0.0,0.0,0.0,0.0,0.0,0,0.0,0.0,0.0,0.0,0.0,0.0,1,1,0,3,2.0,2.0,1.0,1.0,1.0,0.0,1.0,0.0,22,2.0,2.0,2.0,4.0,0,0,0,0,0,0,0,1,0,2
0.0,0.0,0.0,0.0,0.0,0.0,0.0,1,0.0,0.0,0.0,0.0,0.0,0.0,0,1,0,3,2.0,2.0,3.0,2.0,0.0,0.0,1.0,0.0,70,1.0,2.0,2.0,2.0,0,0,1,0,0,0,0,1,0,3
0.0,0.0,0.0,0.0,0.0,0.0,0.0,0,0.0,0.0,0.0,0.0,0.0,0.0,0,1,0,1,2.0,3.0,4.0,1.0,1.0,0.0,1.0,0.0,63,1.0,1.0,2.0,1.0,1,0,1,0,0,0,0,0,0,2
1.0,0.0,0.0,0.0,0.0,0.0,1.0,0,0.0,1.0,0.0,0.0,0.0,0.0,0,1,0,1,3.0,5.0,1.0,5.0,1.0,1.0,1.0,0.0,55,1.0,2.0,5.0,4.0,0,1,0,0,0,0,1,0,0,2
0.0,0.0,0.0,0.0,0.0,0.0,0.0,0,0.0,0.0,0.0,0.0,0.0,0.0,0,1,0,1,5.0,5.0,1.0,5.0,1.0,0.0,1.0,0.0,51,2.0,2.0,2.0,2.0,1,1,0,0,0,0,0,0,1,2
0.0,0.0,1.0,0.0,0.0,0.0,0.0,0,0.0,0.0,0.0,0.0,0.0,0.0,0,1,0,1,4.0,3.0,1.0,5.0,1.0,1.0,1.0,0.0,18,2.0,2.0,3.0,3.0,1,0,0,0,0,0,0,1,0,3
0.0,1.0,0.0,0.0,0.0,0.0,1.0,0,1.0,1.0,0.0,1.0,1.0,1.0,0,1,1,3,5.0,1.0,1.0,1.0,1.0,1.0,1.0,1.0,47,3.0,1.0,5.0,5.0,1,0,0,0,0,0,0,0,0,1
0.0,1.0,0.0,0.0,0.0,0.0,1.0,0,0.0,1.0,1.0,0.0,0.0,0.0,1,1,0,1,5.0,5.0,1.0,5.0,0.0,1.0,1.0,1.0,40,5.0,2.0,6.0,4.0,1,0,0,0,0,1,0,0,0,2
1.0,1.0,0.0,0.0,0.0,0.0,0.0,0,0.0,0.0,0.0,1.0,0.0,0.0,0,1,0,1,5.0,5.0,3.0,4.0,1.0,0.0,0.0,0.0,27,1.0,3.0,3.0,2.0,1,1,0,0,0,0,1,0,0,2
1.0,1.0,0.0,0.0,0.0,0.0,1.0,0,0.0,0.0,0.0,0.0,0.0,0.0,0,1,0,4,2.0,3.0,4.0,2.0,0.0,0.0,1.0,0.0,63,2.0,2.0,4.0,3.0,1,0,0,0,1,0,0,0,0,2
1.0,0.0,0.0,0.0,0.0,0.0,1.0,0,0.0,0.0,0.0,0.0,0.0,0.0,0,1,0,3,3.0,5.0,1.0,5.0,0.0,1.0,0.0,0.0,25,4.0,2.0,6.0,5.0,1,0,0,0,0,0,1,0,0,2
0.0,0.0,0.0,0.0,0.0,0.0,1.0,0,0.0,0.0,1.0,1.0,0.0,0.0,0,1,0,1,1.0,1.0,5.0,1.0,0.0,1.0,0.0,0.0,18,2.0,2.0,8.0,7.0,1,0,0,0,0,0,0,1,0,1
0.0,0.0,0.0,0.0,0.0,0.0,0.0,0,0.0,0.0,0.0,0.0,0.0,0.0,0,1,0,1,5.0,1.0,1.0,3.0,0.0,1.0,0.0,0.0,21,2.0,2.0,1.0,2.0,1,0,0,0,1,0,0,0,0,2
0.0,0.0,0.0,0.0,0.0,0.0,0.0,0,0.0,0.0,0.0,0.0,0.0,1.0,0,1,1,1,1.0,5.0,1.0,5.0,1.0,1.0,1.0,0.0,68,2.0,2.0,1.0,1.0,0,0,0,0,1,0,0,0,0,3
1.0,0.0,0.0,0.0,0.0,0.0,1.0,1,0.0,0.0,0.0,0.0,0.0,0.0,0,1,0,1,4.0,5.0,1.0,5.0,1.0,1.0,1.0,0.0,68,2.0,2.0,5.0,4.0,1,0,0,0,1,0,0,0,0,3
1.0,0.0,0.0,0.0,0.0,0.0,0.0,0,0.0,1.0,0.0,0.0,0.0,1.0,0,1,0,1,1.0,1.0,5.0,2.0,0.0,0.0,1.0,0.0,43,3.0,2.0,2.0,2.0,1,0,1,0,0,0,0,0,0,3
1.0,0.0,1.0,0.0,0.0,0.0,0.0,0,0.0,1.0,0.0,0.0,0.0,0.0,0,0,0,1,3.0,4.0,1.0,3.0,0.0,1.0,1.0,0.0,19,3.0,2.0,5.0,5.0,0,0,1,0,0,0,1,0,0,2
0.0,0.0,1.0,0.0,0.0,0.0,0.0,0,0.0,0.0,0.0,1.0,0.0,0.0,0,0,0,3,2.0,4.0,2.0,3.0,0.0,1.0,1.0,0.0,31,2.0,1.0,4.0,5.0,0,1,0,0,0,0,1,0,0,3
0.0,0.0,0.0,0.0,0.0,0.0,1.0,0,0.0,0.0,0.0,0.0,0.0,0.0,1,1,0,2,5.0,5.0,4.0,5.0,0.0,0.0,1.0,0.0,29,1.0,2.0,4.0,4.0,1,0,0,0,0,0,1,0,0,3
1.0,1.0,1.0,0.0,0.0,0.0,1.0,0,0.0,0.0,0.0,0.0,0.0,0.0,1,1,1,1,2.0,4.0,5.0,5.0,1.0,1.0,1.0,0.0,30,2.0,1.0,3.0,3.0,1,0,0,0,0,0,0,0,0,3
1.0,0.0,0.0,0.0,0.0,0.0,0.0,0,1.0,0.0,0.0,0.0,0.0,0.0,1,1,0,1,5.0,5.0,1.0,5.0,1.0,1.0,1.0,0.0,70,2.0,3.0,7.0,5.0,1,0,0,0,0,0,0,0,1,3
1.0,1.0,0.0,0.0,0.0,0.0,1.0,0,0.0,0.0,0.0,0.0,0.0,0.0,1,1,0,1,3.0,5.0,1.0,5.0,1.0,1.0,1.0,1.0,34,6.0,2.0,7.0,6.0,1,0,0,0,1,0,0,0,0,1
0.0,0.0,0.0,0.0,0.0,0.0,0.0,0,0.0,0.0,0.0,0.0,0.0,0.0,0,1,0,5,1.0,5.0,5.0,1.0,1.0,0.0,0.0,0.0,60,0.0,1.0,1.0,3.0,0,0,0,0,0,0,0,0,0,3
0.0,0.0,1.0,0.0,0.0,0.0,0.0,0,0.0,0.0,0.0,0.0,0.0,0.0,0,1,0,2,1.0,1.0,5.0,1.0,1.0,1.0,1.0,0.0,54,2.0,1.0,2.0,3.0,1,0,0,1,0,0,0,0,0,2
1.0,1.0,1.0,0.0,0.0,0.0,0.0,0,0.0,1.0,0.0,0.0,0.0,0.0,1,1,1,1,5.0,5.0,1.0,5.0,1.0,1.0,1.0,0.0,52,3.0,2.0,5.0,4.0,1,0,0,0,0,0,0,0,0,1
1.0,1.0,1.0,0.0,0.0,0.0,1.0,0,0.0,0.0,0.0,0.0,1.0,0.0,0,1,1,2,4.0,4.0,2.0,3.0,1.0,1.0,1.0,1.0,23,4.0,6.0,8.0,8.0,0,0,0,0,0,0,1,0,0,2
0.0,1.0,1.0,0.0,0.0,0.0,1.0,0,0.0,0.0,0.0,1.0,1.0,0.0,0,1,0,5,5.0,4.0,5.0,5.0,1.0,1.0,1.0,0.0,59,3.0,2.0,10.0,10.0,0,0,0,0,0,0,0,0,1,1
0.0,0.0,0.0,0.0,0.0,0.0,0.0,0,0.0,0.0,0.0,0.0,0.0,0.0,1,1,0,2,4.0,5.0,3.0,5.0,1.0,1.0,1.0,0.0,27,2.0,2.0,2.0,3.0,0,0,1,0,1,0,0,0,0,2
0.0,0.0,0.0,0.0,0.0,0.0,0.0,0,0.0,0.0,0.0,0.0,0.0,0.0,1,1,1,3,5.0,5.0,5.0,2.0,1.0,0.0,1.0,0.0,21,2.0,3.0,1.0,3.0,1,0,1,0,0,0,1,0,0,2
1.0,0.0,1.0,0.0,0.0,0.0,1.0,0,0.0,1.0,0.0,0.0,0.0,0.0,1,1,0,2,3.0,3.0,1.0,5.0,1.0,1.0,1.0,1.0,32,2.0,2.0,5.0,3.0,1,0,0,0,0,0,0,1,0,1
1.0,0.0,1.0,0.0,0.0,0.0,0.0,0,0.0,1.0,1.0,1.0,0.0,1.0,1,1,0,1,5.0,5.0,1.0,5.0,1.0,1.0,1.0,1.0,41,3.0,1.0,5.0,3.0,0,0,1,0,0,0,0,0,0,1
0.0,0.0,0.0,0.0,0.0,0.0,0.0,0,0.0,0.0,0.0,0.0,0.0,1.0,0,1,0,1,1.0,1.0,1.0,1.0,1.0,0.0,1.0,0.0,70,1.0,2.0,1.0,1.0,0,0,0,0,0,0,1,0,0,3
0.0,0.0,1.0,0.0,0.0,0.0,0.0,0,0.0,0.0,0.0,0.0,0.0,1.0,0,1,0,2,4.0,4.0,1.0,4.0,0.0,1.0,1.0,1.0,20,2.0,1.0,3.0,2.0,1,0,1,0,0,0,0,0,0,2
0.0,0.0,0.0,0.0,0.0,0.0,0.0,0,0.0,0.0,0.0,0.0,0.0,1.0,0,1,0,4,5.0,5.0,5.0,5.0,1.0,1.0,1.0,0.0,40,2.0,1.0,2.0,1.0,1,0,0,1,0,0,0,0,0,2
1.0,1.0,1.0,0.0,0.0,1.0,1.0,0,1.0,0.0,0.0,0.0,0.0,0.0,0,1,1,1,3.0,5.0,1.0,4.0,1.0,1.0,1.0,0.0,48,5.0,3.0,6.0,5.0,1,0,0,0,0,0,0,0,1,1
0.0,0.0,1.0,0.0,0.0,0.0,1.0,0,1.0,0.0,0.0,0.0,0.0,0.0,0,1,1,1,4.0,5.0,1.0,3.0,1.0,0.0,1.0,1.0,56,1.0,3.0,3.0,5.0,1,0,0,0,0,0,0,1,0,1
0.0,0.0,0.0,0.0,0.0,0.0,1.0,0,0.0,0.0,0.0,0.0,0.0,0.0,1,1,0,5,1.0,1.0,5.0,1.0,1.0,0.0,1.0,0.0,34,2.0,3.0,4.0,4.0,0,0,0,0,0,0,0,0,1,3
1.0,0.0,1.0,0.0,0.0,0.0,1.0,0,0.0,0.0,0.0,0.0,0.0,1.0,1,1,1,1,3.0,4.0,2.0,2.0,1.0,0.0,0.0,0.0,35,2.0,2.0,4.0,4.0,0,0,0,1,1,0,0,0,0,2
0.0,0.0,1.0,0.0,0.0,0.0,0.0,0,0.0,0.0,0.0,0.0,0.0,1.0,1,1,1,4,4.0,5.0,3.0,4.0,1.0,0.0,1.0,0.0,56,1.0,1.0,2.0,2.0,0,0,1,0,0,1,0,0,0,2
0.0,0.0,0.0,0.0,0.0,0.0,0.0,0,0.0,0.0,0.0,0.0,0.0,1.0,1,1,0,2,1.0,5.0,1.0,1.0,1.0,0.0,1.0,0.0,70,1.0,1.0,4.0,1.0,0,0,0,1,1,0,0,0,0,3
1.0,0.0,1.0,0.0,0.0,0.0,0.0,0,0.0,0.0,1.0,0.0,0.0,0.0,0,1,0,2,3.0,5.0,3.0,5.0,0.0,1.0,1.0,1.0,37,5.0,4.0,4.0,4.0,1,0,0,0,0,0,0,0,1,1
0.0,0.0,0.0,0.0,0.0,0.0,0.0,0,0.0,0.0,0.0,0.0,0.0,0.0,0,0,0,3,4.0,3.0,3.0,4.0,0.0,1.0,1.0,0.0,18,2.0,1.0,1.0,1.0,0,0,0,1,1,0,0,0,0,2
1.0,1.0,0.0,0.0,0.0,0.0,1.0,0,0.0,1.0,0.0,1.0,0.0,0.0,1,1,1,3,4.0,5.0,1.0,5.0,1.0,1.0,1.0,0.0,54,3.0,2.0,3.0,4.0,0,0,0,0,1,0,0,0,0,3
0.0,0.0,1.0,0.0,0.0,0.0,0.0,0,0.0,1.0,0.0,0.0,0.0,0.0,0,1,0,1,5.0,5.0,2.0,5.0,1.0,1.0,1.0,1.0,59,5.0,3.0,2.0,3.0,1,0,0,0,1,0,0,0,0,1
0.0,0.0,0.0,0.0,0.0,0.0,0.0,0,0.0,0.0,0.0,0.0,0.0,0.0,1,1,0,1,5.0,2.0,1.0,1.0,1.0,0.0,1.0,0.0,35,1.0,4.0,3.0,2.0,1,1,0,0,0,1,0,0,0,2
1.0,0.0,0.0,0.0,0.0,0.0,0.0,1,0.0,0.0,0.0,0.0,0.0,0.0,0,1,0,1,3.0,2.0,1.0,4.0,1.0,1.0,1.0,0.0,65,2.0,2.0,3.0,3.0,1,0,0,0,0,0,0,0,0,2
1.0,0.0,1.0,0.0,0.0,0.0,0.0,0,0.0,0.0,1.0,0.0,0.0,0.0,1,0,1,1,5.0,5.0,1.0,5.0,0.0,1.0,1.0,0.0,51,5.0,2.0,6.0,4.0,0,0,0,0,1,0,0,0,0,2
1.0,1.0,0.0,0.0,0.0,0.0,0.0,0,0.0,1.0,1.0,0.0,0.0,0.0,1,1,1,1,3.0,4.0,2.0,4.0,1.0,1.0,1.0,0.0,37,5.0,3.0,5.0,5.0,1,1,0,0,1,0,0,0,0,3
1.0,0.0,1.0,0.0,0.0,0.0,0.0,0,0.0,0.0,0.0,1.0,0.0,0.0,0,0,0,1,3.0,5.0,1.0,5.0,0.0,0.0,0.0,1.0,24,5.0,3.0,10.0,4.0,1,0,1,0,0,1,0,0,0,1
1.0,0.0,0.0,0.0,0.0,0.0,1.0,0,0.0,0.0,0.0,0.0,0.0,0.0,1,1,1,1,1.0,5.0,1.0,1.0,1.0,1.0,1.0,0.0,68,1.0,3.0,4.0,5.0,1,0,0,0,1,0,0,0,0,2
0.0,0.0,1.0,0.0,0.0,0.0,0.0,0,0.0,0.0,0.0,0.0,0.0,1.0,0,1,0,4,1.0,1.0,3.0,1.0,0.0,0.0,1.0,0.0,32,2.0,2.0,3.0,3.0,0,0,0,0,0,0,0,0,0,3
0.0,0.0,1.0,0.0,0.0,0.0,0.0,0,0.0,0.0,0.0,0.0,0.0,1.0,0,1,1,3,5.0,5.0,1.0,2.0,0.0,1.0,1.0,0.0,49,1.0,2.0,2.0,3.0,0,0,1,0,0,1,0,0,0,1
0.0,0.0,0.0,0.0,0.0,0.0,0.0,0,0.0,0.0,0.0,0.0,0.0,1.0,0,0,0,2,5.0,5.0,5.0,5.0,0.0,1.0,1.0,0.0,45,2.0,2.0,4.0,2.0,1,0,1,0,0,0,0,0,0,3
0.0,0.0,0.0,0.0,0.0,0.0,1.0,0,0.0,0.0,0.0,0.0,0.0,0.0,1,1,1,3,1.0,1.0,5.0,5.0,1.0,1.0,1.0,0.0,34,2.0,4.0,6.0,5.0,0,0,0,0,0,0,0,0,1,3
1.0,1.0,0.0,0.0,0.0,0.0,0.0,0,0.0,0.0,0.0,0.0,0.0,0.0,0,1,0,1,2.0,3.0,3.0,2.0,1.0,1.0,1.0,0.0,27,2.0,2.0,3.0,2.0,1,0,0,1,1,0,0,0,0,2
1.0,1.0,1.0,0.0,1.0,1.0,1.0,0,0.0,0.0,0.0,0.0,0.0,0.0,0,0,0,1,5.0,5.0,4.0,5.0,1.0,1.0,1.0,0.0,28,5.0,1.0,5.0,4.0,1,0,0,0,1,0,0,0,0,2
1.0,1.0,1.0,0.0,1.0,1.0,1.0,0,0.0,1.0,0.0,0.0,0.0,0.0,0,1,1,1,4.0,5.0,1.0,5.0,1.0,1.0,1.0,1.0,52,6.0,6.0,10.0,10.0,1,0,0,0,1,0,0,0,0,1
0.0,0.0,0.0,0.0,0.0,0.0,0.0,0,0.0,0.0,0.0,0.0,0.0,0.0,0,1,0,5,1.0,1.0,1.0,1.0,0.0,0.0,1.0,0.0,62,1.0,2.0,3.0,5.0,1,0,0,0,0,0,0,0,0,3
0.0,0.0,0.0,0.0,0.0,0.0,0.0,0,0.0,0.0,0.0,0.0,0.0,1.0,0,0,0,1,4.0,5.0,2.0,5.0,1.0,1.0,1.0,0.0,57,2.0,1.0,1.0,1.0,0,0,0,1,0,0,0,0,0,2
1.0,0.0,1.0,0.0,1.0,0.0,0.0,0,0.0,0.0,1.0,0.0,0.0,0.0,1,1,0,4,1.0,4.0,5.0,3.0,1.0,1.0,1.0,1.0,31,4.0,2.0,4.0,3.0,1,0,1,0,1,0,0,0,0,2
1.0,1.0,0.0,0.0,0.0,0.0,0.0,1,0.0,0.0,0.0,0.0,0.0,0.0,0,1,0,1,5.0,5.0,1.0,5.0,1.0,1.0,1.0,0.0,62,3.0,2.0,5.0,3.0,0,0,0,0,1,0,0,0,0,1
0.0,0.0,0.0,0.0,0.0,0.0,1.0,0,1.0,1.0,1.0,0.0,0.0,1.0,0,0,0,2,5.0,5.0,1.0,5.0,0.0,0.0,1.0,0.0,56,1.0,2.0,4.0,4.0,1,0,1,0,0,0,1,0,0,3
1.0,1.0,0.0,0.0,0.0,0.0,0.0,1,0.0,0.0,0.0,0.0,0.0,0.0,1,1,1,3,5.0,1.0,1.0,1.0,1.0,0.0,0.0,0.0,61,0.0,1.0,4.0,4.0,0,0,0,0,1,0,0,0,0,3
0.0,0.0,1.0,0.0,0.0,0.0,0.0,0,0.0,0.0,1.0,0.0,0.0,0.0,1,1,0,1,1.0,1.0,1.0,1.0,1.0,0.0,1.0,0.0,30,2.0,1.0,2.0,2.0,1,0,1,0,0,0,1,0,0,3
0.0,0.0,0.0,0.0,0.0,0.0,0.0,0,0.0,0.0,0.0,0.0,0.0,1.0,0,1,0,1,2.0,4.0,2.0,2.0,0.0,0.0,1.0,0.0,64,0.0,1.0,1.0,1.0,0,0,0,1,0,0,0,1,0,2
0.0,0.0,0.0,0.0,0.0,0.0,0.0,0,0.0,0.0,1.0,1.0,1.0,1.0,0,1,0,4,3.0,5.0,5.0,1.0,1.0,1.0,1.0,1.0,52,5.0,1.0,1.0,1.0,1,0,1,0,0,0,0,0,0,2
0.0,0.0,0.0,0.0,0.0,0.0,0.0,0,0.0,0.0,0.0,0.0,0.0,0.0,1,1,0,3,4.0,4.0,3.0,5.0,0.0,1.0,1.0,0.0,46,2.0,2.0,1.0,1.0,0,0,0,0,0,1,0,0,0,3
1.0,1.0,1.0,0.0,0.0,1.0,1.0,0,0.0,1.0,0.0,1.0,0.0,0.0,0,1,1,1,4.0,5.0,5.0,4.0,1.0,1.0,1.0,1.0,29,5.0,2.0,6.0,5.0,0,0,0,0,1,0,0,0,0,2
0.0,0.0,1.0,0.0,0.0,0.0,0.0,0,0.0,0.0,0.0,0.0,0.0,1.0,0,0,0,1,5.0,5.0,1.0,5.0,0.0,0.0,0.0,0.0,25,3.0,4.0,7.0,5.0,0,0,0,0,1,0,0,0,0,2
0.0,0.0,0.0,0.0,0.0,0.0,0.0,0,1.0,0.0,0.0,1.0,1.0,0.0,0,1,0,3,4.0,5.0,1.0,5.0,1.0,1.0,1.0,0.0,58,2.0,2.0,3.0,3.0,0,0,0,0,0,0,0,0,0,2
1.0,1.0,0.0,0.0,0.0,0.0,1.0,0,0.0,0.0,0.0,0.0,0.0,0.0,1,1,0,1,3.0,5.0,1.0,3.0,1.0,0.0,1.0,0.0,42,2.0,2.0,3.0,4.0,1,0,0,0,0,1,0,0,0,2
0.0,0.0,0.0,0.0,0.0,0.0,0.0,0,0.0,0.0,0.0,0.0,0.0,0.0,0,0,0,1,1.0,5.0,1.0,5.0,1.0,1.0,1.0,0.0,19,1.0,1.0,1.0,1.0,0,1,0,0,0,0,0,1,0,2
0.0,0.0,1.0,0.0,0.0,0.0,0.0,0,0.0,0.0,0.0,0.0,0.0,0.0,0,1,0,1,2.0,5.0,1.0,5.0,1.0,1.0,1.0,1.0,30,6.0,1.0,4.0,3.0,1,0,1,0,0,1,0,0,0,2
0.0,0.0,0.0,0.0,0.0,0.0,0.0,0,0.0,0.0,0.0,0.0,0.0,0.0,1,1,0,1,3.0,5.0,5.0,1.0,1.0,1.0,1.0,0.0,60,2.0,3.0,4.0,4.0,0,0,0,0,0,0,0,0,1,1
0.0,0.0,1.0,0.0,0.0,0.0,0.0,0,0.0,0.0,0.0,0.0,0.0,1.0,1,1,0,1,1.0,4.0,1.0,4.0,0.0,1.0,1.0,0.0,35,2.0,2.0,4.0,4.0,0,1,0,0,1,0,0,0,0,3
1.0,1.0,1.0,0.0,0.0,0.0,1.0,0,0.0,0.0,0.0,0.0,0.0,0.0,1,1,0,2,5.0,4.0,1.0,4.0,1.0,1.0,1.0,1.0,25,4.0,2.0,8.0,5.0,1,0,0,0,1,0,0,0,0,1
0.0,0.0,1.0,0.0,0.0,0.0,0.0,0,0.0,0.0,0.0,0.0,0.0,0.0,0,0,0,5,1.0,3.0,5.0,3.0,0.0,0.0,0.0,1.0,21,3.0,2.0,4.0,6.0,1,0,0,1,0,1,0,0,0,3
1.0,1.0,1.0,0.0,0.0,0.0,0.0,0,0.0,0.0,1.0,0.0,0.0,0.0,1,1,1,4,5.0,5.0,5.0,5.0,1.0,1.0,1.0,1.0,60,3.0,3.0,6.0,3.0,0,0,0,0,0,0,0,0,0,2
1.0,0.0,1.0,0.0,0.0,1.0,1.0,0,0.0,0.0,0.0,0.0,0.0,0.0,1,0,0,5,5.0,5.0,1.0,1.0,1.0,1.0,1.0,0.0,23,2.0,2.0,3.0,2.0,1,0,0,0,1,0,0,0,0,3
1.0,0.0,1.0,0.0,0.0,0.0,0.0,0,0.0,0.0,1.0,0.0,0.0,0.0,0,0,0,2,3.0,3.0,1.0,2.0,0.0,1.0,0.0,0.0,22,2.0,1.0,2.0,1.0,0,0,1,0,0,0,0,0,1,2
0.0,0.0,0.0,0.0,0.0,0.0,0.0,0,0.0,0.0,0.0,0.0,0.0,0.0,0,1,0,4,3.0,1.0,5.0,5.0,1.0,1.0,1.0,0.0,69,2.0,3.0,4.0,3.0,1,0,0,0,1,0,0,0,0,2
0.0,0.0,1.0,0.0,0.0,0.0,0.0,0,0.0,0.0,0.0,1.0,0.0,0.0,0,1,0,3,4.0,3.0,4.0,4.0,0.0,1.0,0.0,1.0,22,3.0,1.0,2.0,1.0,1,0,0,1,0,0,0,1,0,3
1.0,0.0,0.0,0.0,0.0,0.0,0.0,0,0.0,0.0,0.0,1.0,1.0,0.0,0,1,0,3,5.0,5.0,1.0,5.0,1.0,1.0,1.0,0.0,60,4.0,1.0,3.0,5.0,1,0,0,0,0,0,0,0,0,3
0.0,0.0,0.0,0.0,0.0,0.0,0.0,0,1.0,0.0,0.0,0.0,0.0,1.0,0,1,1,1,1.0,1.0,1.0,1.0,1.0,1.0,0.0,0.0,70,5.0,2.0,3.0,3.0,1,0,0,0,0,0,0,0,0,3
0.0,0.0,0.0,0.0,0.0,0.0,0.0,0,0.0,1.0,0.0,0.0,0.0,0.0,1,1,1,4,5.0,5.0,5.0,5.0,0.0,0.0,1.0,0.0,34,2.0,3.0,5.0,5.0,1,0,1,0,0,0,0,1,0,2
0.0,0.0,0.0,0.0,0.0,1.0,1.0,0,0.0,0.0,0.0,0.0,0.0,0.0,1,1,1,1,3.0,1.0,3.0,4.0,1.0,1.0,1.0,0.0,32,5.0,2.0,5.0,5.0,1,0,0,0,0,0,1,0,0,1
0.0,0.0,0.0,0.0,0.0,0.0,0.0,0,0.0,0.0,0.0,0.0,0.0,0.0,1,1,0,2,3.0,3.0,2.0,4.0,1.0,1.0,1.0,0.0,55,2.0,2.0,3.0,3.0,0,0,0,1,1,0,0,0,0,2
1.0,1.0,1.0,0.0,0.0,0.0,0.0,0,0.0,0.0,1.0,0.0,1.0,0.0,1,1,0,2,3.0,4.0,1.0,4.0,1.0,1.0,0.0,0.0,35,6.0,2.0,6.0,5.0,1,1,0,0,0,0,0,0,1,1
1.0,0.0,0.0,0.0,0.0,0.0,1.0,0,0.0,0.0,0.0,0.0,0.0,0.0,0,1,1,4,4.0,5.0,3.0,4.0,1.0,0.0,1.0,0.0,29,2.0,1.0,4.0,4.0,1,0,0,1,0,0,0,0,1,3
1.0,0.0,0.0,0.0,0.0,0.0,0.0,1,0.0,0.0,0.0,0.0,0.0,0.0,0,1,1,4,1.0,5.0,1.0,5.0,1.0,1.0,1.0,1.0,70,1.0,1.0,5.0,6.0,1,0,0,0,0,0,0,0,1,2
0.0,0.0,0.0,0.0,0.0,0.0,0.0,0,0.0,0.0,0.0,0.0,0.0,1.0,0,1,0,2,2.0,3.0,2.0,2.0,0.0,1.0,1.0,0.0,69,2.0,1.0,6.0,5.0,1,0,0,1,0,0,0,0,0,3
1.0,1.0,0.0,0.0,0.0,0.0,1.0,0,0.0,0.0,0.0,0.0,0.0,0.0,0,1,1,3,1.0,4.0,2.0,1.0,0.0,0.0,0.0,0.0,51,2.0,2.0,6.0,6.0,1,0,0,0,0,1,0,0,0,3
0.0,0.0,0.0,0.0,0.0,0.0,1.0,0,0.0,1.0,0.0,0.0,0.0,1.0,1,1,0,5,3.0,3.0,1.0,4.0,1.0,1.0,1.0,1.0,38,2.0,3.0,3.0,3.0,0,0,0,0,0,0,1,0,0,1
0.0,0.0,1.0,0.0,0.0,0.0,1.0,0,0.0,1.0,0.0,0.0,0.0,0.0,1,1,1,2,4.0,1.0,1.0,5.0,1.0,1.0,1.0,0.0,55,2.0,2.0,4.0,5.0,1,0,0,0,1,0,0,0,0,2
1.0,1.0,0.0,0.0,0.0,0.0,0.0,0,0.0,1.0,0.0,0.0,0.0,0.0,1,1,1,1,5.0,5.0,1.0,5.0,0.0,1.0,1.0,0.0,38,2.0,3.0,9.0,6.0,1,0,0,0,0,0,0,0,1,1
1.0,0.0,0.0,0.0,0.0,0.0,0.0,0,1.0,0.0,0.0,0.0,0.0,0.0,0,1,0,1,1.0,5.0,1.0,1.0,1.0,0.0,0.0,0.0,70,2.0,3.0,3.0,3.0,0,0,0,0,0,0,1,0,0,1
1.0,0.0,1.0,0.0,0.0,0.0,0.0,0,0.0,0.0,0.0,1.0,0.0,0.0,1,1,0,1,3.0,4.0,2.0,4.0,1.0,1.0,1.0,0.0,23,2.0,2.0,3.0,4.0,0,1,0,0,1,0,0,0,0,2
0.0,0.0,1.0,0.0,0.0,0.0,0.0,0,0.0,0.0,0.0,1.0,0.0,1.0,0,1,0,1,3.0,3.0,1.0,3.0,0.0,0.0,0.0,0.0,19,4.0,2.0,6.0,4.0,0,0,0,0,0,0,0,1,0,3
0.0,0.0,1.0,0.0,0.0,0.0,0.0,0,0.0,1.0,0.0,0.0,0.0,0.0,1,1,0,1,1.0,5.0,1.0,1.0,1.0,1.0,1.0,0.0,26,1.0,1.0,2.0,3.0,0,0,0,0,1,0,0,0,0,2
1.0,1.0,0.0,0.0,0.0,0.0,0.0,0,0.0,0.0,0.0,1.0,0.0,1.0,0,1,0,3,1.0,4.0,5.0,2.0,1.0,0.0,1.0,0.0,46,1.0,1.0,2.0,2.0,0,0,0,1,0,1,0,0,0,3
0.0,1.0,1.0,0.0,0.0,0.0,0.0,0,0.0,0.0,0.0,0.0,0.0,1.0,0,1,0,2,3.0,5.0,1.0,5.0,1.0,1.0,1.0,0.0,46,1.0,2.0,3.0,1.0,0,0,0,1,1,0,0,0,0,1
0.0,0.0,1.0,0.0,0.0,0.0,0.0,0,0.0,0.0,0.0,1.0,0.0,0.0,0,1,0,1,2.0,4.0,4.0,5.0,0.0,0.0,1.0,0.0,25,1.0,3.0,2.0,2.0,1,0,1,0,1,0,0,0,0,1
1.0,1.0,1.0,0.0,0.0,0.0,1.0,0,0.0,0.0,0.0,0.0,0.0,0.0,1,1,0,2,3.0,3.0,5.0,5.0,1.0,1.0,1.0,1.0,31,2.0,1.0,6.0,5.0,1,0,0,0,0,0,0,0,0,3
1.0,1.0,0.0,0.0,0.0,0.0,0.0,0,0.0,0.0,0.0,0.0,0.0,1.0,0,1,0,1,3.0,4.0,1.0,1.0,1.0,1.0,1.0,0.0,46,1.0,2.0,3.0,3.0,0,1,0,0,1,0,0,0,0,2
0.0,0.0,0.0,0.0,0.0,0.0,0.0,0,1.0,0.0,0.0,0.0,0.0,1.0,0,1,0,1,5.0,5.0,4.0,4.0,1.0,0.0,1.0,0.0,31,2.0,1.0,3.0,4.0,0,0,1,0,1,0,0,0,0,2
0.0,0.0,0.0,0.0,0.0,0.0,0.0,0,0.0,0.0,0.0,0.0,0.0,0.0,1,1,0,4,1.0,2.0,5.0,1.0,1.0,0.0,1.0,0.0,42,2.0,1.0,2.0,2.0,1,0,0,0,0,0,0,0,0,3
0.0,0.0,0.0,0.0,0.0,0.0,0.0,0,0.0,0.0,0.0,0.0,0.0,0.0,0,0,0,1,4.0,3.0,3.0,1.0,0.0,0.0,0.0,0.0,18,2.0,3.0,2.0,2.0,0,1,0,0,0,1,0,0,0,3
0.0,0.0,0.0,0.0,0.0,0.0,0.0,1,0.0,0.0,0.0,1.0,0.0,1.0,0,0,0,1,5.0,5.0,1.0,5.0,0.0,0.0,0.0,0.0,38,5.0,3.0,10.0,5.0,0,0,0,0,0,0,1,0,0,1
1.0,1.0,0.0,0.0,1.0,0.0,0.0,0,0.0,1.0,0.0,1.0,0.0,0.0,1,1,1,1,5.0,5.0,1.0,5.0,0.0,1.0,0.0,0.0,55,5.0,4.0,8.0,5.0,1,0,0,0,0,0,1,0,0,1
0.0,0.0,0.0,0.0,0.0,0.0,0.0,0,0.0,0.0,0.0,0.0,0.0,0.0,1,1,0,2,4.0,2.0,2.0,3.0,1.0,0.0,1.0,0.0,22,1.0,2.0,3.0,3.0,0,1,0,0,1,0,0,0,0,3
0.0,0.0,1.0,0.0,0.0,0.0,0.0,0,0.0,0.0,0.0,1.0,0.0,0.0,1,1,0,3,4.0,5.0,1.0,4.0,1.0,1.0,1.0,0.0,23,2.0,1.0,2.0,1.0,0,0,0,0,0,0,0,0,1,2
0.0,0.0,1.0,0.0,0.0,0.0,0.0,0,0.0,0.0,0.0,0.0,0.0,1.0,0,1,0,1,1.0,2.0,1.0,2.0,1.0,1.0,1.0,0.0,35,4.0,1.0,3.0,3.0,0,0,0,0,0,1,0,0,0,3
0.0,0.0,1.0,0.0,0.0,0.0,0.0,0,0.0,0.0,0.0,0.0,0.0,0.0,1,1,0,3,1.0,3.0,5.0,1.0,1.0,1.0,1.0,0.0,39,1.0,3.0,5.0,5.0,0,1,0,0,0,0,1,0,0,3
0.0,0.0,0.0,0.0,0.0,0.0,1.0,0,0.0,0.0,0.0,0.0,0.0,0.0,0,1,0,2,3.0,5.0,2.0,5.0,1.0,1.0,1.0,0.0,50,2.0,2.0,2.0,4.0,1,1,0,0,0,0,0,0,0,1
0.0,0.0,0.0,0.0,0.0,0.0,0.0,0,0.0,0.0,0.0,0.0,0.0,0.0,0,1,0,1,5.0,5.0,1.0,5.0,1.0,1.0,1.0,0.0,31,2.0,1.0,1.0,3.0,1,0,0,1,0,1,0,0,0,2
1.0,1.0,0.0,0.0,0.0,0.0,1.0,0,0.0,0.0,0.0,0.0,0.0,0.0,1,1,1,1,4.0,5.0,3.0,5.0,1.0,1.0,0.0,1.0,24,4.0,3.0,7.0,7.0,1,0,0,0,0,0,1,0,0,2
0.0,0.0,0.0,0.0,0.0,0.0,1.0,0,0.0,0.0,0.0,0.0,0.0,0.0,1,1,0,1,1.0,1.0,1.0,1.0,0.0,0.0,0.0,0.0,56,0.0,1.0,2.0,2.0,0,1,0,0,0,0,0,0,0,3
1.0,1.0,0.0,0.0,0.0,0.0,1.0,0,0.0,0.0,0.0,0.0,0.0,0.0,1,1,0,5,5.0,5.0,5.0,5.0,1.0,1.0,1.0,1.0,35,3.0,2.0,5.0,4.0,1,0,0,0,0,1,0,0,0,3
0.0,0.0,1.0,0.0,0.0,0.0,1.0,0,0.0,0.0,0.0,0.0,0.0,0.0,0,0,0,1,1.0,5.0,1.0,2.0,0.0,0.0,0.0,0.0,18,2.0,2.0,2.0,4.0,1,1,0,0,1,0,0,0,0,2
0.0,0.0,1.0,0.0,0.0,0.0,1.0,0,0.0,0.0,0.0,0.0,0.0,1.0,0,1,0,2,2.0,4.0,1.0,4.0,0.0,0.0,0.0,0.0,38,3.0,2.0,4.0,3.0,1,0,1,0,0,0,0,0,0,1
0.0,0.0,0.0,0.0,0.0,0.0,0.0,0,0.0,0.0,0.0,1.0,0.0,0.0,0,1,0,3,1.0,2.0,4.0,1.0,1.0,0.0,1.0,1.0,30,3.0,1.0,3.0,5.0,0,0,1,0,0,0,0,0,0,3
1.0,1.0,0.0,0.0,0.0,0.0,0.0,0,0.0,0.0,0.0,0.0,0.0,0.0,0,1,0,5,5.0,5.0,1.0,5.0,1.0,1.0,1.0,0.0,51,2.0,3.0,6.0,5.0,1,0,0,0,0,0,0,0,1,2
0.0,0.0,0.0,0.0,0.0,0.0,0.0,0,0.0,0.0,0.0,0.0,0.0,0.0,1,0,0,2,2.0,1.0,1.0,2.0,1.0,1.0,1.0,0.0,55,2.0,2.0,3.0,2.0,0,0,0,0,1,0,0,0,0,3
0.0,0.0,0.0,0.0,0.0,0.0,0.0,0,0.0,0.0,0.0,0.0,0.0,1.0,1,1,0,3,1.0,3.0,3.0,4.0,1.0,0.0,1.0,0.0,31,1.0,1.0,1.0,2.0,0,1,0,0,0,0,0,0,1,3
0.0,0.0,1.0,0.0,0.0,0.0,1.0,0,0.0,0.0,0.0,0.0,0.0,1.0,0,1,0,3,2.0,4.0,1.0,5.0,1.0,1.0,1.0,1.0,31,2.0,2.0,4.0,4.0,1,0,1,0,0,0,0,0,0,2
0.0,0.0,0.0,0.0,0.0,0.0,0.0,0,0.0,0.0,0.0,0.0,0.0,0.0,0,1,0,3,5.0,1.0,5.0,5.0,0.0,0.0,1.0,0.0,26,1.0,1.0,4.0,4.0,1,0,0,0,0,0,0,0,0,3
0.0,0.0,0.0,0.0,0.0,0.0,1.0,0,0.0,0.0,0.0,0.0,0.0,0.0,1,1,0,3,2.0,2.0,1.0,2.0,0.0,0.0,1.0,0.0,59,1.0,2.0,4.0,3.0,1,0,0,0,0,0,0,0,1,1
1.0,0.0,1.0,0.0,0.0,0.0,1.0,0,0.0,0.0,0.0,1.0,0.0,0.0,1,1,0,1,2.0,4.0,2.0,3.0,1.0,0.0,1.0,1.0,21,3.0,2.0,3.0,2.0,0,0,1,0,1,0,0,0,0,2
0.0,0.0,0.0,0.0,0.0,0.0,0.0,0,0.0,0.0,0.0,0.0,0.0,0.0,0,1,0,2,1.0,5.0,5.0,1.0,1.0,1.0,1.0,0.0,53,1.0,1.0,5.0,3.0,0,0,0,0,0,0,0,0,0,3
0.0,0.0,1.0,0.0,0.0,0.0,1.0,0,0.0,1.0,0.0,1.0,0.0,0.0,1,1,0,1,1.0,5.0,1.0,3.0,1.0,1.0,1.0,0.0,38,2.0,2.0,2.0,4.0,0,1,0,0,1,0,0,0,0,2
0.0,0.0,0.0,0.0,0.0,0.0,0.0,0,0.0,0.0,0.0,0.0,0.0,0.0,1,1,0,1,5.0,5.0,5.0,5.0,1.0,0.0,1.0,0.0,20,2.0,2.0,1.0,2.0,1,0,0,0,0,1,0,0,0,3
0.0,0.0,0.0,0.0,0.0,0.0,0.0,0,0.0,0.0,0.0,0.0,0.0,0.0,1,1,0,2,3.0,4.0,1.0,5.0,1.0,1.0,1.0,0.0,52,1.0,1.0,1.0,2.0,0,0,0,1,0,0,0,0,1,3
0.0,0.0,0.0,0.0,0.0,0.0,0.0,0,0.0,0.0,1.0,0.0,0.0,0.0,0,1,0,1,3.0,5.0,1.0,5.0,1.0,1.0,1.0,0.0,65,1.0,2.0,1.0,2.0,0,0,0,1,0,0,1,0,0,1
0.0,0.0,0.0,1.0,1.0,0.0,1.0,0,0.0,0.0,0.0,0.0,0.0,0.0,0,1,1,2,1.0,4.0,3.0,3.0,0.0,1.0,1.0,0.0,58,3.0,3.0,8.0,7.0,1,0,0,0,0,0,0,0,1,2
0.0,0.0,1.0,0.0,0.0,0.0,0.0,0,0.0,0.0,0.0,1.0,0.0,0.0,0,1,0,4,2.0,3.0,4.0,4.0,0.0,0.0,0.0,0.0,30,3.0,2.0,3.0,2.0,0,0,1,0,1,0,0,0,0,3
0.0,0.0,0.0,0.0,0.0,0.0,0.0,0,0.0,0.0,0.0,0.0,0.0,1.0,0,0,0,5,4.0,5.0,5.0,5.0,1.0,1.0,1.0,0.0,38,2.0,1.0,3.0,1.0,0,0,1,0,0,0,0,0,0,1
1.0,1.0,1.0,0.0,0.0,0.0,1.0,0,0.0,0.0,1.0,0.0,0.0,0.0,1,1,0,3,3.0,2.0,1.0,4.0,1.0,1.0,1.0,1.0,33,3.0,2.0,6.0,5.0,0,0,1,0,1,0,0,0,0,1
0.0,0.0,0.0,0.0,0.0,0.0,0.0,0,0.0,0.0,0.0,0.0,0.0,0.0,0,0,0,5,1.0,1.0,1.0,1.0,0.0,0.0,0.0,0.0,23,3.0,2.0,1.0,2.0,0,0,0,0,0,0,1,0,0,3
0.0,0.0,0.0,0.0,0.0,0.0,0.0,0,0.0,0.0,0.0,0.0,0.0,0.0,0,1,0,1,1.0,2.0,3.0,2.0,1.0,1.0,1.0,0.0,46,2.0,1.0,1.0,3.0,0,0,0,0,0,0,0,0,1,3
1.0,1.0,1.0,0.0,0.0,0.0,1.0,0,0.0,0.0,0.0,0.0,0.0,0.0,1,1,0,2,3.0,5.0,2.0,5.0,1.0,0.0,1.0,0.0,42,1.0,2.0,4.0,3.0,1,0,0,1,0,0,0,1,0,2
1.0,1.0,1.0,0.0,0.0,0.0,1.0,0,0.0,0.0,0.0,0.0,0.0,0.0,0,1,1,1,5.0,5.0,1.0,5.0,1.0,1.0,1.0,0.0,27,5.0,3.0,7.0,5.0,1,0,0,0,0,0,0,0,0,1
1.0,0.0,0.0,0.0,0.0,0.0,1.0,1,0.0,0.0,0.0,0.0,0.0,0.0,0,0,0,1,1.0,5.0,5.0,5.0,1.0,1.0,1.0,1.0,59,2.0,3.0,6.0,5.0,0,0,0,0,0,0,1,0,0,1
1.0,1.0,1.0,0.0,0.0,0.0,0.0,0,0.0,1.0,0.0,1.0,0.0,0.0,0,0,0,3,2.0,4.0,4.0,4.0,0.0,0.0,1.0,0.0,25,5.0,1.0,4.0,6.0,1,1,0,0,0,0,0,0,0,3
0.0,0.0,0.0,0.0,0.0,0.0,0.0,0,0.0,0.0,0.0,0.0,0.0,1.0,0,1,1,2,1.0,5.0,5.0,5.0,0.0,1.0,1.0,0.0,64,1.0,3.0,4.0,4.0,0,0,0,0,1,0,0,0,0,3
0.0,0.0,0.0,0.0,0.0,0.0,0.0,0,0.0,0.0,0.0,0.0,0.0,1.0,0,1,0,1,5.0,5.0,5.0,5.0,1.0,1.0,1.0,1.0,51,1.0,1.0,1.0,1.0,1,0,0,0,0,0,0,0,0,2
1.0,1.0,1.0,0.0,0.0,0.0,1.0,1,1.0,0.0,0.0,0.0,0.0,0.0,0,1,1,1,1.0,5.0,1.0,5.0,1.0,1.0,1.0,0.0,67,5.0,1.0,7.0,5.0,1,0,0,0,0,0,0,0,1,3
1.0,1.0,0.0,0.0,0.0,0.0,1.0,1,0.0,0.0,0.0,0.0,0.0,0.0,0,1,1,1,1.0,1.0,1.0,1.0,1.0,1.0,1.0,0.0,60,1.0,2.0,4.0,4.0,1,0,0,0,0,1,0,0,0,2
1.0,1.0,1.0,0.0,0.0,0.0,0.0,0,0.0,1.0,1.0,0.0,0.0,0.0,1,1,1,1,3.0,4.0,1.0,5.0,1.0,1.0,1.0,1.0,32,5.0,3.0,7.0,5.0,1,0,0,0,1,0,0,0,0,2
0.0,0.0,0.0,0.0,0.0,0.0,0.0,0,0.0,0.0,0.0,0.0,0.0,0.0,0,0,0,5,4.0,1.0,1.0,2.0,0.0,0.0,0.0,0.0,45,4.0,2.0,1.0,2.0,1,0,0,0,0,0,0,0,1,1
1.0,1.0,1.0,0.0,1.0,1.0,1.0,0,0.0,1.0,0.0,1.0,0.0,0.0,1,1,1,1,5.0,4.0,1.0,5.0,0.0,1.0,1.0,1.0,23,5.0,3.0,8.0,6.0,0,0,0,0,0,0,1,0,0,1
1.0,0.0,0.0,0.0,0.0,0.0,1.0,0,0.0,0.0,0.0,0.0,0.0,0.0,1,1,1,1,2.0,2.0,1.0,1.0,1.0,1.0,1.0,0.0,32,2.0,2.0,3.0,3.0,1,1,0,0,0,0,1,0,0,2
0.0,0.0,1.0,0.0,0.0,0.0,0.0,0,0.0,1.0,1.0,0.0,0.0,0.0,1,1,0,3,3.0,3.0,1.0,4.0,1.0,0.0,1.0,0.0,48,1.0,3.0,4.0,3.0,1,0,0,0,1,0,0,0,0,3
0.0,0.0,1.0,0.0,0.0,0.0,0.0,0,0.0,0.0,0.0,1.0,0.0,0.0,1,1,0,1,3.0,3.0,1.0,3.0,0.0,1.0,1.0,0.0,22,3.0,3.0,4.0,5.0,0,0,0,0,1,0,0,0,0,2
0.0,0.0,1.0,0.0,0.0,0.0,0.0,0,0.0,0.0,1.0,0.0,0.0,0.0,0,0,0,1,5.0,1.0,1.0,3.0,1.0,0.0,1.0,0.0,24,3.0,2.0,4.0,3.0,1,0,0,0,0,0,0,0,0,3
0.0,0.0,0.0,0.0,0.0,0.0,0.0,0,0.0,0.0,0.0,1.0,0.0,0.0,0,1,0,3,5.0,4.0,4.0,4.0,0.0,1.0,1.0,0.0,28,3.0,1.0,1.0,1.0,0,0,0,1,0,0,0,0,0,1
0.0,0.0,1.0,0.0,0.0,0.0,0.0,0,0.0,1.0,0.0,0.0,0.0,0.0,1,1,0,4,4.0,4.0,5.0,4.0,0.0,1.0,1.0,0.0,32,3.0,2.0,5.0,4.0,1,0,0,0,1,0,0,0,0,3
1.0,1.0,0.0,0.0,0.0,1.0,1.0,0,1.0,1.0,0.0,0.0,0.0,0.0,1,1,0,1,4.0,4.0,1.0,4.0,1.0,1.0,1.0,0.0,45,4.0,1.0,9.0,7.0,1,1,0,0,1,0,0,0,0,1
0.0,0.0,1.0,0.0,0.0,0.0,1.0,0,0.0,0.0,0.0,0.0,0.0,0.0,1,1,0,1,3.0,2.0,1.0,3.0,0.0,0.0,0.0,0.0,22,2.0,2.0,3.0,5.0,1,0,0,0,1,0,0,0,0,2
1.0,1.0,1.0,0.0,0.0,0.0,1.0,0,0.0,1.0,0.0,0.0,0.0,0.0,0,1,1,2,4.0,3.0,1.0,4.0,0.0,0.0,0.0,0.0,38,6.0,3.0,10.0,7.0,1,1,0,0,1,0,0,0,0,1
0.0,0.0,0.0,0.0,0.0,0.0,0.0,0,0.0,0.0,0.0,0.0,0.0,0.0,0,1,0,1,5.0,5.0,1.0,5.0,0.0,1.0,1.0,0.0,42,2.0,1.0,2.0,2.0,0,0,0,0,0,1,0,0,0,1
0.0,0.0,0.0,0.0,0.0,0.0,1.0,0,0.0,0.0,0.0,1.0,1.0,1.0,0,0,0,3,5.0,5.0,1.0,3.0,0.0,1.0,1.0,0.0,18,2.0,2.0,3.0,4.0,0,1,0,0,1,0,0,0,0,2
1.0,1.0,1.0,0.0,0.0,0.0,0.0,0,0.0,0.0,1.0,0.0,0.0,0.0,0,1,0,1,4.0,5.0,1.0,5.0,1.0,1.0,1.0,0.0,39,5.0,2.0,2.0,2.0,1,0,0,1,0,0,0,1,0,1
1.0,0.0,1.0,0.0,0.0,0.0,0.0,0,0.0,0.0,0.0,0.0,0.0,0.0,1,1,0,1,2.0,4.0,2.0,4.0,0.0,1.0,1.0,0.0,32,2.0,1.0,1.0,3.0,0,0,1,0,0,0,0,0,0,2
0.0,0.0,0.0,0.0,0.0,0.0,0.0,0,0.0,0.0,0.0,0.0,0.0,0.0,1,1,0,5,1.0,1.0,1.0,1.0,0.0,0.0,0.0,0.0,45,2.0,1.0,2.0,3.0,1,0,0,0,0,0,0,0,0,1
0.0,0.0,1.0,0.0,0.0,0.0,0.0,0,0.0,0.0,0.0,0.0,0.0,0.0,0,1,0,5,1.0,1.0,1.0,1.0,0.0,0.0,0.0,0.0,63,1.0,3.0,2.0,3.0,0,0,0,0,1,0,0,0,0,3
0.0,0.0,0.0,0.0,0.0,0.0,1.0,0,0.0,0.0,0.0,0.0,0.0,0.0,1,1,0,1,1.0,5.0,1.0,5.0,1.0,1.0,1.0,0.0,45,5.0,2.0,5.0,4.0,1,0,0,0,1,0,0,0,0,2
1.0,0.0,1.0,0.0,0.0,0.0,0.0,0,0.0,0.0,0.0,0.0,0.0,0.0,0,0,0,1,3.0,4.0,1.0,5.0,1.0,1.0,1.0,0.0,25,4.0,2.0,4.0,2.0,0,0,0,0,1,0,0,0,0,2
1.0,0.0,0.0,0.0,0.0,0.0,0.0,0,0.0,0.0,0.0,1.0,0.0,0.0,1,1,0,1,5.0,5.0,1.0,5.0,1.0,1.0,1.0,0.0,23,5.0,2.0,5.0,4.0,0,0,0,0,0,0,0,0,0,2
1.0,1.0,0.0,0.0,0.0,0.0,0.0,0,0.0,0.0,0.0,0.0,1.0,0.0,1,1,0,1,1.0,5.0,1.0,1.0,0.0,1.0,1.0,1.0,52,2.0,2.0,4.0,4.0,0,0,0,0,0,0,0,0,1,3
1.0,1.0,0.0,0.0,0.0,0.0,1.0,0,0.0,0.0,0.0,0.0,0.0,0.0,0,1,1,2,1.0,2.0,5.0,2.0,1.0,1.0,1.0,0.0,50,3.0,2.0,5.0,4.0,1,0,0,0,0,0,1,0,0,3
1.0,1.0,1.0,0.0,0.0,0.0,0.0,0,1.0,0.0,0.0,0.0,0.0,0.0,0,1,0,3,3.0,4.0,3.0,3.0,1.0,0.0,0.0,0.0,51,5.0,3.0,5.0,5.0,1,0,0,0,0,1,0,0,0,2
0.0,0.0,0.0,0.0,0.0,0.0,1.0,0,0.0,0.0,1.0,0.0,0.0,0.0,0,1,1,3,2.0,3.0,2.0,4.0,1.0,0.0,1.0,0.0,30,3.0,2.0,3.0,2.0,1,0,1,0,0,0,0,1,0,1
0.0,0.0,0.0,0.0,0.0,0.0,0.0,0,0.0,0.0,0.0,0.0,0.0,0.0,0,0,0,1,5.0,5.0,1.0,1.0,0.0,0.0,1.0,0.0,18,2.0,2.0,3.0,2.0,0,1,0,0,0,0,0,0,1,2
0.0,0.0,0.0,0.0,0.0,0.0,1.0,0,0.0,0.0,0.0,0.0,0.0,0.0,0,0,0,4,2.0,4.0,2.0,5.0,1.0,0.0,0.0,0.0,58,1.0,1.0,2.0,2.0,1,1,0,0,0,0,1,0,0,1
0.0,0.0,0.0,0.0,0.0,0.0,0.0,0,0.0,0.0,0.0,0.0,0.0,0.0,0,0,0,1,2.0,2.0,1.0,1.0,0.0,1.0,1.0,1.0,22,1.0,2.0,1.0,3.0,1,0,1,0,0,0,1,0,0,3
1.0,1.0,1.0,0.0,0.0,0.0,0.0,0,0.0,0.0,0.0,0.0,0.0,0.0,1,1,0,2,1.0,3.0,1.0,4.0,0.0,1.0,1.0,1.0,24,2.0,4.0,6.0,4.0,1,0,0,0,1,0,0,0,0,2
1.0,0.0,1.0,0.0,0.0,0.0,0.0,0,0.0,0.0,0.0,0.0,0.0,0.0,1,1,1,1,3.0,5.0,1.0,3.0,0.0,0.0,1.0,0.0,47,5.0,3.0,7.0,6.0,1,0,0,0,0,0,0,1,0,1
1.0,1.0,1.0,0.0,0.0,0.0,1.0,0,0.0,0.0,0.0,0.0,0.0,0.0,0,1,0,3,1.0,1.0,1.0,5.0,1.0,1.0,1.0,1.0,47,2.0,1.0,5.0,3.0,1,0,0,0,0,0,0,0,0,3
0.0,0.0,0.0,0.0,0.0,0.0,1.0,0,0.0,0.0,0.0,0.0,0.0,0.0,0,1,0,5,1.0,2.0,1.0,2.0,0.0,0.0,0.0,0.0,39,2.0,2.0,4.0,3.0,0,0,0,0,1,0,0,0,0,3
1.0,0.0,0.0,0.0,0.0,0.0,0.0,0,0.0,0.0,0.0,0.0,0.0,0.0,1,1,1,3,4.0,4.0,5.0,5.0,1.0,1.0,1.0,0.0,30,2.0,1.0,1.0,3.0,1,1,0,0,0,0,0,0,1,2
1.0,0.0,1.0,0.0,0.0,0.0,1.0,0,0.0,0.0,1.0,0.0,0.0,0.0,0,1,0,5,5.0,5.0,1.0,5.0,1.0,1.0,1.0,0.0,42,2.0,3.0,4.0,3.0,0,0,0,0,0,0,0,1,0,2
1.0,0.0,0.0,0.0,0.0,1.0,1.0,0,0.0,0.0,0.0,0.0,0.0,0.0,0,1,0,3,3.0,3.0,3.0,2.0,1.0,0.0,1.0,0.0,26,3.0,1.0,4.0,3.0,0,1,0,0,0,1,0,0,0,1
0.0,0.0,1.0,0.0,0.0,0.0,0.0,0,0.0,0.0,1.0,0.0,0.0,0.0,1,1,0,1,5.0,5.0,1.0,5.0,1.0,0.0,1.0,0.0,27,2.0,2.0,4.0,4.0,0,1,0,0,0,0,0,0,0,3
0.0,0.0,1.0,0.0,0.0,0.0,0.0,0,0.0,0.0,0.0,0.0,0.0,1.0,1,1,0,1,5.0,1.0,1.0,5.0,1.0,1.0,1.0,1.0,18,4.0,2.0,6.0,4.0,1,0,1,0,0,0,1,0,0,3
1.0,0.0,1.0,0.0,0.0,0.0,1.0,1,0.0,0.0,0.0,0.0,0.0,0.0,1,1,0,1,1.0,1.0,5.0,5.0,1.0,1.0,1.0,0.0,69,1.0,2.0,4.0,3.0,0,1,0,0,1,0,0,0,0,3
0.0,0.0,0.0,0.0,0.0,0.0,0.0,0,0.0,0.0,0.0,0.0,0.0,0.0,0,1,0,5,5.0,1.0,5.0,5.0,0.0,1.0,1.0,0.0,60,1.0,1.0,1.0,4.0,0,0,0,0,0,0,1,0,0,2
1.0,1.0,1.0,0.0,1.0,0.0,1.0,0,0.0,0.0,0.0,0.0,0.0,0.0,1,1,1,3,3.0,4.0,1.0,4.0,1.0,1.0,1.0,1.0,30,5.0,1.0,4.0,4.0,1,0,1,0,0,0,0,0,0,1
1.0,1.0,0.0,0.0,0.0,0.0,0.0,1,0.0,0.0,0.0,0.0,0.0,0.0,0,1,1,3,5.0,5.0,5.0,5.0,1.0,1.0,1.0,0.0,68,1.0,3.0,5.0,4.0,0,0,0,0,1,0,0,0,0,3
0.0,0.0,0.0,0.0,0.0,0.0,0.0,0,0.0,0.0,0.0,0.0,0.0,0.0,1,1,0,5,3.0,1.0,1.0,1.0,1.0,1.0,1.0,0.0,68,1.0,1.0,1.0,2.0,1,0,1,0,0,0,0,0,1,3
0.0,0.0,1.0,0.0,0.0,0.0,0.0,0,0.0,0.0,0.0,0.0,0.0,0.0,0,1,0,2,4.0,4.0,2.0,4.0,0.0,1.0,1.0,0.0,21,2.0,1.0,4.0,2.0,0,0,1,0,0,1,0,0,0,1
0.0,0.0,0.0,0.0,0.0,0.0,0.0,0,0.0,0.0,0.0,0.0,0.0,0.0,0,1,0,4,1.0,1.0,1.0,1.0,0.0,0.0,1.0,0.0,69,1.0,3.0,4.0,3.0,0,1,0,0,0,0,1,0,0,3
1.0,0.0,0.0,0.0,0.0,0.0,1.0,1,0.0,0.0,0.0,0.0,0.0,0.0,0,1,1,1,4.0,3.0,5.0,2.0,1.0,1.0,1.0,0.0,66,3.0,3.0,6.0,5.0,0,0,0,0,0,0,1,0,0,2
0.0,0.0,1.0,0.0,0.0,0.0,0.0,0,0.0,0.0,0.0,0.0,0.0,0.0,1,1,1,3,5.0,5.0,1.0,1.0,1.0,1.0,1.0,1.0,22,3.0,1.0,2.0,2.0,0,0,0,0,0,0,0,0,0,3
1.0,0.0,1.0,0.0,0.0,0.0,1.0,0,0.0,0.0,0.0,0.0,0.0,0.0,1,1,0,2,4.0,4.0,3.0,4.0,0.0,1.0,0.0,0.0,29,5.0,4.0,6.0,5.0,1,0,0,0,0,0,0,1,0,2
0.0,0.0,0.0,0.0,0.0,0.0,1.0,0,0.0,0.0,0.0,0.0,0.0,0.0,1,1,0,3,1.0,4.0,5.0,2.0,1.0,1.0,1.0,0.0,42,1.0,1.0,3.0,6.0,0,1,0,0,0,0,0,0,1,3
1.0,0.0,0.0,0.0,0.0,0.0,1.0,0,0.0,1.0,0.0,0.0,0.0,0.0,0,1,1,1,5.0,5.0,5.0,5.0,1.0,1.0,1.0,0.0,39,5.0,1.0,6.0,5.0,0,0,1,0,0,0,0,0,1,1
0.0,0.0,0.0,0.0,0.0,0.0,0.0,0,0.0,0.0,0.0,0.0,0.0,1.0,0,1,0,5,1.0,1.0,1.0,1.0,1.0,1.0,1.0,0.0,58,1.0,2.0,5.0,5.0,0,0,0,0,0,0,0,0,1,3
0.0,0.0,1.0,0.0,0.0,0.0,0.0,0,1.0,0.0,0.0,0.0,0.0,1.0,1,1,0,2,2.0,5.0,1.0,3.0,1.0,1.0,1.0,1.0,28,5.0,2.0,6.0,5.0,0,0,0,0,0,0,0,0,0,2
0.0,0.0,1.0,0.0,0.0,0.0,0.0,0,0.0,0.0,0.0,0.0,0.0,0.0,0,0,0,1,4.0,3.0,1.0,3.0,0.0,0.0,0.0,0.0,20,2.0,2.0,1.0,3.0,0,1,0,0,0,0,1,0,0,3
0.0,0.0,0.0,0.0,0.0,0.0,0.0,0,0.0,0.0,0.0,0.0,0.0,0.0,1,1,1,1,3.0,5.0,2.0,3.0,0.0,1.0,1.0,0.0,21,2.0,3.0,5.0,6.0,1,0,0,0,0,0,0,0,0,3
0.0,0.0,1.0,0.0,1.0,0.0,0.0,0,0.0,0.0,0.0,0.0,1.0,0.0,0,1,0,1,5.0,4.0,1.0,5.0,1.0,1.0,1.0,1.0,19,3.0,1.0,4.0,3.0,0,1,0,0,0,0,0,1,0,1
0.0,0.0,1.0,0.0,0.0,0.0,0.0,0,1.0,0.0,0.0,0.0,0.0,1.0,1,1,0,1,1.0,5.0,4.0,1.0,1.0,0.0,1.0,1.0,35,2.0,1.0,2.0,1.0,0,0,0,0,1,0,0,0,0,2
0.0,0.0,0.0,0.0,0.0,0.0,0.0,0,0.0,0.0,0.0,0.0,0.0,0.0,1,1,0,4,1.0,1.0,1.0,1.0,0.0,0.0,0.0,0.0,28,2.0,1.0,3.0,2.0,1,0,0,0,0,0,0,1,0,3
1.0,0.0,1.0,0.0,0.0,0.0,0.0,0,0.0,0.0,0.0,0.0,0.0,0.0,0,1,0,2,2.0,3.0,1.0,3.0,0.0,0.0,1.0,0.0,33,4.0,1.0,4.0,5.0,0,1,0,0,0,1,0,0,0,2
0.0,0.0,0.0,0.0,0.0,0.0,0.0,0,0.0,0.0,0.0,0.0,0.0,0.0,1,1,0,1,1.0,5.0,1.0,1.0,0.0,0.0,1.0,0.0,58,1.0,3.0,5.0,3.0,1,0,0,0,1,0,0,0,0,1
0.0,0.0,0.0,0.0,0.0,0.0,1.0,0,0.0,1.0,1.0,0.0,0.0,0.0,1,1,0,1,4.0,5.0,3.0,5.0,1.0,1.0,1.0,0.0,33,2.0,1.0,4.0,5.0,1,1,0,0,0,0,1,0,0,1
0.0,0.0,0.0,0.0,0.0,0.0,0.0,0,0.0,0.0,0.0,0.0,0.0,0.0,0,0,0,1,2.0,5.0,1.0,2.0,0.0,0.0,1.0,0.0,38,3.0,1.0,4.0,3.0,0,0,0,1,0,1,0,0,0,2
0.0,0.0,1.0,0.0,0.0,0.0,0.0,0,0.0,0.0,1.0,0.0,0.0,0.0,0,1,0,3,5.0,3.0,1.0,5.0,1.0,1.0,1.0,0.0,46,5.0,1.0,2.0,1.0,0,0,0,0,0,0,0,0,0,2
0.0,0.0,0.0,0.0,0.0,0.0,1.0,1,0.0,0.0,0.0,0.0,0.0,0.0,1,1,0,1,4.0,3.0,1.0,4.0,1.0,1.0,1.0,0.0,31,3.0,1.0,2.0,4.0,1,0,0,0,1,0,0,0,0,1
0.0,0.0,0.0,0.0,0.0,0.0,0.0,0,0.0,0.0,0.0,0.0,0.0,0.0,1,1,0,1,5.0,5.0,1.0,3.0,0.0,1.0,1.0,0.0,20,2.0,2.0,1.0,3.0,0,0,0,0,0,0,1,0,0,3
1.0,0.0,1.0,0.0,0.0,0.0,0.0,0,0.0,0.0,0.0,1.0,0.0,0.0,0,1,0,1,5.0,5.0,4.0,5.0,1.0,1.0,1.0,1.0,18,6.0,1.0,1.0,1.0,0,0,0,1,0,0,1,0,0,1
0.0,1.0,0.0,0.0,0.0,0.0,1.0,1,1.0,0.0,0.0,1.0,1.0,0.0,0,1,1,1,4.0,5.0,1.0,5.0,1.0,1.0,1.0,0.0,64,1.0,2.0,8.0,10.0,0,0,0,0,0,0,0,0,1,1
0.0,0.0,0.0,0.0,0.0,0.0,0.0,0,0.0,0.0,0.0,0.0,0.0,0.0,1,0,0,1,2.0,1.0,1.0,3.0,0.0,0.0,1.0,0.0,68,0.0,1.0,2.0,2.0,1,0,0,0,0,0,0,0,0,3
1.0,0.0,1.0,0.0,0.0,0.0,0.0,0,0.0,0.0,0.0,0.0,0.0,1.0,0,1,0,2,2.0,3.0,3.0,3.0,0.0,0.0,1.0,1.0,50,3.0,2.0,5.0,3.0,0,0,1,0,0,0,0,0,1,2
0.0,0.0,0.0,0.0,0.0,0.0,0.0,0,0.0,1.0,1.0,0.0,0.0,0.0,0,1,0,5,2.0,2.0,2.0,2.0,1.0,1.0,1.0,0.0,40,3.0,1.0,4.0,3.0,1,0,0,0,0,0,0,0,0,3
0.0,0.0,0.0,0.0,0.0,0.0,0.0,0,0.0,0.0,1.0,0.0,0.0,0.0,0,0,0,2,3.0,4.0,1.0,3.0,0.0,0.0,0.0,0.0,38,2.0,1.0,6.0,4.0,0,0,0,1,1,0,0,0,0,3
1.0,1.0,1.0,0.0,0.0,0.0,0.0,0,0.0,1.0,0.0,0.0,0.0,0.0,1,1,0,3,1.0,5.0,1.0,5.0,1.0,0.0,1.0,0.0,55,1.0,2.0,6.0,6.0,1,0,0,1,0,0,0,0,1,2
0.0,0.0,0.0,0.0,0.0,0.0,0.0,0,0.0,0.0,0.0,0.0,0.0,0.0,0,1,0,4,4.0,4.0,4.0,4.0,1.0,1.0,1.0,0.0,61,2.0,3.0,1.0,3.0,1,0,0,0,0,0,1,0,0,2
1.0,1.0,1.0,0.0,0.0,0.0,1.0,0,0.0,1.0,0.0,0.0,1.0,0.0,0,1,1,5,1.0,2.0,5.0,1.0,1.0,0.0,0.0,0.0,31,3.0,1.0,2.0,4.0,0,0,1,0,1,0,0,0,0,3
0.0,0.0,0.0,0.0,0.0,0.0,0.0,0,1.0,0.0,0.0,0.0,0.0,0.0,0,1,0,1,5.0,4.0,1.0,5.0,0.0,1.0,1.0,0.0,65,2.0,4.0,9.0,5.0,0,0,0,0,0,0,1,0,0,2
0.0,0.0,0.0,1.0,0.0,0.0,0.0,0,0.0,0.0,0.0,0.0,0.0,0.0,0,1,0,1,4.0,4.0,5.0,4.0,1.0,1.0,1.0,0.0,48,1.0,2.0,3.0,3.0,1,0,1,0,0,1,0,0,0,1
0.0,0.0,0.0,0.0,0.0,0.0,0.0,0,0.0,0.0,0.0,0.0,0.0,0.0,0,1,0,3,1.0,3.0,2.0,3.0,0.0,0.0,0.0,0.0,43,2.0,1.0,2.0,3.0,1,0,0,0,1,0,0,0,0,2
0.0,0.0,0.0,0.0,0.0,0.0,0.0,0,0.0,0.0,0.0,1.0,0.0,0.0,1,1,1,1,1.0,5.0,5.0,5.0,0.0,1.0,1.0,1.0,24,2.0,1.0,1.0,1.0,1,0,0,0,0,0,0,0,1,3
0.0,0.0,0.0,0.0,0.0,0.0,0.0,0,0.0,1.0,1.0,0.0,0.0,0.0,0,1,0,3,1.0,5.0,1.0,5.0,1.0,1.0,1.0,0.0,36,4.0,3.0,1.0,4.0,1,0,0,0,0,0,1,0,0,2
0.0,0.0,0.0,0.0,0.0,0.0,0.0,0,0.0,0.0,0.0,0.0,0.0,0.0,0,0,0,1,3.0,4.0,3.0,2.0,0.0,0.0,0.0,0.0,21,5.0,2.0,2.0,2.0,1,1,0,0,0,0,0,0,1,3
1.0,1.0,1.0,0.0,0.0,0.0,0.0,0,0.0,0.0,0.0,0.0,0.0,0.0,1,0,0,2,3.0,5.0,1.0,1.0,0.0,0.0,0.0,0.0,23,2.0,1.0,3.0,2.0,0,0,0,1,0,0,0,0,1,3
1.0,1.0,1.0,0.0,0.0,0.0,0.0,0,1.0,1.0,0.0,1.0,1.0,0.0,0,1,1,1,5.0,5.0,1.0,5.0,1.0,1.0,1.0,1.0,25,2.0,3.0,10.0,7.0,1,0,0,0,1,0,0,0,0,2
1.0,0.0,1.0,0.0,0.0,0.0,1.0,0,0.0,0.0,0.0,0.0,0.0,0.0,1,1,1,1,5.0,5.0,1.0,5.0,1.0,1.0,1.0,0.0,49,2.0,3.0,10.0,3.0,1,0,0,0,0,0,0,1,0,3
1.0,1.0,1.0,0.0,0.0,0.0,1.0,0,0.0,0.0,0.0,0.0,0.0,1.0,1,1,0,4,3.0,5.0,1.0,5.0,1.0,1.0,1.0,1.0,44,3.0,2.0,7.0,5.0,0,0,0,0,0,0,0,0,1,2
0.0,0.0,1.0,0.0,0.0,0.0,0.0,0,0.0,0.0,1.0,1.0,1.0,0.0,1,1,1,3,3.0,4.0,1.0,1.0,1.0,1.0,1.0,0.0,29,5.0,2.0,7.0,7.0,1,0,1,0,0,0,0,1,0,2
0.0,0.0,0.0,0.0,0.0,0.0,0.0,0,0.0,0.0,1.0,0.0,0.0,0.0,1,1,0,1,1.0,5.0,1.0,1.0,1.0,0.0,0.0,0.0,58,0.0,1.0,3.0,4.0,1,0,0,0,0,0,0,0,1,3
1.0,0.0,1.0,0.0,0.0,0.0,0.0,0,0.0,0.0,0.0,0.0,0.0,1.0,1,1,0,5,1.0,1.0,5.0,5.0,1.0,1.0,1.0,0.0,51,1.0,2.0,4.0,5.0,0,0,0,0,0,0,1,0,0,3
1.0,0.0,0.0,0.0,0.0,0.0,0.0,0,0.0,0.0,0.0,0.0,0.0,1.0,0,1,0,1,3.0,4.0,1.0,1.0,1.0,1.0,1.0,0.0,67,2.0,2.0,1.0,4.0,1,1,0,0,0,1,0,0,0,3
0.0,0.0,1.0,0.0,0.0,0.0,0.0,0,0.0,0.0,0.0,0.0,0.0,0.0,0,1,0,5,1.0,5.0,5.0,5.0,1.0,0.0,0.0,0.0,45,1.0,1.0,4.0,4.0,0,1,0,0,0,0,1,0,0,3
1.0,1.0,1.0,0.0,0.0,0.0,0.0,0,0.0,0.0,1.0,1.0,0.0,0.0,1,1,0,2,5.0,5.0,1.0,5.0,1.0,1.0,1.0,1.0,47,5.0,3.0,6.0,5.0,0,0,0,0,0,0,1,0,0,2
1.0,0.0,1.0,0.0,0.0,0.0,1.0,0,0.0,0.0,0.0,0.0,0.0,1.0,1,1,0,5,2.0,3.0,5.0,1.0,1.0,0.0,1.0,0.0,37,2.0,2.0,2.0,3.0,0,0,1,0,0,1,0,0,0,3
0.0,0.0,0.0,0.0,0.0,0.0,0.0,0,0.0,0.0,1.0,0.0,0.0,0.0,1,1,0,3,5.0,5.0,3.0,1.0,1.0,0.0,1.0,0.0,67,3.0,2.0,4.0,4.0,1,0,0,0,1,0,0,0,0,3
1.0,0.0,1.0,0.0,0.0,0.0,0.0,0,0.0,1.0,0.0,0.0,0.0,1.0,0,1,0,2,3.0,5.0,2.0,4.0,0.0,1.0,1.0,0.0,28,2.0,1.0,5.0,2.0,1,0,1,0,0,0,0,1,0,2
1.0,0.0,1.0,0.0,0.0,0.0,1.0,0,1.0,1.0,0.0,0.0,0.0,0.0,0,1,0,2,2.0,3.0,4.0,3.0,1.0,1.0,1.0,1.0,27,3.0,2.0,8.0,5.0,1,0,0,0,1,0,0,0,0,2
0.0,0.0,0.0,0.0,0.0,0.0,0.0,0,0.0,0.0,0.0,1.0,1.0,0.0,0,0,0,2,4.0,5.0,1.0,5.0,0.0,0.0,1.0,0.0,29,4.0,1.0,4.0,3.0,0,0,0,0,0,0,0,0,0,1
1.0,1.0,1.0,0.0,0.0,0.0,1.0,0,0.0,0.0,0.0,0.0,0.0,0.0,0,0,0,1,5.0,5.0,1.0,5.0,1.0,1.0,1.0,1.0,21,2.0,1.0,7.0,9.0,1,0,0,0,1,0,0,0,0,3
1.0,0.0,0.0,0.0,0.0,0.0,0.0,0,0.0,0.0,0.0,0.0,0.0,0.0,1,1,0,1,1.0,5.0,5.0,5.0,1.0,1.0,1.0,0.0,31,5.0,1.0,3.0,2.0,0,1,0,0,0,0,0,0,0,1
1.0,0.0,0.0,0.0,0.0,0.0,1.0,0,0.0,0.0,0.0,0.0,0.0,0.0,1,1,1,1,5.0,5.0,1.0,4.0,1.0,1.0,1.0,0.0,35,3.0,1.0,4.0,4.0,1,1,0,0,0,0,0,1,0,2
1.0,1.0,1.0,0.0,0.0,0.0,0.0,0,0.0,0.0,0.0,0.0,0.0,1.0,1,1,0,1,5.0,5.0,1.0,5.0,1.0,1.0,1.0,0.0,36,2.0,1.0,4.0,3.0,1,0,0,0,1,0,0,0,0,3
0.0,0.0,0.0,0.0,0.0,0.0,1.0,0,0.0,0.0,0.0,0.0,1.0,0.0,1,0,0,1,4.0,5.0,2.0,2.0,1.0,0.0,1.0,0.0,25,3.0,1.0,5.0,2.0,0,0,0,1,0,0,1,0,0,3
0.0,0.0,0.0,0.0,0.0,0.0,0.0,0,0.0,0.0,0.0,0.0,0.0,0.0,0,1,0,3,2.0,5.0,1.0,1.0,0.0,0.0,1.0,0.0,21,2.0,1.0,1.0,2.0,0,1,0,0,0,0,0,0,1,2
1.0,0.0,1.0,0.0,0.0,0.0,0.0,0,0.0,0.0,0.0,1.0,0.0,0.0,0,1,0,2,4.0,5.0,1.0,5.0,1.0,1.0,1.0,1.0,59,2.0,2.0,6.0,6.0,0,0,0,0,1,0,0,0,0,2
1.0,1.0,1.0,0.0,1.0,0.0,0.0,0,0.0,0.0,0.0,1.0,1.0,0.0,1,0,0,5,5.0,1.0,1.0,1.0,0.0,0.0,1.0,1.0,18,2.0,2.0,9.0,9.0,1,0,0,0,0,0,1,0,0,1
1.0,1.0,0.0,0.0,0.0,1.0,1.0,0,0.0,0.0,0.0,0.0,0.0,0.0,0,0,0,3,5.0,5.0,1.0,1.0,1.0,0.0,1.0,1.0,45,2.0,3.0,6.0,5.0,0,0,0,0,0,0,0,0,1,2
1.0,0.0,0.0,0.0,0.0,0.0,0.0,0,1.0,0.0,0.0,0.0,0.0,0.0,0,1,0,1,3.0,4.0,1.0,1.0,0.0,1.0,1.0,0.0,66,1.0,1.0,4.0,1.0,0,1,0,0,0,0,1,0,0,1
0.0,0.0,0.0,0.0,0.0,0.0,0.0,0,0.0,0.0,0.0,0.0,0.0,0.0,1,1,0,4,5.0,5.0,5.0,5.0,1.0,1.0,1.0,0.0,44,2.0,1.0,3.0,4.0,0,0,0,0,1,0,0,0,0,2
1.0,0.0,1.0,0.0,0.0,0.0,0.0,0,0.0,0.0,0.0,1.0,1.0,0.0,0,1,0,2,5.0,4.0,1.0,5.0,0.0,1.0,1.0,0.0,27,5.0,5.0,9.0,8.0,0,0,0,0,0,0,0,0,1,2
0.0,0.0,1.0,0.0,0.0,0.0,1.0,0,0.0,0.0,0.0,0.0,0.0,1.0,0,1,0,1,2.0,5.0,5.0,5.0,1.0,1.0,1.0,0.0,47,2.0,1.0,2.0,7.0,0,0,0,1,0,1,0,0,0,3
0.0,0.0,1.0,0.0,0.0,0.0,0.0,0,0.0,0.0,0.0,0.0,0.0,1.0,1,1,0,4,3.0,3.0,2.0,2.0,1.0,1.0,1.0,0.0,31,2.0,1.0,2.0,2.0,0,1,0,0,0,0,0,0,0,3
0.0,0.0,0.0,0.0,0.0,0.0,0.0,0,0.0,0.0,0.0,0.0,0.0,0.0,0,1,0,1,3.0,5.0,1.0,5.0,1.0,0.0,1.0,0.0,67,1.0,2.0,1.0,1.0,1,0,0,1,0,0,0,1,0,1
0.0,0.0,0.0,0.0,0.0,0.0,0.0,0,0.0,0.0,0.0,0.0,0.0,0.0,0,0,0,2,5.0,1.0,1.0,5.0,0.0,0.0,1.0,0.0,20,2.0,1.0,1.0,1.0,0,1,0,0,0,1,0,0,0,2
1.0,0.0,1.0,0.0,0.0,0.0,1.0,0,0.0,1.0,0.0,0.0,0.0,0.0,0,1,0,3,5.0,2.0,1.0,5.0,1.0,1.0,1.0,1.0,29,2.0,1.0,1.0,2.0,1,0,0,0,0,1,0,0,0,2
1.0,0.0,1.0,0.0,0.0,0.0,1.0,0,1.0,0.0,0.0,0.0,0.0,0.0,1,1,1,5,1.0,5.0,1.0,1.0,1.0,0.0,1.0,1.0,21,1.0,2.0,5.0,4.0,1,0,1,0,0,0,1,0,0,3
0.0,0.0,1.0,0.0,0.0,0.0,0.0,0,0.0,0.0,0.0,0.0,0.0,0.0,0,1,0,1,4.0,5.0,1.0,4.0,0.0,1.0,1.0,0.0,37,3.0,1.0,2.0,2.0,0,0,0,0,0,0,0,0,0,3
0.0,0.0,0.0,0.0,0.0,0.0,0.0,0,0.0,1.0,0.0,0.0,0.0,0.0,0,1,1,1,4.0,5.0,1.0,5.0,1.0,1.0,1.0,0.0,54,3.0,2.0,7.0,5.0,1,0,0,0,0,0,0,0,1,1
1.0,0.0,1.0,0.0,0.0,0.0,0.0,0,0.0,0.0,1.0,0.0,0.0,1.0,0,1,0,1,3.0,3.0,4.0,4.0,1.0,1.0,1.0,1.0,34,2.0,2.0,3.0,4.0,0,0,1,0,0,0,0,1,0,2
1.0,0.0,0.0,0.0,0.0,0.0,0.0,0,0.0,0.0,0.0,0.0,0.0,0.0,1,1,0,1,4.0,5.0,1.0,2.0,1.0,1.0,1.0,0.0,35,3.0,2.0,6.0,3.0,1,0,0,0,0,1,0,0,0,2
0.0,0.0,1.0,0.0,0.0,0.0,1.0,0,0.0,0.0,0.0,1.0,0.0,0.0,0,1,0,5,2.0,4.0,1.0,4.0,1.0,0.0,1.0,0.0,32,2.0,2.0,5.0,5.0,0,0,0,0,0,0,0,0,1,3
0.0,0.0,1.0,0.0,0.0,0.0,0.0,0,0.0,0.0,0.0,0.0,0.0,0.0,0,1,0,2,3.0,5.0,1.0,4.0,0.0,1.0,0.0,0.0,22,2.0,1.0,2.0,2.0,1,1,0,0,0,0,0,0,0,2
1.0,1.0,0.0,0.0,0.0,0.0,1.0,0,0.0,0.0,0.0,0.0,0.0,0.0,1,1,0,3,2.0,5.0,1.0,3.0,1.0,1.0,1.0,0.0,40,2.0,2.0,4.0,4.0,1,0,0,0,0,0,1,0,0,3
0.0,0.0,0.0,0.0,0.0,0.0,0.0,0,0.0,0.0,0.0,0.0,0.0,0.0,0,1,1,3,4.0,5.0,1.0,1.0,1.0,1.0,1.0,0.0,38,5.0,1.0,4.0,4.0,1,0,0,0,0,0,0,0,0,2
0.0,0.0,0.0,0.0,0.0,0.0,0.0,0,0.0,0.0,0.0,1.0,0.0,0.0,0,0,0,1,4.0,4.0,1.0,4.0,0.0,0.0,0.0,0.0,18,3.0,2.0,4.0,5.0,1,0,0,0,1,0,0,0,0,3
0.0,0.0,1.0,0.0,0.0,0.0,0.0,0,0.0,1.0,0.0,0.0,0.0,0.0,0,0,0,2,3.0,2.0,2.0,2.0,0.0,0.0,0.0,0.0,18,5.0,1.0,1.0,3.0,0,0,0,0,1,0,0,0,0,3
0.0,0.0,0.0,0.0,0.0,0.0,1.0,0,0.0,0.0,0.0,0.0,0.0,0.0,1,1,0,1,1.0,1.0,5.0,5.0,0.0,1.0,1.0,0.0,40,1.0,3.0,9.0,1.0,1,0,0,0,0,0,0,0,1,1
1.0,1.0,1.0,0.0,1.0,0.0,0.0,0,0.0,0.0,0.0,0.0,0.0,0.0,1,1,0,1,5.0,5.0,1.0,5.0,1.0,1.0,1.0,1.0,28,2.0,2.0,6.0,5.0,1,1,0,0,1,0,0,0,0,2
0.0,0.0,0.0,0.0,0.0,0.0,1.0,1,0.0,0.0,0.0,0.0,0.0,0.0,0,0,0,1,4.0,1.0,3.0,4.0,1.0,1.0,1.0,0.0,40,2.0,1.0,5.0,3.0,1,0,1,0,0,0,0,0,0,3
0.0,0.0,0.0,0.0,0.0,0.0,0.0,0,0.0,0.0,0.0,0.0,0.0,0.0,0,1,0,4,1.0,1.0,3.0,1.0,1.0,1.0,1.0,0.0,44,4.0,2.0,4.0,4.0,0,0,0,0,0,0,0,0,0,2
1.0,1.0,0.0,0.0,1.0,1.0,1.0,0,0.0,0.0,0.0,0.0,0.0,0.0,1,1,1,3,3.0,4.0,3.0,3.0,0.0,0.0,1.0,1.0,29,3.0,2.0,5.0,5.0,1,0,1,0,0,1,0,0,0,2
0.0,1.0,1.0,0.0,0.0,0.0,0.0,0,0.0,0.0,1.0,0.0,0.0,0.0,0,1,0,3,5.0,5.0,1.0,5.0,1.0,1.0,1.0,0.0,59,1.0,2.0,3.0,2.0,1,0,0,1,0,1,0,0,0,3
1.0,0.0,1.0,0.0,0.0,0.0,1.0,0,0.0,0.0,0.0,0.0,0.0,0.0,0,1,0,2,4.0,4.0,1.0,4.0,1.0,0.0,1.0,0.0,39,5.0,2.0,2.0,2.0,1,0,0,1,0,0,1,0,0,1
0.0,0.0,0.0,0.0,0.0,0.0,0.0,0,0.0,0.0,0.0,0.0,0.0,0.0,0,0,0,2,1.0,2.0,1.0,4.0,0.0,0.0,1.0,0.0,35,3.0,2.0,1.0,2.0,0,1,0,0,0,0,1,0,0,2
1.0,1.0,1.0,0.0,0.0,0.0,0.0,0,0.0,0.0,0.0,0.0,0.0,0.0,0,1,1,1,4.0,4.0,1.0,5.0,0.0,1.0,1.0,0.0,19,4.0,1.0,4.0,2.0,1,0,1,0,1,0,0,0,0,1
0.0,0.0,1.0,0.0,0.0,0.0,0.0,0,0.0,0.0,0.0,0.0,0.0,0.0,0,0,0,1,2.0,1.0,1.0,2.0,0.0,1.0,0.0,0.0,20,3.0,2.0,4.0,4.0,0,0,1,0,0,0,0,0,0,3
0.0,0.0,0.0,0.0,0.0,0.0,0.0,0,0.0,0.0,1.0,0.0,0.0,1.0,0,1,0,1,1.0,5.0,1.0,5.0,1.0,0.0,1.0,0.0,51,2.0,2.0,2.0,4.0,0,0,1,0,0,0,0,0,0,1
1.0,1.0,0.0,0.0,0.0,0.0,0.0,1,0.0,0.0,0.0,0.0,0.0,0.0,0,1,0,2,4.0,4.0,1.0,4.0,1.0,1.0,1.0,0.0,70,2.0,2.0,4.0,4.0,0,0,1,0,0,0,1,0,0,2
0.0,0.0,0.0,0.0,0.0,0.0,0.0,0,0.0,0.0,0.0,0.0,0.0,0.0,0,0,0,1,5.0,5.0,2.0,1.0,0.0,0.0,1.0,0.0,26,1.0,2.0,4.0,5.0,0,0,0,0,1,0,0,0,0,3
0.0,0.0,0.0,0.0,0.0,0.0,0.0,0,0.0,0.0,0.0,0.0,0.0,0.0,1,1,0,5,1.0,1.0,2.0,1.0,1.0,1.0,1.0,0.0,52,1.0,2.0,4.0,3.0,0,0,0,1,1,0,0,0,0,1
0.0,0.0,0.0,0.0,0.0,0.0,0.0,0,0.0,0.0,0.0,0.0,0.0,0.0,0,1,0,1,1.0,2.0,1.0,4.0,1.0,0.0,1.0,0.0,60,1.0,2.0,1.0,3.0,0,0,1,0,1,0,0,0,0,3
0.0,0.0,0.0,0.0,0.0,0.0,1.0,0,0.0,0.0,0.0,0.0,0.0,1.0,0,1,0,1,2.0,3.0,1.0,2.0,1.0,1.0,1.0,0.0,60,2.0,1.0,1.0,1.0,0,0,1,0,0,0,0,0,0,1
1.0,1.0,1.0,0.0,0.0,1.0,1.0,0,0.0,1.0,0.0,0.0,0.0,0.0,1,1,1,1,5.0,5.0,2.0,5.0,1.0,1.0,1.0,0.0,44,6.0,5.0,10.0,9.0,0,0,0,0,0,0,0,0,1,2
1.0,0.0,1.0,0.0,0.0,0.0,0.0,0,1.0,0.0,1.0,1.0,0.0,0.0,1,1,0,1,5.0,5.0,1.0,4.0,1.0,1.0,1.0,1.0,31,4.0,2.0,10.0,7.0,1,0,0,0,1,0,0,0,0,2
0.0,0.0,0.0,0.0,0.0,0.0,0.0,0,0.0,0.0,0.0,0.0,0.0,0.0,1,1,1,5,1.0,1.0,1.0,5.0,0.0,0.0,0.0,0.0,57,2.0,2.0,4.0,3.0,0,0,0,0,1,0,0,0,0,2
0.0,0.0,0.0,0.0,0.0,0.0,0.0,0,0.0,0.0,0.0,0.0,0.0,0.0,0,1,0,3,5.0,5.0,1.0,5.0,0.0,0.0,1.0,0.0,18,2.0,2.0,2.0,2.0,1,1,0,0,0,1,0,0,0,3
0.0,0.0,0.0,0.0,0.0,0.0,1.0,0,0.0,0.0,0.0,0.0,0.0,0.0,1,1,0,4,4.0,3.0,3.0,3.0,0.0,0.0,1.0,0.0,29,2.0,1.0,1.0,2.0,1,1,0,0,1,0,0,0,0,1
0.0,0.0,1.0,0.0,0.0,0.0,0.0,0,0.0,0.0,0.0,0.0,0.0,1.0,0,1,0,3,3.0,4.0,3.0,4.0,0.0,0.0,1.0,0.0,30,4.0,2.0,2.0,4.0,0,1,0,0,1,0,0,0,0,1
0.0,0.0,1.0,0.0,0.0,0.0,0.0,0,0.0,1.0,0.0,1.0,0.0,0.0,1,1,0,2,4.0,4.0,1.0,3.0,0.0,1.0,1.0,0.0,38,2.0,3.0,3.0,3.0,1,0,0,0,0,0,0,0,1,2
0.0,0.0,1.0,0.0,0.0,0.0,1.0,0,0.0,0.0,0.0,0.0,0.0,0.0,0,0,0,1,5.0,5.0,1.0,5.0,1.0,1.0,1.0,0.0,35,2.0,1.0,4.0,3.0,1,0,1,0,0,0,0,0,0,3
1.0,1.0,0.0,0.0,0.0,0.0,1.0,0,0.0,0.0,0.0,0.0,0.0,0.0,1,1,1,1,3.0,4.0,4.0,3.0,1.0,1.0,1.0,0.0,36,2.0,2.0,4.0,4.0,0,0,0,0,0,0,1,0,0,3
1.0,1.0,0.0,0.0,0.0,0.0,1.0,1,0.0,0.0,0.0,0.0,0.0,0.0,1,1,1,1,5.0,5.0,5.0,5.0,1.0,1.0,1.0,0.0,67,1.0,2.0,7.0,3.0,1,0,0,0,0,0,1,0,0,2
0.0,0.0,1.0,0.0,0.0,0.0,0.0,0,0.0,0.0,0.0,0.0,0.0,0.0,0,0,0,1,1.0,4.0,1.0,3.0,1.0,1.0,1.0,0.0,35,2.0,2.0,2.0,2.0,0,0,1,0,0,0,1,0,0,3
1.0,1.0,1.0,0.0,0.0,0.0,0.0,0,0.0,1.0,1.0,0.0,0.0,0.0,0,1,1,1,5.0,5.0,1.0,5.0,0.0,1.0,1.0,1.0,44,6.0,2.0,8.0,5.0,1,0,0,0,1,0,0,0,0,1
1.0,0.0,1.0,0.0,0.0,1.0,1.0,0,0.0,1.0,0.0,0.0,0.0,0.0,0,1,0,4,3.0,3.0,3.0,4.0,1.0,1.0,1.0,1.0,28,3.0,3.0,6.0,4.0,1,0,0,0,0,0,0,0,0,2
1.0,1.0,0.0,0.0,0.0,0.0,1.0,1,1.0,0.0,1.0,0.0,0.0,0.0,0,1,1,1,3.0,3.0,3.0,2.0,1.0,0.0,1.0,0.0,53,3.0,2.0,5.0,5.0,1,0,0,0,0,0,0,0,1,3
0.0,0.0,1.0,0.0,0.0,0.0,0.0,0,0.0,0.0,0.0,0.0,0.0,0.0,0,1,0,3,3.0,4.0,1.0,2.0,0.0,1.0,1.0,1.0,26,3.0,1.0,3.0,4.0,1,0,0,0,0,0,0,0,0,3
0.0,0.0,1.0,0.0,0.0,0.0,0.0,0,0.0,0.0,0.0,0.0,0.0,0.0,1,1,0,1,5.0,5.0,1.0,5.0,1.0,0.0,1.0,0.0,19,2.0,1.0,8.0,3.0,1,1,0,0,0,0,0,1,0,1
0.0,0.0,0.0,0.0,0.0,0.0,0.0,0,0.0,0.0,0.0,0.0,0.0,0.0,0,0,0,1,2.0,5.0,1.0,4.0,0.0,0.0,0.0,0.0,19,2.0,1.0,4.0,4.0,0,0,0,0,0,0,1,0,0,3
0.0,0.0,0.0,0.0,0.0,0.0,0.0,0,0.0,0.0,1.0,0.0,0.0,0.0,0,1,0,1,5.0,3.0,3.0,4.0,0.0,0.0,0.0,0.0,63,1.0,2.0,1.0,1.0,0,0,0,1,0,0,0,1,0,3
1.0,1.0,0.0,0.0,0.0,1.0,1.0,0,0.0,0.0,0.0,0.0,0.0,0.0,0,1,1,1,4.0,5.0,1.0,3.0,0.0,1.0,1.0,0.0,55,6.0,3.0,10.0,10.0,1,0,0,0,1,0,0,0,0,1
0.0,0.0,1.0,0.0,0.0,0.0,0.0,0,0.0,0.0,0.0,0.0,0.0,0.0,0,0,0,2,2.0,4.0,1.0,2.0,0.0,0.0,0.0,0.0,26,1.0,2.0,3.0,2.0,1,0,0,0,1,0,0,0,0,2
1.0,1.0,1.0,0.0,0.0,0.0,0.0,0,0.0,0.0,0.0,0.0,0.0,0.0,0,0,0,1,5.0,5.0,1.0,5.0,1.0,1.0,1.0,1.0,35,3.0,3.0,7.0,5.0,0,0,0,0,0,0,0,0,0,1
0.0,0.0,0.0,0.0,0.0,0.0,0.0,0,0.0,0.0,0.0,0.0,0.0,0.0,1,1,0,3,2.0,3.0,3.0,3.0,1.0,1.0,1.0,0.0,55,2.0,1.0,3.0,2.0,1,1,0,0,0,0,0,0,0,2
1.0,1.0,0.0,0.0,0.0,1.0,1.0,0,0.0,1.0,1.0,1.0,1.0,0.0,1,1,0,1,5.0,5.0,1.0,5.0,1.0,1.0,1.0,1.0,28,5.0,2.0,5.0,4.0,1,0,0,0,0,0,1,0,0,1
0.0,0.0,0.0,0.0,0.0,0.0,0.0,0,0.0,0.0,0.0,0.0,0.0,0.0,0,0,0,2,1.0,3.0,1.0,3.0,0.0,0.0,1.0,0.0,46,4.0,1.0,2.0,2.0,0,1,0,0,1,0,0,0,0,3
0.0,0.0,0.0,0.0,0.0,0.0,1.0,0,0.0,0.0,0.0,0.0,0.0,0.0,1,1,1,5,4.0,5.0,4.0,1.0,1.0,1.0,1.0,0.0,57,2.0,2.0,2.0,2.0,0,1,0,0,0,0,1,0,0,3
0.0,0.0,0.0,0.0,0.0,0.0,0.0,0,0.0,0.0,0.0,0.0,0.0,0.0,0,1,0,2,5.0,5.0,5.0,4.0,1.0,1.0,1.0,0.0,56,1.0,1.0,2.0,2.0,1,0,1,0,0,0,1,0,0,2
0.0,0.0,1.0,0.0,0.0,0.0,0.0,0,0.0,0.0,0.0,0.0,0.0,0.0,1,1,0,5,2.0,5.0,1.0,5.0,0.0,1.0,1.0,1.0,26,2.0,2.0,4.0,5.0,0,0,1,0,0,0,0,1,0,2
1.0,1.0,1.0,0.0,0.0,0.0,0.0,0,0.0,1.0,0.0,0.0,0.0,1.0,0,1,1,1,4.0,4.0,1.0,4.0,1.0,1.0,1.0,1.0,43,5.0,2.0,4.0,3.0,1,0,0,0,1,0,0,0,0,2
0.0,0.0,1.0,0.0,0.0,0.0,0.0,0,0.0,0.0,0.0,0.0,0.0,0.0,1,1,0,1,5.0,5.0,1.0,5.0,1.0,1.0,1.0,1.0,38,2.0,1.0,4.0,2.0,0,1,0,0,0,0,0,1,0,1
1.0,1.0,1.0,0.0,0.0,0.0,1.0,0,0.0,0.0,0.0,0.0,0.0,0.0,0,1,1,3,3.0,3.0,5.0,3.0,0.0,0.0,0.0,0.0,38,5.0,1.0,8.0,8.0,0,0,1,0,0,1,0,0,0,1
1.0,1.0,1.0,0.0,0.0,0.0,0.0,0,0.0,0.0,0.0,1.0,0.0,0.0,0,0,1,1,4.0,4.0,1.0,4.0,0.0,1.0,1.0,1.0,55,2.0,3.0,8.0,6.0,0,0,0,0,1,0,0,0,0,1
1.0,0.0,1.0,0.0,0.0,0.0,1.0,0,0.0,0.0,1.0,0.0,0.0,1.0,1,1,0,3,1.0,2.0,5.0,5.0,1.0,1.0,1.0,0.0,41,2.0,3.0,4.0,5.0,0,1,0,0,1,0,0,0,0,1
0.0,0.0,1.0,0.0,0.0,0.0,1.0,0,0.0,1.0,0.0,0.0,0.0,0.0,1,1,0,3,3.0,4.0,3.0,3.0,1.0,0.0,0.0,0.0,36,2.0,2.0,5.0,5.0,1,0,0,0,1,0,0,0,0,2
0.0,0.0,0.0,0.0,0.0,0.0,0.0,0,0.0,0.0,1.0,0.0,0.0,0.0,1,1,0,2,5.0,5.0,3.0,3.0,1.0,1.0,1.0,0.0,47,2.0,1.0,3.0,2.0,1,1,0,0,0,0,0,0,0,2
1.0,1.0,0.0,0.0,0.0,0.0,1.0,0,0.0,1.0,0.0,0.0,0.0,1.0,1,1,0,1,3.0,5.0,1.0,5.0,1.0,1.0,1.0,0.0,64,2.0,2.0,2.0,1.0,0,0,0,1,0,0,0,0,1,2
0.0,0.0,0.0,0.0,0.0,0.0,0.0,0,0.0,0.0,0.0,1.0,0.0,1.0,0,1,0,2,1.0,5.0,1.0,3.0,1.0,1.0,1.0,0.0,65,1.0,1.0,2.0,2.0,0,1,0,0,0,0,0,0,0,3
0.0,0.0,0.0,0.0,0.0,0.0,0.0,0,0.0,0.0,0.0,0.0,0.0,1.0,1,1,0,1,4.0,5.0,1.0,5.0,1.0,1.0,1.0,0.0,21,2.0,1.0,1.0,1.0,0,0,0,1,0,0,0,0,0,2
1.0,1.0,1.0,0.0,0.0,0.0,0.0,0,0.0,0.0,1.0,0.0,0.0,0.0,1,1,0,3,5.0,4.0,1.0,3.0,0.0,1.0,0.0,0.0,21,2.0,2.0,7.0,6.0,1,0,0,0,1,0,0,0,0,2
1.0,0.0,1.0,0.0,0.0,0.0,1.0,0,1.0,0.0,0.0,0.0,0.0,0.0,1,1,0,3,4.0,3.0,3.0,5.0,0.0,0.0,0.0,0.0,24,4.0,1.0,4.0,4.0,0,0,0,0,0,0,0,0,1,1
0.0,0.0,1.0,0.0,0.0,0.0,0.0,0,0.0,0.0,0.0,0.0,0.0,0.0,0,0,0,1,3.0,3.0,1.0,2.0,0.0,0.0,0.0,0.0,19,2.0,1.0,4.0,2.0,1,0,0,0,1,0,0,0,0,2
0.0,1.0,1.0,0.0,0.0,0.0,0.0,0,0.0,0.0,0.0,1.0,0.0,0.0,1,1,0,1,1.0,2.0,5.0,2.0,1.0,1.0,1.0,0.0,32,3.0,2.0,3.0,7.0,0,0,1,0,0,0,0,1,0,3
0.0,0.0,0.0,0.0,0.0,0.0,0.0,0,0.0,0.0,1.0,0.0,0.0,0.0,0,1,0,5,1.0,5.0,5.0,5.0,1.0,0.0,0.0,0.0,38,2.0,2.0,1.0,2.0,1,0,0,0,0,0,1,0,0,3
0.0,0.0,0.0,0.0,0.0,0.0,0.0,0,0.0,0.0,0.0,0.0,0.0,0.0,1,1,1,5,1.0,5.0,1.0,1.0,1.0,1.0,1.0,0.0,37,2.0,2.0,3.0,1.0,0,1,0,0,1,0,0,0,0,2
1.0,1.0,1.0,0.0,1.0,0.0,1.0,0,0.0,1.0,0.0,0.0,0.0,0.0,1,1,1,1,2.0,5.0,1.0,4.0,1.0,1.0,1.0,0.0,25,6.0,2.0,9.0,7.0,1,0,0,0,0,1,0,0,0,1
0.0,0.0,0.0,0.0,0.0,0.0,0.0,0,0.0,0.0,0.0,0.0,0.0,0.0,1,1,0,3,2.0,1.0,4.0,1.0,1.0,1.0,1.0,1.0,59,1.0,1.0,1.0,5.0,1,0,0,0,0,0,0,0,0,2
1.0,0.0,1.0,0.0,0.0,0.0,0.0,0,0.0,0.0,0.0,1.0,0.0,0.0,1,1,0,3,3.0,5.0,1.0,1.0,1.0,1.0,1.0,1.0,22,3.0,2.0,2.0,2.0,0,0,1,0,0,1,0,0,0,2
0.0,0.0,1.0,0.0,0.0,0.0,1.0,0,0.0,1.0,0.0,0.0,0.0,0.0,0,1,0,3,1.0,5.0,2.0,4.0,1.0,0.0,1.0,1.0,52,2.0,2.0,3.0,4.0,0,0,0,0,0,1,0,0,0,3
1.0,1.0,1.0,0.0,1.0,1.0,1.0,0,0.0,0.0,0.0,0.0,0.0,0.0,0,1,1,1,1.0,5.0,1.0,5.0,0.0,1.0,1.0,1.0,24,3.0,1.0,4.0,6.0,1,1,0,0,0,1,0,0,0,2
0.0,0.0,0.0,0.0,0.0,0.0,0.0,0,0.0,0.0,0.0,0.0,0.0,0.0,1,1,0,4,1.0,1.0,1.0,5.0,1.0,0.0,1.0,0.0,53,1.0,1.0,3.0,4.0,0,0,1,0,0,0,0,0,1,3
0.0,0.0,0.0,0.0,0.0,0.0,0.0,0,0.0,0.0,0.0,0.0,0.0,1.0,1,1,0,1,1.0,5.0,5.0,5.0,1.0,0.0,1.0,0.0,58,1.0,3.0,1.0,1.0,0,0,0,0,0,0,0,0,1,3
0.0,0.0,0.0,0.0,0.0,0.0,1.0,0,0.0,0.0,0.0,0.0,0.0,1.0,1,1,0,1,5.0,5.0,1.0,1.0,1.0,1.0,1.0,0.0,62,0.0,2.0,3.0,5.0,1,0,1,0,0,0,0,1,0,2
0.0,0.0,0.0,0.0,0.0,0.0,0.0,0,0.0,0.0,0.0,0.0,0.0,0.0,0,0,0,1,5.0,5.0,5.0,5.0,0.0,0.0,0.0,0.0,18,5.0,1.0,7.0,6.0,0,0,1,0,0,0,0,0,0,3
0.0,0.0,1.0,0.0,0.0,0.0,0.0,0,0.0,1.0,0.0,0.0,0.0,0.0,0,1,0,4,2.0,1.0,1.0,1.0,1.0,1.0,1.0,0.0,40,1.0,1.0,3.0,2.0,1,0,0,0,1,0,0,0,0,3
1.0,0.0,1.0,0.0,0.0,0.0,0.0,0,0.0,1.0,0.0,0.0,0.0,0.0,0,1,0,4,3.0,4.0,3.0,5.0,1.0,1.0,1.0,0.0,59,2.0,2.0,4.0,2.0,1,1,0,0,1,0,0,0,0,2
0.0,0.0,0.0,0.0,0.0,0.0,0.0,0,0.0,1.0,0.0,0.0,0.0,0.0,1,1,0,3,1.0,5.0,2.0,5.0,1.0,1.0,1.0,0.0,38,0.0,3.0,4.0,4.0,1,0,1,0,0,0,1,0,0,2
0.0,0.0,0.0,0.0,0.0,0.0,0.0,0,0.0,0.0,0.0,0.0,0.0,0.0,1,1,0,3,4.0,5.0,5.0,3.0,1.0,0.0,1.0,1.0,54,2.0,3.0,4.0,4.0,1,1,0,0,0,0,1,0,0,2
0.0,0.0,0.0,0.0,0.0,0.0,0.0,0,0.0,0.0,0.0,0.0,0.0,0.0,0,1,0,1,3.0,4.0,5.0,5.0,0.0,0.0,1.0,0.0,65,2.0,2.0,4.0,1.0,0,0,0,0,0,0,0,0,0,3
1.0,0.0,1.0,0.0,0.0,0.0,0.0,0,0.0,0.0,0.0,0.0,0.0,0.0,0,1,0,2,2.0,4.0,2.0,4.0,1.0,0.0,1.0,0.0,20,2.0,1.0,4.0,3.0,1,1,0,0,0,0,0,0,0,2
1.0,0.0,1.0,0.0,0.0,0.0,1.0,0,0.0,1.0,1.0,0.0,1.0,0.0,1,1,0,1,5.0,5.0,1.0,5.0,1.0,1.0,1.0,1.0,36,2.0,2.0,10.0,5.0,1,0,0,0,0,0,0,0,1,1
0.0,0.0,0.0,0.0,0.0,0.0,0.0,0,0.0,0.0,0.0,1.0,0.0,1.0,0,0,0,3,1.0,1.0,1.0,1.0,1.0,0.0,1.0,0.0,55,0.0,1.0,1.0,1.0,0,0,1,0,0,0,0,0,0,2
1.0,0.0,1.0,0.0,0.0,0.0,1.0,0,0.0,0.0,0.0,0.0,0.0,0.0,1,1,0,1,2.0,4.0,1.0,3.0,1.0,1.0,1.0,0.0,26,2.0,1.0,4.0,3.0,0,0,0,1,0,0,0,1,0,3
1.0,1.0,1.0,0.0,0.0,0.0,1.0,0,0.0,0.0,0.0,0.0,0.0,0.0,1,1,0,2,4.0,4.0,1.0,5.0,1.0,1.0,1.0,0.0,21,4.0,3.0,5.0,3.0,0,0,0,0,0,0,1,0,0,2
0.0,0.0,0.0,0.0,0.0,0.0,0.0,0,0.0,0.0,0.0,0.0,0.0,0.0,0,1,0,2,5.0,5.0,1.0,5.0,1.0,1.0,1.0,0.0,51,2.0,1.0,1.0,2.0,1,0,1,0,0,0,0,0,0,2
1.0,1.0,1.0,0.0,0.0,0.0,1.0,0,0.0,1.0,0.0,0.0,0.0,0.0,0,1,1,2,4.0,2.0,2.0,4.0,1.0,0.0,1.0,1.0,36,3.0,4.0,5.0,4.0,1,0,0,0,0,0,0,0,1,2
1.0,1.0,1.0,0.0,0.0,1.0,1.0,0,0.0,1.0,0.0,0.0,0.0,0.0,1,1,1,1,5.0,5.0,1.0,5.0,1.0,1.0,1.0,1.0,45,5.0,1.0,4.0,3.0,0,0,0,1,1,0,0,0,0,1
0.0,0.0,0.0,0.0,0.0,0.0,0.0,0,0.0,0.0,0.0,0.0,0.0,1.0,1,1,0,1,1.0,1.0,3.0,1.0,1.0,0.0,1.0,0.0,70,1.0,2.0,1.0,2.0,0,0,1,0,0,0,0,1,0,3
0.0,0.0,1.0,0.0,0.0,0.0,1.0,0,0.0,1.0,0.0,0.0,0.0,0.0,1,1,1,5,1.0,1.0,5.0,1.0,0.0,0.0,0.0,0.0,42,2.0,3.0,4.0,5.0,1,0,0,0,0,1,0,0,0,3
0.0,0.0,1.0,0.0,0.0,0.0,1.0,0,1.0,1.0,0.0,0.0,0.0,1.0,1,1,0,2,2.0,4.0,2.0,4.0,1.0,1.0,1.0,1.0,33,2.0,2.0,5.0,5.0,0,0,0,0,1,0,0,0,0,2
0.0,0.0,1.0,0.0,0.0,0.0,0.0,0,0.0,0.0,1.0,0.0,0.0,0.0,0,0,0,1,5.0,5.0,1.0,5.0,1.0,1.0,1.0,0.0,23,2.0,1.0,5.0,3.0,0,0,1,0,1,0,0,0,0,3
1.0,0.0,0.0,0.0,0.0,0.0,1.0,0,0.0,0.0,0.0,0.0,0.0,0.0,0,0,0,1,5.0,5.0,5.0,1.0,1.0,1.0,1.0,1.0,65,2.0,4.0,4.0,4.0,0,0,0,0,0,0,0,0,1,2
0.0,0.0,0.0,0.0,0.0,0.0,0.0,0,0.0,0.0,1.0,0.0,0.0,0.0,0,1,0,1,3.0,5.0,1.0,5.0,1.0,1.0,1.0,0.0,46,1.0,2.0,2.0,5.0,1,0,1,0,0,1,0,0,0,1
0.0,0.0,0.0,0.0,0.0,0.0,1.0,0,0.0,0.0,0.0,0.0,0.0,0.0,1,1,0,1,2.0,4.0,1.0,5.0,1.0,0.0,1.0,0.0,36,2.0,3.0,3.0,3.0,0,0,0,0,0,0,1,0,0,3
0.0,0.0,0.0,0.0,0.0,0.0,0.0,0,0.0,0.0,0.0,0.0,0.0,0.0,0,1,0,2,1.0,1.0,1.0,1.0,0.0,0.0,0.0,0.0,48,2.0,2.0,4.0,5.0,0,0,0,0,0,1,0,0,0,3
1.0,0.0,0.0,0.0,0.0,0.0,0.0,0,0.0,0.0,0.0,0.0,0.0,1.0,0,1,0,4,2.0,4.0,2.0,3.0,0.0,1.0,1.0,0.0,65,2.0,1.0,5.0,6.0,1,0,1,0,0,0,0,0,0,3
0.0,0.0,0.0,0.0,0.0,0.0,1.0,0,0.0,0.0,0.0,0.0,0.0,0.0,1,1,0,1,1.0,5.0,1.0,1.0,1.0,1.0,1.0,0.0,28,2.0,2.0,1.0,2.0,0,0,0,0,0,0,0,0,1,3
0.0,0.0,0.0,0.0,0.0,0.0,1.0,1,0.0,0.0,1.0,1.0,0.0,0.0,0,0,0,3,5.0,5.0,1.0,4.0,0.0,0.0,0.0,1.0,18,2.0,3.0,8.0,3.0,1,0,0,0,0,0,0,0,1,2
0.0,0.0,1.0,0.0,0.0,0.0,0.0,0,0.0,0.0,0.0,0.0,0.0,1.0,0,0,0,1,3.0,5.0,1.0,4.0,1.0,1.0,1.0,0.0,42,2.0,1.0,1.0,1.0,0,0,1,0,0,0,0,0,0,3
1.0,0.0,0.0,0.0,0.0,0.0,1.0,0,0.0,0.0,0.0,0.0,0.0,1.0,1,1,0,1,4.0,5.0,1.0,4.0,0.0,0.0,1.0,0.0,21,2.0,1.0,5.0,4.0,0,1,0,0,0,0,0,0,0,2
0.0,0.0,0.0,0.0,0.0,0.0,1.0,0,0.0,0.0,1.0,0.0,0.0,0.0,1,1,0,1,5.0,4.0,1.0,5.0,1.0,1.0,1.0,0.0,42,2.0,2.0,4.0,3.0,1,0,0,0,1,0,0,0,0,3
0.0,0.0,0.0,0.0,0.0,0.0,0.0,0,0.0,0.0,0.0,1.0,0.0,0.0,1,1,0,3,1.0,5.0,3.0,5.0,0.0,0.0,1.0,0.0,23,2.0,1.0,5.0,5.0,0,0,0,0,0,0,1,0,0,3
0.0,0.0,0.0,0.0,0.0,0.0,0.0,0,0.0,0.0,0.0,0.0,0.0,1.0,1,1,0,5,1.0,1.0,1.0,1.0,1.0,1.0,1.0,0.0,50,2.0,3.0,2.0,4.0,0,0,0,0,0,0,0,0,1,3
1.0,1.0,1.0,0.0,0.0,0.0,1.0,0,1.0,1.0,0.0,0.0,0.0,0.0,0,1,0,3,3.0,5.0,2.0,3.0,0.0,1.0,1.0,0.0,57,2.0,2.0,7.0,5.0,0,0,0,0,1,0,0,0,0,2
0.0,0.0,1.0,0.0,0.0,0.0,0.0,0,1.0,0.0,0.0,1.0,0.0,0.0,0,0,0,1,1.0,5.0,5.0,3.0,0.0,0.0,0.0,0.0,70,1.0,1.0,3.0,3.0,0,0,0,0,0,0,1,0,0,3
0.0,0.0,0.0,0.0,0.0,0.0,0.0,0,0.0,0.0,0.0,0.0,0.0,0.0,0,0,0,1,2.0,1.0,1.0,1.0,0.0,0.0,0.0,0.0,18,2.0,3.0,2.0,2.0,0,0,1,0,0,1,0,0,0,3
0.0,0.0,1.0,0.0,0.0,0.0,0.0,1,0.0,0.0,0.0,0.0,0.0,0.0,1,1,1,3,3.0,4.0,3.0,4.0,1.0,1.0,1.0,0.0,65,2.0,2.0,4.0,5.0,1,0,0,0,1,0,0,0,0,3
1.0,1.0,0.0,1.0,0.0,1.0,1.0,0,0.0,0.0,0.0,1.0,0.0,0.0,0,1,1,1,5.0,5.0,4.0,4.0,0.0,1.0,0.0,1.0,67,5.0,4.0,10.0,8.0,1,0,0,0,1,0,0,0,0,2
0.0,0.0,1.0,0.0,0.0,0.0,0.0,0,0.0,0.0,0.0,0.0,1.0,0.0,0,1,0,5,1.0,1.0,1.0,1.0,1.0,0.0,1.0,0.0,41,2.0,2.0,1.0,4.0,0,1,0,0,0,0,1,0,0,1
0.0,0.0,1.0,0.0,0.0,0.0,1.0,0,0.0,0.0,0.0,0.0,0.0,0.0,1,1,0,1,5.0,4.0,1.0,5.0,0.0,0.0,1.0,1.0,18,2.0,1.0,4.0,4.0,1,1,0,0,1,0,0,0,0,2
1.0,1.0,0.0,1.0,0.0,0.0,0.0,0,1.0,0.0,1.0,0.0,0.0,0.0,0,1,1,1,5.0,5.0,1.0,5.0,1.0,1.0,1.0,0.0,42,5.0,3.0,2.0,2.0,0,0,0,0,0,0,1,0,0,2
0.0,0.0,0.0,0.0,0.0,0.0,0.0,0,0.0,0.0,0.0,0.0,0.0,0.0,1,1,0,1,2.0,5.0,3.0,2.0,1.0,1.0,1.0,0.0,27,2.0,2.0,1.0,2.0,0,0,0,0,1,0,0,0,0,2
0.0,0.0,0.0,0.0,0.0,0.0,0.0,0,0.0,0.0,0.0,0.0,0.0,1.0,0,0,0,1,2.0,5.0,1.0,2.0,0.0,0.0,0.0,0.0,63,0.0,2.0,1.0,1.0,0,0,0,1,0,1,0,0,0,3
0.0,0.0,1.0,0.0,0.0,0.0,0.0,0,0.0,0.0,0.0,0.0,0.0,1.0,1,1,0,3,2.0,3.0,4.0,4.0,1.0,0.0,1.0,0.0,42,2.0,1.0,1.0,4.0,0,0,0,0,0,0,0,0,1,3
1.0,0.0,1.0,0.0,0.0,0.0,0.0,0,0.0,0.0,1.0,1.0,0.0,0.0,1,1,1,2,2.0,4.0,1.0,5.0,1.0,1.0,1.0,0.0,21,2.0,1.0,4.0,2.0,1,0,0,1,0,0,1,0,0,1
1.0,1.0,0.0,0.0,0.0,0.0,1.0,0,0.0,0.0,0.0,0.0,0.0,0.0,0,1,0,1,4.0,5.0,1.0,1.0,0.0,1.0,1.0,0.0,51,5.0,2.0,6.0,6.0,0,0,0,0,0,0,0,0,1,1
0.0,0.0,0.0,0.0,0.0,0.0,0.0,0,0.0,0.0,0.0,0.0,0.0,0.0,1,1,0,3,2.0,2.0,4.0,4.0,1.0,1.0,1.0,0.0,39,2.0,1.0,4.0,5.0,1,0,0,1,0,0,1,0,0,2
1.0,0.0,1.0,0.0,0.0,0.0,0.0,0,0.0,0.0,0.0,0.0,0.0,0.0,0,0,0,3,2.0,3.0,3.0,3.0,1.0,0.0,1.0,1.0,21,3.0,1.0,4.0,3.0,0,1,0,0,0,0,1,0,0,2
1.0,1.0,0.0,0.0,0.0,0.0,1.0,0,0.0,0.0,0.0,0.0,0.0,0.0,0,1,0,3,1.0,5.0,1.0,1.0,1.0,1.0,1.0,0.0,43,2.0,1.0,4.0,5.0,1,0,0,0,0,0,0,0,0,3
0.0,0.0,0.0,0.0,0.0,0.0,1.0,0,0.0,0.0,0.0,0.0,0.0,0.0,1,0,0,1,5.0,5.0,2.0,5.0,0.0,1.0,1.0,0.0,37,2.0,3.0,8.0,7.0,1,0,0,0,0,0,0,0,1,2
0.0,0.0,0.0,0.0,0.0,0.0,0.0,0,0.0,0.0,0.0,0.0,0.0,0.0,1,1,0,4,2.0,4.0,1.0,3.0,1.0,1.0,1.0,0.0,23,5.0,2.0,1.0,1.0,0,0,0,0,1,0,0,0,0,3
0.0,0.0,0.0,0.0,0.0,0.0,1.0,0,0.0,0.0,0.0,0.0,0.0,0.0,0,1,0,1,4.0,5.0,1.0,5.0,1.0,0.0,1.0,0.0,22,3.0,1.0,5.0,2.0,1,1,0,0,0,0,0,0,1,2
0.0,0.0,1.0,0.0,0.0,0.0,1.0,0,0.0,0.0,0.0,0.0,0.0,0.0,1,1,0,2,2.0,4.0,1.0,4.0,1.0,1.0,1.0,0.0,32,5.0,2.0,5.0,5.0,1,1,0,0,0,0,0,0,1,3
1.0,1.0,0.0,0.0,0.0,0.0,1.0,1,0.0,0.0,0.0,0.0,0.0,0.0,1,1,1,2,3.0,3.0,3.0,4.0,0.0,1.0,1.0,0.0,70,2.0,2.0,5.0,5.0,1,0,0,0,0,0,1,0,0,2
0.0,0.0,0.0,0.0,0.0,0.0,1.0,0,0.0,0.0,0.0,0.0,0.0,0.0,1,1,0,1,5.0,5.0,1.0,5.0,1.0,0.0,0.0,1.0,28,5.0,1.0,6.0,5.0,1,1,0,0,0,0,0,0,0,1
0.0,0.0,0.0,0.0,0.0,0.0,0.0,0,0.0,0.0,0.0,0.0,0.0,0.0,0,1,0,5,1.0,3.0,4.0,1.0,1.0,0.0,1.0,0.0,61,1.0,2.0,2.0,2.0,0,0,0,0,0,0,0,0,0,3
1.0,1.0,1.0,0.0,0.0,0.0,1.0,0,0.0,0.0,0.0,0.0,0.0,0.0,0,1,0,1,3.0,3.0,1.0,4.0,0.0,1.0,0.0,0.0,19,3.0,2.0,4.0,1.0,0,0,1,0,0,0,0,1,0,2
0.0,0.0,1.0,0.0,0.0,0.0,0.0,0,0.0,1.0,0.0,1.0,0.0,0.0,0,0,0,2,3.0,4.0,1.0,3.0,1.0,1.0,1.0,1.0,36,2.0,1.0,7.0,6.0,0,0,0,0,1,0,0,0,0,3
0.0,0.0,0.0,0.0,0.0,0.0,0.0,1,0.0,0.0,0.0,0.0,0.0,0.0,0,0,0,2,3.0,2.0,2.0,1.0,0.0,1.0,1.0,0.0,63,1.0,2.0,5.0,5.0,0,1,0,0,0,0,1,0,0,3
0.0,0.0,0.0,0.0,0.0,0.0,0.0,0,0.0,1.0,0.0,0.0,0.0,0.0,0,1,0,1,5.0,5.0,1.0,5.0,0.0,0.0,1.0,0.0,60,2.0,2.0,8.0,4.0,1,1,0,0,1,0,0,0,0,3
0.0,0.0,1.0,0.0,0.0,0.0,1.0,0,0.0,0.0,0.0,0.0,0.0,0.0,0,1,0,1,1.0,2.0,2.0,1.0,1.0,0.0,1.0,0.0,47,1.0,2.0,2.0,2.0,0,0,1,0,1,0,0,0,0,3
1.0,0.0,1.0,0.0,0.0,0.0,0.0,0,0.0,0.0,0.0,0.0,0.0,0.0,0,1,0,5,1.0,5.0,1.0,5.0,0.0,0.0,1.0,0.0,52,2.0,1.0,5.0,6.0,1,1,0,0,0,0,0,0,0,2
0.0,0.0,0.0,0.0,0.0,0.0,0.0,0,0.0,0.0,0.0,0.0,0.0,0.0,1,1,0,1,5.0,5.0,1.0,5.0,0.0,1.0,1.0,0.0,20,2.0,1.0,2.0,1.0,0,0,1,0,1,0,0,0,0,1
0.0,0.0,1.0,0.0,0.0,0.0,1.0,0,0.0,1.0,0.0,0.0,0.0,0.0,0,1,1,1,5.0,4.0,4.0,5.0,1.0,1.0,1.0,1.0,40,5.0,3.0,7.0,4.0,0,0,0,0,1,0,0,0,0,2
0.0,0.0,0.0,0.0,0.0,0.0,0.0,0,0.0,0.0,0.0,0.0,0.0,0.0,1,0,0,4,4.0,5.0,2.0,5.0,1.0,1.0,1.0,0.0,65,1.0,1.0,1.0,2.0,1,0,0,0,0,0,0,0,0,3
0.0,0.0,1.0,0.0,0.0,0.0,0.0,0,0.0,0.0,0.0,0.0,0.0,0.0,1,1,0,1,1.0,5.0,4.0,1.0,1.0,0.0,1.0,0.0,25,2.0,1.0,1.0,1.0,0,0,0,1,0,0,0,1,0,1
1.0,0.0,1.0,1.0,0.0,0.0,0.0,0,0.0,0.0,1.0,0.0,0.0,0.0,0,1,0,3,2.0,2.0,2.0,3.0,0.0,0.0,0.0,0.0,23,2.0,1.0,2.0,4.0,1,1,0,0,0,0,0,1,0,2
0.0,0.0,0.0,0.0,0.0,0.0,0.0,0,0.0,0.0,0.0,0.0,0.0,0.0,1,1,0,3,2.0,5.0,1.0,5.0,1.0,1.0,1.0,0.0,31,2.0,1.0,3.0,2.0,0,0,1,0,0,0,0,0,1,1
0.0,0.0,0.0,0.0,0.0,0.0,0.0,0,0.0,1.0,0.0,0.0,0.0,0.0,0,1,0,5,2.0,4.0,4.0,1.0,1.0,0.0,1.0,0.0,55,0.0,1.0,1.0,2.0,1,0,1,0,0,0,1,0,0,2
1.0,0.0,1.0,0.0,0.0,0.0,1.0,0,0.0,0.0,0.0,0.0,0.0,0.0,0,1,1,1,3.0,4.0,1.0,5.0,1.0,1.0,1.0,0.0,57,2.0,2.0,5.0,5.0,1,0,0,0,1,0,0,0,0,2
0.0,0.0,0.0,0.0,0.0,0.0,0.0,0,0.0,0.0,0.0,0.0,0.0,0.0,0,0,0,1,5.0,5.0,1.0,5.0,0.0,0.0,0.0,0.0,47,2.0,2.0,4.0,4.0,0,0,0,0,0,0,0,0,0,3
0.0,0.0,0.0,0.0,0.0,0.0,1.0,0,0.0,0.0,0.0,0.0,0.0,0.0,1,1,1,3,5.0,5.0,5.0,5.0,1.0,1.0,1.0,1.0,29,2.0,2.0,2.0,4.0,0,0,0,0,0,0,0,0,1,1
0.0,0.0,0.0,0.0,0.0,0.0,0.0,1,0.0,0.0,0.0,0.0,0.0,0.0,1,1,0,4,4.0,1.0,5.0,3.0,0.0,0.0,1.0,0.0,66,1.0,2.0,5.0,5.0,0,0,0,0,0,0,0,0,1,2
0.0,0.0,0.0,0.0,0.0,0.0,0.0,0,0.0,0.0,1.0,0.0,0.0,0.0,1,1,0,2,3.0,5.0,1.0,5.0,1.0,0.0,1.0,0.0,70,2.0,3.0,4.0,3.0,0,0,0,0,0,0,0,1,0,2
1.0,1.0,1.0,0.0,0.0,0.0,1.0,0,0.0,0.0,0.0,0.0,0.0,0.0,1,0,1,1,5.0,5.0,2.0,5.0,0.0,1.0,1.0,1.0,23,2.0,1.0,4.0,2.0,1,1,0,0,0,0,0,0,0,1
1.0,1.0,1.0,0.0,0.0,0.0,1.0,0,0.0,0.0,1.0,0.0,0.0,0.0,0,1,1,1,5.0,5.0,1.0,5.0,1.0,1.0,1.0,1.0,36,3.0,1.0,6.0,5.0,0,1,0,0,1,0,0,0,0,2
1.0,0.0,0.0,0.0,0.0,0.0,0.0,1,0.0,0.0,0.0,0.0,0.0,0.0,0,1,0,1,3.0,1.0,4.0,3.0,1.0,1.0,1.0,0.0,68,5.0,3.0,6.0,5.0,0,0,0,0,0,1,0,0,0,1
0.0,0.0,0.0,0.0,0.0,0.0,0.0,0,0.0,0.0,0.0,0.0,0.0,0.0,1,1,0,3,1.0,4.0,1.0,1.0,1.0,0.0,1.0,0.0,28,2.0,2.0,3.0,4.0,0,0,1,0,0,0,0,1,0,3
0.0,0.0,0.0,0.0,0.0,0.0,1.0,0,0.0,1.0,0.0,1.0,0.0,0.0,1,1,0,1,5.0,5.0,1.0,1.0,1.0,0.0,1.0,0.0,43,2.0,2.0,4.0,2.0,1,0,0,0,0,0,1,0,0,1
1.0,1.0,1.0,0.0,0.0,0.0,1.0,0,0.0,1.0,0.0,0.0,0.0,0.0,0,1,1,3,3.0,4.0,3.0,3.0,0.0,1.0,1.0,0.0,20,5.0,2.0,6.0,6.0,1,0,0,0,0,1,0,0,0,2
1.0,0.0,1.0,0.0,0.0,0.0,0.0,1,0.0,0.0,1.0,0.0,0.0,0.0,0,1,0,1,3.0,4.0,1.0,5.0,0.0,1.0,1.0,1.0,22,5.0,3.0,10.0,4.0,0,1,0,0,1,0,0,0,0,1
0.0,0.0,0.0,0.0,0.0,0.0,1.0,0,0.0,0.0,0.0,0.0,0.0,0.0,1,1,0,4,3.0,5.0,1.0,2.0,1.0,1.0,1.0,0.0,25,2.0,4.0,3.0,4.0,1,0,0,0,0,0,1,0,0,3
0.0,0.0,0.0,0.0,0.0,0.0,0.0,0,0.0,0.0,0.0,0.0,0.0,0.0,1,1,0,1,1.0,1.0,1.0,1.0,0.0,0.0,0.0,0.0,42,0.0,2.0,4.0,2.0,0,0,1,0,0,0,1,0,0,3
0.0,0.0,0.0,0.0,0.0,0.0,0.0,0,0.0,0.0,0.0,0.0,0.0,0.0,0,1,0,5,1.0,1.0,5.0,1.0,1.0,1.0,1.0,0.0,37,2.0,1.0,5.0,5.0,0,1,0,0,0,0,0,0,0,2
0.0,0.0,1.0,0.0,0.0,0.0,0.0,0,0.0,0.0,0.0,1.0,0.0,0.0,1,1,0,4,1.0,2.0,5.0,3.0,1.0,1.0,1.0,0.0,42,3.0,3.0,2.0,2.0,1,0,0,0,0,0,1,0,0,2
0.0,0.0,0.0,0.0,0.0,0.0,0.0,0,0.0,0.0,0.0,0.0,0.0,0.0,1,1,0,5,2.0,5.0,1.0,1.0,1.0,0.0,1.0,0.0,33,1.0,1.0,9.0,9.0,0,1,0,0,0,1,0,0,0,3
1.0,1.0,1.0,0.0,0.0,1.0,0.0,1,1.0,0.0,0.0,0.0,0.0,0.0,1,1,0,2,5.0,5.0,1.0,5.0,1.0,0.0,1.0,0.0,70,2.0,3.0,10.0,8.0,1,0,0,0,0,0,1,0,0,1
1.0,0.0,0.0,0.0,0.0,0.0,1.0,0,0.0,0.0,0.0,0.0,0.0,0.0,0,1,1,1,5.0,5.0,5.0,5.0,1.0,1.0,1.0,0.0,41,2.0,1.0,4.0,4.0,0,1,0,0,0,0,1,0,0,2
0.0,0.0,0.0,0.0,0.0,0.0,0.0,0,0.0,1.0,0.0,1.0,1.0,0.0,0,1,1,3,1.0,1.0,1.0,3.0,1.0,1.0,1.0,1.0,70,5.0,5.0,4.0,3.0,0,0,0,0,0,0,0,0,1,2
0.0,0.0,1.0,0.0,0.0,0.0,0.0,0,0.0,0.0,1.0,0.0,0.0,0.0,0,1,0,5,1.0,3.0,5.0,1.0,1.0,0.0,1.0,0.0,58,3.0,2.0,3.0,5.0,0,0,0,0,1,0,0,0,0,3
0.0,0.0,0.0,0.0,0.0,0.0,0.0,0,0.0,0.0,0.0,0.0,0.0,0.0,1,1,0,4,1.0,5.0,5.0,5.0,1.0,0.0,1.0,0.0,37,1.0,1.0,2.0,2.0,1,0,0,1,0,0,0,0,1,3
0.0,1.0,1.0,0.0,0.0,0.0,1.0,0,0.0,1.0,1.0,1.0,0.0,0.0,0,1,0,1,4.0,4.0,1.0,5.0,1.0,1.0,1.0,1.0,22,4.0,2.0,6.0,5.0,0,0,0,0,1,0,0,0,0,1
1.0,0.0,0.0,0.0,0.0,0.0,0.0,0,0.0,1.0,1.0,0.0,0.0,0.0,0,1,1,1,5.0,5.0,1.0,4.0,1.0,1.0,1.0,0.0,48,2.0,2.0,7.0,7.0,1,1,0,0,1,0,0,0,0,1
0.0,0.0,0.0,0.0,0.0,0.0,0.0,0,0.0,0.0,0.0,0.0,0.0,1.0,0,1,0,2,5.0,3.0,1.0,5.0,1.0,1.0,1.0,0.0,55,2.0,1.0,2.0,5.0,0,0,1,0,0,0,0,0,0,3
0.0,0.0,0.0,0.0,0.0,0.0,0.0,0,0.0,0.0,0.0,1.0,0.0,0.0,0,1,0,5,5.0,5.0,5.0,1.0,1.0,1.0,1.0,0.0,63,2.0,2.0,2.0,2.0,0,0,0,0,0,1,0,0,0,3
1.0,1.0,1.0,0.0,0.0,1.0,1.0,0,0.0,0.0,1.0,0.0,0.0,0.0,1,1,1,1,3.0,5.0,1.0,4.0,1.0,1.0,1.0,0.0,24,4.0,1.0,6.0,6.0,0,0,0,0,0,0,1,0,0,2
1.0,0.0,1.0,0.0,0.0,1.0,1.0,0,0.0,0.0,0.0,0.0,0.0,0.0,0,0,1,1,1.0,5.0,1.0,5.0,0.0,0.0,1.0,0.0,22,2.0,3.0,2.0,4.0,0,0,0,0,0,0,0,1,0,2
0.0,0.0,0.0,0.0,0.0,0.0,1.0,0,0.0,1.0,1.0,0.0,0.0,0.0,1,1,0,2,2.0,4.0,1.0,4.0,1.0,0.0,1.0,0.0,31,2.0,2.0,6.0,2.0,1,0,0,0,0,0,0,1,0,2
0.0,0.0,0.0,0.0,0.0,0.0,1.0,0,0.0,0.0,0.0,0.0,0.0,0.0,0,1,0,2,5.0,5.0,1.0,5.0,1.0,1.0,1.0,0.0,19,2.0,1.0,1.0,1.0,1,0,1,0,0,1,0,0,0,2
0.0,0.0,0.0,0.0,0.0,0.0,0.0,0,0.0,0.0,0.0,1.0,0.0,1.0,0,1,0,2,3.0,5.0,1.0,5.0,1.0,1.0,1.0,0.0,33,2.0,1.0,2.0,2.0,0,1,0,0,0,0,0,1,0,2
0.0,0.0,0.0,0.0,0.0,0.0,0.0,0,0.0,0.0,0.0,0.0,0.0,0.0,0,0,0,1,1.0,1.0,1.0,1.0,0.0,0.0,0.0,0.0,38,2.0,1.0,2.0,3.0,1,1,0,0,0,0,0,0,0,3
0.0,0.0,0.0,0.0,0.0,0.0,0.0,0,0.0,0.0,0.0,0.0,0.0,0.0,1,1,0,3,3.0,4.0,5.0,2.0,1.0,0.0,1.0,0.0,38,1.0,2.0,1.0,10.0,1,0,0,0,0,0,0,0,0,1
0.0,0.0,0.0,0.0,0.0,0.0,0.0,0,0.0,0.0,0.0,0.0,0.0,0.0,0,1,0,2,3.0,4.0,1.0,4.0,0.0,0.0,0.0,0.0,46,3.0,1.0,1.0,1.0,0,1,0,0,0,0,0,0,0,2
1.0,1.0,0.0,0.0,0.0,0.0,0.0,0,0.0,0.0,0.0,0.0,0.0,0.0,1,1,0,1,5.0,5.0,1.0,5.0,1.0,0.0,1.0,1.0,36,5.0,3.0,8.0,6.0,0,0,0,0,0,0,1,0,0,1
1.0,0.0,1.0,0.0,0.0,0.0,0.0,0,0.0,0.0,1.0,0.0,0.0,0.0,1,1,1,2,2.0,4.0,4.0,3.0,1.0,1.0,0.0,0.0,26,5.0,2.0,4.0,4.0,0,0,1,0,0,0,0,0,1,3
0.0,0.0,0.0,0.0,0.0,0.0,1.0,0,0.0,0.0,0.0,0.0,0.0,0.0,1,1,0,1,2.0,5.0,5.0,5.0,1.0,1.0,1.0,0.0,55,1.0,1.0,3.0,5.0,1,0,0,0,0,0,0,0,1,3
1.0,1.0,1.0,0.0,0.0,0.0,1.0,0,1.0,0.0,1.0,0.0,0.0,0.0,1,1,1,1,5.0,5.0,1.0,5.0,1.0,1.0,1.0,0.0,37,5.0,2.0,8.0,7.0,1,0,0,0,1,0,0,0,0,1
0.0,0.0,1.0,0.0,0.0,0.0,0.0,0,0.0,0.0,0.0,0.0,0.0,0.0,0,1,0,1,5.0,4.0,4.0,1.0,1.0,1.0,0.0,0.0,23,2.0,1.0,2.0,2.0,0,1,0,0,0,0,0,0,1,3
1.0,0.0,0.0,0.0,0.0,0.0,0.0,0,0.0,0.0,0.0,0.0,0.0,0.0,1,1,0,3,1.0,2.0,5.0,2.0,1.0,0.0,1.0,0.0,32,2.0,1.0,4.0,3.0,0,0,0,0,1,0,0,0,0,3
1.0,0.0,0.0,0.0,0.0,0.0,0.0,1,0.0,0.0,0.0,0.0,0.0,0.0,0,1,0,1,5.0,5.0,5.0,5.0,0.0,1.0,1.0,0.0,70,2.0,2.0,4.0,3.0,0,0,0,0,0,0,0,1,0,2
0.0,0.0,0.0,0.0,0.0,0.0,0.0,0,0.0,0.0,0.0,0.0,0.0,1.0,0,1,0,2,1.0,5.0,2.0,5.0,1.0,0.0,1.0,0.0,27,2.0,2.0,2.0,1.0,1,0,0,0,0,0,1,0,0,2
1.0,1.0,0.0,0.0,0.0,0.0,1.0,0,0.0,0.0,0.0,0.0,0.0,0.0,0,1,0,1,4.0,2.0,3.0,5.0,1.0,1.0,1.0,0.0,67,5.0,2.0,8.0,8.0,0,0,0,1,0,0,0,1,0,2
0.0,0.0,0.0,0.0,0.0,0.0,1.0,0,0.0,0.0,1.0,0.0,0.0,0.0,1,1,0,1,3.0,5.0,1.0,5.0,1.0,1.0,1.0,0.0,36,2.0,1.0,6.0,5.0,1,1,0,0,1,0,0,0,0,2
0.0,0.0,1.0,0.0,0.0,0.0,0.0,0,0.0,0.0,0.0,0.0,0.0,0.0,0,0,0,1,2.0,1.0,1.0,4.0,0.0,1.0,1.0,0.0,19,2.0,2.0,4.0,4.0,0,1,0,0,0,1,0,0,0,2
1.0,1.0,0.0,0.0,0.0,1.0,1.0,0,0.0,0.0,0.0,0.0,0.0,0.0,1,1,1,1,3.0,5.0,1.0,4.0,1.0,1.0,1.0,1.0,23,5.0,3.0,7.0,6.0,1,0,0,0,0,0,0,0,1,2
1.0,0.0,0.0,0.0,0.0,0.0,0.0,0,1.0,0.0,0.0,0.0,0.0,0.0,0,1,0,2,5.0,5.0,1.0,5.0,1.0,1.0,1.0,1.0,51,3.0,2.0,7.0,6.0,0,0,0,0,0,0,1,0,0,1
0.0,0.0,0.0,0.0,0.0,0.0,0.0,0,0.0,0.0,0.0,0.0,0.0,0.0,0,1,1,4,1.0,1.0,1.0,1.0,1.0,0.0,1.0,0.0,56,2.0,2.0,1.0,4.0,0,0,0,1,0,0,0,0,1,3
1.0,1.0,0.0,0.0,0.0,1.0,1.0,0,0.0,0.0,0.0,0.0,0.0,0.0,1,1,0,1,4.0,4.0,1.0,4.0,1.0,1.0,1.0,0.0,43,5.0,1.0,6.0,5.0,0,1,0,0,0,1,0,0,0,1
0.0,0.0,0.0,0.0,0.0,0.0,0.0,0,0.0,0.0,0.0,0.0,0.0,0.0,0,0,0,1,1.0,1.0,1.0,1.0,0.0,0.0,1.0,0.0,25,5.0,2.0,6.0,5.0,1,0,0,1,0,0,0,1,0,3
0.0,0.0,1.0,0.0,0.0,0.0,0.0,0,0.0,0.0,0.0,0.0,0.0,0.0,0,0,0,1,3.0,4.0,1.0,5.0,0.0,0.0,0.0,0.0,18,2.0,2.0,4.0,2.0,0,1,0,0,0,0,1,0,0,1
0.0,0.0,0.0,0.0,0.0,0.0,0.0,0,0.0,0.0,0.0,0.0,0.0,0.0,0,1,0,3,2.0,1.0,1.0,1.0,1.0,1.0,1.0,0.0,51,1.0,1.0,2.0,1.0,0,0,0,0,0,0,0,0,0,1
0.0,0.0,1.0,0.0,0.0,0.0,0.0,0,0.0,0.0,0.0,0.0,0.0,0.0,1,1,0,5,1.0,3.0,2.0,3.0,1.0,0.0,0.0,0.0,43,2.0,2.0,3.0,5.0,0,0,0,0,1,0,0,0,0,3
1.0,1.0,1.0,0.0,0.0,0.0,1.0,0,0.0,0.0,0.0,0.0,0.0,0.0,0,1,0,1,3.0,5.0,1.0,3.0,0.0,0.0,0.0,0.0,42,3.0,3.0,8.0,7.0,0,0,0,0,0,0,0,1,0,2
1.0,0.0,1.0,0.0,0.0,0.0,1.0,0,0.0,0.0,0.0,0.0,0.0,0.0,1,1,0,2,5.0,5.0,1.0,5.0,1.0,1.0,1.0,0.0,42,2.0,1.0,4.0,4.0,1,1,0,0,1,0,0,0,0,2
1.0,0.0,1.0,0.0,0.0,0.0,0.0,0,0.0,0.0,0.0,1.0,0.0,0.0,0,0,1,5,1.0,1.0,1.0,1.0,0.0,1.0,0.0,1.0,26,2.0,1.0,1.0,1.0,1,0,0,0,0,0,0,0,0,2
0.0,0.0,1.0,0.0,0.0,0.0,0.0,0,0.0,1.0,1.0,0.0,0.0,1.0,0,0,0,2,3.0,2.0,4.0,5.0,1.0,1.0,1.0,0.0,47,1.0,2.0,9.0,3.0,0,0,1,0,0,0,1,0,0,1
0.0,0.0,1.0,0.0,0.0,0.0,1.0,0,0.0,1.0,1.0,0.0,1.0,0.0,0,0,0,2,2.0,2.0,1.0,1.0,0.0,0.0,0.0,1.0,23,2.0,2.0,5.0,5.0,0,0,0,0,1,0,0,0,0,3
1.0,1.0,1.0,1.0,0.0,0.0,0.0,0,0.0,1.0,0.0,1.0,0.0,0.0,0,0,0,1,3.0,4.0,1.0,4.0,0.0,1.0,0.0,1.0,21,5.0,2.0,6.0,5.0,1,1,0,0,1,0,0,0,0,2
0.0,0.0,1.0,0.0,0.0,0.0,0.0,0,0.0,0.0,1.0,0.0,0.0,1.0,1,1,1,5,4.0,4.0,1.0,1.0,1.0,1.0,1.0,1.0,55,2.0,3.0,4.0,3.0,0,0,0,0,1,0,0,0,0,2
1.0,1.0,1.0,0.0,0.0,0.0,1.0,0,0.0,1.0,1.0,0.0,0.0,0.0,1,1,1,2,5.0,5.0,1.0,5.0,1.0,1.0,1.0,1.0,44,6.0,2.0,5.0,5.0,0,0,0,0,0,0,0,0,1,3
0.0,0.0,0.0,0.0,0.0,0.0,0.0,0,0.0,0.0,0.0,1.0,0.0,0.0,1,1,0,2,1.0,5.0,1.0,1.0,0.0,0.0,1.0,0.0,54,2.0,2.0,3.0,4.0,0,0,0,0,0,1,0,0,0,2
0.0,0.0,0.0,0.0,0.0,0.0,1.0,0,0.0,0.0,0.0,0.0,0.0,0.0,0,0,0,2,4.0,4.0,1.0,5.0,0.0,1.0,1.0,1.0,19,2.0,1.0,2.0,2.0,0,0,1,0,1,0,0,0,0,2
0.0,0.0,0.0,0.0,0.0,0.0,0.0,1,0.0,0.0,0.0,0.0,0.0,0.0,0,1,0,1,2.0,2.0,3.0,1.0,0.0,1.0,1.0,0.0,67,1.0,3.0,3.0,3.0,1,0,0,0,0,0,1,0,0,2
1.0,1.0,0.0,0.0,0.0,0.0,1.0,0,0.0,0.0,0.0,0.0,0.0,0.0,0,0,1,1,4.0,5.0,1.0,4.0,0.0,1.0,1.0,0.0,33,6.0,4.0,9.0,3.0,1,0,0,0,1,0,0,0,0,1
0.0,0.0,0.0,0.0,0.0,0.0,0.0,0,0.0,0.0,0.0,0.0,0.0,0.0,0,0,0,3,4.0,5.0,1.0,5.0,0.0,0.0,0.0,0.0,25,2.0,1.0,4.0,4.0,1,0,0,0,0,0,0,0,0,1
0.0,0.0,0.0,0.0,0.0,0.0,0.0,0,0.0,0.0,0.0,1.0,0.0,0.0,0,0,0,1,4.0,5.0,1.0,3.0,0.0,0.0,0.0,0.0,20,1.0,1.0,1.0,3.0,0,0,0,0,0,0,0,0,0,2
0.0,0.0,0.0,0.0,0.0,0.0,0.0,0,1.0,0.0,0.0,0.0,0.0,0.0,1,1,0,1,4.0,5.0,1.0,3.0,0.0,1.0,1.0,0.0,22,2.0,2.0,2.0,2.0,0,0,1,0,0,0,1,0,0,2
0.0,0.0,0.0,0.0,0.0,0.0,0.0,0,0.0,0.0,0.0,0.0,0.0,1.0,0,1,0,2,1.0,2.0,5.0,1.0,0.0,0.0,1.0,0.0,41,2.0,1.0,4.0,4.0,0,0,0,1,0,1,0,0,0,2
0.0,0.0,0.0,0.0,0.0,0.0,0.0,0,0.0,0.0,0.0,0.0,0.0,0.0,1,1,0,1,1.0,3.0,1.0,5.0,1.0,0.0,1.0,0.0,54,2.0,2.0,5.0,5.0,0,0,0,0,0,1,0,0,0,3
1.0,0.0,0.0,0.0,0.0,0.0,0.0,0,0.0,0.0,0.0,1.0,0.0,0.0,0,1,0,1,5.0,5.0,1.0,5.0,0.0,1.0,0.0,1.0,21,2.0,3.0,6.0,2.0,0,0,0,0,0,0,0,0,1,2
1.0,1.0,0.0,0.0,0.0,0.0,1.0,0,0.0,0.0,0.0,0.0,0.0,0.0,0,1,1,3,1.0,5.0,5.0,1.0,1.0,1.0,1.0,0.0,61,1.0,1.0,6.0,4.0,0,0,0,0,0,0,1,0,0,3
1.0,1.0,0.0,0.0,0.0,0.0,0.0,0,1.0,1.0,0.0,0.0,0.0,0.0,0,1,1,3,1.0,5.0,1.0,1.0,1.0,1.0,1.0,0.0,54,5.0,4.0,6.0,6.0,1,0,0,0,0,0,0,0,1,1
0.0,0.0,1.0,0.0,0.0,0.0,0.0,0,0.0,0.0,1.0,0.0,0.0,0.0,0,1,0,1,4.0,4.0,3.0,3.0,0.0,1.0,1.0,0.0,53,2.0,2.0,4.0,1.0,1,1,0,0,0,0,0,0,0,2
0.0,0.0,0.0,0.0,0.0,0.0,0.0,0,0.0,0.0,0.0,0.0,0.0,0.0,1,1,0,4,4.0,1.0,5.0,3.0,1.0,0.0,1.0,0.0,37,1.0,2.0,4.0,2.0,0,1,0,0,0,0,0,1,0,3
0.0,0.0,0.0,0.0,0.0,0.0,0.0,0,0.0,0.0,0.0,0.0,0.0,0.0,0,1,0,1,3.0,5.0,1.0,1.0,0.0,0.0,0.0,0.0,26,2.0,1.0,1.0,1.0,1,0,1,0,0,1,0,0,0,3
1.0,1.0,0.0,0.0,0.0,0.0,0.0,1,1.0,0.0,0.0,0.0,0.0,0.0,0,1,1,2,2.0,5.0,2.0,5.0,0.0,1.0,1.0,1.0,63,2.0,2.0,4.0,4.0,0,0,0,0,1,0,0,0,0,2
0.0,0.0,0.0,0.0,0.0,0.0,0.0,0,0.0,0.0,0.0,0.0,0.0,0.0,0,1,0,2,2.0,2.0,4.0,2.0,1.0,1.0,1.0,0.0,34,2.0,1.0,1.0,1.0,1,0,1,0,0,0,0,0,1,3
0.0,0.0,1.0,0.0,0.0,0.0,0.0,0,0.0,1.0,1.0,0.0,1.0,1.0,0,1,0,5,1.0,5.0,5.0,1.0,1.0,0.0,1.0,1.0,29,3.0,1.0,3.0,8.0,0,0,0,0,0,0,0,0,0,3
0.0,0.0,0.0,0.0,0.0,0.0,0.0,0,0.0,0.0,0.0,0.0,0.0,0.0,1,0,0,1,1.0,5.0,1.0,2.0,0.0,0.0,0.0,0.0,26,2.0,2.0,2.0,1.0,0,0,0,0,0,0,0,0,0,1
0.0,0.0,1.0,0.0,0.0,0.0,0.0,0,0.0,0.0,0.0,0.0,0.0,1.0,1,1,0,2,3.0,2.0,4.0,2.0,1.0,0.0,1.0,0.0,27,2.0,2.0,3.0,7.0,0,0,1,0,0,0,0,1,0,3
0.0,0.0,0.0,0.0,0.0,0.0,0.0,0,0.0,0.0,0.0,0.0,0.0,0.0,0,0,0,4,1.0,2.0,2.0,1.0,1.0,1.0,1.0,0.0,54,2.0,2.0,4.0,5.0,0,1,0,0,0,0,1,0,0,3
1.0,0.0,1.0,0.0,0.0,0.0,0.0,0,0.0,1.0,0.0,0.0,0.0,0.0,1,1,0,2,4.0,2.0,1.0,5.0,1.0,0.0,1.0,1.0,23,6.0,1.0,8.0,5.0,0,0,0,1,0,0,0,1,0,2
1.0,0.0,0.0,0.0,0.0,0.0,0.0,0,1.0,0.0,0.0,0.0,0.0,0.0,0,1,0,1,3.0,4.0,1.0,5.0,0.0,0.0,0.0,0.0,45,2.0,1.0,3.0,3.0,0,1,0,0,0,0,0,0,0,2
0.0,0.0,0.0,0.0,0.0,0.0,0.0,0,0.0,0.0,0.0,0.0,0.0,0.0,1,1,0,5,5.0,3.0,1.0,1.0,0.0,1.0,1.0,0.0,30,2.0,2.0,1.0,5.0,0,0,1,0,0,0,1,0,0,3
0.0,0.0,0.0,0.0,0.0,0.0,1.0,1,0.0,0.0,0.0,0.0,0.0,0.0,1,1,1,3,3.0,4.0,3.0,4.0,1.0,1.0,1.0,0.0,63,1.0,3.0,3.0,5.0,1,1,0,0,0,0,1,0,0,2
1.0,0.0,1.0,0.0,0.0,0.0,1.0,0,0.0,0.0,0.0,0.0,0.0,0.0,0,1,1,4,2.0,5.0,1.0,5.0,0.0,1.0,1.0,0.0,55,3.0,1.0,4.0,4.0,1,0,0,1,0,0,0,0,0,3
1.0,0.0,1.0,0.0,0.0,0.0,0.0,0,0.0,0.0,0.0,1.0,0.0,0.0,0,0,0,4,3.0,2.0,4.0,2.0,0.0,1.0,1.0,1.0,23,5.0,1.0,4.0,5.0,1,0,1,0,0,1,0,0,0,2
0.0,0.0,0.0,0.0,0.0,0.0,0.0,0,0.0,0.0,0.0,0.0,0.0,0.0,0,1,0,1,4.0,5.0,1.0,5.0,0.0,1.0,1.0,0.0,40,2.0,1.0,1.0,1.0,0,1,0,0,0,0,0,0,0,2
0.0,0.0,0.0,0.0,0.0,0.0,0.0,0,0.0,0.0,0.0,0.0,0.0,0.0,1,0,0,1,4.0,3.0,1.0,3.0,0.0,0.0,0.0,0.0,22,1.0,2.0,3.0,2.0,1,0,1,0,0,0,0,0,0,2
1.0,0.0,0.0,0.0,1.0,1.0,1.0,1,0.0,1.0,1.0,0.0,0.0,0.0,1,1,1,3,5.0,2.0,1.0,4.0,1.0,1.0,1.0,1.0,29,3.0,1.0,6.0,3.0,1,0,0,0,0,1,0,0,0,1
0.0,0.0,0.0,0.0,0.0,0.0,0.0,0,0.0,0.0,0.0,0.0,0.0,0.0,0,1,0,3,1.0,1.0,1.0,1.0,0.0,0.0,0.0,0.0,58,1.0,1.0,2.0,1.0,1,0,1,0,0,0,0,0,0,2
0.0,0.0,0.0,0.0,0.0,0.0,1.0,0,0.0,1.0,0.0,0.0,0.0,0.0,1,1,1,3,5.0,4.0,1.0,5.0,1.0,1.0,1.0,0.0,31,2.0,3.0,6.0,5.0,1,1,0,0,1,0,0,0,0,2
0.0,0.0,1.0,0.0,0.0,0.0,0.0,0,0.0,0.0,1.0,0.0,0.0,0.0,0,0,0,2,4.0,5.0,1.0,4.0,0.0,1.0,1.0,1.0,19,2.0,1.0,5.0,5.0,1,0,0,0,0,0,1,0,0,1
0.0,0.0,0.0,0.0,0.0,0.0,0.0,0,0.0,0.0,1.0,0.0,0.0,0.0,0,1,0,1,2.0,5.0,1.0,1.0,1.0,1.0,1.0,0.0,70,1.0,2.0,1.0,1.0,0,1,0,0,0,0,1,0,0,3
1.0,0.0,0.0,0.0,0.0,0.0,0.0,0,0.0,0.0,0.0,0.0,1.0,0.0,1,1,0,3,2.0,3.0,2.0,2.0,0.0,0.0,0.0,0.0,44,2.0,1.0,4.0,4.0,1,1,0,0,0,0,0,0,0,2
0.0,0.0,0.0,0.0,0.0,0.0,0.0,0,0.0,0.0,0.0,0.0,0.0,0.0,1,1,0,2,5.0,4.0,5.0,3.0,1.0,1.0,1.0,0.0,35,5.0,2.0,5.0,4.0,0,0,0,0,1,0,0,0,0,3
0.0,0.0,0.0,0.0,0.0,0.0,0.0,0,0.0,0.0,0.0,0.0,0.0,0.0,0,1,0,1,2.0,4.0,1.0,1.0,1.0,0.0,1.0,0.0,62,1.0,1.0,1.0,2.0,0,0,0,0,0,0,0,0,0,3
1.0,1.0,1.0,0.0,0.0,0.0,0.0,0,0.0,0.0,0.0,1.0,0.0,0.0,0,1,0,1,1.0,5.0,1.0,1.0,1.0,1.0,1.0,0.0,20,3.0,1.0,5.0,5.0,1,1,0,0,0,0,0,1,0,2
0.0,0.0,1.0,0.0,0.0,0.0,0.0,0,0.0,0.0,0.0,0.0,0.0,1.0,0,1,0,1,1.0,1.0,1.0,1.0,1.0,0.0,1.0,0.0,62,0.0,1.0,2.0,2.0,0,0,0,0,0,0,0,0,0,3
0.0,0.0,1.0,0.0,0.0,0.0,0.0,0,0.0,0.0,0.0,0.0,0.0,0.0,0,1,0,4,2.0,2.0,3.0,4.0,1.0,0.0,1.0,0.0,31,1.0,1.0,3.0,4.0,0,1,0,0,0,0,1,0,0,1
0.0,0.0,1.0,0.0,0.0,0.0,0.0,0,0.0,0.0,0.0,1.0,0.0,0.0,0,0,0,2,1.0,5.0,1.0,1.0,0.0,0.0,0.0,0.0,22,5.0,5.0,4.0,4.0,1,0,0,0,0,0,0,0,1,3
1.0,1.0,1.0,0.0,0.0,0.0,1.0,1,0.0,0.0,1.0,0.0,0.0,1.0,1,1,1,3,2.0,4.0,3.0,5.0,1.0,1.0,1.0,0.0,66,1.0,2.0,4.0,3.0,1,0,0,1,1,0,0,0,0,2
0.0,0.0,1.0,0.0,0.0,0.0,0.0,0,0.0,0.0,0.0,1.0,0.0,1.0,0,0,0,1,5.0,5.0,1.0,4.0,0.0,1.0,1.0,0.0,21,2.0,2.0,3.0,3.0,0,0,0,0,1,0,0,0,0,2
1.0,1.0,0.0,0.0,0.0,0.0,1.0,1,1.0,0.0,0.0,0.0,0.0,0.0,0,1,1,3,4.0,4.0,1.0,3.0,1.0,1.0,1.0,0.0,69,4.0,3.0,8.0,7.0,1,0,0,0,1,0,0,0,0,1
0.0,0.0,0.0,0.0,0.0,0.0,0.0,0,0.0,0.0,1.0,1.0,0.0,0.0,1,1,0,3,2.0,3.0,2.0,3.0,1.0,0.0,1.0,0.0,51,2.0,3.0,5.0,6.0,0,0,0,0,0,0,1,0,0,3
1.0,1.0,1.0,1.0,0.0,0.0,0.0,0,0.0,1.0,1.0,0.0,0.0,0.0,1,1,0,3,4.0,5.0,1.0,5.0,1.0,1.0,0.0,1.0,27,2.0,5.0,10.0,9.0,1,0,0,0,0,0,1,0,0,2
1.0,0.0,0.0,0.0,0.0,0.0,0.0,0,0.0,0.0,0.0,0.0,0.0,0.0,1,1,1,1,5.0,5.0,1.0,5.0,1.0,1.0,1.0,0.0,46,2.0,3.0,5.0,5.0,1,0,0,0,1,0,0,0,0,2
0.0,0.0,1.0,0.0,0.0,0.0,0.0,0,0.0,0.0,0.0,0.0,0.0,0.0,0,0,0,1,3.0,5.0,1.0,3.0,0.0,0.0,0.0,0.0,19,3.0,3.0,7.0,6.0,0,0,0,0,0,0,0,0,1,3
1.0,1.0,1.0,0.0,0.0,1.0,1.0,0,1.0,1.0,1.0,0.0,1.0,0.0,0,1,1,1,5.0,5.0,1.0,5.0,1.0,1.0,1.0,1.0,42,5.0,3.0,10.0,10.0,1,0,0,0,1,0,0,0,0,1
0.0,0.0,0.0,0.0,0.0,0.0,0.0,0,0.0,0.0,0.0,0.0,0.0,0.0,0,1,0,5,4.0,4.0,4.0,4.0,1.0,0.0,1.0,0.0,34,1.0,1.0,3.0,5.0,1,1,0,0,0,0,0,0,0,3
1.0,1.0,0.0,0.0,0.0,0.0,0.0,0,0.0,0.0,0.0,0.0,0.0,0.0,1,1,0,1,4.0,4.0,1.0,5.0,0.0,0.0,1.0,0.0,44,5.0,2.0,5.0,3.0,1,0,0,0,1,0,0,0,0,1
1.0,1.0,0.0,0.0,0.0,0.0,0.0,0,0.0,0.0,1.0,0.0,0.0,1.0,1,1,0,2,2.0,3.0,1.0,3.0,1.0,1.0,1.0,0.0,55,1.0,2.0,3.0,3.0,0,0,0,0,1,0,0,0,0,2
1.0,1.0,0.0,0.0,0.0,0.0,0.0,0,0.0,0.0,0.0,1.0,0.0,0.0,0,1,0,1,1.0,5.0,1.0,3.0,1.0,1.0,1.0,0.0,60,1.0,2.0,2.0,5.0,0,0,1,0,0,0,1,0,0,1
1.0,1.0,1.0,0.0,0.0,1.0,1.0,0,0.0,0.0,0.0,0.0,0.0,1.0,0,1,0,2,3.0,4.0,2.0,3.0,1.0,1.0,1.0,1.0,27,3.0,1.0,5.0,6.0,1,0,0,0,0,1,0,0,0,2
1.0,1.0,0.0,0.0,0.0,0.0,1.0,0,0.0,1.0,0.0,0.0,0.0,0.0,1,1,1,1,2.0,4.0,3.0,5.0,1.0,0.0,1.0,0.0,56,2.0,1.0,5.0,5.0,1,0,1,0,0,0,0,0,1,3
1.0,0.0,1.0,0.0,0.0,0.0,1.0,0,0.0,0.0,0.0,0.0,0.0,0.0,0,1,0,1,2.0,3.0,1.0,1.0,1.0,0.0,1.0,0.0,48,1.0,1.0,3.0,2.0,1,0,0,1,0,0,0,0,1,1
1.0,1.0,1.0,0.0,0.0,0.0,0.0,0,0.0,0.0,0.0,0.0,0.0,0.0,0,1,0,1,5.0,5.0,1.0,5.0,1.0,1.0,1.0,0.0,22,2.0,2.0,4.0,4.0,0,0,1,0,1,0,0,0,0,3
0.0,0.0,0.0,0.0,0.0,0.0,0.0,0,0.0,0.0,0.0,0.0,0.0,0.0,1,1,1,3,5.0,5.0,5.0,5.0,1.0,1.0,1.0,1.0,26,1.0,2.0,3.0,3.0,1,0,1,0,0,0,0,1,0,2
0.0,0.0,1.0,0.0,0.0,0.0,0.0,0,0.0,0.0,0.0,0.0,1.0,0.0,0,0,0,1,2.0,4.0,2.0,2.0,0.0,1.0,1.0,0.0,44,2.0,1.0,4.0,2.0,0,0,0,0,0,1,0,0,0,2
0.0,0.0,1.0,0.0,0.0,0.0,1.0,0,0.0,1.0,0.0,1.0,0.0,0.0,1,1,1,3,5.0,5.0,3.0,4.0,0.0,1.0,1.0,1.0,28,2.0,3.0,2.0,3.0,1,0,0,0,1,0,0,0,0,2
0.0,0.0,0.0,0.0,0.0,0.0,0.0,0,0.0,0.0,0.0,0.0,0.0,1.0,0,1,0,1,1.0,1.0,1.0,1.0,0.0,0.0,0.0,0.0,70,1.0,1.0,1.0,1.0,0,0,1,0,0,0,0,0,0,3
0.0,0.0,0.0,0.0,0.0,0.0,0.0,0,0.0,0.0,0.0,0.0,0.0,0.0,0,1,0,5,5.0,2.0,5.0,2.0,0.0,0.0,0.0,0.0,58,1.0,2.0,2.0,5.0,1,0,0,1,0,0,0,0,0,3
0.0,0.0,1.0,0.0,0.0,0.0,0.0,0,0.0,0.0,0.0,1.0,0.0,0.0,0,0,0,1,1.0,5.0,1.0,5.0,1.0,1.0,1.0,1.0,33,2.0,1.0,6.0,3.0,0,0,0,1,0,0,0,1,0,1
1.0,0.0,1.0,0.0,0.0,0.0,0.0,0,0.0,0.0,0.0,0.0,0.0,1.0,1,1,0,5,3.0,1.0,1.0,5.0,1.0,1.0,1.0,0.0,29,1.0,2.0,1.0,2.0,0,0,0,1,0,0,0,0,1,3
0.0,0.0,0.0,0.0,0.0,0.0,0.0,0,0.0,0.0,0.0,0.0,0.0,0.0,0,1,0,5,5.0,5.0,5.0,1.0,1.0,1.0,1.0,0.0,57,1.0,3.0,5.0,3.0,1,0,0,0,0,0,1,0,0,3
1.0,1.0,0.0,0.0,0.0,0.0,1.0,0,0.0,0.0,0.0,0.0,0.0,0.0,1,1,1,1,3.0,5.0,3.0,3.0,0.0,1.0,1.0,0.0,27,5.0,3.0,5.0,5.0,1,0,0,0,1,0,0,0,0,2
0.0,0.0,0.0,0.0,0.0,0.0,0.0,0,0.0,0.0,0.0,0.0,0.0,0.0,0,0,0,1,2.0,4.0,5.0,5.0,0.0,0.0,0.0,0.0,28,2.0,2.0,1.0,2.0,1,0,1,0,1,0,0,0,0,1
0.0,0.0,0.0,0.0,0.0,0.0,0.0,0,0.0,0.0,0.0,1.0,0.0,0.0,1,1,0,1,2.0,5.0,1.0,3.0,1.0,1.0,1.0,0.0,32,2.0,2.0,3.0,3.0,0,0,0,0,1,0,0,0,0,3
0.0,0.0,0.0,0.0,0.0,0.0,0.0,0,0.0,0.0,0.0,1.0,0.0,1.0,0,1,0,3,2.0,5.0,4.0,4.0,1.0,1.0,1.0,0.0,46,2.0,1.0,3.0,6.0,1,0,0,0,0,0,0,0,0,3
0.0,0.0,0.0,0.0,0.0,0.0,1.0,0,0.0,1.0,0.0,0.0,0.0,0.0,1,1,1,2,4.0,5.0,1.0,5.0,1.0,1.0,1.0,0.0,35,5.0,3.0,8.0,6.0,0,0,0,0,0,0,0,0,1,2
0.0,0.0,0.0,0.0,0.0,0.0,0.0,0,0.0,1.0,1.0,1.0,0.0,1.0,1,1,0,1,3.0,5.0,4.0,5.0,0.0,0.0,1.0,0.0,28,2.0,3.0,4.0,2.0,0,0,1,0,1,0,0,0,0,1
0.0,0.0,1.0,0.0,0.0,0.0,0.0,0,0.0,0.0,0.0,1.0,0.0,1.0,1,0,0,3,4.0,5.0,1.0,4.0,1.0,0.0,1.0,0.0,18,4.0,2.0,4.0,2.0,1,0,0,0,0,1,0,0,0,3
0.0,0.0,1.0,0.0,0.0,0.0,0.0,0,0.0,0.0,0.0,0.0,0.0,0.0,0,1,1,1,5.0,5.0,1.0,5.0,0.0,1.0,1.0,1.0,40,3.0,2.0,8.0,6.0,1,1,0,0,1,0,0,0,0,1
0.0,0.0,0.0,0.0,0.0,0.0,0.0,0,0.0,0.0,0.0,0.0,0.0,0.0,0,1,0,2,3.0,3.0,2.0,2.0,0.0,0.0,1.0,0.0,39,2.0,2.0,4.0,5.0,1,0,0,0,1,0,0,0,0,1
0.0,0.0,1.0,0.0,0.0,0.0,0.0,0,0.0,0.0,0.0,0.0,0.0,1.0,1,1,0,5,3.0,1.0,1.0,5.0,0.0,1.0,1.0,0.0,34,2.0,1.0,1.0,4.0,0,0,0,0,0,0,0,0,0,3
0.0,0.0,0.0,0.0,0.0,0.0,0.0,0,0.0,0.0,0.0,0.0,0.0,0.0,1,1,0,1,2.0,4.0,5.0,3.0,1.0,1.0,1.0,0.0,36,5.0,1.0,3.0,4.0,1,0,0,0,0,0,0,0,0,3
0.0,0.0,1.0,0.0,0.0,0.0,0.0,0,0.0,0.0,0.0,0.0,0.0,0.0,0,0,0,2,4.0,4.0,2.0,5.0,0.0,1.0,1.0,0.0,19,2.0,2.0,10.0,5.0,1,0,1,0,0,0,0,0,0,1
1.0,1.0,0.0,0.0,0.0,0.0,0.0,0,1.0,0.0,1.0,0.0,0.0,0.0,0,1,0,3,4.0,5.0,2.0,5.0,1.0,1.0,1.0,0.0,66,1.0,2.0,2.0,3.0,0,0,0,1,0,0,0,1,0,1
1.0,0.0,0.0,0.0,0.0,0.0,0.0,0,0.0,0.0,0.0,0.0,0.0,0.0,0,0,0,3,5.0,2.0,5.0,5.0,1.0,1.0,1.0,0.0,56,1.0,1.0,1.0,4.0,1,0,1,0,0,1,0,0,0,1
1.0,1.0,1.0,0.0,0.0,0.0,0.0,1,0.0,0.0,1.0,0.0,0.0,0.0,0,1,1,1,5.0,5.0,1.0,5.0,1.0,1.0,1.0,0.0,47,2.0,2.0,9.0,7.0,1,0,0,0,0,0,0,0,1,1
1.0,1.0,1.0,0.0,0.0,0.0,0.0,0,0.0,0.0,0.0,0.0,0.0,1.0,1,1,1,1,4.0,5.0,1.0,5.0,1.0,1.0,1.0,1.0,30,2.0,2.0,5.0,3.0,0,0,0,0,1,0,0,0,0,2
1.0,1.0,0.0,0.0,0.0,0.0,1.0,1,0.0,0.0,0.0,0.0,0.0,1.0,0,1,0,5,2.0,3.0,5.0,5.0,1.0,0.0,1.0,0.0,50,1.0,2.0,1.0,2.0,0,0,1,0,0,0,1,0,0,2
1.0,0.0,0.0,0.0,0.0,0.0,1.0,0,0.0,0.0,0.0,0.0,0.0,0.0,1,1,1,1,5.0,5.0,3.0,5.0,0.0,1.0,1.0,1.0,22,2.0,1.0,4.0,2.0,1,0,0,0,0,0,1,0,0,2
0.0,0.0,1.0,0.0,0.0,0.0,0.0,0,0.0,0.0,0.0,0.0,0.0,0.0,0,1,0,1,5.0,5.0,1.0,4.0,1.0,1.0,1.0,0.0,27,2.0,2.0,2.0,1.0,1,0,0,0,0,0,0,0,0,1
1.0,0.0,1.0,0.0,0.0,0.0,0.0,0,0.0,0.0,0.0,0.0,0.0,0.0,1,0,0,3,4.0,3.0,5.0,3.0,0.0,1.0,1.0,0.0,19,2.0,1.0,8.0,6.0,1,0,0,0,1,0,0,0,0,3
0.0,0.0,0.0,0.0,0.0,0.0,0.0,0,0.0,0.0,0.0,0.0,0.0,0.0,0,0,0,1,1.0,3.0,1.0,5.0,0.0,0.0,0.0,0.0,19,2.0,1.0,2.0,3.0,1,0,0,0,0,0,0,0,0,2
0.0,0.0,1.0,0.0,0.0,0.0,0.0,0,0.0,0.0,1.0,0.0,0.0,1.0,0,1,0,4,5.0,5.0,5.0,1.0,1.0,1.0,1.0,1.0,51,1.0,1.0,1.0,2.0,0,0,0,0,0,0,1,0,0,1
0.0,0.0,1.0,0.0,0.0,0.0,0.0,0,0.0,1.0,1.0,1.0,1.0,1.0,1,1,0,1,3.0,3.0,4.0,4.0,1.0,1.0,1.0,0.0,34,2.0,4.0,2.0,1.0,0,0,0,0,0,0,1,0,0,1
1.0,0.0,1.0,0.0,0.0,0.0,1.0,0,0.0,0.0,0.0,0.0,0.0,0.0,1,1,1,3,3.0,4.0,4.0,3.0,1.0,1.0,1.0,0.0,32,6.0,2.0,5.0,5.0,1,0,0,0,0,0,0,1,0,2
0.0,1.0,1.0,0.0,0.0,0.0,0.0,0,0.0,0.0,0.0,0.0,0.0,1.0,1,1,0,3,2.0,1.0,3.0,2.0,1.0,1.0,1.0,0.0,55,2.0,1.0,2.0,3.0,1,1,0,0,0,0,0,0,0,2
0.0,1.0,0.0,0.0,0.0,0.0,0.0,1,0.0,0.0,0.0,0.0,0.0,0.0,0,0,0,1,1.0,5.0,1.0,5.0,0.0,1.0,1.0,0.0,69,1.0,3.0,7.0,7.0,0,0,0,0,0,0,1,0,0,3
1.0,0.0,0.0,0.0,0.0,0.0,1.0,0,0.0,0.0,0.0,0.0,0.0,0.0,1,1,1,5,3.0,3.0,3.0,4.0,1.0,0.0,1.0,1.0,28,2.0,2.0,5.0,5.0,0,0,0,0,0,0,0,0,1,2
1.0,1.0,0.0,0.0,0.0,0.0,1.0,0,0.0,1.0,0.0,0.0,0.0,0.0,0,0,0,1,5.0,5.0,1.0,5.0,0.0,1.0,1.0,0.0,32,5.0,3.0,7.0,6.0,0,0,0,0,0,0,1,0,0,2
0.0,0.0,1.0,0.0,0.0,0.0,1.0,0,0.0,1.0,0.0,0.0,0.0,0.0,1,1,0,4,1.0,5.0,4.0,1.0,1.0,1.0,1.0,0.0,46,2.0,2.0,4.0,4.0,0,0,0,0,1,0,0,0,0,3
0.0,0.0,0.0,0.0,0.0,0.0,0.0,0,0.0,0.0,0.0,0.0,0.0,0.0,0,1,0,3,5.0,5.0,1.0,5.0,0.0,0.0,1.0,0.0,37,2.0,1.0,2.0,1.0,0,0,0,1,0,1,0,0,0,3
0.0,0.0,0.0,0.0,0.0,0.0,0.0,0,0.0,0.0,1.0,0.0,0.0,0.0,0,1,0,1,3.0,5.0,2.0,5.0,1.0,0.0,1.0,0.0,52,1.0,2.0,4.0,5.0,1,0,0,0,0,0,0,0,1,3
1.0,0.0,0.0,0.0,0.0,0.0,0.0,0,0.0,0.0,0.0,0.0,0.0,1.0,0,1,0,1,5.0,5.0,1.0,5.0,1.0,1.0,1.0,0.0,63,1.0,2.0,4.0,3.0,1,0,1,0,0,0,0,0,1,2
1.0,0.0,1.0,0.0,0.0,0.0,0.0,0,0.0,0.0,0.0,0.0,0.0,0.0,0,1,0,4,2.0,5.0,2.0,2.0,1.0,0.0,1.0,0.0,40,2.0,1.0,2.0,2.0,0,0,0,0,0,0,0,0,1,2
1.0,0.0,1.0,0.0,0.0,0.0,1.0,0,1.0,0.0,0.0,0.0,0.0,0.0,1,1,0,1,4.0,5.0,1.0,3.0,1.0,1.0,1.0,0.0,25,5.0,1.0,6.0,3.0,0,0,1,0,0,0,0,0,1,2
1.0,0.0,1.0,0.0,0.0,0.0,1.0,0,0.0,1.0,1.0,0.0,0.0,0.0,1,1,0,1,5.0,4.0,1.0,4.0,0.0,1.0,0.0,1.0,25,2.0,3.0,9.0,6.0,1,0,0,0,0,0,1,0,0,2
1.0,1.0,1.0,0.0,0.0,0.0,0.0,0,0.0,0.0,0.0,1.0,0.0,0.0,0,1,0,1,3.0,5.0,5.0,3.0,1.0,1.0,1.0,0.0,40,2.0,3.0,3.0,2.0,0,0,0,0,0,0,0,0,1,3
1.0,0.0,0.0,0.0,0.0,0.0,0.0,0,0.0,0.0,1.0,0.0,0.0,0.0,0,1,0,1,4.0,5.0,1.0,5.0,1.0,1.0,1.0,0.0,51,2.0,2.0,4.0,2.0,0,0,0,1,0,0,0,0,1,2
1.0,1.0,0.0,0.0,0.0,0.0,0.0,0,0.0,0.0,1.0,0.0,0.0,0.0,0,1,0,1,1.0,4.0,1.0,4.0,1.0,0.0,1.0,0.0,49,5.0,1.0,5.0,5.0,1,0,0,0,0,0,0,0,0,1
0.0,0.0,0.0,0.0,0.0,0.0,0.0,0,0.0,0.0,0.0,1.0,0.0,1.0,1,1,0,1,3.0,4.0,1.0,4.0,0.0,1.0,1.0,0.0,28,2.0,2.0,1.0,1.0,0,1,0,0,0,0,0,0,0,3
0.0,0.0,1.0,0.0,0.0,0.0,0.0,0,0.0,0.0,0.0,0.0,0.0,0.0,0,1,0,3,1.0,4.0,5.0,1.0,1.0,0.0,1.0,0.0,46,0.0,1.0,2.0,3.0,0,1,0,0,0,1,0,0,0,3
1.0,1.0,0.0,0.0,0.0,0.0,1.0,0,0.0,0.0,0.0,0.0,0.0,0.0,1,1,1,4,4.0,2.0,4.0,3.0,1.0,1.0,1.0,0.0,50,2.0,3.0,4.0,5.0,1,0,0,0,1,0,0,0,0,3
0.0,0.0,0.0,0.0,0.0,0.0,0.0,0,0.0,0.0,0.0,0.0,0.0,0.0,0,1,0,3,4.0,3.0,2.0,3.0,1.0,1.0,1.0,0.0,48,2.0,1.0,4.0,3.0,1,0,0,1,0,0,0,0,1,2
0.0,0.0,0.0,0.0,0.0,0.0,0.0,0,0.0,0.0,0.0,0.0,0.0,0.0,0,0,0,1,2.0,2.0,2.0,2.0,0.0,0.0,0.0,0.0,35,1.0,1.0,4.0,3.0,0,1,0,0,0,0,0,0,0,3
0.0,0.0,0.0,0.0,0.0,0.0,0.0,0,0.0,0.0,0.0,0.0,0.0,0.0,1,1,0,4,2.0,2.0,4.0,3.0,1.0,0.0,1.0,0.0,30,3.0,3.0,3.0,3.0,0,0,0,0,0,0,0,0,1,2
1.0,1.0,0.0,0.0,0.0,0.0,1.0,0,0.0,0.0,0.0,0.0,0.0,0.0,1,1,0,1,4.0,5.0,1.0,5.0,1.0,0.0,1.0,0.0,25,2.0,2.0,5.0,4.0,1,0,0,0,0,0,0,0,1,1
0.0,0.0,1.0,0.0,0.0,0.0,0.0,0,0.0,0.0,0.0,0.0,0.0,0.0,1,1,0,5,1.0,4.0,5.0,1.0,1.0,0.0,1.0,0.0,51,1.0,2.0,1.0,2.0,0,0,0,0,0,0,1,0,0,3
0.0,0.0,1.0,0.0,0.0,0.0,0.0,0,0.0,0.0,0.0,0.0,0.0,0.0,0,0,0,1,2.0,5.0,1.0,1.0,0.0,0.0,0.0,0.0,19,2.0,2.0,1.0,2.0,1,0,0,0,0,1,0,0,0,3
1.0,0.0,0.0,0.0,0.0,0.0,0.0,0,0.0,0.0,0.0,0.0,0.0,0.0,1,1,0,3,3.0,3.0,2.0,3.0,0.0,0.0,1.0,0.0,51,2.0,2.0,6.0,6.0,1,0,0,0,0,0,1,0,0,3
0.0,0.0,1.0,0.0,0.0,0.0,0.0,0,0.0,1.0,0.0,0.0,0.0,0.0,1,1,0,5,2.0,1.0,5.0,1.0,1.0,1.0,1.0,0.0,27,2.0,2.0,2.0,4.0,1,0,1,0,0,0,1,0,0,2
0.0,0.0,1.0,0.0,0.0,0.0,1.0,0,0.0,0.0,0.0,0.0,0.0,1.0,1,1,0,3,2.0,2.0,1.0,5.0,1.0,0.0,1.0,0.0,33,2.0,1.0,4.0,3.0,0,0,1,0,0,0,0,1,0,3
1.0,0.0,0.0,0.0,0.0,0.0,0.0,0,0.0,0.0,0.0,1.0,1.0,0.0,0,1,0,3,3.0,5.0,4.0,5.0,1.0,0.0,1.0,0.0,60,2.0,3.0,2.0,3.0,1,0,0,0,0,0,0,0,1,2
1.0,0.0,1.0,0.0,0.0,0.0,1.0,0,0.0,1.0,0.0,0.0,0.0,0.0,0,1,0,2,4.0,4.0,1.0,3.0,0.0,0.0,1.0,0.0,23,3.0,2.0,7.0,6.0,0,0,0,0,1,0,0,0,0,3
1.0,1.0,1.0,0.0,0.0,0.0,1.0,1,0.0,0.0,0.0,0.0,0.0,0.0,0,1,0,1,5.0,5.0,2.0,2.0,1.0,1.0,1.0,0.0,63,6.0,5.0,7.0,6.0,0,0,0,0,0,0,1,0,0,2
1.0,1.0,0.0,0.0,0.0,0.0,1.0,1,0.0,0.0,0.0,0.0,0.0,0.0,1,1,1,1,4.0,3.0,4.0,3.0,1.0,1.0,1.0,0.0,63,2.0,2.0,6.0,6.0,1,0,1,0,0,0,0,0,1,1
0.0,1.0,0.0,0.0,0.0,0.0,0.0,0,0.0,0.0,1.0,0.0,0.0,0.0,1,1,1,4,3.0,2.0,1.0,3.0,1.0,1.0,1.0,0.0,38,4.0,3.0,7.0,7.0,0,0,0,0,0,1,0,0,0,2
0.0,0.0,0.0,0.0,0.0,0.0,0.0,0,0.0,0.0,0.0,0.0,0.0,0.0,1,0,0,1,3.0,4.0,2.0,3.0,0.0,0.0,0.0,0.0,20,2.0,2.0,4.0,4.0,1,0,0,0,0,0,0,0,1,3
0.0,0.0,0.0,0.0,0.0,0.0,0.0,0,1.0,0.0,0.0,0.0,0.0,0.0,0,1,0,3,3.0,3.0,1.0,4.0,1.0,1.0,1.0,0.0,59,1.0,2.0,5.0,5.0,0,0,0,0,0,0,0,0,0,1
1.0,1.0,1.0,0.0,0.0,0.0,1.0,0,0.0,0.0,0.0,0.0,0.0,0.0,0,1,0,1,1.0,1.0,1.0,2.0,1.0,0.0,1.0,0.0,52,4.0,2.0,5.0,4.0,0,0,1,0,1,0,0,0,0,2
1.0,1.0,0.0,0.0,0.0,0.0,1.0,0,0.0,0.0,0.0,0.0,0.0,0.0,0,1,1,2,4.0,4.0,1.0,5.0,1.0,1.0,0.0,0.0,35,4.0,1.0,4.0,2.0,1,0,0,0,0,0,0,0,0,1
0.0,0.0,0.0,0.0,0.0,0.0,0.0,0,1.0,0.0,0.0,0.0,0.0,0.0,1,1,0,1,1.0,1.0,5.0,1.0,1.0,1.0,1.0,0.0,50,1.0,2.0,2.0,2.0,1,0,0,0,1,0,0,0,0,1
0.0,0.0,1.0,0.0,0.0,0.0,0.0,0,1.0,1.0,0.0,1.0,1.0,0.0,0,1,0,1,5.0,5.0,1.0,5.0,1.0,1.0,1.0,1.0,54,6.0,3.0,9.0,5.0,1,0,0,0,0,0,0,0,1,1
1.0,1.0,0.0,0.0,0.0,0.0,1.0,0,0.0,0.0,0.0,0.0,0.0,0.0,1,0,0,1,3.0,5.0,3.0,3.0,0.0,1.0,0.0,0.0,30,1.0,2.0,6.0,5.0,1,0,0,0,0,0,0,0,1,2
0.0,0.0,0.0,0.0,0.0,0.0,0.0,0,0.0,0.0,0.0,0.0,0.0,0.0,1,1,0,3,1.0,1.0,5.0,1.0,0.0,1.0,0.0,0.0,20,2.0,2.0,2.0,4.0,0,0,0,1,0,1,0,0,0,2
0.0,0.0,1.0,0.0,0.0,0.0,0.0,0,0.0,0.0,0.0,0.0,0.0,0.0,0,1,0,3,1.0,5.0,5.0,1.0,0.0,0.0,1.0,0.0,43,2.0,2.0,3.0,3.0,0,0,0,0,0,0,1,0,0,3
0.0,0.0,0.0,0.0,0.0,0.0,0.0,0,0.0,0.0,0.0,0.0,0.0,0.0,0,1,0,5,1.0,1.0,1.0,5.0,1.0,0.0,0.0,0.0,49,1.0,1.0,3.0,3.0,0,1,0,0,0,0,1,0,0,3
1.0,0.0,1.0,0.0,0.0,0.0,0.0,0,0.0,0.0,0.0,0.0,0.0,0.0,0,1,0,2,4.0,4.0,1.0,5.0,1.0,1.0,1.0,0.0,26,2.0,2.0,4.0,3.0,0,0,0,0,1,0,0,0,0,2
0.0,0.0,0.0,0.0,0.0,0.0,0.0,0,0.0,0.0,0.0,1.0,0.0,0.0,1,1,0,3,5.0,3.0,1.0,5.0,1.0,1.0,1.0,0.0,39,1.0,1.0,2.0,2.0,0,0,1,0,0,1,0,0,0,1
0.0,0.0,0.0,0.0,0.0,0.0,0.0,0,0.0,0.0,0.0,0.0,0.0,0.0,0,0,0,1,1.0,1.0,1.0,1.0,0.0,0.0,0.0,0.0,19,2.0,2.0,5.0,5.0,0,0,0,0,0,0,0,0,0,3
0.0,0.0,0.0,0.0,0.0,0.0,1.0,0,0.0,0.0,0.0,0.0,0.0,0.0,1,1,0,3,3.0,3.0,4.0,2.0,0.0,1.0,1.0,0.0,21,3.0,1.0,4.0,3.0,0,1,0,0,0,0,0,1,0,3
0.0,0.0,0.0,0.0,0.0,0.0,0.0,0,0.0,0.0,0.0,0.0,0.0,0.0,0,1,0,5,3.0,1.0,1.0,2.0,0.0,0.0,1.0,0.0,53,1.0,1.0,4.0,1.0,1,0,0,0,0,0,0,0,0,3
0.0,0.0,1.0,0.0,0.0,0.0,1.0,0,0.0,0.0,0.0,0.0,0.0,0.0,1,1,0,3,3.0,5.0,1.0,5.0,0.0,1.0,1.0,1.0,19,1.0,2.0,1.0,2.0,0,0,0,1,1,0,0,0,0,3
0.0,0.0,1.0,0.0,0.0,0.0,1.0,0,1.0,0.0,1.0,1.0,0.0,0.0,0,1,0,1,5.0,5.0,2.0,5.0,1.0,1.0,1.0,1.0,20,2.0,1.0,6.0,4.0,1,0,0,0,0,0,0,0,1,2
1.0,1.0,0.0,0.0,0.0,0.0,1.0,0,0.0,1.0,0.0,0.0,0.0,0.0,0,1,1,2,1.0,5.0,1.0,5.0,1.0,1.0,1.0,0.0,53,2.0,2.0,6.0,4.0,1,0,0,1,0,1,0,0,0,1
1.0,1.0,0.0,0.0,0.0,0.0,0.0,0,0.0,0.0,1.0,0.0,0.0,0.0,1,1,0,4,3.0,5.0,5.0,5.0,1.0,1.0,1.0,0.0,52,2.0,3.0,2.0,7.0,1,0,0,0,0,0,0,0,1,1
1.0,0.0,0.0,0.0,0.0,0.0,0.0,0,0.0,0.0,1.0,0.0,0.0,0.0,1,1,0,1,3.0,5.0,1.0,5.0,1.0,1.0,1.0,0.0,22,2.0,1.0,5.0,5.0,0,1,0,0,0,0,0,0,0,3
0.0,0.0,1.0,0.0,0.0,0.0,0.0,0,0.0,0.0,0.0,0.0,0.0,0.0,1,1,1,2,2.0,5.0,2.0,2.0,1.0,1.0,1.0,0.0,56,2.0,3.0,1.0,2.0,1,0,0,0,0,1,0,0,0,2
0.0,0.0,0.0,0.0,0.0,0.0,1.0,0,0.0,1.0,0.0,0.0,0.0,1.0,0,1,1,5,5.0,5.0,1.0,4.0,1.0,1.0,1.0,0.0,45,2.0,1.0,4.0,4.0,1,0,1,0,0,0,0,0,1,3
0.0,0.0,1.0,0.0,0.0,0.0,0.0,0,0.0,0.0,1.0,0.0,0.0,0.0,0,1,0,2,2.0,4.0,2.0,4.0,0.0,0.0,1.0,0.0,39,2.0,2.0,3.0,6.0,0,0,0,0,0,1,0,0,0,1
1.0,0.0,0.0,0.0,0.0,0.0,1.0,0,0.0,0.0,0.0,0.0,0.0,0.0,0,1,1,1,3.0,4.0,1.0,4.0,1.0,1.0,1.0,1.0,23,3.0,2.0,5.0,2.0,1,0,0,0,0,0,0,0,0,3
0.0,0.0,0.0,0.0,0.0,0.0,0.0,0,0.0,0.0,0.0,0.0,0.0,0.0,0,1,0,1,1.0,5.0,1.0,5.0,1.0,1.0,1.0,0.0,67,1.0,2.0,4.0,4.0,0,1,0,0,1,0,0,0,0,3
0.0,0.0,1.0,0.0,0.0,0.0,0.0,0,0.0,1.0,0.0,0.0,0.0,0.0,0,0,0,2,5.0,5.0,2.0,2.0,0.0,1.0,1.0,0.0,38,4.0,2.0,6.0,4.0,1,1,0,0,0,1,0,0,0,1
0.0,0.0,0.0,0.0,0.0,0.0,0.0,0,0.0,0.0,0.0,0.0,0.0,0.0,0,0,0,1,5.0,5.0,1.0,5.0,0.0,1.0,1.0,0.0,47,2.0,3.0,7.0,6.0,0,0,0,0,0,0,1,0,0,2
1.0,1.0,1.0,1.0,0.0,0.0,1.0,0,1.0,0.0,0.0,0.0,0.0,0.0,0,1,0,1,4.0,4.0,1.0,5.0,0.0,1.0,1.0,1.0,39,6.0,2.0,8.0,6.0,1,0,1,0,0,0,0,0,1,1
0.0,0.0,1.0,0.0,0.0,0.0,0.0,0,0.0,0.0,0.0,0.0,0.0,1.0,0,0,0,1,3.0,4.0,1.0,3.0,0.0,0.0,0.0,0.0,25,3.0,2.0,2.0,2.0,0,0,1,0,0,0,0,0,0,3
1.0,1.0,0.0,0.0,0.0,0.0,1.0,0,1.0,1.0,0.0,0.0,1.0,0.0,0,1,1,1,5.0,5.0,1.0,3.0,0.0,1.0,1.0,1.0,57,6.0,5.0,8.0,8.0,1,0,0,0,0,0,1,0,0,2
1.0,1.0,0.0,0.0,0.0,0.0,1.0,0,0.0,0.0,0.0,0.0,0.0,1.0,0,1,1,1,4.0,4.0,2.0,3.0,0.0,1.0,1.0,1.0,30,5.0,1.0,7.0,6.0,1,0,0,0,0,1,0,0,0,2
0.0,0.0,1.0,0.0,0.0,0.0,1.0,0,0.0,0.0,0.0,0.0,0.0,0.0,0,1,1,1,2.0,3.0,3.0,3.0,1.0,0.0,1.0,1.0,41,3.0,2.0,2.0,2.0,0,1,0,0,0,0,0,1,0,3
0.0,0.0,0.0,0.0,0.0,0.0,0.0,0,0.0,0.0,0.0,0.0,0.0,0.0,0,1,0,2,4.0,4.0,5.0,3.0,0.0,0.0,0.0,0.0,68,1.0,2.0,4.0,5.0,0,0,0,0,0,1,0,0,0,3
0.0,0.0,0.0,0.0,0.0,0.0,1.0,0,0.0,0.0,0.0,0.0,0.0,0.0,1,1,0,3,3.0,3.0,4.0,4.0,1.0,1.0,1.0,0.0,27,2.0,1.0,2.0,4.0,1,0,1,0,0,1,0,0,0,3
1.0,1.0,0.0,0.0,0.0,0.0,0.0,0,0.0,0.0,0.0,1.0,1.0,0.0,0,1,1,1,1.0,5.0,5.0,3.0,1.0,1.0,1.0,1.0,65,2.0,3.0,2.0,2.0,1,0,0,0,0,0,0,0,1,1
1.0,0.0,1.0,0.0,0.0,0.0,0.0,0,0.0,0.0,1.0,0.0,0.0,1.0,0,1,0,2,3.0,3.0,1.0,2.0,0.0,0.0,0.0,1.0,20,2.0,1.0,4.0,3.0,0,0,0,0,0,0,0,0,1,3
0.0,0.0,0.0,0.0,0.0,0.0,0.0,0,0.0,0.0,0.0,0.0,0.0,0.0,0,1,0,2,2.0,2.0,2.0,3.0,0.0,0.0,1.0,0.0,55,2.0,2.0,5.0,4.0,1,0,0,0,1,0,0,0,0,3
0.0,0.0,1.0,0.0,0.0,0.0,1.0,0,0.0,0.0,0.0,0.0,0.0,0.0,0,0,0,3,1.0,5.0,4.0,5.0,0.0,1.0,1.0,1.0,19,2.0,1.0,5.0,3.0,0,0,1,0,1,0,0,0,0,3
0.0,0.0,1.0,0.0,0.0,0.0,1.0,0,0.0,0.0,0.0,0.0,0.0,0.0,1,1,1,1,5.0,5.0,1.0,3.0,1.0,1.0,1.0,0.0,25,2.0,2.0,4.0,2.0,0,0,1,0,0,0,0,1,0,2
0.0,0.0,1.0,0.0,0.0,0.0,0.0,0,0.0,1.0,0.0,0.0,0.0,0.0,0,1,0,3,2.0,5.0,2.0,3.0,1.0,1.0,1.0,1.0,57,3.0,2.0,3.0,5.0,1,0,1,0,0,0,0,1,0,2
1.0,0.0,1.0,0.0,0.0,0.0,0.0,0,0.0,0.0,0.0,1.0,0.0,0.0,0,1,0,5,5.0,3.0,1.0,5.0,0.0,0.0,1.0,1.0,22,2.0,1.0,1.0,3.0,0,0,0,0,0,0,0,0,0,3
1.0,1.0,1.0,1.0,0.0,0.0,1.0,1,0.0,0.0,0.0,0.0,0.0,0.0,0,1,0,1,4.0,5.0,5.0,5.0,1.0,1.0,1.0,1.0,39,3.0,1.0,5.0,5.0,1,1,0,0,0,0,1,0,0,1
1.0,1.0,0.0,0.0,0.0,0.0,1.0,1,0.0,1.0,0.0,0.0,0.0,0.0,0,1,1,1,5.0,5.0,1.0,5.0,1.0,1.0,1.0,0.0,63,2.0,3.0,10.0,7.0,1,0,0,0,0,0,0,0,1,1
1.0,1.0,1.0,1.0,1.0,0.0,1.0,0,0.0,1.0,0.0,0.0,0.0,0.0,1,1,1,1,5.0,5.0,1.0,5.0,1.0,0.0,1.0,1.0,37,5.0,4.0,9.0,8.0,1,0,0,0,1,0,0,0,0,1
1.0,0.0,0.0,0.0,0.0,0.0,1.0,0,0.0,0.0,0.0,0.0,0.0,0.0,1,1,0,1,4.0,5.0,1.0,4.0,1.0,1.0,1.0,0.0,40,5.0,1.0,6.0,4.0,0,0,1,0,0,1,0,0,0,1
0.0,0.0,0.0,0.0,0.0,0.0,0.0,0,0.0,0.0,0.0,0.0,0.0,1.0,0,1,0,3,1.0,1.0,1.0,1.0,0.0,0.0,1.0,0.0,42,1.0,1.0,1.0,2.0,0,0,0,0,0,0,0,0,0,3
0.0,0.0,1.0,0.0,0.0,0.0,0.0,0,0.0,0.0,1.0,1.0,0.0,0.0,0,1,0,1,5.0,5.0,5.0,5.0,0.0,0.0,1.0,0.0,22,1.0,1.0,1.0,1.0,0,1,0,0,0,0,0,0,0,3
1.0,0.0,0.0,0.0,0.0,0.0,1.0,1,0.0,0.0,0.0,0.0,0.0,0.0,0,1,0,3,3.0,3.0,2.0,4.0,1.0,1.0,1.0,0.0,47,2.0,3.0,7.0,6.0,1,0,0,0,0,0,1,0,0,1
0.0,0.0,0.0,0.0,0.0,0.0,0.0,0,1.0,0.0,0.0,0.0,0.0,0.0,0,1,0,1,1.0,5.0,1.0,5.0,1.0,0.0,1.0,0.0,62,1.0,2.0,2.0,4.0,1,0,0,0,0,0,0,0,1,2
1.0,1.0,1.0,0.0,0.0,0.0,1.0,1,0.0,0.0,0.0,0.0,0.0,0.0,1,1,1,5,5.0,1.0,1.0,5.0,1.0,1.0,0.0,1.0,59,0.0,1.0,5.0,3.0,1,1,0,0,0,0,0,0,0,2
0.0,1.0,0.0,0.0,0.0,0.0,1.0,1,0.0,0.0,0.0,0.0,0.0,0.0,1,1,1,5,1.0,5.0,5.0,1.0,1.0,1.0,1.0,1.0,66,2.0,3.0,4.0,4.0,1,0,0,0,0,0,0,0,1,1
1.0,1.0,1.0,0.0,0.0,0.0,0.0,0,0.0,0.0,0.0,0.0,0.0,0.0,0,1,0,2,1.0,5.0,1.0,1.0,1.0,0.0,1.0,1.0,30,3.0,2.0,4.0,3.0,1,0,0,0,0,0,0,0,0,3
0.0,0.0,0.0,0.0,0.0,0.0,0.0,0,0.0,0.0,0.0,0.0,0.0,0.0,0,1,0,5,1.0,3.0,5.0,1.0,1.0,0.0,1.0,0.0,49,1.0,1.0,1.0,1.0,0,0,0,1,0,0,0,0,0,3
0.0,0.0,0.0,0.0,0.0,0.0,0.0,0,0.0,0.0,0.0,0.0,0.0,1.0,0,0,0,3,5.0,5.0,1.0,5.0,1.0,1.0,1.0,0.0,50,1.0,1.0,7.0,7.0,0,0,1,0,0,0,0,0,0,2
0.0,1.0,0.0,0.0,0.0,0.0,0.0,0,0.0,1.0,0.0,0.0,0.0,0.0,0,1,0,3,3.0,3.0,2.0,5.0,0.0,1.0,1.0,0.0,43,4.0,3.0,5.0,5.0,1,0,0,0,0,0,1,0,0,3
0.0,0.0,1.0,0.0,0.0,0.0,0.0,0,0.0,0.0,0.0,0.0,0.0,0.0,1,1,0,5,4.0,5.0,4.0,4.0,1.0,1.0,1.0,0.0,50,1.0,1.0,2.0,1.0,0,0,1,0,0,0,0,0,0,2
0.0,0.0,0.0,0.0,0.0,0.0,0.0,0,0.0,0.0,0.0,0.0,0.0,1.0,0,1,0,1,1.0,3.0,1.0,5.0,0.0,0.0,1.0,0.0,60,2.0,2.0,3.0,1.0,0,0,0,1,0,0,0,0,1,3
0.0,1.0,0.0,0.0,0.0,1.0,1.0,0,0.0,1.0,0.0,0.0,0.0,0.0,1,1,0,1,5.0,3.0,2.0,5.0,1.0,1.0,0.0,0.0,25,2.0,1.0,5.0,4.0,1,0,0,0,0,1,0,0,0,3
0.0,0.0,0.0,0.0,0.0,0.0,1.0,0,0.0,1.0,0.0,0.0,0.0,0.0,1,0,0,1,2.0,2.0,1.0,2.0,1.0,0.0,1.0,0.0,42,2.0,2.0,4.0,4.0,0,0,1,0,1,0,0,0,0,2
1.0,1.0,1.0,0.0,0.0,1.0,1.0,0,1.0,0.0,0.0,0.0,0.0,0.0,0,1,1,2,4.0,4.0,1.0,4.0,1.0,1.0,1.0,0.0,35,5.0,3.0,7.0,6.0,1,0,0,0,0,0,0,0,1,1
1.0,1.0,0.0,0.0,0.0,0.0,0.0,1,0.0,0.0,0.0,0.0,0.0,0.0,1,1,1,2,4.0,4.0,5.0,4.0,1.0,1.0,1.0,0.0,69,1.0,3.0,5.0,7.0,0,0,0,0,1,0,0,0,0,3
1.0,1.0,0.0,0.0,0.0,0.0,1.0,0,0.0,0.0,0.0,0.0,0.0,0.0,1,1,1,3,5.0,5.0,3.0,5.0,1.0,1.0,1.0,0.0,53,5.0,2.0,9.0,8.0,1,0,0,0,0,0,0,0,0,2
0.0,0.0,1.0,0.0,0.0,0.0,1.0,0,0.0,0.0,0.0,0.0,0.0,0.0,1,1,0,1,3.0,3.0,4.0,4.0,1.0,1.0,1.0,0.0,21,2.0,2.0,2.0,2.0,0,0,1,0,1,0,0,0,0,2
1.0,1.0,1.0,0.0,0.0,0.0,1.0,0,0.0,0.0,0.0,0.0,0.0,0.0,0,1,1,2,2.0,5.0,2.0,4.0,1.0,0.0,1.0,0.0,44,3.0,3.0,4.0,4.0,1,0,0,0,0,0,0,0,0,3
1.0,1.0,0.0,0.0,0.0,0.0,1.0,0,0.0,0.0,0.0,1.0,0.0,0.0,1,1,1,3,3.0,1.0,2.0,3.0,1.0,1.0,1.0,1.0,30,5.0,2.0,9.0,9.0,0,0,0,0,1,0,0,0,0,1
0.0,0.0,1.0,0.0,0.0,0.0,0.0,0,0.0,0.0,1.0,0.0,0.0,0.0,1,1,0,1,4.0,5.0,1.0,3.0,1.0,1.0,1.0,0.0,52,1.0,2.0,5.0,4.0,1,0,0,1,0,0,0,1,0,2
1.0,1.0,1.0,0.0,0.0,0.0,0.0,0,0.0,0.0,0.0,0.0,0.0,0.0,1,1,0,3,1.0,1.0,3.0,4.0,1.0,0.0,1.0,0.0,64,0.0,2.0,2.0,4.0,1,0,0,0,1,0,0,0,0,1
0.0,0.0,0.0,0.0,0.0,0.0,1.0,0,0.0,0.0,0.0,0.0,0.0,0.0,1,0,0,4,2.0,2.0,3.0,3.0,1.0,1.0,1.0,0.0,28,2.0,4.0,5.0,3.0,1,0,0,0,1,0,0,0,0,2
1.0,1.0,0.0,0.0,0.0,0.0,1.0,0,0.0,0.0,0.0,0.0,0.0,0.0,0,1,1,4,1.0,4.0,3.0,1.0,0.0,1.0,1.0,0.0,45,4.0,1.0,5.0,2.0,0,0,0,0,0,0,0,0,1,3
1.0,0.0,0.0,0.0,0.0,0.0,0.0,0,0.0,0.0,0.0,0.0,0.0,0.0,0,1,0,1,3.0,3.0,1.0,4.0,0.0,1.0,1.0,0.0,23,3.0,2.0,2.0,3.0,0,0,0,0,0,0,0,0,1,2
0.0,0.0,1.0,0.0,0.0,0.0,0.0,0,0.0,0.0,0.0,1.0,0.0,0.0,0,0,0,1,1.0,1.0,3.0,1.0,0.0,0.0,0.0,0.0,30,2.0,1.0,4.0,4.0,0,0,1,0,1,0,0,0,0,3
1.0,0.0,1.0,0.0,0.0,0.0,0.0,0,1.0,1.0,1.0,0.0,0.0,0.0,0,1,1,2,1.0,5.0,1.0,5.0,1.0,1.0,1.0,0.0,57,2.0,3.0,6.0,6.0,0,0,1,0,0,0,0,1,0,2
1.0,1.0,0.0,0.0,0.0,1.0,1.0,0,0.0,0.0,0.0,0.0,0.0,0.0,1,1,1,1,4.0,5.0,1.0,4.0,1.0,1.0,1.0,1.0,32,3.0,2.0,8.0,7.0,0,0,0,0,0,0,1,0,0,2
0.0,0.0,1.0,0.0,0.0,0.0,0.0,0,0.0,0.0,0.0,1.0,0.0,0.0,0,1,0,4,1.0,5.0,5.0,2.0,1.0,1.0,1.0,1.0,61,2.0,1.0,1.0,1.0,1,0,1,0,0,1,0,0,0,3
0.0,0.0,0.0,0.0,0.0,0.0,0.0,0,0.0,0.0,0.0,0.0,0.0,0.0,0,1,0,4,5.0,1.0,5.0,1.0,1.0,1.0,1.0,0.0,43,2.0,2.0,1.0,5.0,0,0,0,0,0,1,0,0,0,3
0.0,0.0,0.0,0.0,0.0,0.0,0.0,0,0.0,0.0,1.0,0.0,0.0,0.0,1,1,0,1,5.0,5.0,5.0,5.0,1.0,1.0,1.0,0.0,60,1.0,1.0,1.0,1.0,1,0,0,0,0,0,1,0,0,3
0.0,0.0,1.0,0.0,0.0,0.0,0.0,0,0.0,0.0,0.0,1.0,0.0,0.0,1,1,0,4,1.0,3.0,1.0,3.0,1.0,1.0,1.0,0.0,56,2.0,2.0,2.0,3.0,0,0,0,1,0,1,0,0,0,3
0.0,0.0,1.0,0.0,0.0,0.0,0.0,0,0.0,0.0,0.0,0.0,0.0,1.0,0,1,0,2,3.0,3.0,3.0,4.0,1.0,1.0,1.0,1.0,36,3.0,1.0,5.0,4.0,0,0,1,0,0,0,0,0,0,3
0.0,0.0,0.0,0.0,0.0,0.0,0.0,0,0.0,0.0,0.0,0.0,0.0,1.0,1,1,0,4,2.0,1.0,1.0,1.0,1.0,1.0,1.0,0.0,56,1.0,2.0,3.0,6.0,0,0,0,0,0,0,0,0,1,3
0.0,0.0,1.0,0.0,0.0,0.0,1.0,1,0.0,0.0,0.0,1.0,0.0,0.0,1,0,0,1,3.0,4.0,2.0,3.0,0.0,1.0,0.0,0.0,19,2.0,2.0,6.0,4.0,1,0,0,0,0,0,1,0,0,1
0.0,0.0,0.0,0.0,0.0,0.0,0.0,0,0.0,0.0,0.0,0.0,0.0,0.0,1,1,0,3,4.0,2.0,3.0,5.0,1.0,1.0,1.0,0.0,36,1.0,2.0,1.0,1.0,0,0,1,0,0,0,1,0,0,1
0.0,0.0,0.0,0.0,0.0,0.0,0.0,0,0.0,0.0,0.0,0.0,0.0,0.0,1,1,0,2,3.0,3.0,3.0,3.0,1.0,1.0,1.0,0.0,54,2.0,3.0,1.0,1.0,0,0,0,0,0,0,1,0,0,2
1.0,1.0,0.0,0.0,0.0,0.0,0.0,0,0.0,0.0,0.0,0.0,0.0,0.0,0,1,0,5,2.0,4.0,2.0,3.0,1.0,0.0,1.0,0.0,41,2.0,2.0,2.0,5.0,0,0,0,0,1,0,0,0,0,3
1.0,0.0,1.0,0.0,0.0,0.0,1.0,0,0.0,0.0,0.0,0.0,0.0,0.0,1,1,0,2,3.0,3.0,1.0,3.0,1.0,1.0,1.0,1.0,18,4.0,2.0,4.0,4.0,0,1,0,0,0,0,1,0,0,3
0.0,0.0,1.0,0.0,0.0,0.0,0.0,0,0.0,0.0,0.0,1.0,1.0,0.0,0,1,0,3,1.0,5.0,1.0,5.0,1.0,1.0,1.0,0.0,49,3.0,1.0,3.0,3.0,0,0,0,0,0,0,0,0,0,3
0.0,0.0,0.0,0.0,0.0,0.0,0.0,0,0.0,0.0,0.0,0.0,0.0,0.0,1,1,0,1,3.0,5.0,1.0,5.0,1.0,0.0,1.0,0.0,47,2.0,2.0,6.0,5.0,0,0,0,1,1,0,0,0,0,1
0.0,0.0,0.0,0.0,0.0,0.0,0.0,0,0.0,0.0,0.0,1.0,0.0,1.0,0,1,0,1,4.0,5.0,3.0,5.0,1.0,1.0,1.0,1.0,62,2.0,2.0,2.0,3.0,0,0,0,1,0,1,0,0,0,1
0.0,0.0,0.0,0.0,0.0,0.0,0.0,0,0.0,0.0,0.0,1.0,0.0,0.0,1,1,0,5,3.0,4.0,3.0,1.0,1.0,1.0,1.0,0.0,50,1.0,2.0,4.0,4.0,0,0,1,0,0,0,1,0,0,3
1.0,0.0,1.0,0.0,0.0,0.0,0.0,0,0.0,1.0,1.0,0.0,0.0,0.0,0,1,0,1,2.0,4.0,1.0,5.0,0.0,1.0,1.0,0.0,29,3.0,2.0,5.0,4.0,1,0,0,0,0,1,0,0,0,2
1.0,0.0,1.0,0.0,0.0,0.0,0.0,1,0.0,0.0,0.0,0.0,0.0,0.0,0,1,1,1,3.0,2.0,4.0,5.0,1.0,1.0,1.0,0.0,70,2.0,3.0,6.0,6.0,1,1,0,0,0,0,1,0,0,2
0.0,0.0,0.0,0.0,0.0,0.0,0.0,0,0.0,0.0,0.0,0.0,0.0,0.0,1,1,0,1,1.0,1.0,1.0,1.0,1.0,1.0,1.0,0.0,49,1.0,2.0,3.0,4.0,0,0,0,0,0,1,0,0,0,2
0.0,0.0,0.0,0.0,0.0,0.0,0.0,0,0.0,0.0,0.0,0.0,0.0,0.0,0,1,0,3,1.0,1.0,1.0,2.0,0.0,0.0,0.0,0.0,63,1.0,1.0,1.0,3.0,1,0,0,1,0,0,0,0,0,1
0.0,0.0,1.0,0.0,0.0,0.0,0.0,0,0.0,0.0,0.0,0.0,0.0,1.0,0,1,0,2,3.0,4.0,1.0,3.0,1.0,1.0,1.0,0.0,45,2.0,1.0,4.0,4.0,0,1,0,0,0,0,0,0,0,3
1.0,1.0,1.0,1.0,0.0,0.0,0.0,0,0.0,1.0,0.0,0.0,0.0,0.0,1,1,1,4,1.0,5.0,5.0,5.0,1.0,1.0,1.0,1.0,51,5.0,3.0,5.0,5.0,1,0,0,0,1,0,0,0,0,1
1.0,0.0,0.0,0.0,0.0,0.0,0.0,0,0.0,0.0,1.0,0.0,0.0,0.0,1,1,0,1,5.0,5.0,1.0,5.0,1.0,0.0,1.0,0.0,18,2.0,4.0,10.0,5.0,1,0,0,0,0,0,1,0,0,1
0.0,0.0,0.0,0.0,0.0,0.0,0.0,0,0.0,0.0,0.0,0.0,0.0,0.0,0,1,0,1,1.0,5.0,1.0,1.0,1.0,1.0,1.0,0.0,26,2.0,2.0,1.0,3.0,0,1,0,0,0,0,0,0,0,3
1.0,1.0,0.0,0.0,0.0,0.0,0.0,1,0.0,0.0,0.0,0.0,0.0,0.0,0,1,1,3,1.0,1.0,5.0,1.0,1.0,0.0,1.0,0.0,64,4.0,3.0,4.0,6.0,1,0,0,0,0,0,0,0,1,3
0.0,0.0,0.0,0.0,0.0,0.0,0.0,0,0.0,0.0,0.0,0.0,0.0,1.0,1,1,0,3,1.0,2.0,5.0,4.0,0.0,0.0,1.0,0.0,39,2.0,3.0,2.0,5.0,1,0,0,0,0,0,0,0,0,3
0.0,0.0,0.0,0.0,0.0,0.0,0.0,0,1.0,0.0,0.0,0.0,0.0,0.0,0,1,0,1,5.0,5.0,1.0,5.0,0.0,0.0,1.0,0.0,69,2.0,2.0,3.0,3.0,1,0,0,0,1,0,0,0,0,1
0.0,0.0,1.0,0.0,0.0,0.0,0.0,0,0.0,1.0,0.0,1.0,0.0,0.0,0,0,0,1,4.0,5.0,5.0,4.0,0.0,0.0,0.0,0.0,27,5.0,3.0,4.0,4.0,1,0,0,0,1,0,0,0,0,2
0.0,0.0,1.0,0.0,0.0,0.0,0.0,0,0.0,0.0,1.0,0.0,0.0,0.0,1,1,0,3,1.0,5.0,3.0,2.0,1.0,1.0,1.0,0.0,38,1.0,1.0,6.0,5.0,0,0,0,0,0,0,0,1,0,2
1.0,1.0,0.0,0.0,0.0,0.0,1.0,0,0.0,0.0,0.0,0.0,0.0,0.0,1,1,1,2,4.0,4.0,1.0,5.0,1.0,1.0,1.0,1.0,43,5.0,3.0,9.0,8.0,1,0,0,0,0,0,0,1,0,1
1.0,1.0,0.0,0.0,0.0,0.0,0.0,1,0.0,0.0,0.0,0.0,0.0,0.0,0,1,1,1,1.0,1.0,1.0,5.0,1.0,1.0,1.0,0.0,59,3.0,3.0,10.0,8.0,1,0,0,0,1,0,0,0,0,1
1.0,0.0,1.0,0.0,0.0,0.0,0.0,0,0.0,0.0,1.0,1.0,0.0,0.0,0,0,0,2,4.0,5.0,3.0,5.0,1.0,1.0,1.0,1.0,50,2.0,1.0,3.0,3.0,0,0,1,0,1,0,0,0,0,1
1.0,0.0,0.0,0.0,0.0,0.0,1.0,0,0.0,1.0,0.0,0.0,0.0,0.0,1,1,0,3,2.0,2.0,4.0,2.0,1.0,0.0,1.0,0.0,55,3.0,3.0,7.0,7.0,1,0,0,0,1,0,0,0,0,2
0.0,0.0,0.0,0.0,0.0,0.0,0.0,0,0.0,0.0,0.0,0.0,0.0,0.0,0,0,0,3,1.0,3.0,2.0,2.0,0.0,0.0,1.0,0.0,24,1.0,2.0,2.0,3.0,0,1,0,0,0,1,0,0,0,3
1.0,0.0,1.0,0.0,0.0,0.0,0.0,0,0.0,0.0,0.0,1.0,0.0,0.0,0,0,0,1,2.0,1.0,1.0,4.0,0.0,1.0,1.0,0.0,18,3.0,3.0,5.0,4.0,1,0,0,0,0,0,0,1,0,2
1.0,1.0,0.0,0.0,0.0,1.0,1.0,0,0.0,0.0,0.0,1.0,0.0,0.0,1,1,1,1,4.0,5.0,1.0,5.0,1.0,0.0,1.0,1.0,33,5.0,2.0,8.0,6.0,0,0,0,0,1,0,0,0,0,1
1.0,0.0,0.0,0.0,0.0,0.0,0.0,0,0.0,0.0,0.0,0.0,0.0,0.0,0,1,0,1,2.0,4.0,1.0,3.0,0.0,1.0,1.0,1.0,29,2.0,1.0,1.0,1.0,0,0,1,0,0,0,0,0,1,1
0.0,0.0,0.0,0.0,0.0,0.0,0.0,0,0.0,0.0,0.0,0.0,0.0,0.0,0,1,0,4,5.0,1.0,5.0,1.0,1.0,1.0,1.0,0.0,61,1.0,1.0,1.0,2.0,1,1,0,0,0,0,0,0,1,3
0.0,0.0,1.0,0.0,0.0,0.0,0.0,0,0.0,0.0,0.0,0.0,0.0,0.0,1,1,1,4,4.0,3.0,5.0,3.0,1.0,1.0,1.0,0.0,34,2.0,3.0,2.0,9.0,0,1,0,0,0,0,1,0,0,2
1.0,0.0,0.0,0.0,0.0,0.0,0.0,0,0.0,0.0,0.0,0.0,0.0,0.0,1,1,0,2,5.0,2.0,4.0,4.0,1.0,1.0,1.0,0.0,40,3.0,1.0,5.0,5.0,0,1,0,0,0,0,0,1,0,3
0.0,0.0,1.0,0.0,0.0,0.0,0.0,0,0.0,0.0,0.0,1.0,0.0,0.0,0,1,0,2,5.0,5.0,1.0,3.0,1.0,1.0,1.0,0.0,22,2.0,1.0,1.0,2.0,0,0,0,0,1,0,0,0,0,2
0.0,0.0,0.0,0.0,0.0,0.0,0.0,0,0.0,0.0,1.0,0.0,0.0,0.0,1,1,0,3,3.0,5.0,1.0,4.0,1.0,0.0,1.0,0.0,46,2.0,2.0,3.0,5.0,1,1,0,0,0,1,0,0,0,2
0.0,0.0,0.0,0.0,0.0,0.0,0.0,1,0.0,0.0,0.0,0.0,0.0,0.0,0,1,1,1,4.0,5.0,1.0,5.0,1.0,1.0,1.0,0.0,70,1.0,2.0,4.0,4.0,1,1,0,0,0,0,0,0,1,2
0.0,0.0,1.0,0.0,0.0,0.0,0.0,0,0.0,0.0,1.0,0.0,0.0,0.0,1,1,0,3,5.0,5.0,1.0,3.0,1.0,1.0,1.0,0.0,25,2.0,2.0,1.0,1.0,0,0,0,1,0,0,0,0,1,3
0.0,0.0,1.0,0.0,0.0,0.0,0.0,0,0.0,0.0,0.0,0.0,0.0,1.0,1,1,0,3,1.0,1.0,1.0,1.0,1.0,0.0,0.0,0.0,57,2.0,2.0,2.0,5.0,0,0,0,0,1,0,0,0,0,3
0.0,1.0,1.0,0.0,0.0,0.0,0.0,0,0.0,1.0,1.0,1.0,0.0,0.0,0,0,0,3,2.0,4.0,2.0,4.0,0.0,0.0,1.0,0.0,21,5.0,1.0,7.0,4.0,0,1,0,0,0,0,0,0,0,3
0.0,0.0,1.0,0.0,0.0,0.0,0.0,0,0.0,0.0,0.0,0.0,0.0,1.0,0,1,0,5,5.0,5.0,1.0,5.0,1.0,1.0,1.0,0.0,47,1.0,1.0,2.0,4.0,0,0,0,0,0,0,0,0,0,3
1.0,0.0,1.0,0.0,0.0,1.0,0.0,0,1.0,1.0,1.0,1.0,0.0,0.0,1,1,1,1,3.0,3.0,1.0,3.0,1.0,1.0,1.0,1.0,18,3.0,1.0,5.0,8.0,0,0,0,0,0,0,0,0,0,1
0.0,0.0,0.0,0.0,0.0,0.0,0.0,0,0.0,0.0,0.0,0.0,0.0,0.0,0,1,0,5,1.0,5.0,1.0,1.0,1.0,0.0,1.0,0.0,53,1.0,1.0,1.0,1.0,0,0,1,0,0,0,0,0,1,3
0.0,0.0,0.0,0.0,0.0,0.0,0.0,0,0.0,0.0,0.0,0.0,0.0,0.0,1,1,0,3,1.0,3.0,3.0,4.0,1.0,1.0,1.0,0.0,42,2.0,1.0,5.0,5.0,1,0,0,0,0,0,0,0,1,3
1.0,1.0,0.0,0.0,0.0,0.0,0.0,0,0.0,0.0,0.0,0.0,0.0,0.0,0,0,0,1,2.0,5.0,2.0,4.0,0.0,0.0,0.0,0.0,21,4.0,1.0,4.0,3.0,1,0,0,0,1,0,0,0,0,2
1.0,1.0,1.0,0.0,0.0,0.0,0.0,0,1.0,0.0,0.0,1.0,0.0,0.0,0,1,0,1,4.0,5.0,2.0,4.0,1.0,1.0,1.0,1.0,21,3.0,2.0,3.0,3.0,1,0,1,0,0,0,1,0,0,2
0.0,0.0,0.0,0.0,0.0,0.0,0.0,0,0.0,0.0,0.0,0.0,0.0,0.0,0,0,0,2,3.0,3.0,1.0,3.0,0.0,1.0,1.0,0.0,20,2.0,1.0,2.0,2.0,0,1,0,0,0,0,0,0,0,3
0.0,0.0,0.0,0.0,0.0,1.0,1.0,1,1.0,1.0,0.0,1.0,0.0,0.0,1,0,0,4,5.0,1.0,1.0,5.0,0.0,1.0,1.0,0.0,18,2.0,2.0,1.0,4.0,1,0,0,0,1,0,0,0,0,1
0.0,0.0,1.0,0.0,0.0,0.0,1.0,0,0.0,0.0,0.0,0.0,0.0,0.0,0,1,0,2,5.0,5.0,5.0,5.0,0.0,1.0,1.0,1.0,24,1.0,3.0,4.0,2.0,1,1,0,0,0,0,1,0,0,2
0.0,0.0,0.0,0.0,0.0,0.0,0.0,0,0.0,0.0,0.0,0.0,0.0,0.0,1,1,0,1,4.0,4.0,1.0,5.0,0.0,1.0,1.0,0.0,25,2.0,1.0,3.0,1.0,0,0,1,0,1,0,0,0,0,1
0.0,0.0,0.0,0.0,0.0,0.0,0.0,0,0.0,0.0,0.0,0.0,0.0,0.0,1,1,0,5,1.0,5.0,2.0,1.0,0.0,0.0,1.0,0.0,66,0.0,1.0,1.0,2.0,1,0,1,0,1,0,0,0,0,3
1.0,1.0,1.0,0.0,0.0,0.0,0.0,0,0.0,0.0,0.0,0.0,0.0,0.0,0,1,0,1,5.0,5.0,1.0,5.0,1.0,1.0,1.0,1.0,26,2.0,2.0,8.0,5.0,1,0,0,0,0,0,0,1,0,2
0.0,0.0,0.0,0.0,0.0,0.0,0.0,0,0.0,0.0,0.0,0.0,0.0,0.0,1,1,0,2,3.0,4.0,2.0,2.0,1.0,1.0,1.0,0.0,54,1.0,1.0,4.0,4.0,0,1,0,0,0,0,0,0,0,3
1.0,1.0,0.0,0.0,0.0,0.0,1.0,0,0.0,0.0,0.0,0.0,0.0,0.0,0,1,0,1,3.0,4.0,1.0,5.0,1.0,1.0,1.0,1.0,28,5.0,2.0,7.0,5.0,0,0,0,1,1,0,0,0,0,1
1.0,0.0,0.0,0.0,0.0,0.0,0.0,1,0.0,0.0,0.0,0.0,0.0,0.0,0,1,1,3,5.0,3.0,5.0,3.0,0.0,1.0,1.0,0.0,63,1.0,2.0,4.0,6.0,0,0,0,0,0,0,0,0,1,2
0.0,1.0,0.0,0.0,0.0,0.0,0.0,0,0.0,0.0,0.0,0.0,0.0,0.0,0,1,0,1,1.0,1.0,5.0,1.0,1.0,0.0,1.0,0.0,65,2.0,2.0,1.0,1.0,0,1,0,0,0,0,0,0,1,2
0.0,0.0,0.0,0.0,0.0,0.0,0.0,0,0.0,0.0,0.0,1.0,0.0,0.0,1,1,0,5,5.0,5.0,5.0,1.0,1.0,1.0,1.0,1.0,44,1.0,1.0,3.0,4.0,0,0,0,0,1,0,0,0,0,1
0.0,0.0,0.0,0.0,0.0,0.0,0.0,0,0.0,1.0,1.0,0.0,0.0,0.0,0,1,0,2,2.0,4.0,1.0,3.0,1.0,0.0,0.0,0.0,40,1.0,1.0,5.0,3.0,1,0,0,1,1,0,0,0,0,2
0.0,0.0,0.0,0.0,0.0,0.0,0.0,0,0.0,0.0,0.0,0.0,0.0,1.0,1,1,0,1,1.0,1.0,5.0,1.0,0.0,0.0,1.0,0.0,33,1.0,2.0,1.0,2.0,0,0,0,1,0,0,0,0,1,3
1.0,1.0,0.0,0.0,0.0,0.0,1.0,0,0.0,0.0,0.0,0.0,0.0,0.0,0,1,0,1,3.0,5.0,1.0,1.0,1.0,1.0,1.0,0.0,57,6.0,3.0,9.0,8.0,0,0,0,0,1,0,0,0,0,2
1.0,1.0,0.0,0.0,0.0,0.0,1.0,0,0.0,0.0,0.0,0.0,0.0,0.0,1,1,1,3,4.0,3.0,3.0,3.0,0.0,1.0,1.0,0.0,42,3.0,4.0,6.0,6.0,1,0,0,0,0,0,0,0,1,2
0.0,0.0,1.0,0.0,0.0,0.0,1.0,0,0.0,0.0,0.0,0.0,0.0,1.0,1,1,0,1,1.0,5.0,5.0,5.0,1.0,1.0,1.0,0.0,58,2.0,4.0,7.0,6.0,0,0,0,0,0,0,1,0,0,3
1.0,0.0,1.0,0.0,0.0,0.0,1.0,0,0.0,0.0,0.0,0.0,0.0,0.0,0,0,0,3,2.0,5.0,1.0,5.0,1.0,1.0,1.0,0.0,29,3.0,1.0,1.0,1.0,0,0,0,0,0,0,0,0,0,2
1.0,1.0,0.0,0.0,0.0,0.0,1.0,0,0.0,0.0,0.0,0.0,0.0,0.0,0,1,1,3,3.0,4.0,1.0,4.0,1.0,1.0,1.0,0.0,51,2.0,2.0,6.0,5.0,1,0,0,0,0,0,1,0,0,2
0.0,1.0,1.0,0.0,0.0,0.0,0.0,0,1.0,1.0,0.0,1.0,0.0,0.0,0,1,0,2,3.0,3.0,2.0,2.0,0.0,1.0,1.0,1.0,31,5.0,3.0,9.0,6.0,1,0,0,0,1,0,0,0,0,1
0.0,0.0,0.0,0.0,0.0,0.0,0.0,0,0.0,0.0,0.0,0.0,0.0,1.0,0,0,0,5,5.0,5.0,2.0,2.0,0.0,0.0,1.0,0.0,60,1.0,1.0,1.0,1.0,1,0,0,0,0,0,1,0,0,3
0.0,0.0,0.0,0.0,0.0,0.0,0.0,0,0.0,0.0,0.0,0.0,0.0,0.0,0,0,0,1,1.0,1.0,1.0,1.0,0.0,0.0,0.0,0.0,68,2.0,2.0,1.0,1.0,0,1,0,0,1,0,0,0,0,1
0.0,0.0,0.0,0.0,0.0,0.0,0.0,0,0.0,0.0,0.0,0.0,0.0,0.0,1,1,0,5,1.0,1.0,5.0,1.0,1.0,0.0,1.0,0.0,66,0.0,1.0,2.0,3.0,1,0,0,0,0,0,0,0,0,3
0.0,0.0,0.0,0.0,0.0,0.0,0.0,0,0.0,0.0,0.0,0.0,0.0,0.0,1,1,0,3,3.0,5.0,3.0,5.0,0.0,0.0,0.0,0.0,27,2.0,2.0,3.0,3.0,0,0,0,0,0,1,0,0,0,2
0.0,0.0,0.0,0.0,0.0,0.0,0.0,0,0.0,0.0,0.0,0.0,0.0,0.0,0,1,0,1,4.0,4.0,2.0,5.0,1.0,1.0,1.0,0.0,52,1.0,2.0,4.0,3.0,0,0,0,0,0,1,0,0,0,2
0.0,0.0,1.0,0.0,0.0,0.0,0.0,0,0.0,1.0,0.0,0.0,0.0,0.0,0,0,0,1,1.0,5.0,1.0,3.0,0.0,1.0,1.0,1.0,29,5.0,1.0,4.0,3.0,0,1,0,0,0,0,0,0,0,1
1.0,1.0,0.0,0.0,0.0,0.0,0.0,0,1.0,1.0,1.0,0.0,0.0,0.0,1,1,1,1,2.0,3.0,5.0,3.0,0.0,1.0,1.0,0.0,55,2.0,2.0,2.0,3.0,0,0,0,1,0,0,0,0,1,2
0.0,0.0,0.0,0.0,0.0,0.0,0.0,0,0.0,0.0,0.0,0.0,0.0,0.0,1,1,0,4,5.0,2.0,2.0,1.0,1.0,0.0,1.0,0.0,21,2.0,2.0,1.0,1.0,1,1,0,0,0,0,0,1,0,3
0.0,0.0,0.0,0.0,0.0,0.0,0.0,0,0.0,0.0,1.0,0.0,0.0,0.0,1,1,0,1,5.0,5.0,1.0,5.0,1.0,1.0,1.0,0.0,39,5.0,2.0,6.0,3.0,1,1,0,0,0,0,1,0,0,2
0.0,0.0,0.0,0.0,0.0,0.0,0.0,0,0.0,0.0,0.0,0.0,0.0,0.0,0,1,0,1,3.0,3.0,2.0,2.0,0.0,0.0,0.0,0.0,57,2.0,2.0,3.0,2.0,0,1,0,0,0,1,0,0,0,1
1.0,0.0,0.0,0.0,0.0,0.0,1.0,0,0.0,0.0,0.0,0.0,0.0,0.0,0,0,0,1,2.0,5.0,1.0,3.0,1.0,1.0,1.0,1.0,28,3.0,1.0,4.0,4.0,0,0,0,1,0,0,0,0,0,3
1.0,0.0,0.0,0.0,0.0,0.0,1.0,1,0.0,0.0,0.0,0.0,0.0,0.0,1,0,1,1,1.0,5.0,4.0,5.0,0.0,1.0,1.0,0.0,65,1.0,3.0,4.0,4.0,1,0,0,0,0,0,0,0,1,3
0.0,0.0,0.0,0.0,0.0,0.0,0.0,0,0.0,0.0,0.0,0.0,0.0,1.0,0,1,0,1,1.0,1.0,1.0,5.0,1.0,1.0,1.0,0.0,42,2.0,1.0,5.0,2.0,0,0,0,0,0,0,0,0,0,2
1.0,0.0,0.0,0.0,0.0,0.0,0.0,0,0.0,0.0,0.0,0.0,0.0,0.0,0,1,1,4,1.0,1.0,5.0,1.0,0.0,0.0,1.0,0.0,59,2.0,2.0,5.0,4.0,0,0,0,0,0,0,1,0,0,3
0.0,0.0,1.0,0.0,0.0,0.0,0.0,0,0.0,0.0,0.0,0.0,0.0,0.0,0,1,0,2,3.0,4.0,1.0,4.0,1.0,1.0,1.0,0.0,30,3.0,2.0,6.0,5.0,0,0,0,0,0,0,0,0,0,3
0.0,0.0,0.0,0.0,0.0,0.0,0.0,0,0.0,0.0,0.0,1.0,1.0,0.0,0,1,0,1,2.0,2.0,1.0,5.0,1.0,1.0,1.0,0.0,63,2.0,1.0,2.0,2.0,1,0,0,1,0,0,0,0,0,2
0.0,0.0,1.0,0.0,0.0,0.0,0.0,0,0.0,0.0,0.0,0.0,0.0,1.0,0,1,0,3,5.0,4.0,4.0,5.0,0.0,1.0,1.0,1.0,42,0.0,2.0,1.0,4.0,0,0,1,0,0,1,0,0,0,1
1.0,1.0,1.0,0.0,0.0,0.0,0.0,0,0.0,0.0,0.0,1.0,0.0,0.0,0,1,0,1,5.0,4.0,1.0,4.0,0.0,1.0,1.0,1.0,20,2.0,3.0,5.0,5.0,0,0,0,0,1,0,0,0,0,1
0.0,0.0,1.0,0.0,0.0,0.0,0.0,0,0.0,0.0,0.0,1.0,1.0,0.0,1,1,0,4,1.0,5.0,2.0,2.0,1.0,0.0,0.0,0.0,69,3.0,2.0,5.0,7.0,0,0,0,0,1,0,0,0,0,3
0.0,0.0,1.0,0.0,0.0,0.0,0.0,0,0.0,0.0,0.0,0.0,0.0,1.0,0,1,0,3,2.0,2.0,2.0,2.0,1.0,1.0,1.0,0.0,48,2.0,1.0,2.0,3.0,0,0,0,0,0,0,0,0,0,2
1.0,0.0,1.0,0.0,0.0,0.0,1.0,0,0.0,0.0,1.0,0.0,0.0,0.0,1,1,0,2,4.0,3.0,2.0,4.0,1.0,1.0,1.0,1.0,23,2.0,2.0,6.0,4.0,1,1,0,0,1,0,0,0,0,2
0.0,0.0,1.0,0.0,0.0,0.0,0.0,0,1.0,0.0,0.0,0.0,0.0,1.0,0,1,0,4,4.0,2.0,2.0,3.0,0.0,1.0,1.0,0.0,57,1.0,2.0,1.0,1.0,0,1,0,0,0,0,1,0,0,2
0.0,0.0,0.0,0.0,0.0,0.0,0.0,0,0.0,0.0,0.0,0.0,0.0,0.0,1,1,0,5,1.0,4.0,4.0,2.0,1.0,1.0,1.0,0.0,38,2.0,1.0,3.0,5.0,0,0,0,0,0,0,0,0,1,2
0.0,0.0,1.0,0.0,0.0,0.0,0.0,0,0.0,0.0,0.0,0.0,0.0,0.0,0,0,0,1,2.0,2.0,2.0,3.0,0.0,1.0,1.0,0.0,26,4.0,1.0,1.0,1.0,0,0,0,0,0,0,0,0,0,3
0.0,0.0,0.0,0.0,0.0,0.0,0.0,0,0.0,0.0,0.0,0.0,0.0,0.0,1,1,0,1,3.0,4.0,5.0,4.0,1.0,0.0,1.0,0.0,37,2.0,1.0,2.0,4.0,0,0,0,0,0,0,0,0,0,3
0.0,0.0,1.0,0.0,0.0,0.0,0.0,0,0.0,0.0,1.0,0.0,0.0,0.0,0,1,0,2,3.0,3.0,2.0,3.0,0.0,0.0,1.0,0.0,66,1.0,2.0,2.0,2.0,0,0,0,0,0,0,0,0,1,2
1.0,1.0,1.0,0.0,0.0,0.0,1.0,0,0.0,0.0,0.0,0.0,0.0,0.0,1,1,1,1,3.0,5.0,5.0,5.0,0.0,0.0,0.0,0.0,28,4.0,3.0,7.0,5.0,0,0,0,0,1,0,0,0,0,2
0.0,1.0,1.0,0.0,0.0,0.0,1.0,0,0.0,0.0,0.0,0.0,0.0,0.0,0,1,0,1,4.0,5.0,2.0,4.0,0.0,1.0,0.0,0.0,18,4.0,2.0,6.0,6.0,1,0,0,0,0,1,0,0,0,3
0.0,1.0,0.0,0.0,0.0,0.0,0.0,0,0.0,0.0,0.0,0.0,0.0,0.0,1,1,0,5,1.0,3.0,3.0,1.0,1.0,0.0,1.0,0.0,50,2.0,3.0,4.0,4.0,1,1,0,0,0,0,1,0,0,3
0.0,0.0,1.0,0.0,0.0,0.0,0.0,0,0.0,0.0,0.0,0.0,0.0,0.0,1,1,0,3,1.0,5.0,1.0,5.0,0.0,1.0,1.0,0.0,44,2.0,1.0,1.0,2.0,0,0,0,0,0,0,0,0,0,1
0.0,0.0,1.0,0.0,0.0,0.0,0.0,0,0.0,0.0,1.0,1.0,0.0,0.0,0,0,0,1,4.0,2.0,1.0,3.0,1.0,1.0,1.0,1.0,34,1.0,1.0,4.0,3.0,0,1,0,0,0,0,0,1,0,2
1.0,1.0,1.0,1.0,0.0,0.0,0.0,0,1.0,1.0,0.0,0.0,0.0,0.0,1,1,0,2,4.0,5.0,1.0,4.0,0.0,1.0,1.0,1.0,24,5.0,2.0,7.0,7.0,0,0,1,0,0,0,1,0,0,1
1.0,1.0,0.0,0.0,0.0,0.0,0.0,0,1.0,1.0,1.0,0.0,0.0,0.0,1,1,0,3,4.0,5.0,1.0,2.0,1.0,0.0,1.0,0.0,55,2.0,3.0,5.0,4.0,1,0,0,0,0,0,0,1,0,2
0.0,0.0,0.0,0.0,0.0,0.0,0.0,0,0.0,0.0,0.0,0.0,0.0,0.0,1,1,0,1,1.0,5.0,1.0,1.0,1.0,1.0,1.0,0.0,38,1.0,2.0,4.0,4.0,1,1,0,0,0,1,0,0,0,3
1.0,1.0,0.0,0.0,0.0,0.0,0.0,0,0.0,0.0,0.0,1.0,0.0,1.0,0,1,0,2,3.0,3.0,3.0,2.0,1.0,1.0,1.0,0.0,55,2.0,2.0,1.0,1.0,1,0,0,0,1,0,0,0,0,1
1.0,1.0,1.0,0.0,1.0,0.0,0.0,0,0.0,1.0,0.0,0.0,0.0,0.0,1,1,1,1,5.0,5.0,1.0,5.0,1.0,1.0,1.0,1.0,32,2.0,3.0,3.0,2.0,1,0,0,0,1,0,0,0,0,1
1.0,0.0,0.0,0.0,0.0,0.0,0.0,0,1.0,0.0,0.0,0.0,0.0,0.0,0,1,0,1,3.0,5.0,1.0,4.0,1.0,0.0,1.0,0.0,64,0.0,2.0,3.0,3.0,1,0,1,0,0,0,1,0,0,3
1.0,1.0,0.0,0.0,0.0,1.0,1.0,0,0.0,0.0,0.0,0.0,0.0,0.0,1,1,0,1,5.0,5.0,1.0,5.0,1.0,0.0,1.0,0.0,57,2.0,3.0,7.0,5.0,1,0,0,0,0,0,0,0,1,1
0.0,0.0,1.0,0.0,0.0,0.0,0.0,0,0.0,0.0,0.0,0.0,0.0,0.0,0,1,0,1,1.0,1.0,1.0,4.0,0.0,0.0,0.0,0.0,47,2.0,1.0,4.0,6.0,0,0,0,0,0,0,0,0,0,3
1.0,1.0,1.0,0.0,0.0,0.0,1.0,0,0.0,0.0,0.0,0.0,0.0,0.0,0,1,0,2,3.0,5.0,1.0,5.0,1.0,1.0,1.0,1.0,40,3.0,3.0,7.0,6.0,1,0,0,0,1,0,0,0,0,1
1.0,0.0,1.0,0.0,0.0,0.0,0.0,0,0.0,0.0,0.0,0.0,0.0,1.0,1,1,0,5,1.0,5.0,5.0,5.0,1.0,0.0,1.0,0.0,52,5.0,2.0,1.0,5.0,1,0,0,0,1,0,0,0,0,3
0.0,0.0,0.0,0.0,0.0,0.0,0.0,0,0.0,0.0,0.0,1.0,0.0,0.0,0,1,0,5,3.0,3.0,1.0,2.0,1.0,0.0,0.0,0.0,30,2.0,2.0,1.0,3.0,0,0,0,0,0,0,0,0,0,2
1.0,1.0,0.0,0.0,0.0,0.0,0.0,0,1.0,0.0,1.0,1.0,0.0,0.0,0,1,0,3,1.0,3.0,1.0,3.0,1.0,1.0,1.0,0.0,49,5.0,3.0,6.0,6.0,0,0,0,0,0,0,0,0,1,1
0.0,0.0,0.0,0.0,0.0,0.0,0.0,0,0.0,0.0,0.0,0.0,0.0,1.0,0,0,0,2,3.0,5.0,2.0,5.0,0.0,0.0,1.0,0.0,31,2.0,2.0,4.0,5.0,0,0,1,0,0,0,0,0,0,3
0.0,0.0,0.0,0.0,0.0,0.0,0.0,0,0.0,0.0,0.0,1.0,1.0,0.0,0,1,0,1,1.0,5.0,1.0,3.0,0.0,0.0,1.0,0.0,18,2.0,1.0,1.0,1.0,0,0,1,0,0,0,0,0,1,1
0.0,0.0,0.0,0.0,0.0,0.0,0.0,0,0.0,0.0,0.0,0.0,0.0,0.0,0,1,0,1,5.0,5.0,5.0,5.0,1.0,1.0,1.0,0.0,23,1.0,2.0,2.0,3.0,0,0,1,0,0,1,0,0,0,3
1.0,1.0,0.0,0.0,0.0,0.0,1.0,1,0.0,0.0,0.0,0.0,0.0,0.0,1,1,1,2,4.0,5.0,4.0,5.0,1.0,1.0,1.0,1.0,68,1.0,3.0,6.0,4.0,1,0,0,0,1,0,0,0,0,1
1.0,1.0,0.0,1.0,1.0,0.0,1.0,0,0.0,0.0,0.0,0.0,0.0,1.0,1,1,0,2,1.0,3.0,4.0,3.0,1.0,1.0,1.0,0.0,28,5.0,2.0,3.0,2.0,0,0,1,0,0,0,0,1,0,3
0.0,0.0,0.0,0.0,0.0,0.0,0.0,0,0.0,1.0,0.0,1.0,0.0,1.0,0,1,0,1,5.0,2.0,1.0,5.0,0.0,1.0,1.0,0.0,60,3.0,1.0,7.0,6.0,1,0,0,1,0,0,0,0,0,2
0.0,0.0,0.0,0.0,0.0,0.0,0.0,0,0.0,0.0,0.0,0.0,0.0,1.0,0,0,0,1,2.0,4.0,2.0,4.0,1.0,1.0,1.0,0.0,54,1.0,2.0,3.0,4.0,1,0,1,0,0,0,0,0,0,1
0.0,0.0,0.0,0.0,0.0,0.0,1.0,0,0.0,0.0,0.0,0.0,0.0,0.0,1,1,1,1,1.0,5.0,1.0,5.0,0.0,1.0,1.0,0.0,45,1.0,2.0,2.0,3.0,1,0,1,0,1,0,0,0,0,3
1.0,0.0,0.0,0.0,0.0,0.0,0.0,0,0.0,0.0,0.0,0.0,0.0,1.0,1,1,1,1,3.0,4.0,2.0,3.0,0.0,0.0,1.0,0.0,54,1.0,1.0,2.0,3.0,1,0,0,1,0,0,0,1,0,1
1.0,0.0,0.0,0.0,0.0,0.0,0.0,1,0.0,0.0,0.0,0.0,0.0,0.0,1,1,1,1,3.0,5.0,1.0,5.0,1.0,1.0,1.0,0.0,57,5.0,3.0,5.0,4.0,1,0,0,0,0,1,0,0,0,2
0.0,0.0,0.0,0.0,0.0,0.0,1.0,0,0.0,0.0,0.0,0.0,0.0,1.0,0,0,0,4,5.0,2.0,4.0,5.0,0.0,1.0,1.0,0.0,67,1.0,2.0,5.0,5.0,0,0,0,0,0,0,0,0,0,1
1.0,1.0,1.0,1.0,0.0,0.0,1.0,1,0.0,1.0,1.0,1.0,0.0,0.0,0,1,0,1,4.0,4.0,1.0,3.0,1.0,1.0,1.0,0.0,26,6.0,3.0,9.0,5.0,0,0,0,0,1,0,0,0,0,1
0.0,1.0,1.0,0.0,0.0,0.0,0.0,0,0.0,1.0,1.0,1.0,1.0,0.0,1,1,0,3,1.0,1.0,1.0,1.0,1.0,1.0,1.0,1.0,40,3.0,2.0,5.0,6.0,0,0,0,0,1,0,0,0,0,2
0.0,0.0,0.0,0.0,0.0,0.0,0.0,0,0.0,0.0,0.0,0.0,0.0,0.0,0,1,0,1,1.0,1.0,1.0,1.0,1.0,0.0,1.0,0.0,26,2.0,1.0,2.0,2.0,1,0,0,0,0,0,0,0,0,3
0.0,0.0,1.0,0.0,0.0,0.0,0.0,0,0.0,1.0,0.0,0.0,0.0,0.0,0,1,0,4,1.0,5.0,5.0,5.0,1.0,1.0,1.0,0.0,64,1.0,1.0,4.0,3.0,0,0,0,0,0,0,0,0,1,3
0.0,0.0,0.0,0.0,0.0,0.0,0.0,0,0.0,0.0,0.0,0.0,0.0,0.0,0,1,0,1,3.0,3.0,4.0,3.0,1.0,1.0,1.0,0.0,36,1.0,2.0,3.0,2.0,1,0,1,0,1,0,0,0,0,2
0.0,0.0,1.0,0.0,0.0,0.0,0.0,0,0.0,0.0,0.0,0.0,0.0,0.0,0,0,0,1,4.0,1.0,4.0,5.0,0.0,0.0,0.0,0.0,19,3.0,3.0,4.0,5.0,0,0,0,0,0,0,0,1,0,1
1.0,0.0,1.0,0.0,0.0,0.0,0.0,0,0.0,0.0,0.0,0.0,0.0,1.0,1,1,0,1,3.0,3.0,1.0,5.0,1.0,1.0,1.0,0.0,27,2.0,1.0,2.0,2.0,0,0,0,0,0,0,0,0,1,3
0.0,0.0,1.0,0.0,0.0,0.0,0.0,0,0.0,0.0,1.0,1.0,0.0,0.0,0,1,0,4,5.0,5.0,5.0,5.0,1.0,1.0,1.0,1.0,32,1.0,2.0,2.0,3.0,0,0,0,0,0,0,0,0,0,1
0.0,0.0,0.0,0.0,0.0,0.0,0.0,0,0.0,0.0,0.0,0.0,0.0,1.0,0,1,0,5,5.0,2.0,1.0,5.0,0.0,0.0,1.0,0.0,53,2.0,1.0,3.0,2.0,0,0,0,1,0,0,0,0,0,2
0.0,0.0,0.0,0.0,0.0,0.0,1.0,0,0.0,0.0,0.0,0.0,0.0,0.0,0,0,0,1,2.0,1.0,5.0,5.0,1.0,0.0,1.0,0.0,65,1.0,1.0,2.0,3.0,0,0,0,0,0,0,0,0,1,3
0.0,0.0,1.0,0.0,0.0,0.0,0.0,0,0.0,0.0,0.0,1.0,0.0,0.0,0,1,0,4,2.0,2.0,4.0,1.0,0.0,0.0,1.0,0.0,20,3.0,2.0,4.0,5.0,0,0,0,0,0,0,0,1,0,3
0.0,0.0,1.0,0.0,0.0,0.0,1.0,0,0.0,0.0,1.0,0.0,1.0,0.0,0,1,0,5,5.0,5.0,5.0,5.0,1.0,1.0,1.0,1.0,40,2.0,1.0,6.0,3.0,1,0,0,0,1,0,0,0,0,1
1.0,1.0,0.0,0.0,0.0,0.0,1.0,0,0.0,0.0,0.0,0.0,0.0,0.0,0,1,1,1,1.0,2.0,1.0,2.0,1.0,1.0,1.0,0.0,48,2.0,2.0,4.0,6.0,1,1,0,0,0,0,1,0,0,3
0.0,0.0,0.0,0.0,0.0,0.0,0.0,0,0.0,1.0,0.0,0.0,0.0,0.0,1,1,0,5,5.0,5.0,1.0,1.0,1.0,1.0,1.0,0.0,37,2.0,1.0,1.0,3.0,0,0,0,0,0,0,0,0,0,3
0.0,0.0,0.0,0.0,0.0,0.0,0.0,0,0.0,0.0,0.0,0.0,0.0,0.0,0,0,0,1,3.0,5.0,1.0,4.0,0.0,0.0,0.0,0.0,19,1.0,2.0,4.0,4.0,0,1,0,0,0,0,1,0,0,2
0.0,0.0,0.0,0.0,0.0,0.0,0.0,0,0.0,0.0,0.0,1.0,0.0,0.0,0,1,0,1,3.0,2.0,2.0,3.0,1.0,1.0,1.0,0.0,49,2.0,2.0,4.0,4.0,0,0,0,0,0,0,0,0,1,2
0.0,0.0,1.0,0.0,0.0,0.0,0.0,0,0.0,0.0,0.0,0.0,0.0,1.0,0,1,0,5,5.0,5.0,5.0,5.0,1.0,1.0,1.0,0.0,61,1.0,1.0,4.0,5.0,0,0,0,0,0,0,1,0,0,3
0.0,0.0,0.0,0.0,0.0,0.0,0.0,0,1.0,0.0,1.0,0.0,0.0,1.0,0,1,0,1,4.0,5.0,1.0,5.0,1.0,1.0,1.0,0.0,60,5.0,1.0,7.0,3.0,0,1,0,0,0,1,0,0,0,2
0.0,0.0,1.0,0.0,0.0,0.0,0.0,0,0.0,0.0,0.0,1.0,0.0,0.0,0,1,0,3,1.0,3.0,1.0,1.0,0.0,1.0,1.0,0.0,43,2.0,2.0,6.0,3.0,0,1,0,0,0,1,0,0,0,3
0.0,0.0,0.0,0.0,0.0,0.0,0.0,0,0.0,0.0,0.0,0.0,0.0,0.0,0,1,0,3,1.0,4.0,1.0,1.0,1.0,0.0,1.0,0.0,56,1.0,1.0,3.0,3.0,0,1,0,0,0,0,0,0,0,1
0.0,0.0,0.0,0.0,0.0,0.0,0.0,0,0.0,0.0,0.0,0.0,0.0,0.0,1,1,0,3,2.0,2.0,2.0,2.0,0.0,1.0,1.0,0.0,27,2.0,1.0,3.0,2.0,0,0,0,0,0,1,0,0,0,2
0.0,0.0,1.0,0.0,0.0,0.0,1.0,0,0.0,0.0,0.0,0.0,0.0,0.0,1,1,0,1,4.0,5.0,1.0,5.0,1.0,1.0,1.0,0.0,43,2.0,3.0,4.0,6.0,0,0,1,0,0,0,0,1,0,2
1.0,0.0,1.0,0.0,0.0,0.0,0.0,0,0.0,1.0,1.0,0.0,0.0,0.0,1,1,0,1,5.0,5.0,2.0,5.0,1.0,1.0,1.0,1.0,20,3.0,1.0,5.0,3.0,1,0,0,0,1,0,0,0,0,2
0.0,0.0,1.0,0.0,0.0,0.0,0.0,0,0.0,0.0,1.0,0.0,0.0,0.0,0,1,0,1,3.0,3.0,1.0,4.0,0.0,1.0,1.0,0.0,30,2.0,1.0,4.0,3.0,0,0,1,0,1,0,0,0,0,2
1.0,0.0,0.0,0.0,0.0,0.0,1.0,0,0.0,0.0,1.0,0.0,0.0,0.0,0,1,0,1,5.0,5.0,1.0,5.0,1.0,1.0,1.0,0.0,38,2.0,1.0,4.0,3.0,1,1,0,0,0,0,0,0,0,1
0.0,0.0,0.0,0.0,0.0,0.0,1.0,0,0.0,0.0,0.0,0.0,0.0,0.0,0,0,0,1,1.0,1.0,1.0,1.0,0.0,0.0,0.0,0.0,18,3.0,1.0,1.0,4.0,0,1,0,0,0,1,0,0,0,2
0.0,0.0,0.0,0.0,0.0,0.0,0.0,1,0.0,0.0,0.0,0.0,0.0,0.0,0,1,1,1,5.0,5.0,5.0,5.0,0.0,1.0,1.0,0.0,66,2.0,2.0,6.0,7.0,1,0,0,0,0,1,0,0,0,2
0.0,0.0,1.0,0.0,0.0,0.0,0.0,0,0.0,0.0,0.0,1.0,0.0,1.0,0,1,0,1,3.0,4.0,1.0,4.0,0.0,0.0,0.0,0.0,20,5.0,1.0,1.0,2.0,0,0,0,0,0,0,0,0,0,3
1.0,1.0,1.0,0.0,0.0,0.0,0.0,0,0.0,0.0,1.0,0.0,0.0,0.0,0,1,0,2,5.0,5.0,1.0,5.0,1.0,1.0,1.0,1.0,23,5.0,3.0,6.0,4.0,0,0,0,0,1,0,0,0,0,1
1.0,0.0,1.0,0.0,0.0,0.0,0.0,0,0.0,0.0,0.0,0.0,0.0,1.0,0,1,0,3,2.0,2.0,2.0,1.0,1.0,0.0,1.0,0.0,40,2.0,1.0,1.0,3.0,0,0,1,0,0,0,0,0,1,2
0.0,0.0,0.0,0.0,0.0,0.0,0.0,0,0.0,0.0,0.0,0.0,0.0,1.0,0,1,0,1,3.0,2.0,3.0,1.0,0.0,0.0,0.0,0.0,62,1.0,1.0,2.0,2.0,1,0,1,0,0,0,0,1,0,3
0.0,0.0,0.0,0.0,0.0,0.0,0.0,0,0.0,0.0,0.0,0.0,0.0,1.0,0,0,0,2,3.0,4.0,1.0,4.0,0.0,1.0,1.0,0.0,23,2.0,2.0,5.0,4.0,0,0,0,0,0,0,0,0,1,2
0.0,0.0,1.0,0.0,0.0,0.0,0.0,0,0.0,0.0,0.0,0.0,0.0,1.0,0,1,0,4,1.0,4.0,5.0,4.0,1.0,0.0,1.0,0.0,38,2.0,3.0,1.0,2.0,0,0,0,0,0,0,0,0,0,3
1.0,1.0,1.0,0.0,0.0,0.0,1.0,0,0.0,0.0,0.0,0.0,0.0,0.0,1,1,0,1,2.0,4.0,1.0,2.0,1.0,0.0,1.0,0.0,63,2.0,2.0,4.0,5.0,1,0,0,0,1,0,0,0,0,2
1.0,1.0,1.0,0.0,0.0,0.0,1.0,0,0.0,0.0,0.0,0.0,0.0,0.0,0,1,0,1,4.0,5.0,1.0,4.0,1.0,1.0,1.0,0.0,35,5.0,3.0,7.0,7.0,1,0,0,0,1,0,0,0,0,1
0.0,0.0,0.0,0.0,0.0,0.0,0.0,0,0.0,0.0,0.0,0.0,0.0,0.0,0,1,0,1,5.0,5.0,1.0,1.0,1.0,1.0,1.0,0.0,40,2.0,1.0,2.0,3.0,1,0,0,1,0,1,0,0,0,3
1.0,1.0,0.0,0.0,0.0,0.0,1.0,0,0.0,0.0,0.0,0.0,0.0,0.0,1,1,1,4,3.0,2.0,3.0,3.0,1.0,1.0,1.0,0.0,65,5.0,5.0,8.0,8.0,1,0,0,0,0,0,1,0,0,2
1.0,0.0,1.0,0.0,0.0,0.0,0.0,0,0.0,0.0,0.0,1.0,0.0,0.0,0,0,0,3,5.0,4.0,1.0,5.0,0.0,1.0,1.0,1.0,26,2.0,2.0,4.0,4.0,0,1,0,0,0,1,0,0,0,2
0.0,0.0,0.0,0.0,0.0,0.0,0.0,0,0.0,0.0,0.0,0.0,0.0,0.0,0,1,0,5,1.0,1.0,1.0,1.0,1.0,0.0,1.0,0.0,52,1.0,2.0,2.0,2.0,1,0,0,0,1,0,0,0,0,3
0.0,0.0,0.0,0.0,0.0,0.0,0.0,0,1.0,0.0,1.0,0.0,0.0,0.0,0,1,0,3,1.0,5.0,3.0,1.0,0.0,1.0,0.0,0.0,47,2.0,3.0,3.0,2.0,1,0,0,0,1,0,0,0,0,1
0.0,0.0,0.0,0.0,0.0,0.0,0.0,1,0.0,0.0,0.0,0.0,0.0,0.0,0,1,0,1,3.0,3.0,5.0,4.0,1.0,1.0,1.0,0.0,63,1.0,3.0,5.0,5.0,1,0,0,0,0,0,1,0,0,3
0.0,0.0,1.0,0.0,0.0,0.0,0.0,0,0.0,0.0,0.0,0.0,0.0,1.0,0,1,0,4,5.0,1.0,1.0,5.0,1.0,1.0,1.0,1.0,36,2.0,2.0,2.0,2.0,0,0,0,0,1,0,0,0,0,1
0.0,0.0,0.0,0.0,0.0,0.0,0.0,0,0.0,0.0,0.0,0.0,0.0,0.0,0,0,0,3,3.0,4.0,2.0,5.0,0.0,1.0,1.0,0.0,37,3.0,2.0,5.0,4.0,1,1,0,0,0,0,1,0,0,1
1.0,1.0,1.0,0.0,0.0,0.0,1.0,0,0.0,0.0,0.0,0.0,0.0,0.0,0,1,0,1,2.0,5.0,1.0,5.0,0.0,1.0,1.0,0.0,22,4.0,1.0,6.0,5.0,1,1,0,0,0,1,0,0,0,2
1.0,0.0,0.0,0.0,0.0,0.0,0.0,0,0.0,0.0,0.0,0.0,0.0,0.0,0,1,0,2,3.0,4.0,2.0,4.0,1.0,1.0,1.0,0.0,50,2.0,2.0,3.0,2.0,1,0,0,1,0,0,0,1,0,1
0.0,0.0,0.0,0.0,0.0,0.0,0.0,0,0.0,0.0,0.0,0.0,0.0,1.0,0,1,0,3,1.0,3.0,2.0,2.0,1.0,0.0,1.0,0.0,23,2.0,1.0,3.0,1.0,0,1,0,0,0,0,0,0,0,2
1.0,0.0,0.0,0.0,0.0,0.0,1.0,0,0.0,0.0,0.0,0.0,0.0,0.0,0,1,1,2,3.0,5.0,1.0,4.0,1.0,1.0,1.0,0.0,49,1.0,2.0,1.0,1.0,1,0,1,0,0,0,1,0,0,3
1.0,1.0,0.0,0.0,0.0,0.0,1.0,0,0.0,0.0,0.0,1.0,0.0,0.0,0,1,0,1,3.0,5.0,1.0,5.0,0.0,1.0,0.0,1.0,24,6.0,2.0,4.0,3.0,0,0,0,0,0,0,0,0,0,1
1.0,0.0,1.0,0.0,0.0,0.0,0.0,0,0.0,1.0,0.0,0.0,0.0,1.0,0,0,0,3,2.0,4.0,2.0,3.0,0.0,0.0,0.0,0.0,19,5.0,2.0,1.0,1.0,1,0,0,1,1,0,0,0,0,2
0.0,1.0,1.0,0.0,0.0,0.0,0.0,1,0.0,0.0,0.0,0.0,0.0,1.0,0,1,0,3,2.0,2.0,5.0,3.0,1.0,0.0,1.0,1.0,55,2.0,2.0,3.0,4.0,1,0,0,0,1,0,0,0,0,1
0.0,0.0,0.0,0.0,0.0,0.0,0.0,1,0.0,0.0,0.0,0.0,0.0,0.0,1,1,0,1,5.0,5.0,5.0,5.0,1.0,1.0,1.0,0.0,66,2.0,2.0,7.0,5.0,1,1,0,0,1,0,0,0,0,1
0.0,0.0,0.0,0.0,0.0,0.0,0.0,0,0.0,0.0,0.0,0.0,0.0,0.0,0,1,1,5,1.0,3.0,5.0,3.0,0.0,0.0,0.0,0.0,20,3.0,1.0,1.0,2.0,0,0,0,1,0,0,1,0,0,3
0.0,0.0,0.0,0.0,0.0,0.0,0.0,0,0.0,0.0,1.0,0.0,0.0,0.0,0,0,0,1,5.0,5.0,3.0,4.0,0.0,0.0,1.0,0.0,61,2.0,3.0,7.0,7.0,1,0,0,0,0,0,0,0,0,3
1.0,1.0,0.0,0.0,0.0,0.0,1.0,0,1.0,0.0,0.0,0.0,0.0,0.0,0,1,0,2,5.0,5.0,3.0,5.0,1.0,0.0,1.0,1.0,36,4.0,2.0,7.0,7.0,1,0,0,0,0,0,1,0,0,1
0.0,0.0,1.0,0.0,0.0,0.0,0.0,0,0.0,0.0,0.0,0.0,0.0,0.0,0,1,0,5,2.0,2.0,2.0,3.0,0.0,0.0,1.0,0.0,19,3.0,2.0,3.0,2.0,0,1,0,0,1,0,0,0,0,2
0.0,0.0,0.0,0.0,0.0,0.0,0.0,0,0.0,0.0,0.0,0.0,0.0,0.0,0,0,0,3,3.0,3.0,1.0,1.0,0.0,1.0,1.0,1.0,29,2.0,2.0,1.0,1.0,1,1,0,0,0,0,1,0,0,1
1.0,0.0,0.0,1.0,0.0,0.0,0.0,0,1.0,0.0,0.0,0.0,0.0,0.0,1,1,1,2,1.0,5.0,5.0,1.0,1.0,1.0,1.0,0.0,60,1.0,1.0,5.0,3.0,1,0,0,0,0,0,0,0,1,2
0.0,0.0,0.0,0.0,0.0,0.0,1.0,0,0.0,1.0,1.0,0.0,0.0,0.0,1,1,0,1,5.0,5.0,1.0,5.0,1.0,1.0,1.0,0.0,58,1.0,3.0,6.0,5.0,1,0,0,0,0,0,0,0,1,2
0.0,0.0,0.0,0.0,0.0,0.0,0.0,0,0.0,1.0,0.0,0.0,0.0,0.0,0,1,0,3,5.0,3.0,1.0,4.0,1.0,1.0,1.0,0.0,36,4.0,1.0,3.0,3.0,1,0,0,0,0,0,0,0,0,1
0.0,1.0,0.0,0.0,0.0,0.0,0.0,0,0.0,0.0,0.0,0.0,0.0,0.0,1,1,0,1,3.0,4.0,1.0,3.0,1.0,1.0,1.0,0.0,56,5.0,3.0,5.0,4.0,0,0,0,0,1,0,0,0,0,3
1.0,0.0,0.0,0.0,0.0,0.0,1.0,0,1.0,0.0,0.0,0.0,0.0,0.0,0,1,0,1,5.0,2.0,1.0,2.0,0.0,1.0,1.0,0.0,56,1.0,1.0,6.0,4.0,1,0,0,0,1,0,0,0,0,1
0.0,0.0,0.0,0.0,0.0,0.0,0.0,0,0.0,1.0,0.0,0.0,0.0,0.0,1,1,0,3,1.0,1.0,1.0,5.0,1.0,0.0,1.0,1.0,19,2.0,2.0,1.0,1.0,1,1,0,0,0,0,0,0,1,2
0.0,0.0,0.0,0.0,0.0,0.0,0.0,0,0.0,0.0,0.0,0.0,0.0,0.0,0,1,0,1,4.0,4.0,1.0,5.0,1.0,0.0,1.0,0.0,51,2.0,2.0,1.0,2.0,1,1,0,0,0,0,0,0,1,3
0.0,0.0,0.0,0.0,0.0,0.0,0.0,0,0.0,0.0,1.0,0.0,0.0,0.0,1,1,0,5,1.0,2.0,5.0,1.0,1.0,1.0,1.0,0.0,33,2.0,1.0,2.0,4.0,0,1,0,0,0,0,0,1,0,2
0.0,0.0,0.0,0.0,0.0,0.0,0.0,0,0.0,0.0,0.0,0.0,0.0,0.0,0,1,0,1,2.0,2.0,2.0,2.0,1.0,1.0,1.0,1.0,40,1.0,1.0,1.0,2.0,1,0,0,1,0,0,0,0,0,1
0.0,0.0,0.0,0.0,0.0,0.0,0.0,0,0.0,0.0,0.0,1.0,0.0,0.0,0,1,0,1,1.0,5.0,5.0,1.0,1.0,0.0,1.0,0.0,55,1.0,3.0,3.0,3.0,0,0,0,0,0,0,1,0,0,3
0.0,0.0,0.0,0.0,0.0,0.0,1.0,0,0.0,0.0,1.0,1.0,0.0,1.0,0,1,0,5,3.0,3.0,4.0,3.0,1.0,0.0,1.0,0.0,47,0.0,1.0,1.0,1.0,1,0,1,0,0,0,0,0,0,1
0.0,0.0,0.0,0.0,0.0,0.0,0.0,0,0.0,0.0,0.0,0.0,0.0,0.0,0,1,0,4,3.0,4.0,5.0,2.0,1.0,0.0,1.0,0.0,53,2.0,1.0,1.0,2.0,0,1,0,0,0,0,0,1,0,2
0.0,0.0,0.0,0.0,0.0,0.0,0.0,0,0.0,0.0,0.0,0.0,0.0,0.0,1,1,0,3,2.0,3.0,5.0,4.0,1.0,1.0,1.0,1.0,66,2.0,2.0,3.0,5.0,1,1,0,0,0,0,0,0,0,2
0.0,0.0,1.0,0.0,0.0,0.0,1.0,0,0.0,0.0,1.0,0.0,0.0,1.0,1,1,0,1,5.0,4.0,1.0,4.0,0.0,0.0,1.0,0.0,28,4.0,1.0,5.0,5.0,1,1,0,0,0,0,0,0,1,2
1.0,0.0,1.0,0.0,0.0,0.0,0.0,0,0.0,0.0,0.0,0.0,0.0,0.0,0,1,1,1,5.0,5.0,1.0,5.0,1.0,1.0,1.0,0.0,35,4.0,1.0,4.0,2.0,1,0,0,1,1,0,0,0,0,2
0.0,0.0,0.0,0.0,0.0,0.0,0.0,0,0.0,0.0,0.0,0.0,0.0,0.0,1,1,0,5,2.0,2.0,4.0,2.0,1.0,0.0,1.0,0.0,50,1.0,1.0,1.0,2.0,0,0,0,1,0,0,0,0,0,3
0.0,0.0,0.0,0.0,0.0,0.0,0.0,0,0.0,0.0,0.0,0.0,0.0,0.0,0,1,0,1,1.0,2.0,4.0,1.0,1.0,0.0,1.0,0.0,62,1.0,2.0,2.0,2.0,1,0,1,0,0,0,1,0,0,3
1.0,0.0,0.0,0.0,0.0,0.0,1.0,0,0.0,0.0,0.0,0.0,0.0,0.0,1,1,0,5,2.0,2.0,2.0,4.0,1.0,0.0,1.0,0.0,60,5.0,1.0,2.0,5.0,0,0,0,0,0,0,0,0,0,3
1.0,0.0,1.0,0.0,0.0,0.0,0.0,0,0.0,0.0,0.0,0.0,0.0,1.0,1,0,0,3,3.0,5.0,1.0,3.0,1.0,0.0,0.0,0.0,29,2.0,1.0,6.0,7.0,0,0,0,0,0,0,0,0,0,2
1.0,0.0,0.0,0.0,0.0,0.0,1.0,0,0.0,0.0,0.0,0.0,0.0,0.0,0,1,0,1,5.0,4.0,3.0,4.0,1.0,1.0,1.0,0.0,46,6.0,3.0,9.0,7.0,0,0,0,0,0,0,0,1,0,2
0.0,0.0,1.0,0.0,0.0,0.0,1.0,0,1.0,0.0,1.0,1.0,0.0,0.0,1,1,1,1,4.0,4.0,1.0,5.0,1.0,1.0,1.0,1.0,59,2.0,3.0,5.0,4.0,1,0,0,0,1,0,0,0,0,2
1.0,1.0,1.0,0.0,0.0,0.0,0.0,0,0.0,1.0,0.0,1.0,0.0,0.0,0,1,0,3,5.0,3.0,1.0,4.0,1.0,1.0,1.0,1.0,36,4.0,2.0,4.0,4.0,0,1,0,0,1,0,0,0,0,1
0.0,0.0,0.0,0.0,0.0,0.0,0.0,0,0.0,0.0,0.0,0.0,0.0,0.0,0,0,1,3,5.0,1.0,1.0,5.0,1.0,1.0,1.0,0.0,28,2.0,1.0,3.0,2.0,0,0,0,0,1,0,0,0,0,3
0.0,0.0,1.0,0.0,0.0,0.0,0.0,0,0.0,0.0,1.0,0.0,0.0,1.0,0,1,0,1,5.0,5.0,3.0,5.0,1.0,1.0,1.0,0.0,37,2.0,1.0,5.0,4.0,0,0,0,0,0,0,0,0,0,2
1.0,1.0,0.0,0.0,0.0,0.0,1.0,0,1.0,0.0,1.0,0.0,0.0,0.0,0,1,1,1,5.0,5.0,1.0,5.0,1.0,1.0,1.0,0.0,28,6.0,5.0,9.0,7.0,0,0,0,0,0,0,1,0,0,1
0.0,1.0,1.0,0.0,0.0,0.0,0.0,0,0.0,0.0,1.0,0.0,1.0,0.0,0,0,0,1,2.0,5.0,1.0,2.0,0.0,0.0,0.0,0.0,26,3.0,2.0,4.0,4.0,1,0,0,0,0,1,0,0,0,2
0.0,0.0,0.0,0.0,0.0,0.0,0.0,0,0.0,0.0,0.0,0.0,0.0,0.0,0,0,0,1,5.0,3.0,1.0,5.0,0.0,0.0,1.0,0.0,24,2.0,2.0,1.0,2.0,1,0,0,0,0,0,0,0,0,3
1.0,1.0,1.0,0.0,0.0,0.0,1.0,1,0.0,0.0,1.0,1.0,1.0,0.0,0,1,1,1,4.0,5.0,1.0,4.0,0.0,1.0,1.0,1.0,24,5.0,2.0,10.0,3.0,1,0,0,0,1,0,0,0,0,1
1.0,1.0,0.0,0.0,0.0,0.0,0.0,0,0.0,1.0,1.0,1.0,1.0,0.0,1,1,0,1,3.0,5.0,1.0,4.0,1.0,0.0,0.0,0.0,46,2.0,5.0,10.0,7.0,1,0,0,0,1,0,0,0,0,1
0.0,0.0,0.0,0.0,0.0,0.0,0.0,0,0.0,0.0,0.0,1.0,0.0,1.0,0,1,0,1,1.0,5.0,1.0,1.0,1.0,0.0,0.0,0.0,70,2.0,2.0,1.0,1.0,0,0,0,1,0,0,0,0,1,3
0.0,0.0,0.0,0.0,0.0,0.0,0.0,0,0.0,1.0,0.0,1.0,1.0,1.0,1,1,0,4,2.0,5.0,1.0,1.0,1.0,0.0,1.0,0.0,27,2.0,2.0,2.0,3.0,0,1,0,0,1,0,0,0,0,3
0.0,0.0,1.0,0.0,0.0,0.0,1.0,0,0.0,0.0,0.0,0.0,0.0,0.0,0,1,0,1,3.0,4.0,1.0,4.0,0.0,1.0,0.0,1.0,20,4.0,1.0,2.0,2.0,0,1,0,0,0,0,0,1,0,3
1.0,1.0,0.0,0.0,0.0,0.0,1.0,0,0.0,0.0,1.0,0.0,0.0,0.0,0,1,0,2,3.0,5.0,1.0,4.0,1.0,1.0,1.0,0.0,34,2.0,1.0,5.0,5.0,1,1,0,0,0,0,0,1,0,2
1.0,0.0,0.0,0.0,0.0,0.0,1.0,1,0.0,0.0,0.0,0.0,0.0,0.0,0,1,1,3,5.0,5.0,1.0,5.0,1.0,1.0,1.0,0.0,44,2.0,2.0,4.0,3.0,0,0,0,0,0,0,0,0,1,2
1.0,0.0,1.0,0.0,0.0,1.0,1.0,0,0.0,0.0,0.0,0.0,0.0,0.0,1,1,1,1,4.0,4.0,1.0,5.0,1.0,1.0,1.0,1.0,32,5.0,2.0,4.0,3.0,1,1,0,0,1,0,0,0,0,3
1.0,0.0,0.0,0.0,0.0,0.0,0.0,0,0.0,0.0,0.0,0.0,0.0,0.0,0,1,0,5,1.0,1.0,5.0,5.0,0.0,0.0,1.0,0.0,68,0.0,3.0,3.0,3.0,1,0,0,0,0,0,0,0,1,2
1.0,1.0,1.0,0.0,0.0,0.0,1.0,0,0.0,1.0,1.0,0.0,0.0,0.0,0,1,1,1,4.0,5.0,1.0,3.0,1.0,1.0,1.0,0.0,21,5.0,2.0,4.0,3.0,1,0,0,0,0,0,0,0,0,2
0.0,0.0,1.0,0.0,0.0,0.0,1.0,0,0.0,0.0,0.0,0.0,0.0,0.0,0,1,0,1,3.0,3.0,3.0,2.0,1.0,1.0,1.0,0.0,52,1.0,1.0,2.0,2.0,0,0,1,0,0,1,0,0,0,2
0.0,1.0,0.0,0.0,0.0,0.0,1.0,0,0.0,0.0,0.0,0.0,0.0,0.0,0,1,1,1,3.0,1.0,2.0,5.0,1.0,1.0,1.0,0.0,69,4.0,2.0,5.0,5.0,1,0,0,0,1,0,0,0,0,3
0.0,0.0,0.0,0.0,0.0,0.0,0.0,0,0.0,0.0,0.0,0.0,0.0,0.0,0,1,0,5,1.0,2.0,2.0,1.0,0.0,0.0,1.0,0.0,47,0.0,1.0,2.0,2.0,0,0,0,0,0,0,1,0,0,3
0.0,0.0,0.0,0.0,0.0,0.0,0.0,0,0.0,0.0,0.0,0.0,0.0,0.0,1,1,0,3,2.0,2.0,1.0,4.0,0.0,0.0,0.0,0.0,57,4.0,3.0,2.0,3.0,0,0,0,0,1,0,0,0,0,2
0.0,0.0,1.0,0.0,0.0,0.0,0.0,0,0.0,1.0,0.0,0.0,0.0,0.0,0,1,0,2,3.0,4.0,2.0,1.0,1.0,1.0,1.0,0.0,55,5.0,3.0,6.0,6.0,1,1,0,0,0,1,0,0,0,2
1.0,0.0,0.0,1.0,0.0,0.0,0.0,1,0.0,0.0,0.0,0.0,0.0,0.0,0,1,0,1,5.0,5.0,5.0,5.0,1.0,1.0,1.0,0.0,64,2.0,2.0,4.0,3.0,1,0,0,0,1,0,0,0,0,1
1.0,1.0,0.0,0.0,0.0,0.0,0.0,0,0.0,0.0,0.0,0.0,0.0,1.0,1,1,0,1,5.0,5.0,1.0,5.0,1.0,1.0,1.0,1.0,36,3.0,2.0,6.0,3.0,0,0,0,0,1,0,0,0,0,3
1.0,1.0,1.0,0.0,0.0,0.0,1.0,0,0.0,1.0,0.0,0.0,0.0,0.0,1,1,0,2,1.0,5.0,1.0,2.0,1.0,0.0,1.0,0.0,55,5.0,2.0,7.0,7.0,1,0,0,0,1,0,0,0,0,3
0.0,0.0,0.0,0.0,0.0,0.0,0.0,0,0.0,0.0,0.0,0.0,0.0,1.0,0,1,0,5,1.0,5.0,1.0,1.0,1.0,0.0,0.0,0.0,65,1.0,2.0,1.0,3.0,0,1,0,0,0,0,0,0,0,3
1.0,1.0,0.0,0.0,0.0,0.0,1.0,1,0.0,1.0,0.0,1.0,1.0,0.0,1,1,0,3,5.0,5.0,1.0,4.0,0.0,1.0,1.0,0.0,31,5.0,2.0,7.0,7.0,0,0,0,0,1,0,0,0,0,3
0.0,0.0,0.0,0.0,0.0,0.0,0.0,0,0.0,0.0,0.0,0.0,0.0,0.0,0,1,0,1,5.0,5.0,1.0,1.0,0.0,0.0,1.0,0.0,60,1.0,1.0,1.0,1.0,0,0,1,0,0,1,0,0,0,1
1.0,1.0,1.0,0.0,0.0,0.0,1.0,0,0.0,1.0,1.0,0.0,0.0,0.0,0,1,0,1,5.0,5.0,3.0,5.0,1.0,1.0,1.0,0.0,29,5.0,1.0,8.0,7.0,1,1,0,0,0,1,0,0,0,2
1.0,1.0,1.0,0.0,0.0,0.0,1.0,0,0.0,0.0,0.0,0.0,0.0,0.0,1,1,0,1,4.0,5.0,2.0,5.0,1.0,1.0,1.0,0.0,23,3.0,2.0,8.0,5.0,1,0,0,0,1,0,0,0,0,2
0.0,0.0,0.0,0.0,0.0,0.0,0.0,0,0.0,0.0,0.0,0.0,0.0,0.0,0,1,0,1,1.0,1.0,1.0,1.0,0.0,0.0,1.0,0.0,63,1.0,1.0,1.0,1.0,0,1,0,0,0,0,0,0,1,3
0.0,0.0,0.0,0.0,0.0,0.0,0.0,0,0.0,1.0,0.0,0.0,0.0,1.0,1,1,0,3,2.0,5.0,2.0,3.0,1.0,1.0,1.0,0.0,67,1.0,2.0,1.0,1.0,0,0,0,0,1,0,0,0,0,3
1.0,1.0,0.0,0.0,0.0,0.0,0.0,0,1.0,1.0,0.0,0.0,0.0,0.0,0,1,1,1,3.0,2.0,1.0,3.0,1.0,1.0,1.0,0.0,54,2.0,2.0,3.0,5.0,1,0,0,0,0,0,1,0,0,2
0.0,0.0,0.0,0.0,0.0,0.0,0.0,0,0.0,0.0,0.0,0.0,0.0,0.0,0,1,0,3,2.0,2.0,4.0,1.0,1.0,1.0,1.0,0.0,52,1.0,1.0,1.0,2.0,1,1,0,0,0,0,0,1,0,3
0.0,0.0,0.0,0.0,0.0,0.0,0.0,0,1.0,0.0,0.0,0.0,0.0,0.0,1,0,0,1,1.0,1.0,5.0,1.0,0.0,1.0,0.0,0.0,66,2.0,2.0,2.0,2.0,0,0,0,0,1,0,0,0,0,3
0.0,0.0,1.0,0.0,0.0,0.0,1.0,0,0.0,0.0,0.0,0.0,0.0,0.0,0,1,1,2,3.0,4.0,2.0,3.0,1.0,1.0,1.0,1.0,33,4.0,2.0,5.0,4.0,1,0,0,1,1,0,0,0,0,1
0.0,0.0,1.0,0.0,0.0,0.0,0.0,0,0.0,0.0,0.0,0.0,0.0,0.0,0,1,0,2,2.0,3.0,3.0,3.0,1.0,0.0,1.0,0.0,64,1.0,1.0,5.0,5.0,0,1,0,0,0,0,0,0,0,1
0.0,0.0,0.0,0.0,0.0,0.0,0.0,0,0.0,0.0,0.0,1.0,0.0,0.0,0,1,0,3,1.0,4.0,1.0,1.0,1.0,0.0,1.0,0.0,31,4.0,2.0,4.0,4.0,0,0,0,0,0,0,1,0,0,3
1.0,1.0,0.0,0.0,1.0,1.0,1.0,0,0.0,1.0,0.0,0.0,0.0,0.0,1,1,0,5,5.0,3.0,1.0,5.0,1.0,1.0,1.0,1.0,27,3.0,2.0,6.0,5.0,0,0,0,0,1,0,0,0,0,3
1.0,0.0,0.0,0.0,0.0,0.0,0.0,1,1.0,0.0,0.0,0.0,0.0,0.0,0,1,1,3,2.0,4.0,5.0,3.0,1.0,1.0,1.0,1.0,69,5.0,3.0,5.0,6.0,0,0,1,0,0,0,1,0,0,2
1.0,1.0,1.0,0.0,0.0,0.0,0.0,0,0.0,0.0,0.0,1.0,0.0,0.0,1,1,0,3,1.0,3.0,4.0,1.0,0.0,0.0,0.0,0.0,23,2.0,4.0,2.0,2.0,1,0,0,0,1,0,0,0,0,2
1.0,0.0,1.0,0.0,0.0,0.0,0.0,0,0.0,0.0,1.0,0.0,0.0,0.0,1,1,0,3,1.0,3.0,3.0,2.0,1.0,1.0,1.0,1.0,33,3.0,2.0,6.0,5.0,1,0,0,1,0,1,0,0,0,1
1.0,1.0,0.0,0.0,0.0,0.0,1.0,0,0.0,0.0,0.0,0.0,0.0,0.0,1,1,1,1,4.0,3.0,3.0,5.0,0.0,1.0,1.0,0.0,30,2.0,2.0,4.0,4.0,1,0,0,0,0,0,0,0,1,2
1.0,1.0,1.0,0.0,0.0,0.0,1.0,0,0.0,0.0,0.0,0.0,0.0,0.0,0,1,0,1,5.0,5.0,1.0,5.0,1.0,1.0,1.0,0.0,40,3.0,1.0,7.0,4.0,1,0,1,0,0,0,0,0,0,1
0.0,0.0,0.0,0.0,0.0,0.0,0.0,0,0.0,0.0,0.0,0.0,0.0,0.0,1,1,0,3,3.0,4.0,3.0,3.0,0.0,1.0,1.0,0.0,21,3.0,1.0,2.0,5.0,0,1,0,0,0,0,0,0,1,2
0.0,0.0,0.0,0.0,0.0,0.0,0.0,0,0.0,0.0,1.0,0.0,0.0,0.0,0,1,0,3,2.0,1.0,5.0,1.0,1.0,1.0,1.0,0.0,64,1.0,2.0,3.0,4.0,1,0,0,0,1,0,0,0,0,2
0.0,0.0,0.0,0.0,0.0,0.0,0.0,0,0.0,0.0,0.0,0.0,0.0,0.0,0,0,0,1,2.0,4.0,1.0,2.0,0.0,0.0,0.0,0.0,18,2.0,6.0,4.0,4.0,0,0,0,0,0,0,0,0,1,3
0.0,0.0,0.0,0.0,0.0,0.0,0.0,0,0.0,0.0,0.0,0.0,0.0,0.0,1,1,0,4,2.0,2.0,3.0,1.0,1.0,1.0,1.0,0.0,49,1.0,2.0,2.0,2.0,0,0,0,0,0,0,1,0,0,3
0.0,0.0,1.0,0.0,0.0,0.0,1.0,0,0.0,0.0,0.0,1.0,0.0,1.0,1,1,0,3,5.0,5.0,4.0,5.0,1.0,1.0,1.0,0.0,21,2.0,2.0,1.0,3.0,0,1,0,0,0,0,1,0,0,2
0.0,0.0,0.0,0.0,0.0,0.0,1.0,0,0.0,0.0,0.0,0.0,0.0,0.0,0,1,0,1,5.0,5.0,3.0,5.0,1.0,1.0,1.0,0.0,42,2.0,2.0,6.0,6.0,0,0,1,0,1,0,0,0,0,2
0.0,0.0,1.0,0.0,0.0,0.0,0.0,0,0.0,0.0,0.0,1.0,0.0,1.0,1,1,0,4,4.0,3.0,4.0,1.0,0.0,0.0,0.0,0.0,37,4.0,2.0,7.0,4.0,0,0,1,0,1,0,0,0,0,2
0.0,0.0,0.0,0.0,0.0,0.0,0.0,0,0.0,0.0,0.0,0.0,0.0,0.0,0,1,0,3,1.0,1.0,1.0,1.0,1.0,0.0,1.0,0.0,48,2.0,1.0,1.0,1.0,1,0,0,1,0,0,0,0,0,3
0.0,1.0,0.0,0.0,0.0,0.0,0.0,0,0.0,0.0,0.0,0.0,0.0,0.0,0,0,0,1,1.0,4.0,1.0,3.0,0.0,1.0,1.0,0.0,20,2.0,1.0,1.0,3.0,0,1,0,0,0,0,0,1,0,2
1.0,1.0,1.0,0.0,0.0,0.0,1.0,0,0.0,1.0,1.0,0.0,0.0,0.0,1,1,0,2,5.0,5.0,1.0,5.0,1.0,1.0,1.0,1.0,57,4.0,3.0,7.0,6.0,0,0,0,0,0,0,1,0,0,2
0.0,0.0,0.0,0.0,0.0,0.0,0.0,0,0.0,0.0,0.0,0.0,0.0,0.0,0,0,0,1,3.0,3.0,3.0,3.0,0.0,0.0,0.0,0.0,18,2.0,4.0,6.0,7.0,1,0,0,0,1,0,0,0,0,3
0.0,1.0,1.0,0.0,0.0,0.0,1.0,0,0.0,0.0,0.0,0.0,0.0,0.0,0,1,0,2,3.0,3.0,2.0,4.0,1.0,1.0,1.0,0.0,42,2.0,1.0,4.0,4.0,0,0,0,0,1,0,0,0,0,2
0.0,1.0,0.0,0.0,0.0,0.0,1.0,0,0.0,1.0,0.0,0.0,0.0,0.0,0,0,0,1,3.0,4.0,1.0,5.0,0.0,0.0,0.0,1.0,23,3.0,2.0,8.0,6.0,1,0,0,0,0,0,0,0,1,2
0.0,0.0,0.0,0.0,0.0,0.0,1.0,0,0.0,0.0,0.0,0.0,0.0,1.0,1,1,0,3,3.0,2.0,1.0,3.0,1.0,1.0,1.0,0.0,32,2.0,2.0,5.0,6.0,0,1,0,0,0,0,0,0,0,3
1.0,0.0,0.0,0.0,0.0,0.0,1.0,0,0.0,0.0,0.0,0.0,0.0,0.0,0,1,1,1,3.0,5.0,1.0,4.0,1.0,0.0,1.0,0.0,44,2.0,3.0,4.0,3.0,0,0,1,0,0,0,0,1,0,2
0.0,0.0,0.0,0.0,0.0,0.0,0.0,0,0.0,0.0,0.0,0.0,0.0,0.0,0,0,0,1,3.0,4.0,1.0,4.0,0.0,0.0,0.0,0.0,45,1.0,1.0,2.0,2.0,0,1,0,0,0,1,0,0,0,3
0.0,0.0,1.0,0.0,0.0,0.0,0.0,0,0.0,0.0,0.0,0.0,1.0,0.0,0,1,0,3,1.0,2.0,2.0,2.0,1.0,0.0,0.0,0.0,45,2.0,1.0,8.0,8.0,0,0,0,0,1,0,0,0,0,3
0.0,0.0,0.0,0.0,0.0,0.0,0.0,0,0.0,0.0,0.0,1.0,0.0,0.0,0,1,0,1,3.0,5.0,1.0,5.0,0.0,1.0,1.0,0.0,24,2.0,2.0,3.0,2.0,0,0,0,0,0,0,0,0,0,2
1.0,1.0,1.0,0.0,0.0,0.0,0.0,0,0.0,0.0,0.0,1.0,0.0,0.0,0,1,0,2,3.0,5.0,1.0,4.0,0.0,1.0,0.0,1.0,20,3.0,1.0,4.0,4.0,1,0,0,0,0,0,0,0,0,2
0.0,0.0,0.0,0.0,0.0,0.0,0.0,0,0.0,1.0,0.0,0.0,0.0,1.0,0,1,0,1,4.0,2.0,2.0,3.0,1.0,1.0,1.0,0.0,37,3.0,1.0,1.0,2.0,0,0,1,0,0,0,0,0,1,1
0.0,0.0,0.0,0.0,0.0,0.0,0.0,0,0.0,0.0,1.0,0.0,0.0,0.0,1,1,1,4,5.0,4.0,1.0,1.0,1.0,1.0,1.0,0.0,37,0.0,3.0,5.0,5.0,1,0,0,0,0,0,0,0,1,3
0.0,0.0,0.0,0.0,0.0,0.0,0.0,0,1.0,0.0,0.0,0.0,0.0,0.0,1,1,0,1,3.0,4.0,1.0,4.0,0.0,1.0,1.0,0.0,68,1.0,1.0,2.0,2.0,0,0,0,0,0,0,0,0,0,3
0.0,0.0,0.0,0.0,0.0,0.0,0.0,0,0.0,0.0,0.0,0.0,0.0,0.0,0,0,0,1,5.0,5.0,5.0,1.0,0.0,0.0,1.0,1.0,31,3.0,3.0,7.0,5.0,1,0,0,0,0,0,0,0,1,1
0.0,0.0,0.0,0.0,0.0,0.0,0.0,0,0.0,0.0,0.0,0.0,0.0,0.0,0,1,0,4,1.0,5.0,5.0,2.0,1.0,0.0,0.0,0.0,54,2.0,1.0,3.0,4.0,0,0,0,0,0,0,0,0,0,3
0.0,0.0,0.0,0.0,0.0,0.0,0.0,1,1.0,0.0,0.0,0.0,0.0,0.0,0,1,0,1,3.0,3.0,3.0,3.0,0.0,1.0,1.0,0.0,63,2.0,2.0,4.0,4.0,0,1,0,0,0,0,1,0,0,2
1.0,0.0,0.0,0.0,0.0,0.0,0.0,0,0.0,1.0,0.0,0.0,0.0,0.0,1,1,0,1,5.0,5.0,1.0,4.0,1.0,1.0,1.0,0.0,36,4.0,2.0,7.0,6.0,1,0,0,0,0,0,0,0,1,1
1.0,0.0,1.0,0.0,0.0,0.0,0.0,0,0.0,0.0,0.0,0.0,1.0,0.0,0,1,0,2,5.0,4.0,1.0,2.0,0.0,0.0,0.0,0.0,66,5.0,2.0,9.0,5.0,1,0,1,0,0,0,0,0,0,1
1.0,1.0,0.0,0.0,0.0,0.0,1.0,0,0.0,0.0,0.0,0.0,0.0,0.0,1,1,1,2,4.0,5.0,1.0,5.0,1.0,1.0,1.0,0.0,27,2.0,1.0,3.0,5.0,1,0,0,0,0,0,0,0,1,3
0.0,0.0,1.0,0.0,0.0,0.0,1.0,0,0.0,0.0,0.0,0.0,0.0,0.0,0,0,0,1,1.0,5.0,1.0,1.0,1.0,0.0,0.0,0.0,23,2.0,2.0,4.0,2.0,0,0,0,1,1,0,0,0,0,3
0.0,0.0,0.0,0.0,0.0,0.0,0.0,0,0.0,0.0,0.0,0.0,0.0,1.0,0,1,0,1,3.0,2.0,3.0,4.0,1.0,1.0,1.0,0.0,36,2.0,2.0,5.0,2.0,0,1,0,0,0,0,0,0,1,2
0.0,0.0,1.0,0.0,0.0,0.0,0.0,0,0.0,0.0,0.0,0.0,0.0,0.0,1,1,0,5,1.0,1.0,1.0,1.0,1.0,0.0,1.0,0.0,34,1.0,1.0,1.0,2.0,0,0,0,0,0,0,0,0,1,3
1.0,1.0,0.0,0.0,0.0,0.0,0.0,0,1.0,1.0,0.0,0.0,0.0,0.0,0,1,0,3,5.0,5.0,1.0,5.0,1.0,1.0,1.0,0.0,43,5.0,2.0,5.0,5.0,0,0,1,0,0,0,0,0,0,2
0.0,0.0,1.0,0.0,0.0,0.0,0.0,0,0.0,0.0,0.0,0.0,0.0,0.0,1,1,0,1,5.0,1.0,5.0,5.0,1.0,1.0,1.0,1.0,36,2.0,1.0,4.0,3.0,1,0,1,0,0,1,0,0,0,2
1.0,0.0,1.0,0.0,0.0,0.0,1.0,0,0.0,0.0,0.0,1.0,0.0,1.0,0,0,0,2,1.0,2.0,2.0,2.0,0.0,0.0,0.0,1.0,50,2.0,2.0,2.0,2.0,0,1,0,0,0,0,1,0,0,3
0.0,0.0,0.0,0.0,0.0,0.0,0.0,0,0.0,1.0,0.0,0.0,0.0,0.0,1,1,0,1,3.0,5.0,1.0,4.0,1.0,0.0,1.0,0.0,52,2.0,2.0,4.0,3.0,1,0,1,0,0,0,1,0,0,3
1.0,1.0,0.0,0.0,0.0,0.0,1.0,0,1.0,0.0,1.0,0.0,0.0,0.0,0,1,1,1,3.0,5.0,1.0,5.0,1.0,1.0,1.0,0.0,40,5.0,2.0,7.0,6.0,1,0,0,0,0,1,0,0,0,1
1.0,1.0,0.0,0.0,0.0,0.0,1.0,0,0.0,0.0,0.0,0.0,0.0,0.0,0,1,1,1,4.0,5.0,1.0,5.0,1.0,1.0,1.0,1.0,50,5.0,1.0,2.0,2.0,0,0,1,0,0,0,0,0,1,1
0.0,0.0,0.0,0.0,0.0,0.0,0.0,0,0.0,0.0,1.0,0.0,0.0,0.0,0,0,0,1,1.0,4.0,1.0,5.0,0.0,0.0,1.0,0.0,61,3.0,1.0,4.0,4.0,0,0,0,0,0,0,0,0,1,3
0.0,0.0,1.0,0.0,0.0,0.0,0.0,0,0.0,0.0,0.0,1.0,1.0,0.0,0,0,0,1,4.0,3.0,2.0,3.0,0.0,0.0,0.0,1.0,19,2.0,1.0,4.0,4.0,0,1,0,0,0,1,0,0,0,3
0.0,0.0,0.0,0.0,0.0,0.0,0.0,0,1.0,1.0,0.0,0.0,0.0,1.0,0,1,0,1,4.0,5.0,4.0,5.0,1.0,1.0,1.0,0.0,64,0.0,1.0,1.0,2.0,0,0,1,0,0,0,0,0,1,2
0.0,0.0,0.0,0.0,0.0,0.0,0.0,0,0.0,0.0,0.0,0.0,0.0,0.0,1,1,0,1,4.0,1.0,2.0,4.0,0.0,1.0,1.0,0.0,18,2.0,1.0,2.0,1.0,0,1,0,0,0,0,0,0,1,2
0.0,0.0,0.0,0.0,0.0,0.0,0.0,0,0.0,0.0,0.0,0.0,0.0,1.0,0,1,0,3,1.0,3.0,1.0,2.0,0.0,0.0,0.0,0.0,45,1.0,2.0,4.0,3.0,0,0,0,0,0,0,0,0,1,3
0.0,0.0,0.0,0.0,0.0,0.0,0.0,0,0.0,0.0,0.0,0.0,0.0,1.0,1,1,0,3,5.0,5.0,5.0,5.0,1.0,1.0,1.0,0.0,38,1.0,1.0,3.0,5.0,0,0,0,0,0,0,0,0,1,1
0.0,0.0,0.0,0.0,0.0,0.0,0.0,0,0.0,0.0,0.0,0.0,0.0,0.0,0,1,0,5,3.0,4.0,2.0,3.0,1.0,1.0,1.0,0.0,62,1.0,2.0,3.0,4.0,1,0,1,0,0,0,0,1,0,2
1.0,1.0,1.0,0.0,0.0,0.0,0.0,0,1.0,1.0,0.0,0.0,0.0,0.0,1,1,0,5,3.0,2.0,1.0,5.0,1.0,1.0,1.0,1.0,29,5.0,3.0,10.0,8.0,1,0,0,0,1,0,0,0,0,2
0.0,0.0,0.0,0.0,0.0,0.0,0.0,0,0.0,0.0,0.0,0.0,0.0,0.0,0,1,0,1,1.0,5.0,1.0,5.0,1.0,0.0,1.0,0.0,52,1.0,1.0,5.0,4.0,1,1,0,0,0,0,0,0,1,2
0.0,0.0,0.0,0.0,0.0,0.0,0.0,0,0.0,0.0,0.0,0.0,0.0,0.0,0,0,0,1,1.0,5.0,1.0,1.0,0.0,1.0,1.0,0.0,65,1.0,4.0,4.0,4.0,0,0,0,0,0,0,1,0,0,1
1.0,1.0,1.0,0.0,0.0,0.0,1.0,0,0.0,1.0,1.0,1.0,1.0,0.0,1,1,1,1,3.0,4.0,1.0,4.0,0.0,1.0,1.0,1.0,29,5.0,2.0,8.0,8.0,0,0,0,0,0,1,0,0,0,2
1.0,1.0,1.0,0.0,0.0,0.0,1.0,0,0.0,0.0,0.0,1.0,0.0,0.0,1,1,1,1,4.0,5.0,5.0,4.0,0.0,1.0,0.0,1.0,26,3.0,2.0,9.0,9.0,1,0,0,0,1,0,0,0,0,2
0.0,0.0,0.0,0.0,0.0,0.0,0.0,0,1.0,0.0,0.0,1.0,0.0,0.0,1,1,1,5,5.0,4.0,1.0,5.0,1.0,1.0,1.0,1.0,52,2.0,2.0,1.0,5.0,1,0,1,0,1,0,0,0,0,1
1.0,1.0,1.0,0.0,0.0,0.0,1.0,0,0.0,0.0,0.0,0.0,0.0,0.0,0,1,0,1,5.0,5.0,2.0,5.0,1.0,1.0,1.0,1.0,26,5.0,1.0,6.0,4.0,0,1,0,0,0,0,1,0,0,1
1.0,1.0,0.0,0.0,0.0,0.0,1.0,0,0.0,0.0,0.0,0.0,0.0,0.0,1,1,0,2,4.0,3.0,1.0,4.0,1.0,1.0,1.0,0.0,33,3.0,2.0,7.0,5.0,1,0,0,0,1,0,0,0,0,2
0.0,0.0,0.0,0.0,0.0,0.0,0.0,0,0.0,0.0,0.0,0.0,0.0,0.0,0,0,0,1,2.0,5.0,2.0,4.0,0.0,0.0,0.0,0.0,20,3.0,2.0,4.0,6.0,0,0,0,0,0,1,0,0,0,2
1.0,0.0,0.0,0.0,0.0,0.0,1.0,1,0.0,0.0,0.0,0.0,0.0,0.0,1,1,1,1,4.0,5.0,1.0,5.0,1.0,1.0,1.0,1.0,34,2.0,2.0,6.0,4.0,0,0,1,0,0,0,0,0,0,1
0.0,0.0,1.0,0.0,0.0,0.0,1.0,0,0.0,0.0,1.0,0.0,0.0,0.0,1,1,0,2,3.0,2.0,3.0,4.0,1.0,0.0,0.0,0.0,23,3.0,1.0,5.0,6.0,0,0,0,0,0,0,0,0,1,2
1.0,1.0,1.0,0.0,0.0,0.0,0.0,1,0.0,1.0,0.0,1.0,1.0,0.0,0,1,0,1,4.0,5.0,1.0,5.0,1.0,1.0,1.0,0.0,70,5.0,5.0,8.0,6.0,1,0,0,0,0,0,0,0,1,3
0.0,0.0,0.0,0.0,0.0,0.0,0.0,0,0.0,0.0,0.0,0.0,0.0,0.0,1,1,0,1,3.0,5.0,2.0,1.0,1.0,1.0,1.0,0.0,22,1.0,3.0,6.0,6.0,0,0,0,0,1,0,0,0,0,3
0.0,0.0,0.0,0.0,0.0,0.0,0.0,1,0.0,0.0,0.0,0.0,0.0,0.0,0,1,0,1,4.0,5.0,1.0,1.0,1.0,0.0,1.0,0.0,68,2.0,5.0,6.0,4.0,0,0,0,0,0,0,1,0,0,1
0.0,0.0,1.0,0.0,0.0,0.0,1.0,0,0.0,0.0,0.0,0.0,0.0,0.0,0,1,1,3,4.0,4.0,2.0,5.0,1.0,1.0,1.0,0.0,27,2.0,3.0,5.0,3.0,1,0,0,0,1,0,0,0,0,1
1.0,1.0,1.0,0.0,0.0,0.0,1.0,0,0.0,1.0,0.0,0.0,0.0,0.0,0,0,1,3,5.0,3.0,1.0,4.0,0.0,0.0,0.0,0.0,39,6.0,2.0,5.0,4.0,1,0,0,0,1,0,0,0,0,2
0.0,0.0,1.0,0.0,0.0,0.0,1.0,0,0.0,0.0,0.0,0.0,0.0,1.0,0,1,1,1,3.0,5.0,1.0,5.0,1.0,1.0,1.0,0.0,41,2.0,1.0,4.0,3.0,1,0,0,1,1,0,0,0,0,1
1.0,1.0,1.0,0.0,0.0,0.0,1.0,0,0.0,0.0,0.0,0.0,0.0,1.0,0,1,0,1,2.0,4.0,1.0,2.0,1.0,0.0,1.0,0.0,37,2.0,1.0,2.0,2.0,0,0,0,1,0,0,0,1,0,2
0.0,0.0,0.0,0.0,0.0,0.0,0.0,0,0.0,0.0,0.0,0.0,0.0,0.0,1,1,0,1,3.0,5.0,5.0,3.0,0.0,0.0,1.0,0.0,68,1.0,2.0,2.0,2.0,0,1,0,0,1,0,0,0,0,1
1.0,0.0,0.0,0.0,0.0,0.0,1.0,0,0.0,0.0,0.0,0.0,0.0,0.0,0,1,1,5,4.0,2.0,4.0,1.0,1.0,0.0,1.0,0.0,49,2.0,2.0,4.0,4.0,0,0,0,0,0,0,1,0,0,3
1.0,0.0,0.0,0.0,0.0,0.0,0.0,0,0.0,0.0,0.0,0.0,0.0,0.0,0,1,0,5,1.0,1.0,5.0,1.0,0.0,0.0,1.0,0.0,55,1.0,1.0,1.0,2.0,0,1,0,0,0,0,0,0,1,2
1.0,0.0,0.0,0.0,0.0,0.0,0.0,0,0.0,0.0,0.0,0.0,0.0,1.0,1,1,0,5,3.0,3.0,2.0,1.0,1.0,0.0,1.0,0.0,32,2.0,1.0,1.0,4.0,0,1,0,0,0,0,0,0,0,3
1.0,1.0,1.0,0.0,0.0,0.0,0.0,0,0.0,0.0,0.0,1.0,0.0,0.0,0,1,0,1,5.0,5.0,1.0,5.0,1.0,1.0,1.0,0.0,37,2.0,2.0,7.0,4.0,0,0,0,0,0,1,0,0,0,2
1.0,1.0,0.0,0.0,0.0,0.0,1.0,0,0.0,0.0,0.0,0.0,0.0,0.0,0,1,0,1,4.0,4.0,1.0,4.0,0.0,1.0,1.0,1.0,27,5.0,2.0,8.0,6.0,1,0,0,0,0,1,0,0,0,2
0.0,0.0,0.0,0.0,0.0,0.0,0.0,0,0.0,0.0,0.0,0.0,0.0,0.0,0,1,0,3,5.0,3.0,1.0,5.0,1.0,1.0,1.0,0.0,40,1.0,1.0,1.0,3.0,1,1,0,0,0,1,0,0,0,3
0.0,0.0,1.0,0.0,0.0,0.0,1.0,0,0.0,0.0,0.0,0.0,0.0,1.0,0,1,0,3,1.0,2.0,1.0,2.0,1.0,1.0,1.0,0.0,38,1.0,1.0,2.0,3.0,1,1,0,0,0,0,1,0,0,2
0.0,0.0,0.0,0.0,0.0,0.0,0.0,0,0.0,1.0,0.0,0.0,0.0,0.0,0,1,0,5,3.0,5.0,4.0,3.0,0.0,1.0,1.0,0.0,56,2.0,3.0,2.0,3.0,1,0,0,0,0,0,0,0,1,2
0.0,0.0,1.0,0.0,0.0,0.0,0.0,0,0.0,0.0,0.0,0.0,0.0,0.0,0,0,0,1,1.0,1.0,1.0,2.0,0.0,0.0,0.0,0.0,40,2.0,2.0,3.0,3.0,0,0,0,0,0,0,0,0,0,3
0.0,0.0,1.0,0.0,0.0,0.0,0.0,0,0.0,0.0,0.0,0.0,0.0,1.0,1,1,0,3,3.0,4.0,2.0,4.0,1.0,1.0,1.0,0.0,49,1.0,2.0,3.0,3.0,0,0,1,0,1,0,0,0,0,3
1.0,1.0,1.0,0.0,0.0,0.0,0.0,0,0.0,0.0,0.0,0.0,0.0,0.0,0,1,0,3,5.0,4.0,1.0,5.0,0.0,1.0,1.0,0.0,30,5.0,3.0,8.0,4.0,1,0,0,0,0,0,0,0,1,2
1.0,0.0,1.0,0.0,0.0,0.0,0.0,0,0.0,0.0,0.0,1.0,1.0,0.0,1,1,0,3,5.0,3.0,1.0,1.0,1.0,0.0,1.0,0.0,25,5.0,1.0,4.0,3.0,1,1,0,0,0,0,0,0,1,3
1.0,1.0,1.0,0.0,0.0,1.0,1.0,1,0.0,0.0,0.0,0.0,0.0,0.0,0,1,1,1,1.0,5.0,1.0,1.0,1.0,0.0,1.0,0.0,45,5.0,2.0,4.0,3.0,0,0,0,0,1,0,0,0,0,3
0.0,0.0,1.0,0.0,0.0,0.0,0.0,0,0.0,0.0,0.0,1.0,0.0,0.0,0,0,0,1,5.0,5.0,1.0,3.0,1.0,0.0,1.0,1.0,18,2.0,2.0,3.0,3.0,0,0,0,0,0,0,0,0,1,3
0.0,0.0,0.0,0.0,0.0,0.0,0.0,0,0.0,0.0,0.0,0.0,0.0,0.0,1,1,0,5,3.0,5.0,1.0,5.0,1.0,0.0,1.0,0.0,25,1.0,1.0,3.0,4.0,0,0,0,0,0,0,0,0,0,3
0.0,0.0,1.0,0.0,0.0,0.0,0.0,0,0.0,0.0,0.0,0.0,0.0,1.0,1,1,1,4,5.0,5.0,4.0,4.0,1.0,1.0,1.0,0.0,36,2.0,1.0,3.0,5.0,0,0,1,0,1,0,0,0,0,3
0.0,0.0,1.0,0.0,0.0,0.0,0.0,0,0.0,0.0,0.0,0.0,0.0,1.0,1,0,0,5,2.0,2.0,2.0,1.0,1.0,1.0,1.0,0.0,31,2.0,1.0,2.0,2.0,0,1,0,0,0,0,0,0,0,3
1.0,0.0,1.0,0.0,0.0,0.0,0.0,0,0.0,0.0,0.0,0.0,0.0,1.0,0,1,0,1,2.0,4.0,2.0,5.0,1.0,1.0,1.0,1.0,21,5.0,1.0,4.0,4.0,1,0,0,0,0,0,0,0,0,2
1.0,0.0,1.0,0.0,0.0,0.0,0.0,0,0.0,0.0,0.0,0.0,0.0,0.0,0,1,1,4,1.0,3.0,5.0,3.0,0.0,0.0,1.0,1.0,19,2.0,1.0,4.0,5.0,1,0,0,0,1,0,0,0,0,3
0.0,0.0,0.0,0.0,0.0,0.0,1.0,0,0.0,1.0,0.0,0.0,0.0,0.0,1,1,0,2,3.0,5.0,1.0,5.0,0.0,1.0,1.0,0.0,18,3.0,3.0,5.0,3.0,0,0,0,0,0,0,0,1,0,2
1.0,0.0,0.0,0.0,0.0,0.0,1.0,0,0.0,0.0,0.0,0.0,0.0,0.0,0,1,1,1,3.0,1.0,2.0,4.0,1.0,1.0,1.0,0.0,53,2.0,1.0,4.0,3.0,1,0,1,0,0,0,0,0,1,1
1.0,0.0,1.0,0.0,0.0,0.0,0.0,0,0.0,0.0,0.0,1.0,0.0,1.0,1,1,0,1,1.0,2.0,3.0,1.0,0.0,0.0,1.0,0.0,42,1.0,1.0,1.0,2.0,0,0,0,0,1,0,0,0,0,3
1.0,0.0,0.0,0.0,0.0,0.0,0.0,1,1.0,0.0,0.0,0.0,0.0,0.0,0,1,1,1,2.0,5.0,4.0,4.0,0.0,1.0,1.0,0.0,68,5.0,3.0,6.0,5.0,0,0,1,0,0,1,0,0,0,1
0.0,0.0,0.0,0.0,0.0,0.0,0.0,1,0.0,0.0,0.0,0.0,0.0,0.0,0,1,1,1,4.0,5.0,1.0,5.0,1.0,1.0,1.0,0.0,63,2.0,2.0,4.0,5.0,1,0,0,0,0,0,0,0,1,2
1.0,0.0,0.0,0.0,0.0,0.0,1.0,0,0.0,1.0,0.0,0.0,0.0,0.0,0,1,0,3,5.0,3.0,5.0,4.0,1.0,1.0,1.0,0.0,62,1.0,2.0,7.0,5.0,1,0,0,1,0,0,0,1,0,2
1.0,1.0,1.0,0.0,0.0,0.0,1.0,1,0.0,0.0,0.0,1.0,0.0,0.0,0,1,1,4,3.0,5.0,1.0,3.0,1.0,1.0,1.0,1.0,59,4.0,1.0,4.0,4.0,0,0,0,1,0,0,0,1,0,1
0.0,0.0,0.0,0.0,0.0,0.0,0.0,0,0.0,0.0,0.0,0.0,0.0,0.0,0,1,0,5,5.0,1.0,1.0,5.0,0.0,0.0,1.0,0.0,56,1.0,2.0,2.0,6.0,0,0,0,1,1,0,0,0,0,2
1.0,0.0,1.0,0.0,0.0,0.0,0.0,0,1.0,0.0,1.0,0.0,0.0,0.0,0,1,0,5,3.0,2.0,1.0,4.0,1.0,1.0,0.0,0.0,39,2.0,1.0,4.0,3.0,0,1,0,0,0,0,0,0,0,1
0.0,0.0,0.0,0.0,0.0,0.0,0.0,0,0.0,0.0,0.0,0.0,0.0,0.0,0,0,0,1,4.0,5.0,4.0,2.0,0.0,0.0,0.0,0.0,52,4.0,3.0,1.0,1.0,1,0,0,0,0,0,1,0,0,3
1.0,1.0,1.0,0.0,0.0,0.0,1.0,0,0.0,0.0,0.0,0.0,0.0,0.0,1,1,0,1,1.0,3.0,3.0,3.0,1.0,1.0,1.0,1.0,32,4.0,2.0,5.0,4.0,1,0,0,0,1,0,0,0,0,2
0.0,0.0,1.0,0.0,0.0,0.0,0.0,0,0.0,0.0,0.0,1.0,0.0,1.0,1,1,0,1,3.0,4.0,1.0,1.0,1.0,0.0,1.0,0.0,30,2.0,2.0,4.0,4.0,0,1,0,0,0,0,0,0,0,2
0.0,0.0,1.0,0.0,0.0,0.0,0.0,0,0.0,0.0,0.0,0.0,0.0,0.0,1,1,0,4,5.0,1.0,3.0,1.0,1.0,0.0,1.0,0.0,49,2.0,2.0,5.0,2.0,0,0,0,0,0,0,0,0,0,3
0.0,0.0,0.0,0.0,0.0,0.0,0.0,0,0.0,0.0,0.0,0.0,0.0,1.0,1,1,0,5,3.0,3.0,4.0,5.0,1.0,0.0,1.0,0.0,36,1.0,1.0,1.0,3.0,0,1,0,0,0,0,0,0,0,3
0.0,0.0,0.0,0.0,0.0,0.0,0.0,0,0.0,0.0,0.0,1.0,0.0,0.0,0,1,0,3,1.0,1.0,1.0,1.0,0.0,0.0,1.0,0.0,63,1.0,2.0,1.0,2.0,1,0,0,0,1,0,0,0,0,1
1.0,1.0,0.0,0.0,0.0,1.0,1.0,0,0.0,0.0,0.0,0.0,0.0,0.0,1,1,1,5,5.0,5.0,1.0,1.0,1.0,1.0,1.0,0.0,28,5.0,2.0,5.0,5.0,0,1,0,0,0,0,0,0,1,2
0.0,0.0,0.0,0.0,0.0,0.0,0.0,0,0.0,0.0,1.0,0.0,0.0,0.0,1,1,0,2,3.0,5.0,5.0,3.0,1.0,1.0,1.0,0.0,49,2.0,1.0,5.0,3.0,1,0,0,0,0,0,0,0,0,1
0.0,0.0,0.0,0.0,0.0,0.0,0.0,0,0.0,0.0,0.0,0.0,0.0,0.0,0,1,0,2,5.0,3.0,4.0,3.0,1.0,1.0,1.0,0.0,25,2.0,1.0,2.0,1.0,1,1,0,0,0,0,0,0,0,1
0.0,0.0,0.0,0.0,0.0,0.0,0.0,0,0.0,0.0,0.0,1.0,0.0,1.0,0,0,0,2,2.0,3.0,2.0,3.0,0.0,1.0,0.0,0.0,45,5.0,2.0,4.0,4.0,0,0,0,0,0,0,0,0,0,3
0.0,0.0,0.0,0.0,0.0,0.0,0.0,0,0.0,0.0,1.0,0.0,0.0,0.0,1,1,0,5,3.0,4.0,2.0,5.0,1.0,1.0,1.0,0.0,37,1.0,3.0,7.0,6.0,1,1,0,0,0,0,0,1,0,1
0.0,0.0,1.0,0.0,0.0,0.0,0.0,0,0.0,0.0,0.0,0.0,0.0,1.0,0,1,0,4,1.0,5.0,1.0,5.0,1.0,1.0,1.0,0.0,29,2.0,1.0,1.0,3.0,0,0,0,1,0,0,0,0,0,3
1.0,1.0,1.0,0.0,0.0,0.0,0.0,0,0.0,0.0,1.0,0.0,0.0,0.0,0,1,1,1,4.0,5.0,1.0,5.0,0.0,1.0,1.0,0.0,53,5.0,3.0,9.0,8.0,1,1,0,0,0,1,0,0,0,1
0.0,0.0,0.0,0.0,0.0,0.0,0.0,0,0.0,0.0,0.0,0.0,0.0,0.0,1,1,0,1,5.0,5.0,1.0,1.0,1.0,1.0,1.0,0.0,26,2.0,1.0,1.0,4.0,0,1,0,0,1,0,0,0,0,3
1.0,1.0,0.0,0.0,0.0,0.0,1.0,0,0.0,0.0,0.0,0.0,0.0,0.0,0,0,1,3,4.0,3.0,1.0,2.0,1.0,1.0,1.0,0.0,68,6.0,2.0,7.0,5.0,1,1,0,0,0,1,0,0,0,2
1.0,1.0,0.0,1.0,0.0,0.0,1.0,0,0.0,0.0,0.0,0.0,0.0,0.0,1,1,1,1,3.0,5.0,3.0,4.0,0.0,1.0,1.0,1.0,34,6.0,4.0,10.0,10.0,0,1,0,0,1,0,0,0,0,1
1.0,0.0,0.0,0.0,0.0,0.0,1.0,0,0.0,0.0,0.0,0.0,0.0,0.0,0,1,0,3,1.0,4.0,4.0,1.0,0.0,0.0,0.0,0.0,63,1.0,1.0,1.0,2.0,0,1,0,0,0,1,0,0,0,2
0.0,0.0,1.0,0.0,0.0,0.0,1.0,0,0.0,0.0,0.0,0.0,0.0,0.0,0,1,0,2,1.0,4.0,1.0,1.0,0.0,0.0,1.0,0.0,33,2.0,1.0,4.0,3.0,0,0,1,0,1,0,0,0,0,2
1.0,0.0,0.0,0.0,0.0,0.0,0.0,0,1.0,0.0,0.0,0.0,0.0,0.0,0,0,0,1,1.0,5.0,1.0,3.0,0.0,0.0,0.0,0.0,57,2.0,3.0,3.0,3.0,0,0,0,0,0,0,1,0,0,3
0.0,0.0,1.0,0.0,0.0,0.0,0.0,0,0.0,0.0,0.0,0.0,0.0,0.0,0,1,1,3,3.0,4.0,1.0,5.0,1.0,1.0,1.0,0.0,40,5.0,1.0,3.0,2.0,0,0,0,0,0,0,0,0,0,2
1.0,0.0,1.0,0.0,0.0,0.0,0.0,0,0.0,0.0,0.0,0.0,0.0,1.0,1,0,0,1,5.0,5.0,4.0,5.0,1.0,1.0,1.0,0.0,59,3.0,1.0,1.0,2.0,1,0,1,0,0,0,0,0,0,2
0.0,0.0,0.0,0.0,0.0,0.0,1.0,0,0.0,0.0,0.0,1.0,0.0,0.0,1,1,0,1,3.0,4.0,1.0,5.0,0.0,1.0,1.0,0.0,52,5.0,3.0,9.0,7.0,0,0,0,0,0,0,0,0,1,1
0.0,0.0,0.0,0.0,0.0,0.0,0.0,0,0.0,0.0,0.0,0.0,0.0,0.0,0,1,0,3,4.0,1.0,5.0,4.0,1.0,0.0,1.0,0.0,33,2.0,3.0,1.0,1.0,1,0,0,0,0,0,0,0,0,3
0.0,0.0,1.0,0.0,0.0,0.0,0.0,0,0.0,0.0,0.0,0.0,0.0,0.0,0,1,0,1,5.0,1.0,1.0,5.0,0.0,0.0,1.0,1.0,70,3.0,2.0,7.0,6.0,0,0,0,0,1,0,0,0,0,2
1.0,0.0,1.0,0.0,0.0,0.0,1.0,0,0.0,1.0,1.0,0.0,0.0,1.0,0,1,1,2,4.0,5.0,1.0,4.0,1.0,1.0,1.0,1.0,28,5.0,1.0,5.0,3.0,0,0,0,1,0,0,0,1,0,1
0.0,0.0,0.0,0.0,0.0,0.0,0.0,0,0.0,0.0,0.0,0.0,0.0,0.0,1,1,0,1,3.0,5.0,2.0,5.0,0.0,0.0,1.0,0.0,21,2.0,2.0,4.0,5.0,0,0,0,0,1,0,0,0,0,2
0.0,1.0,0.0,0.0,0.0,1.0,1.0,1,0.0,0.0,0.0,0.0,0.0,0.0,0,1,1,3,1.0,5.0,5.0,5.0,1.0,1.0,1.0,0.0,63,2.0,3.0,2.0,2.0,1,0,0,0,0,0,1,0,0,2
0.0,0.0,1.0,0.0,0.0,0.0,0.0,0,0.0,0.0,0.0,1.0,0.0,0.0,1,1,0,1,4.0,4.0,1.0,4.0,1.0,1.0,1.0,0.0,33,2.0,2.0,4.0,3.0,1,0,0,1,0,1,0,0,0,1
1.0,0.0,0.0,0.0,0.0,0.0,0.0,0,0.0,0.0,0.0,0.0,0.0,0.0,0,1,0,3,5.0,4.0,1.0,5.0,1.0,1.0,1.0,0.0,65,1.0,2.0,4.0,3.0,1,0,0,1,0,0,0,1,0,1
1.0,1.0,1.0,0.0,0.0,0.0,0.0,0,0.0,1.0,0.0,0.0,0.0,0.0,0,1,0,4,3.0,2.0,5.0,2.0,1.0,1.0,1.0,0.0,55,5.0,3.0,7.0,7.0,1,0,0,0,1,0,0,0,0,2
0.0,0.0,0.0,0.0,0.0,0.0,0.0,0,0.0,0.0,0.0,0.0,0.0,1.0,0,1,0,3,2.0,3.0,3.0,4.0,0.0,0.0,1.0,0.0,67,1.0,1.0,1.0,3.0,1,0,1,0,0,0,0,0,1,2
1.0,1.0,0.0,0.0,0.0,0.0,0.0,0,0.0,1.0,1.0,0.0,0.0,0.0,1,1,0,1,2.0,4.0,1.0,3.0,0.0,1.0,1.0,0.0,38,4.0,3.0,6.0,6.0,0,0,0,0,1,0,0,0,0,3
1.0,0.0,0.0,0.0,0.0,0.0,1.0,0,0.0,0.0,0.0,0.0,0.0,0.0,1,1,1,1,3.0,4.0,3.0,3.0,1.0,0.0,1.0,1.0,50,6.0,3.0,5.0,8.0,0,0,0,1,0,0,1,0,0,1
0.0,0.0,0.0,0.0,0.0,0.0,0.0,0,0.0,0.0,0.0,0.0,0.0,0.0,1,1,0,5,1.0,1.0,1.0,2.0,1.0,0.0,1.0,0.0,43,1.0,2.0,1.0,2.0,0,0,1,0,1,0,0,0,0,3
0.0,0.0,0.0,0.0,0.0,0.0,0.0,0,0.0,0.0,0.0,0.0,0.0,0.0,0,1,0,3,3.0,2.0,3.0,4.0,1.0,1.0,1.0,0.0,47,1.0,1.0,4.0,2.0,1,1,0,0,0,0,0,0,0,2
1.0,0.0,0.0,0.0,0.0,1.0,1.0,0,0.0,0.0,0.0,0.0,0.0,0.0,1,0,0,4,2.0,5.0,3.0,4.0,1.0,1.0,1.0,1.0,22,3.0,1.0,5.0,5.0,1,0,0,0,0,0,0,0,1,2
0.0,0.0,0.0,0.0,0.0,0.0,0.0,0,0.0,0.0,0.0,0.0,0.0,0.0,1,1,0,4,1.0,2.0,2.0,1.0,0.0,1.0,1.0,0.0,50,1.0,1.0,1.0,1.0,0,0,0,1,1,0,0,0,0,2
0.0,0.0,0.0,0.0,0.0,0.0,0.0,0,0.0,0.0,0.0,0.0,0.0,0.0,1,1,0,4,3.0,3.0,5.0,5.0,1.0,1.0,1.0,0.0,42,2.0,2.0,6.0,5.0,1,1,0,0,0,0,0,0,0,2
0.0,0.0,0.0,0.0,0.0,0.0,0.0,0,0.0,0.0,0.0,0.0,0.0,0.0,0,0,0,1,2.0,1.0,5.0,2.0,0.0,0.0,1.0,0.0,67,1.0,3.0,1.0,2.0,0,0,0,0,1,0,0,0,0,2
0.0,0.0,0.0,0.0,0.0,0.0,0.0,0,0.0,0.0,0.0,0.0,0.0,0.0,0,1,0,1,4.0,5.0,5.0,5.0,1.0,0.0,1.0,0.0,58,2.0,2.0,6.0,9.0,0,0,0,0,0,0,1,0,0,1
0.0,0.0,0.0,0.0,0.0,0.0,0.0,0,0.0,0.0,0.0,0.0,0.0,0.0,1,1,0,1,5.0,5.0,5.0,1.0,1.0,0.0,1.0,0.0,38,0.0,1.0,1.0,1.0,0,1,0,0,0,0,0,1,0,2
0.0,0.0,1.0,0.0,0.0,0.0,0.0,0,0.0,0.0,0.0,0.0,0.0,0.0,0,1,1,4,3.0,3.0,1.0,5.0,0.0,0.0,1.0,0.0,45,5.0,3.0,5.0,6.0,0,0,0,0,1,0,0,0,0,1
0.0,0.0,1.0,0.0,0.0,0.0,1.0,0,0.0,0.0,0.0,1.0,0.0,0.0,0,1,0,1,3.0,2.0,1.0,5.0,1.0,1.0,1.0,1.0,18,4.0,3.0,4.0,3.0,1,0,0,0,0,0,1,0,0,3
0.0,0.0,0.0,0.0,0.0,0.0,0.0,0,0.0,0.0,1.0,0.0,0.0,0.0,0,1,0,1,4.0,5.0,1.0,5.0,0.0,1.0,1.0,0.0,56,1.0,1.0,5.0,5.0,0,0,0,0,0,0,0,0,1,2
1.0,1.0,1.0,0.0,0.0,0.0,0.0,0,0.0,0.0,0.0,0.0,0.0,1.0,0,1,0,2,3.0,3.0,2.0,2.0,1.0,1.0,1.0,0.0,53,2.0,2.0,5.0,3.0,0,1,0,0,1,0,0,0,0,2
0.0,0.0,0.0,0.0,0.0,0.0,0.0,0,0.0,0.0,0.0,0.0,0.0,1.0,0,1,0,3,1.0,5.0,5.0,3.0,0.0,0.0,0.0,0.0,68,2.0,3.0,4.0,4.0,0,0,0,0,0,0,0,0,1,3
0.0,0.0,0.0,0.0,0.0,0.0,0.0,0,0.0,0.0,0.0,1.0,0.0,0.0,0,1,0,3,5.0,5.0,5.0,5.0,1.0,1.0,1.0,0.0,66,2.0,3.0,7.0,3.0,1,0,0,0,0,0,0,0,0,3
0.0,0.0,0.0,0.0,0.0,0.0,0.0,0,0.0,0.0,0.0,0.0,0.0,0.0,1,1,0,3,1.0,3.0,4.0,4.0,1.0,1.0,1.0,0.0,60,2.0,1.0,4.0,4.0,1,1,0,0,0,0,0,0,1,2
0.0,0.0,0.0,0.0,1.0,0.0,0.0,1,1.0,0.0,0.0,0.0,0.0,0.0,0,1,0,2,3.0,3.0,3.0,2.0,0.0,1.0,1.0,1.0,70,1.0,2.0,9.0,9.0,1,0,0,0,1,0,0,0,0,3
1.0,1.0,0.0,0.0,0.0,0.0,0.0,0,0.0,0.0,0.0,0.0,0.0,0.0,0,1,0,1,3.0,5.0,1.0,3.0,1.0,1.0,1.0,0.0,53,6.0,2.0,4.0,4.0,0,1,0,0,1,0,0,0,0,2
0.0,0.0,0.0,0.0,0.0,0.0,0.0,0,0.0,0.0,0.0,0.0,0.0,0.0,1,1,0,5,4.0,4.0,1.0,4.0,1.0,0.0,1.0,0.0,63,1.0,2.0,1.0,1.0,0,1,0,0,0,0,0,0,1,2
0.0,0.0,0.0,0.0,0.0,0.0,0.0,0,0.0,0.0,0.0,0.0,0.0,0.0,0,1,0,5,1.0,2.0,1.0,3.0,1.0,1.0,1.0,0.0,25,4.0,1.0,4.0,5.0,1,0,0,0,0,0,0,0,0,2
0.0,0.0,0.0,0.0,0.0,0.0,0.0,0,0.0,0.0,1.0,0.0,0.0,0.0,0,1,0,1,2.0,4.0,2.0,4.0,1.0,0.0,1.0,0.0,41,2.0,3.0,2.0,3.0,0,0,0,1,0,0,0,0,1,3
0.0,0.0,1.0,0.0,0.0,0.0,0.0,0,0.0,0.0,0.0,0.0,0.0,0.0,0,1,0,4,3.0,5.0,1.0,4.0,1.0,0.0,1.0,0.0,46,2.0,1.0,1.0,2.0,0,0,0,0,0,0,0,0,0,3
1.0,0.0,0.0,0.0,0.0,0.0,1.0,0,0.0,0.0,0.0,0.0,0.0,0.0,1,1,0,4,1.0,1.0,2.0,1.0,0.0,0.0,1.0,0.0,45,2.0,1.0,5.0,4.0,0,0,0,0,0,0,0,0,0,3
0.0,0.0,0.0,0.0,0.0,0.0,0.0,1,0.0,0.0,0.0,0.0,0.0,0.0,0,1,1,2,1.0,4.0,1.0,1.0,1.0,0.0,1.0,0.0,69,0.0,3.0,2.0,3.0,0,0,0,0,0,0,1,0,0,3
1.0,1.0,0.0,0.0,0.0,0.0,1.0,1,0.0,1.0,0.0,0.0,0.0,0.0,1,1,0,1,5.0,5.0,1.0,5.0,1.0,1.0,1.0,0.0,67,1.0,2.0,6.0,3.0,1,0,0,0,0,1,0,0,0,1
1.0,0.0,0.0,0.0,0.0,0.0,1.0,0,0.0,1.0,0.0,0.0,0.0,0.0,1,1,0,5,3.0,4.0,5.0,2.0,1.0,1.0,1.0,0.0,39,1.0,2.0,4.0,5.0,1,1,0,0,0,0,1,0,0,3
0.0,0.0,0.0,0.0,0.0,0.0,1.0,0,0.0,0.0,0.0,1.0,0.0,0.0,0,1,0,1,4.0,4.0,1.0,3.0,1.0,1.0,1.0,0.0,36,4.0,3.0,4.0,5.0,0,0,0,0,0,0,0,0,1,3
0.0,0.0,0.0,0.0,0.0,0.0,0.0,0,0.0,0.0,0.0,0.0,0.0,0.0,0,1,0,3,1.0,1.0,1.0,1.0,0.0,0.0,1.0,0.0,58,2.0,2.0,7.0,4.0,1,0,0,0,0,0,0,0,0,3
0.0,1.0,1.0,0.0,0.0,0.0,0.0,0,0.0,1.0,0.0,0.0,0.0,0.0,1,1,1,5,1.0,1.0,5.0,1.0,0.0,0.0,0.0,1.0,26,5.0,2.0,1.0,6.0,0,1,0,0,1,0,0,0,0,3
0.0,0.0,0.0,0.0,0.0,0.0,0.0,0,0.0,0.0,0.0,0.0,0.0,0.0,0,0,0,4,4.0,3.0,3.0,3.0,0.0,0.0,0.0,0.0,18,2.0,1.0,3.0,3.0,0,1,0,0,0,0,0,0,0,3
0.0,0.0,0.0,0.0,0.0,0.0,1.0,0,0.0,0.0,0.0,0.0,0.0,0.0,1,1,0,4,1.0,1.0,2.0,1.0,1.0,0.0,0.0,0.0,40,3.0,1.0,3.0,2.0,0,0,0,1,0,0,0,1,0,2
0.0,0.0,0.0,0.0,0.0,0.0,0.0,0,0.0,0.0,0.0,0.0,0.0,0.0,0,0,0,1,3.0,5.0,1.0,4.0,0.0,0.0,1.0,0.0,26,5.0,2.0,5.0,3.0,0,0,0,0,1,0,0,0,0,1
0.0,0.0,0.0,0.0,0.0,0.0,0.0,0,0.0,0.0,0.0,0.0,0.0,0.0,0,1,0,1,1.0,5.0,1.0,5.0,1.0,1.0,1.0,1.0,67,1.0,2.0,1.0,6.0,0,1,0,0,1,0,0,0,0,1
0.0,0.0,0.0,0.0,0.0,0.0,0.0,0,0.0,0.0,1.0,0.0,0.0,0.0,0,1,0,3,5.0,3.0,1.0,3.0,0.0,1.0,1.0,0.0,26,2.0,2.0,3.0,3.0,0,1,0,0,0,0,0,0,1,1
0.0,0.0,1.0,0.0,0.0,0.0,0.0,0,0.0,0.0,0.0,0.0,0.0,0.0,1,1,0,1,3.0,5.0,2.0,3.0,1.0,1.0,1.0,0.0,36,2.0,2.0,2.0,2.0,1,1,0,0,0,0,1,0,0,1
0.0,0.0,0.0,0.0,0.0,0.0,1.0,0,0.0,0.0,0.0,0.0,0.0,0.0,1,1,0,1,5.0,5.0,1.0,4.0,1.0,1.0,1.0,0.0,22,5.0,3.0,3.0,3.0,0,0,0,0,0,0,1,0,0,2
0.0,0.0,0.0,0.0,0.0,0.0,0.0,0,0.0,0.0,0.0,1.0,0.0,0.0,0,0,0,2,4.0,4.0,2.0,2.0,0.0,0.0,0.0,0.0,70,1.0,2.0,2.0,2.0,0,0,0,0,0,0,1,0,0,3
0.0,0.0,0.0,0.0,0.0,0.0,0.0,0,0.0,0.0,0.0,0.0,0.0,1.0,0,0,0,1,5.0,5.0,5.0,1.0,0.0,0.0,0.0,0.0,21,2.0,2.0,1.0,1.0,0,0,0,0,0,0,0,1,0,3
1.0,1.0,1.0,0.0,0.0,0.0,1.0,0,1.0,1.0,0.0,0.0,0.0,0.0,0,1,0,1,4.0,5.0,3.0,4.0,0.0,1.0,1.0,1.0,23,5.0,3.0,10.0,10.0,1,0,0,0,1,0,0,0,0,2
1.0,0.0,1.0,0.0,0.0,0.0,0.0,0,0.0,0.0,0.0,0.0,0.0,0.0,0,1,0,1,3.0,3.0,3.0,3.0,0.0,0.0,0.0,0.0,20,3.0,2.0,2.0,2.0,1,0,0,0,1,0,0,0,0,2
1.0,1.0,1.0,0.0,0.0,0.0,1.0,0,0.0,1.0,1.0,1.0,0.0,0.0,0,1,0,5,5.0,3.0,5.0,1.0,1.0,1.0,1.0,1.0,51,5.0,2.0,5.0,4.0,0,1,0,0,0,0,0,1,0,3
0.0,0.0,1.0,0.0,0.0,0.0,0.0,0,0.0,1.0,0.0,0.0,0.0,0.0,1,1,0,4,3.0,5.0,5.0,1.0,1.0,0.0,1.0,1.0,54,3.0,3.0,5.0,7.0,1,0,0,0,0,0,0,0,0,3
1.0,1.0,1.0,0.0,0.0,1.0,1.0,0,0.0,0.0,0.0,0.0,0.0,0.0,1,1,1,1,5.0,5.0,2.0,4.0,1.0,1.0,1.0,1.0,31,2.0,1.0,7.0,4.0,1,1,0,0,1,0,0,0,0,2
1.0,1.0,1.0,0.0,0.0,0.0,1.0,0,0.0,0.0,1.0,0.0,0.0,0.0,1,1,0,1,4.0,3.0,1.0,3.0,1.0,1.0,1.0,1.0,26,5.0,2.0,7.0,6.0,1,1,0,0,0,0,0,0,0,1
1.0,1.0,1.0,0.0,0.0,1.0,1.0,0,0.0,0.0,0.0,0.0,0.0,0.0,1,1,1,2,4.0,4.0,2.0,5.0,1.0,1.0,1.0,0.0,30,5.0,2.0,6.0,4.0,1,0,0,0,0,1,0,0,0,1
0.0,0.0,0.0,0.0,0.0,0.0,0.0,0,0.0,0.0,0.0,0.0,0.0,0.0,0,1,0,4,1.0,2.0,5.0,1.0,0.0,0.0,1.0,0.0,68,1.0,1.0,1.0,1.0,0,0,0,1,0,0,0,0,0,3
0.0,0.0,1.0,0.0,0.0,0.0,0.0,0,0.0,0.0,0.0,0.0,0.0,1.0,0,0,0,1,5.0,1.0,2.0,2.0,1.0,1.0,1.0,1.0,36,2.0,1.0,7.0,3.0,0,0,0,0,0,0,0,0,0,3
0.0,0.0,0.0,0.0,0.0,0.0,0.0,0,0.0,0.0,0.0,0.0,0.0,0.0,0,0,0,3,1.0,1.0,1.0,1.0,1.0,1.0,1.0,1.0,50,2.0,1.0,4.0,4.0,1,0,1,0,0,0,0,0,0,2
1.0,1.0,1.0,0.0,0.0,0.0,1.0,0,0.0,0.0,0.0,0.0,0.0,0.0,0,1,1,2,2.0,5.0,1.0,4.0,1.0,1.0,1.0,0.0,45,2.0,1.0,3.0,4.0,1,1,0,0,0,0,0,0,0,2
0.0,0.0,1.0,0.0,0.0,0.0,0.0,0,0.0,0.0,0.0,0.0,0.0,1.0,0,1,0,1,1.0,1.0,2.0,3.0,1.0,0.0,1.0,0.0,41,1.0,2.0,1.0,3.0,0,0,0,1,1,0,0,0,0,3
0.0,0.0,0.0,0.0,0.0,0.0,0.0,0,0.0,0.0,0.0,0.0,0.0,0.0,1,1,0,2,2.0,4.0,5.0,1.0,0.0,0.0,0.0,0.0,23,2.0,3.0,5.0,5.0,0,1,0,0,0,0,1,0,0,3
0.0,0.0,0.0,0.0,0.0,0.0,0.0,0,0.0,0.0,0.0,0.0,0.0,0.0,0,0,0,1,3.0,2.0,2.0,4.0,0.0,0.0,0.0,0.0,60,1.0,2.0,5.0,6.0,1,0,0,0,0,0,0,0,0,1
0.0,0.0,1.0,0.0,0.0,0.0,0.0,0,0.0,0.0,1.0,0.0,0.0,0.0,1,1,0,2,2.0,5.0,4.0,3.0,1.0,1.0,1.0,0.0,45,2.0,3.0,4.0,3.0,0,0,1,0,0,0,0,1,0,3
0.0,1.0,0.0,1.0,1.0,1.0,1.0,1,0.0,0.0,1.0,0.0,0.0,0.0,0,1,1,1,5.0,5.0,1.0,5.0,1.0,1.0,1.0,1.0,59,5.0,3.0,10.0,7.0,1,0,0,0,0,0,1,0,0,1
0.0,0.0,0.0,0.0,0.0,0.0,0.0,0,0.0,0.0,0.0,0.0,0.0,1.0,0,0,0,2,4.0,5.0,4.0,5.0,1.0,1.0,1.0,0.0,63,0.0,2.0,2.0,3.0,1,0,1,0,0,0,0,0,1,2
0.0,0.0,1.0,0.0,0.0,0.0,0.0,1,0.0,0.0,0.0,0.0,0.0,0.0,0,1,0,3,1.0,3.0,2.0,1.0,1.0,0.0,1.0,0.0,58,2.0,2.0,4.0,3.0,0,0,0,0,0,0,0,0,0,2
1.0,1.0,0.0,0.0,0.0,0.0,1.0,0,0.0,1.0,0.0,0.0,0.0,1.0,1,1,0,3,4.0,3.0,4.0,3.0,1.0,1.0,1.0,0.0,37,2.0,1.0,5.0,4.0,1,0,1,0,0,0,1,0,0,2
1.0,1.0,0.0,0.0,0.0,0.0,1.0,1,0.0,0.0,0.0,0.0,0.0,0.0,0,1,0,3,1.0,5.0,1.0,1.0,1.0,1.0,1.0,0.0,58,2.0,3.0,4.0,4.0,1,0,0,0,0,0,0,0,1,2
0.0,0.0,0.0,0.0,0.0,0.0,0.0,0,0.0,0.0,1.0,0.0,0.0,0.0,0,1,0,1,2.0,5.0,1.0,5.0,1.0,1.0,1.0,0.0,22,2.0,1.0,2.0,1.0,1,1,0,0,0,0,0,0,0,3
1.0,1.0,0.0,0.0,0.0,0.0,1.0,0,0.0,0.0,0.0,0.0,0.0,0.0,0,1,1,2,5.0,5.0,1.0,5.0,1.0,1.0,1.0,0.0,29,4.0,2.0,4.0,5.0,1,0,1,0,0,0,0,0,0,1
0.0,0.0,0.0,0.0,0.0,0.0,0.0,0,0.0,0.0,0.0,0.0,0.0,0.0,0,1,0,5,1.0,1.0,1.0,1.0,0.0,0.0,0.0,0.0,58,1.0,2.0,2.0,1.0,0,0,0,0,0,0,0,0,1,3
1.0,1.0,0.0,0.0,0.0,0.0,0.0,0,0.0,1.0,0.0,0.0,0.0,0.0,0,1,0,3,2.0,2.0,4.0,5.0,1.0,0.0,1.0,0.0,28,1.0,2.0,1.0,3.0,1,0,1,0,0,0,1,0,0,2
0.0,1.0,0.0,0.0,0.0,0.0,1.0,0,0.0,0.0,0.0,0.0,0.0,0.0,1,0,0,1,5.0,5.0,5.0,5.0,1.0,1.0,1.0,1.0,18,2.0,1.0,2.0,1.0,1,0,0,0,0,0,0,0,1,1
0.0,0.0,0.0,0.0,0.0,0.0,1.0,0,0.0,0.0,0.0,0.0,0.0,1.0,0,1,0,3,4.0,5.0,1.0,4.0,0.0,1.0,1.0,1.0,35,2.0,1.0,2.0,2.0,0,0,1,0,0,1,0,0,0,1
0.0,0.0,0.0,0.0,0.0,0.0,1.0,0,0.0,0.0,0.0,0.0,0.0,0.0,1,1,0,4,4.0,3.0,1.0,5.0,1.0,1.0,1.0,0.0,28,2.0,1.0,4.0,5.0,1,1,0,0,0,1,0,0,0,2
1.0,1.0,1.0,0.0,0.0,0.0,1.0,0,0.0,0.0,1.0,0.0,0.0,0.0,1,1,0,5,2.0,2.0,5.0,4.0,1.0,0.0,1.0,0.0,35,5.0,2.0,5.0,6.0,0,0,0,1,0,0,0,1,0,3
0.0,0.0,0.0,0.0,0.0,0.0,0.0,0,0.0,0.0,1.0,0.0,0.0,0.0,0,1,0,1,5.0,5.0,1.0,5.0,1.0,0.0,1.0,0.0,41,2.0,2.0,6.0,2.0,1,0,1,0,1,0,0,0,0,1
1.0,1.0,0.0,0.0,0.0,0.0,0.0,0,1.0,0.0,0.0,0.0,0.0,0.0,0,1,0,1,3.0,4.0,1.0,3.0,1.0,1.0,1.0,0.0,59,5.0,3.0,8.0,7.0,1,0,0,0,1,0,0,0,0,1
0.0,0.0,0.0,0.0,0.0,0.0,0.0,0,0.0,0.0,0.0,1.0,0.0,0.0,1,1,0,2,1.0,5.0,1.0,3.0,1.0,1.0,1.0,0.0,29,5.0,1.0,3.0,4.0,0,0,0,0,0,0,0,0,0,3
0.0,0.0,0.0,0.0,0.0,0.0,0.0,0,0.0,0.0,0.0,0.0,0.0,0.0,0,1,0,3,3.0,4.0,1.0,3.0,0.0,1.0,1.0,0.0,28,2.0,2.0,2.0,3.0,0,0,0,1,1,0,0,0,0,3
0.0,0.0,0.0,0.0,0.0,0.0,0.0,0,0.0,0.0,1.0,1.0,0.0,0.0,1,1,0,4,3.0,4.0,1.0,3.0,1.0,1.0,1.0,0.0,26,2.0,1.0,4.0,4.0,0,1,0,0,0,0,0,1,0,2
0.0,0.0,0.0,0.0,0.0,0.0,1.0,0,0.0,1.0,0.0,0.0,0.0,0.0,1,1,0,3,1.0,2.0,5.0,1.0,0.0,0.0,1.0,0.0,55,2.0,1.0,4.0,5.0,1,1,0,0,0,0,0,0,0,3
0.0,0.0,1.0,0.0,0.0,0.0,0.0,0,0.0,0.0,0.0,0.0,0.0,0.0,1,1,0,1,3.0,4.0,2.0,2.0,1.0,0.0,1.0,0.0,49,3.0,2.0,4.0,2.0,0,0,0,1,0,1,0,0,0,3
1.0,1.0,1.0,0.0,0.0,0.0,1.0,0,0.0,0.0,0.0,0.0,0.0,0.0,1,1,1,2,5.0,4.0,1.0,4.0,1.0,1.0,1.0,0.0,34,5.0,2.0,9.0,8.0,0,0,0,0,1,0,0,0,0,2
0.0,0.0,0.0,0.0,0.0,0.0,0.0,0,0.0,1.0,0.0,0.0,0.0,0.0,1,1,0,4,5.0,3.0,5.0,4.0,1.0,1.0,1.0,0.0,23,2.0,1.0,5.0,5.0,1,0,0,0,1,0,0,0,0,3
1.0,0.0,1.0,0.0,0.0,0.0,0.0,0,0.0,0.0,1.0,0.0,0.0,0.0,0,0,0,3,3.0,3.0,3.0,4.0,0.0,1.0,1.0,0.0,25,2.0,2.0,3.0,3.0,0,0,0,0,0,0,1,0,0,3
0.0,0.0,0.0,0.0,0.0,0.0,1.0,0,0.0,0.0,0.0,0.0,0.0,0.0,1,1,0,5,5.0,5.0,1.0,1.0,1.0,0.0,1.0,0.0,35,1.0,2.0,7.0,5.0,1,0,0,0,1,0,0,0,0,2
1.0,1.0,1.0,0.0,0.0,0.0,0.0,0,0.0,0.0,0.0,0.0,0.0,0.0,1,1,0,1,4.0,4.0,5.0,2.0,1.0,0.0,1.0,1.0,36,3.0,2.0,2.0,3.0,0,1,0,0,0,0,0,0,1,3
1.0,0.0,0.0,0.0,0.0,0.0,1.0,0,0.0,0.0,0.0,0.0,0.0,0.0,1,1,0,2,3.0,2.0,1.0,4.0,1.0,0.0,1.0,0.0,31,3.0,1.0,6.0,5.0,0,1,0,0,0,1,0,0,0,3
0.0,0.0,1.0,0.0,0.0,0.0,0.0,0,0.0,0.0,0.0,0.0,0.0,0.0,0,1,0,3,3.0,5.0,1.0,3.0,1.0,1.0,1.0,0.0,34,2.0,1.0,2.0,4.0,0,0,1,0,1,0,0,0,0,3
1.0,0.0,1.0,0.0,0.0,0.0,0.0,0,0.0,0.0,0.0,0.0,0.0,0.0,1,1,0,3,3.0,5.0,5.0,3.0,1.0,0.0,0.0,0.0,33,2.0,2.0,3.0,6.0,1,0,0,0,1,0,0,0,0,3
1.0,1.0,1.0,0.0,0.0,0.0,1.0,0,0.0,0.0,0.0,0.0,0.0,0.0,1,1,0,5,2.0,3.0,5.0,4.0,1.0,0.0,1.0,0.0,37,2.0,3.0,5.0,4.0,0,0,0,0,1,0,0,0,0,3
1.0,0.0,1.0,0.0,0.0,0.0,0.0,0,0.0,0.0,0.0,0.0,0.0,0.0,1,1,0,3,5.0,4.0,1.0,5.0,1.0,1.0,1.0,0.0,21,2.0,1.0,3.0,2.0,0,0,1,0,0,1,0,0,0,2
0.0,0.0,0.0,0.0,0.0,0.0,0.0,0,0.0,0.0,0.0,0.0,0.0,0.0,0,1,0,2,3.0,5.0,4.0,3.0,1.0,1.0,1.0,0.0,45,2.0,2.0,6.0,4.0,0,0,0,0,1,0,0,0,0,1
0.0,0.0,0.0,0.0,0.0,0.0,0.0,0,0.0,0.0,0.0,0.0,0.0,1.0,0,1,0,1,3.0,4.0,3.0,3.0,1.0,0.0,1.0,1.0,35,2.0,2.0,2.0,3.0,0,0,0,1,0,0,0,1,0,2
1.0,1.0,0.0,0.0,0.0,0.0,0.0,0,0.0,0.0,0.0,0.0,1.0,0.0,0,1,1,1,3.0,5.0,5.0,5.0,0.0,1.0,1.0,0.0,40,4.0,4.0,7.0,7.0,0,0,0,0,0,0,1,0,0,3
0.0,0.0,1.0,0.0,0.0,0.0,1.0,0,0.0,0.0,0.0,0.0,0.0,0.0,1,1,1,1,1.0,2.0,1.0,4.0,1.0,1.0,1.0,0.0,40,2.0,2.0,8.0,7.0,0,0,0,0,1,0,0,0,0,1
0.0,0.0,0.0,0.0,0.0,0.0,0.0,0,0.0,0.0,0.0,0.0,0.0,0.0,0,0,0,1,5.0,5.0,1.0,4.0,1.0,0.0,0.0,0.0,30,2.0,2.0,1.0,1.0,0,0,0,0,0,0,0,0,0,2
0.0,0.0,0.0,0.0,0.0,0.0,0.0,0,0.0,0.0,0.0,0.0,0.0,0.0,0,0,0,3,1.0,5.0,3.0,5.0,0.0,1.0,1.0,0.0,66,1.0,2.0,4.0,4.0,0,0,0,0,1,0,0,0,0,3
0.0,0.0,1.0,0.0,0.0,0.0,0.0,0,1.0,0.0,1.0,0.0,0.0,1.0,0,1,0,1,5.0,5.0,1.0,4.0,1.0,1.0,1.0,0.0,23,3.0,1.0,5.0,4.0,0,0,0,0,0,0,0,0,0,2
1.0,0.0,0.0,0.0,0.0,0.0,0.0,0,0.0,0.0,0.0,0.0,0.0,1.0,1,1,1,5,3.0,5.0,1.0,5.0,1.0,1.0,1.0,0.0,53,2.0,2.0,1.0,2.0,1,0,0,0,1,0,0,0,0,2
1.0,1.0,1.0,0.0,0.0,0.0,0.0,0,0.0,0.0,0.0,1.0,0.0,1.0,1,1,0,1,3.0,5.0,1.0,5.0,1.0,1.0,1.0,0.0,24,2.0,1.0,5.0,4.0,0,0,1,0,1,0,0,0,0,2
1.0,0.0,0.0,0.0,0.0,0.0,0.0,0,0.0,0.0,0.0,0.0,0.0,0.0,0,0,1,5,1.0,1.0,1.0,1.0,0.0,0.0,0.0,0.0,63,2.0,3.0,1.0,4.0,1,0,0,0,1,0,0,0,0,3
0.0,0.0,0.0,0.0,0.0,0.0,0.0,0,0.0,0.0,0.0,0.0,0.0,0.0,0,0,0,1,1.0,5.0,1.0,1.0,0.0,0.0,0.0,0.0,25,2.0,2.0,4.0,4.0,0,1,0,0,0,0,0,0,1,2
0.0,0.0,0.0,0.0,0.0,0.0,0.0,0,0.0,0.0,0.0,1.0,0.0,0.0,0,1,0,5,3.0,4.0,5.0,2.0,0.0,0.0,1.0,0.0,49,1.0,1.0,1.0,1.0,1,1,0,0,0,0,0,1,0,1
0.0,1.0,1.0,0.0,0.0,0.0,1.0,0,0.0,1.0,0.0,1.0,0.0,1.0,1,1,0,3,5.0,5.0,1.0,5.0,1.0,1.0,1.0,1.0,45,2.0,1.0,3.0,2.0,0,0,0,0,0,0,0,0,0,2
0.0,0.0,1.0,0.0,0.0,0.0,0.0,0,0.0,1.0,0.0,0.0,0.0,1.0,1,1,0,3,5.0,5.0,3.0,4.0,1.0,1.0,1.0,1.0,26,2.0,1.0,2.0,2.0,0,0,1,0,0,0,0,0,0,2
1.0,1.0,1.0,0.0,0.0,0.0,0.0,0,0.0,0.0,0.0,0.0,0.0,0.0,1,1,0,2,5.0,5.0,1.0,5.0,1.0,1.0,1.0,0.0,46,3.0,1.0,7.0,2.0,1,0,0,0,0,0,0,0,0,1
1.0,0.0,0.0,0.0,0.0,0.0,1.0,0,0.0,0.0,0.0,0.0,0.0,0.0,1,1,1,3,2.0,2.0,3.0,3.0,1.0,0.0,1.0,0.0,24,2.0,1.0,4.0,4.0,1,0,0,0,0,0,0,0,1,3
0.0,0.0,1.0,0.0,0.0,0.0,1.0,0,0.0,0.0,0.0,0.0,0.0,0.0,1,1,0,1,5.0,5.0,1.0,5.0,1.0,1.0,1.0,0.0,50,1.0,3.0,5.0,4.0,0,0,1,0,0,0,0,1,0,2
0.0,0.0,0.0,0.0,0.0,0.0,0.0,0,0.0,0.0,0.0,0.0,0.0,0.0,0,1,0,1,1.0,3.0,1.0,3.0,0.0,0.0,1.0,0.0,42,2.0,2.0,4.0,4.0,0,1,0,0,0,0,1,0,0,3
0.0,0.0,0.0,0.0,0.0,0.0,0.0,0,0.0,1.0,0.0,0.0,0.0,0.0,1,1,0,1,4.0,4.0,1.0,5.0,1.0,1.0,1.0,0.0,23,3.0,2.0,3.0,4.0,0,0,0,0,1,0,0,0,0,3
1.0,1.0,0.0,1.0,1.0,0.0,1.0,0,0.0,1.0,0.0,0.0,0.0,0.0,0,1,0,1,5.0,5.0,1.0,5.0,1.0,0.0,1.0,0.0,21,3.0,1.0,4.0,3.0,1,0,0,1,1,0,0,0,0,2
0.0,0.0,0.0,0.0,0.0,0.0,0.0,0,0.0,0.0,1.0,0.0,0.0,1.0,1,1,1,1,5.0,5.0,5.0,5.0,1.0,1.0,1.0,1.0,43,0.0,2.0,1.0,4.0,0,0,0,0,0,0,1,0,0,1
0.0,0.0,0.0,0.0,0.0,0.0,0.0,0,1.0,1.0,1.0,0.0,0.0,0.0,0,1,0,3,4.0,3.0,1.0,5.0,1.0,1.0,1.0,1.0,25,2.0,1.0,3.0,3.0,1,1,0,0,0,0,0,0,1,3
0.0,0.0,0.0,0.0,0.0,0.0,0.0,0,0.0,0.0,0.0,0.0,0.0,0.0,0,1,0,1,1.0,1.0,1.0,1.0,0.0,0.0,1.0,0.0,46,1.0,2.0,4.0,4.0,0,0,0,0,0,0,0,1,0,1
1.0,0.0,1.0,0.0,0.0,1.0,1.0,0,0.0,1.0,0.0,0.0,0.0,0.0,1,1,1,1,1.0,5.0,1.0,1.0,1.0,0.0,1.0,0.0,33,1.0,2.0,2.0,2.0,1,0,0,0,1,0,0,0,0,2
0.0,0.0,0.0,0.0,0.0,0.0,0.0,0,0.0,0.0,0.0,0.0,0.0,0.0,0,1,0,5,3.0,3.0,3.0,4.0,0.0,0.0,0.0,0.0,70,1.0,3.0,1.0,1.0,0,0,0,0,0,0,1,0,0,3
0.0,0.0,0.0,0.0,0.0,0.0,0.0,0,1.0,0.0,0.0,0.0,0.0,0.0,0,1,1,5,1.0,2.0,1.0,5.0,1.0,1.0,1.0,0.0,61,2.0,3.0,3.0,3.0,0,0,0,0,1,0,0,0,0,2
0.0,0.0,1.0,0.0,0.0,0.0,1.0,0,0.0,1.0,0.0,0.0,0.0,0.0,1,1,0,1,4.0,3.0,2.0,4.0,1.0,1.0,1.0,1.0,19,3.0,2.0,6.0,4.0,1,1,0,0,0,1,0,0,0,2
1.0,1.0,0.0,0.0,0.0,0.0,1.0,0,0.0,0.0,0.0,0.0,0.0,0.0,0,1,1,4,1.0,2.0,2.0,5.0,1.0,0.0,0.0,0.0,54,1.0,2.0,4.0,6.0,0,0,0,0,1,0,0,0,0,3
1.0,0.0,1.0,0.0,0.0,1.0,1.0,0,0.0,0.0,0.0,0.0,0.0,0.0,1,1,1,3,2.0,2.0,2.0,5.0,1.0,0.0,1.0,0.0,33,2.0,5.0,7.0,3.0,1,0,0,0,0,0,0,0,1,3
0.0,0.0,0.0,0.0,0.0,0.0,0.0,0,0.0,0.0,0.0,0.0,0.0,0.0,0,1,1,1,3.0,4.0,3.0,2.0,0.0,1.0,1.0,0.0,59,2.0,2.0,1.0,1.0,1,1,0,0,0,0,0,0,1,2
1.0,0.0,1.0,0.0,0.0,0.0,0.0,0,0.0,0.0,0.0,0.0,0.0,1.0,1,1,0,2,5.0,4.0,5.0,2.0,1.0,0.0,1.0,0.0,51,1.0,2.0,2.0,4.0,0,1,0,0,1,0,0,0,0,2
0.0,1.0,0.0,0.0,1.0,0.0,0.0,0,0.0,0.0,0.0,0.0,0.0,0.0,1,1,1,3,1.0,5.0,5.0,4.0,0.0,0.0,0.0,0.0,50,5.0,4.0,9.0,10.0,0,0,0,0,1,0,0,0,0,3
0.0,0.0,0.0,0.0,0.0,0.0,0.0,0,0.0,1.0,0.0,1.0,0.0,0.0,1,1,1,2,3.0,3.0,1.0,5.0,1.0,1.0,1.0,0.0,50,2.0,3.0,5.0,5.0,0,0,0,0,0,0,0,0,1,1
0.0,0.0,0.0,0.0,0.0,0.0,0.0,0,0.0,0.0,0.0,0.0,0.0,0.0,0,1,0,1,2.0,2.0,4.0,4.0,1.0,1.0,1.0,0.0,55,2.0,1.0,1.0,2.0,0,0,0,1,0,0,0,0,1,2
1.0,1.0,0.0,0.0,0.0,0.0,0.0,0,1.0,1.0,1.0,0.0,0.0,0.0,1,1,0,2,3.0,4.0,2.0,4.0,1.0,1.0,1.0,0.0,44,6.0,2.0,7.0,6.0,1,0,0,1,0,0,0,1,0,1
1.0,1.0,1.0,0.0,0.0,0.0,1.0,0,0.0,0.0,0.0,1.0,1.0,1.0,1,1,1,3,5.0,5.0,1.0,5.0,1.0,1.0,1.0,1.0,57,2.0,1.0,5.0,4.0,1,0,0,0,0,0,0,0,0,1
1.0,1.0,0.0,0.0,0.0,0.0,0.0,0,0.0,0.0,0.0,0.0,0.0,1.0,1,1,0,3,3.0,3.0,5.0,5.0,1.0,1.0,1.0,1.0,31,4.0,1.0,4.0,3.0,0,0,0,0,0,0,0,0,0,2
1.0,0.0,0.0,0.0,0.0,0.0,0.0,0,0.0,0.0,0.0,0.0,0.0,1.0,1,1,0,4,1.0,2.0,1.0,1.0,1.0,1.0,1.0,0.0,24,2.0,2.0,1.0,4.0,0,1,0,0,0,0,1,0,0,3
0.0,0.0,0.0,0.0,0.0,0.0,1.0,0,0.0,0.0,0.0,0.0,0.0,0.0,1,1,0,3,3.0,5.0,3.0,3.0,1.0,0.0,1.0,0.0,25,2.0,1.0,5.0,3.0,1,1,0,0,0,0,0,0,0,3
1.0,1.0,1.0,0.0,0.0,0.0,1.0,0,0.0,0.0,0.0,0.0,0.0,0.0,1,1,0,1,5.0,5.0,1.0,5.0,1.0,1.0,1.0,1.0,30,2.0,1.0,5.0,2.0,0,0,0,0,0,1,0,0,0,2
0.0,0.0,0.0,0.0,0.0,0.0,0.0,0,0.0,0.0,0.0,0.0,0.0,0.0,0,1,0,1,1.0,1.0,5.0,1.0,0.0,0.0,0.0,0.0,65,1.0,1.0,4.0,3.0,0,0,1,0,1,0,0,0,0,3
1.0,1.0,0.0,0.0,0.0,0.0,0.0,0,0.0,1.0,1.0,0.0,0.0,0.0,1,1,1,1,4.0,4.0,2.0,3.0,0.0,1.0,0.0,1.0,33,5.0,5.0,8.0,8.0,0,0,0,0,0,0,1,0,0,2
0.0,0.0,1.0,0.0,0.0,0.0,1.0,0,0.0,0.0,0.0,0.0,0.0,0.0,0,1,0,1,4.0,4.0,1.0,4.0,1.0,1.0,1.0,1.0,35,2.0,1.0,3.0,4.0,0,0,0,0,0,0,0,0,0,1
1.0,0.0,0.0,0.0,0.0,0.0,1.0,0,0.0,1.0,0.0,0.0,0.0,0.0,1,0,0,1,5.0,5.0,1.0,3.0,1.0,1.0,1.0,0.0,38,2.0,1.0,6.0,4.0,1,1,0,0,1,0,0,0,0,1
0.0,0.0,0.0,0.0,0.0,0.0,1.0,0,0.0,0.0,0.0,0.0,0.0,1.0,1,1,0,1,3.0,4.0,1.0,4.0,1.0,1.0,1.0,0.0,40,3.0,1.0,3.0,3.0,0,1,0,0,0,0,0,0,0,2
0.0,1.0,0.0,0.0,0.0,0.0,1.0,0,0.0,0.0,0.0,0.0,0.0,0.0,1,1,0,4,1.0,2.0,2.0,5.0,0.0,0.0,1.0,0.0,59,1.0,4.0,3.0,4.0,1,0,0,0,0,0,1,0,0,3
0.0,0.0,1.0,0.0,0.0,0.0,0.0,0,0.0,0.0,0.0,0.0,0.0,0.0,1,1,0,1,4.0,3.0,5.0,3.0,1.0,0.0,0.0,0.0,35,1.0,1.0,4.0,4.0,0,0,1,0,1,0,0,0,0,3
0.0,0.0,1.0,0.0,0.0,0.0,0.0,0,0.0,0.0,0.0,1.0,0.0,0.0,0,0,0,2,4.0,4.0,2.0,4.0,0.0,1.0,0.0,1.0,22,5.0,2.0,2.0,2.0,0,0,1,0,0,0,0,0,0,2
0.0,0.0,1.0,0.0,0.0,0.0,0.0,0,0.0,0.0,0.0,0.0,0.0,1.0,1,1,0,2,4.0,4.0,3.0,1.0,1.0,0.0,1.0,0.0,32,2.0,3.0,1.0,3.0,0,0,0,1,1,0,0,0,0,2
0.0,0.0,0.0,0.0,0.0,0.0,0.0,0,1.0,1.0,1.0,0.0,0.0,0.0,0,1,0,1,5.0,5.0,1.0,5.0,1.0,1.0,1.0,0.0,45,2.0,1.0,7.0,4.0,1,0,0,0,0,0,0,0,0,1
0.0,0.0,0.0,0.0,0.0,0.0,0.0,0,0.0,0.0,0.0,0.0,0.0,0.0,0,0,0,1,4.0,2.0,3.0,5.0,0.0,0.0,0.0,0.0,18,2.0,1.0,5.0,6.0,1,0,0,0,0,0,0,0,1,1
0.0,0.0,0.0,0.0,0.0,0.0,0.0,0,0.0,0.0,0.0,0.0,0.0,0.0,0,0,0,4,2.0,3.0,4.0,3.0,0.0,0.0,1.0,0.0,70,2.0,3.0,1.0,2.0,0,0,0,0,0,0,0,0,1,1
0.0,0.0,1.0,0.0,0.0,0.0,0.0,0,0.0,0.0,0.0,0.0,0.0,0.0,0,1,0,4,1.0,4.0,1.0,1.0,0.0,0.0,1.0,0.0,23,2.0,1.0,2.0,4.0,0,0,0,0,0,0,0,0,1,3
0.0,0.0,0.0,0.0,0.0,0.0,0.0,0,0.0,0.0,0.0,0.0,0.0,0.0,0,0,0,1,3.0,5.0,1.0,5.0,0.0,0.0,0.0,0.0,57,3.0,3.0,4.0,4.0,0,1,0,0,0,1,0,0,0,1
0.0,0.0,1.0,0.0,0.0,0.0,0.0,0,0.0,0.0,0.0,0.0,0.0,0.0,1,1,0,5,1.0,1.0,1.0,1.0,0.0,1.0,1.0,0.0,31,2.0,1.0,1.0,4.0,0,0,0,0,0,0,0,0,0,3
1.0,1.0,1.0,0.0,0.0,0.0,0.0,1,0.0,0.0,0.0,0.0,0.0,0.0,0,1,0,4,2.0,3.0,5.0,3.0,1.0,0.0,1.0,0.0,56,2.0,2.0,4.0,4.0,0,0,0,0,0,1,0,0,0,2
1.0,0.0,0.0,0.0,0.0,0.0,0.0,0,0.0,1.0,1.0,0.0,0.0,0.0,1,1,0,3,5.0,3.0,1.0,3.0,1.0,1.0,1.0,0.0,70,1.0,2.0,3.0,3.0,0,1,0,0,0,0,1,0,0,3
0.0,0.0,1.0,0.0,0.0,0.0,0.0,0,0.0,0.0,0.0,0.0,0.0,1.0,1,1,0,5,4.0,3.0,3.0,4.0,0.0,0.0,1.0,0.0,44,1.0,1.0,2.0,6.0,0,1,0,0,0,0,0,0,0,3
1.0,0.0,0.0,0.0,0.0,0.0,0.0,0,0.0,0.0,0.0,0.0,0.0,0.0,0,1,0,1,2.0,5.0,1.0,5.0,0.0,1.0,1.0,0.0,54,3.0,1.0,5.0,3.0,0,0,0,0,0,0,0,0,0,1
0.0,0.0,0.0,0.0,0.0,0.0,0.0,0,0.0,0.0,0.0,0.0,0.0,0.0,1,1,0,1,1.0,4.0,2.0,5.0,1.0,1.0,1.0,0.0,52,1.0,1.0,2.0,2.0,1,0,1,0,1,0,0,0,0,2
1.0,0.0,1.0,0.0,0.0,0.0,1.0,0,0.0,0.0,0.0,0.0,0.0,1.0,1,1,0,5,1.0,3.0,5.0,3.0,1.0,1.0,1.0,0.0,42,2.0,2.0,4.0,6.0,1,0,0,0,1,0,0,0,0,2
0.0,0.0,1.0,0.0,0.0,0.0,0.0,0,0.0,0.0,0.0,1.0,0.0,0.0,0,1,0,3,3.0,3.0,1.0,4.0,0.0,1.0,1.0,1.0,22,4.0,2.0,5.0,6.0,0,0,0,0,1,0,0,0,0,1
1.0,1.0,0.0,0.0,1.0,0.0,1.0,0,0.0,0.0,0.0,0.0,0.0,0.0,1,1,0,1,3.0,5.0,1.0,4.0,0.0,1.0,1.0,0.0,40,5.0,3.0,9.0,7.0,1,0,0,0,0,0,1,0,0,2
1.0,1.0,1.0,0.0,0.0,0.0,0.0,0,0.0,1.0,0.0,1.0,1.0,0.0,0,1,0,2,4.0,4.0,1.0,5.0,0.0,1.0,1.0,1.0,57,3.0,2.0,1.0,1.0,1,0,1,0,0,0,0,0,1,2
0.0,0.0,0.0,0.0,0.0,0.0,0.0,0,0.0,0.0,1.0,0.0,0.0,0.0,0,1,0,1,3.0,5.0,1.0,5.0,1.0,1.0,1.0,0.0,41,2.0,1.0,5.0,4.0,1,0,0,0,0,0,0,0,0,3
0.0,0.0,0.0,0.0,0.0,0.0,0.0,0,0.0,0.0,0.0,0.0,0.0,0.0,1,0,0,3,2.0,3.0,4.0,2.0,1.0,0.0,0.0,0.0,65,0.0,2.0,2.0,2.0,1,1,0,0,0,0,0,0,0,2
0.0,0.0,0.0,0.0,0.0,0.0,0.0,0,0.0,0.0,0.0,0.0,0.0,0.0,0,0,0,1,1.0,5.0,1.0,1.0,0.0,1.0,1.0,0.0,54,2.0,5.0,4.0,7.0,0,0,0,0,0,0,1,0,0,2
0.0,0.0,0.0,0.0,0.0,0.0,0.0,0,0.0,0.0,0.0,0.0,0.0,1.0,0,0,0,1,5.0,5.0,1.0,5.0,0.0,0.0,0.0,0.0,18,2.0,1.0,1.0,1.0,1,1,0,0,0,0,0,0,0,2
0.0,0.0,1.0,0.0,0.0,0.0,0.0,0,0.0,1.0,0.0,0.0,0.0,0.0,0,1,0,1,3.0,3.0,1.0,5.0,0.0,1.0,1.0,0.0,27,2.0,2.0,5.0,5.0,1,0,0,0,1,0,0,0,0,2
0.0,0.0,0.0,0.0,0.0,0.0,0.0,0,0.0,0.0,0.0,0.0,0.0,1.0,0,1,0,2,3.0,3.0,3.0,3.0,1.0,1.0,1.0,0.0,38,2.0,1.0,1.0,2.0,1,0,1,0,0,0,0,0,1,3
1.0,0.0,1.0,0.0,0.0,0.0,0.0,0,0.0,1.0,1.0,1.0,0.0,0.0,1,1,0,1,1.0,5.0,1.0,5.0,1.0,1.0,1.0,0.0,49,3.0,2.0,3.0,1.0,0,1,0,0,0,1,0,0,0,2
0.0,0.0,0.0,0.0,0.0,0.0,0.0,0,0.0,0.0,0.0,0.0,0.0,0.0,0,1,0,1,1.0,5.0,1.0,1.0,0.0,0.0,0.0,0.0,19,2.0,3.0,9.0,5.0,1,0,0,0,0,0,0,0,0,3
1.0,1.0,0.0,0.0,0.0,0.0,1.0,0,0.0,0.0,0.0,0.0,0.0,0.0,1,1,0,2,5.0,4.0,1.0,3.0,1.0,0.0,1.0,0.0,39,3.0,3.0,7.0,7.0,0,0,0,0,0,0,0,0,1,3
1.0,1.0,1.0,0.0,0.0,0.0,1.0,0,1.0,0.0,0.0,0.0,0.0,0.0,0,1,0,2,3.0,4.0,1.0,4.0,0.0,1.0,0.0,0.0,30,5.0,3.0,9.0,7.0,0,0,0,0,1,0,0,0,0,1
1.0,0.0,1.0,0.0,0.0,0.0,1.0,0,1.0,0.0,0.0,0.0,0.0,0.0,0,1,0,1,4.0,1.0,5.0,1.0,1.0,0.0,1.0,0.0,34,2.0,2.0,7.0,5.0,0,0,0,0,1,0,0,0,0,1
0.0,0.0,1.0,0.0,0.0,0.0,0.0,0,0.0,0.0,0.0,0.0,0.0,0.0,1,1,0,5,3.0,5.0,4.0,5.0,1.0,0.0,1.0,0.0,53,1.0,1.0,4.0,4.0,0,0,0,0,1,0,0,0,0,2
1.0,0.0,1.0,0.0,0.0,0.0,1.0,0,0.0,0.0,0.0,0.0,0.0,0.0,1,0,0,3,1.0,2.0,5.0,3.0,0.0,1.0,0.0,0.0,30,3.0,2.0,1.0,2.0,0,0,0,1,1,0,0,0,0,1
0.0,0.0,0.0,0.0,0.0,0.0,1.0,0,0.0,0.0,0.0,0.0,0.0,0.0,0,1,1,1,5.0,5.0,5.0,5.0,1.0,1.0,1.0,0.0,55,1.0,1.0,1.0,5.0,0,0,1,0,0,1,0,0,0,3
1.0,1.0,1.0,0.0,0.0,0.0,0.0,0,0.0,0.0,0.0,0.0,0.0,0.0,1,1,0,3,2.0,4.0,1.0,3.0,1.0,0.0,1.0,1.0,30,2.0,1.0,3.0,3.0,0,1,0,0,0,0,0,0,0,2
1.0,1.0,1.0,0.0,0.0,0.0,0.0,0,0.0,0.0,0.0,0.0,0.0,0.0,0,1,0,1,1.0,1.0,1.0,5.0,1.0,1.0,1.0,1.0,19,2.0,2.0,3.0,2.0,0,0,0,0,0,0,0,0,0,3
0.0,0.0,0.0,0.0,0.0,0.0,0.0,0,0.0,0.0,0.0,0.0,0.0,0.0,1,1,0,1,2.0,4.0,1.0,4.0,1.0,1.0,1.0,0.0,33,2.0,2.0,4.0,4.0,0,0,0,0,0,0,0,0,1,2
0.0,0.0,0.0,0.0,0.0,0.0,0.0,0,0.0,0.0,0.0,0.0,0.0,1.0,0,1,0,1,2.0,3.0,1.0,1.0,0.0,1.0,1.0,0.0,52,5.0,2.0,2.0,3.0,0,1,0,0,0,0,0,0,0,1
0.0,0.0,0.0,0.0,0.0,0.0,1.0,0,0.0,0.0,0.0,0.0,0.0,0.0,0,0,0,1,5.0,5.0,1.0,5.0,1.0,0.0,0.0,0.0,18,3.0,3.0,6.0,6.0,0,0,0,0,0,0,0,0,1,3
1.0,1.0,0.0,0.0,0.0,0.0,0.0,1,1.0,1.0,1.0,0.0,1.0,0.0,1,1,1,2,3.0,1.0,1.0,1.0,0.0,1.0,1.0,0.0,63,2.0,2.0,10.0,5.0,0,1,0,0,0,0,1,0,0,3
1.0,0.0,0.0,0.0,0.0,0.0,1.0,0,0.0,0.0,0.0,0.0,0.0,0.0,1,1,1,5,1.0,1.0,1.0,1.0,1.0,0.0,1.0,0.0,39,2.0,2.0,5.0,5.0,1,1,0,0,0,0,1,0,0,3
0.0,0.0,0.0,0.0,0.0,0.0,0.0,0,0.0,0.0,0.0,0.0,0.0,0.0,0,1,0,5,2.0,4.0,2.0,1.0,0.0,0.0,1.0,0.0,49,1.0,1.0,1.0,1.0,0,0,1,0,0,1,0,0,0,3
0.0,0.0,0.0,0.0,0.0,0.0,0.0,0,0.0,0.0,0.0,0.0,0.0,0.0,1,0,0,3,1.0,4.0,1.0,2.0,1.0,1.0,1.0,0.0,48,2.0,2.0,5.0,5.0,0,1,0,0,0,0,0,0,0,2
0.0,0.0,1.0,0.0,0.0,0.0,0.0,0,0.0,0.0,1.0,0.0,0.0,0.0,1,1,0,3,5.0,5.0,5.0,1.0,1.0,1.0,1.0,0.0,36,2.0,1.0,1.0,3.0,0,1,0,0,0,0,0,0,1,3
0.0,0.0,1.0,0.0,0.0,0.0,1.0,0,0.0,0.0,0.0,1.0,0.0,0.0,0,0,0,3,3.0,3.0,1.0,3.0,0.0,1.0,1.0,0.0,18,4.0,3.0,4.0,4.0,0,0,0,0,0,0,1,0,0,2
1.0,0.0,1.0,0.0,1.0,1.0,1.0,0,0.0,1.0,1.0,0.0,0.0,0.0,1,1,0,1,5.0,5.0,1.0,3.0,0.0,0.0,1.0,1.0,20,2.0,1.0,6.0,3.0,0,1,0,0,0,1,0,0,0,2
1.0,1.0,1.0,0.0,1.0,1.0,1.0,1,0.0,0.0,0.0,0.0,0.0,0.0,0,1,1,2,5.0,5.0,1.0,5.0,0.0,0.0,1.0,0.0,22,2.0,2.0,3.0,2.0,1,0,0,0,1,0,0,0,0,2
0.0,0.0,1.0,0.0,0.0,0.0,0.0,0,0.0,0.0,1.0,0.0,0.0,0.0,1,1,0,1,1.0,5.0,5.0,5.0,0.0,0.0,1.0,0.0,69,1.0,2.0,3.0,3.0,1,0,0,0,0,0,0,1,0,2
0.0,0.0,0.0,0.0,0.0,0.0,0.0,0,0.0,0.0,0.0,0.0,0.0,0.0,0,0,0,3,1.0,3.0,2.0,3.0,1.0,1.0,1.0,0.0,56,1.0,1.0,1.0,1.0,0,1,0,0,0,0,0,0,0,3
0.0,0.0,0.0,0.0,0.0,0.0,0.0,0,0.0,0.0,0.0,1.0,0.0,0.0,0,1,0,3,1.0,4.0,2.0,4.0,1.0,1.0,1.0,0.0,65,1.0,1.0,5.0,2.0,0,1,0,0,1,0,0,0,0,3
1.0,0.0,1.0,0.0,0.0,0.0,0.0,0,0.0,1.0,1.0,0.0,1.0,0.0,1,1,1,3,4.0,4.0,2.0,4.0,1.0,0.0,1.0,0.0,42,3.0,4.0,8.0,7.0,1,0,0,0,0,0,0,0,1,2
0.0,0.0,0.0,0.0,0.0,0.0,0.0,0,0.0,0.0,0.0,0.0,0.0,0.0,1,1,0,4,1.0,3.0,5.0,5.0,1.0,0.0,1.0,0.0,36,2.0,2.0,5.0,6.0,0,0,0,0,1,0,0,0,0,3
0.0,0.0,0.0,0.0,0.0,0.0,0.0,0,0.0,0.0,1.0,1.0,0.0,0.0,1,1,0,5,4.0,3.0,5.0,2.0,1.0,1.0,1.0,0.0,51,2.0,2.0,2.0,4.0,0,0,0,1,0,0,0,1,0,3
0.0,0.0,0.0,0.0,0.0,0.0,0.0,0,0.0,0.0,0.0,0.0,0.0,0.0,1,1,1,3,1.0,3.0,1.0,1.0,1.0,0.0,1.0,0.0,34,2.0,1.0,3.0,3.0,1,0,0,0,0,0,0,0,0,3
0.0,0.0,0.0,0.0,0.0,0.0,0.0,0,0.0,0.0,0.0,0.0,0.0,0.0,1,1,0,1,1.0,5.0,5.0,5.0,1.0,1.0,1.0,0.0,58,0.0,3.0,4.0,5.0,0,0,0,0,0,0,1,0,0,3
1.0,1.0,1.0,0.0,0.0,0.0,0.0,0,0.0,0.0,0.0,0.0,0.0,0.0,0,0,0,2,4.0,5.0,1.0,4.0,0.0,0.0,1.0,0.0,18,5.0,3.0,8.0,7.0,1,0,0,0,0,0,1,0,0,3
1.0,1.0,1.0,0.0,0.0,0.0,1.0,0,1.0,1.0,1.0,0.0,0.0,0.0,0,1,0,3,1.0,5.0,1.0,5.0,1.0,1.0,1.0,1.0,52,4.0,4.0,6.0,5.0,1,0,0,0,1,0,0,0,0,1
1.0,1.0,1.0,0.0,1.0,1.0,1.0,1,0.0,1.0,0.0,0.0,0.0,0.0,1,1,0,2,3.0,4.0,3.0,4.0,1.0,1.0,1.0,0.0,25,2.0,2.0,5.0,5.0,1,0,0,0,1,0,0,0,0,2
1.0,1.0,1.0,0.0,0.0,0.0,1.0,0,0.0,1.0,0.0,0.0,0.0,0.0,0,1,0,1,4.0,4.0,1.0,4.0,1.0,1.0,1.0,0.0,40,5.0,2.0,8.0,5.0,1,0,0,0,0,0,0,0,0,2
0.0,0.0,1.0,0.0,0.0,0.0,0.0,0,0.0,0.0,0.0,0.0,0.0,0.0,1,1,0,2,1.0,2.0,2.0,3.0,1.0,1.0,1.0,0.0,39,0.0,3.0,2.0,2.0,0,0,1,0,0,0,1,0,0,3
1.0,0.0,0.0,0.0,0.0,0.0,0.0,0,0.0,1.0,1.0,0.0,0.0,1.0,1,1,0,1,5.0,5.0,1.0,5.0,1.0,1.0,1.0,0.0,25,3.0,2.0,2.0,3.0,0,0,0,0,0,0,1,0,0,2
1.0,1.0,1.0,1.0,0.0,0.0,0.0,0,1.0,1.0,1.0,0.0,1.0,0.0,0,1,0,2,4.0,4.0,1.0,3.0,1.0,1.0,1.0,1.0,54,6.0,3.0,5.0,5.0,1,0,0,0,0,0,1,0,0,1
0.0,0.0,1.0,0.0,0.0,0.0,0.0,0,0.0,0.0,0.0,0.0,0.0,1.0,0,1,0,1,2.0,5.0,5.0,2.0,1.0,1.0,1.0,0.0,56,2.0,2.0,3.0,2.0,0,0,0,1,0,0,0,0,1,3
1.0,0.0,1.0,0.0,0.0,0.0,1.0,0,0.0,0.0,0.0,0.0,0.0,0.0,1,1,1,1,1.0,5.0,2.0,5.0,1.0,0.0,1.0,1.0,18,2.0,2.0,6.0,4.0,1,0,0,0,0,0,0,1,0,2
0.0,0.0,0.0,0.0,0.0,0.0,0.0,0,1.0,1.0,0.0,0.0,0.0,0.0,1,1,0,4,5.0,5.0,1.0,4.0,1.0,1.0,1.0,0.0,64,1.0,2.0,4.0,4.0,1,0,1,0,1,0,0,0,0,3
1.0,0.0,1.0,0.0,0.0,0.0,1.0,0,0.0,0.0,0.0,0.0,0.0,0.0,0,0,0,1,3.0,4.0,1.0,3.0,0.0,0.0,0.0,0.0,22,3.0,2.0,2.0,3.0,0,0,0,0,0,0,0,0,1,2
0.0,0.0,0.0,0.0,0.0,0.0,0.0,0,0.0,0.0,0.0,0.0,0.0,0.0,0,1,0,3,1.0,1.0,1.0,5.0,0.0,0.0,0.0,0.0,23,2.0,2.0,1.0,1.0,1,1,0,0,1,0,0,0,0,3
0.0,0.0,0.0,0.0,0.0,0.0,1.0,0,0.0,0.0,0.0,0.0,0.0,1.0,1,1,1,5,1.0,5.0,2.0,1.0,1.0,0.0,0.0,0.0,57,2.0,2.0,4.0,4.0,0,0,0,0,0,0,0,1,0,1
0.0,0.0,0.0,0.0,0.0,0.0,0.0,0,0.0,1.0,0.0,0.0,0.0,0.0,1,1,0,2,2.0,5.0,1.0,5.0,1.0,1.0,1.0,0.0,67,1.0,1.0,2.0,2.0,1,0,0,0,0,0,1,0,0,2
1.0,0.0,0.0,0.0,0.0,0.0,1.0,0,0.0,0.0,0.0,0.0,0.0,0.0,1,1,0,1,5.0,4.0,3.0,3.0,1.0,0.0,1.0,0.0,59,2.0,3.0,5.0,6.0,1,1,0,0,0,0,1,0,0,1
0.0,0.0,0.0,0.0,0.0,0.0,0.0,0,0.0,0.0,1.0,0.0,0.0,0.0,1,1,0,3,3.0,2.0,2.0,2.0,1.0,1.0,1.0,0.0,42,1.0,2.0,5.0,4.0,0,0,1,0,0,0,1,0,0,3
1.0,1.0,0.0,0.0,0.0,0.0,1.0,0,0.0,0.0,0.0,0.0,0.0,0.0,1,1,1,1,5.0,5.0,1.0,5.0,1.0,1.0,1.0,0.0,47,2.0,1.0,4.0,3.0,1,1,0,0,0,1,0,0,0,2
0.0,0.0,1.0,0.0,0.0,0.0,0.0,0,0.0,0.0,0.0,0.0,0.0,0.0,0,1,0,1,2.0,4.0,1.0,5.0,0.0,1.0,1.0,0.0,23,5.0,2.0,4.0,4.0,1,0,0,0,0,0,0,1,0,2
0.0,0.0,0.0,0.0,0.0,0.0,1.0,0,0.0,0.0,0.0,0.0,0.0,0.0,1,1,0,3,5.0,4.0,1.0,5.0,1.0,1.0,1.0,0.0,20,2.0,2.0,5.0,5.0,1,0,1,0,0,0,1,0,0,2
0.0,0.0,0.0,0.0,0.0,0.0,0.0,0,0.0,0.0,0.0,0.0,0.0,0.0,0,0,0,1,2.0,1.0,1.0,1.0,1.0,1.0,1.0,0.0,36,2.0,1.0,3.0,3.0,0,0,1,0,0,0,0,1,0,2
0.0,0.0,0.0,0.0,0.0,0.0,0.0,0,0.0,0.0,0.0,0.0,0.0,1.0,1,1,0,3,1.0,4.0,5.0,3.0,1.0,0.0,1.0,0.0,25,2.0,1.0,2.0,2.0,0,1,0,0,0,0,0,0,1,3
0.0,0.0,0.0,0.0,0.0,0.0,1.0,0,0.0,0.0,0.0,0.0,0.0,0.0,1,1,0,4,2.0,3.0,1.0,4.0,1.0,1.0,1.0,0.0,21,2.0,3.0,4.0,4.0,0,0,0,0,0,0,0,1,0,3
0.0,0.0,0.0,0.0,0.0,0.0,1.0,0,0.0,0.0,0.0,0.0,1.0,0.0,0,1,1,1,1.0,5.0,1.0,1.0,1.0,0.0,1.0,0.0,68,1.0,2.0,3.0,1.0,0,1,0,0,0,1,0,0,0,2
1.0,1.0,1.0,0.0,0.0,1.0,1.0,0,0.0,1.0,1.0,1.0,0.0,0.0,1,1,1,1,5.0,5.0,1.0,5.0,0.0,1.0,1.0,1.0,22,5.0,4.0,10.0,10.0,0,0,0,0,1,0,0,0,0,1
1.0,0.0,1.0,0.0,0.0,0.0,0.0,0,0.0,1.0,0.0,0.0,0.0,0.0,0,1,1,4,3.0,3.0,5.0,1.0,0.0,0.0,1.0,0.0,33,3.0,1.0,5.0,5.0,0,0,0,1,0,0,0,0,1,3
0.0,0.0,1.0,0.0,0.0,0.0,0.0,0,0.0,0.0,0.0,0.0,0.0,0.0,0,0,0,1,2.0,3.0,2.0,1.0,1.0,0.0,0.0,0.0,19,2.0,1.0,3.0,2.0,0,0,1,0,0,1,0,0,0,1
0.0,0.0,0.0,0.0,0.0,0.0,0.0,0,0.0,0.0,0.0,0.0,0.0,0.0,1,1,0,3,1.0,4.0,1.0,5.0,0.0,0.0,1.0,0.0,51,2.0,1.0,2.0,4.0,1,0,0,0,0,1,0,0,0,2
0.0,0.0,0.0,0.0,0.0,0.0,0.0,0,0.0,0.0,0.0,0.0,0.0,0.0,0,0,0,1,1.0,1.0,1.0,1.0,1.0,0.0,1.0,0.0,65,2.0,1.0,2.0,7.0,1,0,1,0,0,0,0,0,0,1
0.0,0.0,1.0,0.0,0.0,0.0,1.0,0,0.0,0.0,0.0,0.0,0.0,0.0,1,1,1,3,4.0,5.0,1.0,4.0,1.0,0.0,1.0,0.0,25,2.0,2.0,4.0,3.0,1,0,0,0,0,0,0,0,1,3
0.0,0.0,0.0,0.0,0.0,0.0,0.0,0,0.0,0.0,0.0,0.0,0.0,0.0,0,0,0,1,1.0,1.0,1.0,1.0,0.0,0.0,0.0,0.0,57,1.0,1.0,4.0,3.0,1,0,0,0,0,0,0,0,0,3
0.0,1.0,1.0,0.0,0.0,0.0,0.0,0,0.0,0.0,1.0,1.0,0.0,0.0,1,1,0,5,1.0,5.0,5.0,1.0,1.0,1.0,1.0,1.0,39,2.0,3.0,1.0,1.0,1,0,1,0,0,0,1,0,0,2
1.0,1.0,1.0,0.0,0.0,0.0,1.0,0,0.0,0.0,0.0,0.0,0.0,0.0,0,0,0,1,2.0,5.0,4.0,5.0,1.0,0.0,1.0,0.0,29,2.0,1.0,4.0,4.0,1,0,1,0,0,0,0,0,0,2
1.0,0.0,0.0,0.0,0.0,0.0,1.0,0,0.0,0.0,0.0,0.0,0.0,0.0,0,0,0,1,1.0,3.0,1.0,2.0,1.0,0.0,1.0,0.0,24,2.0,2.0,5.0,1.0,1,0,0,0,0,0,0,0,0,1
1.0,1.0,1.0,0.0,1.0,0.0,1.0,0,0.0,1.0,1.0,0.0,0.0,0.0,1,1,1,1,5.0,5.0,2.0,3.0,0.0,1.0,1.0,0.0,28,5.0,3.0,9.0,5.0,1,1,0,0,0,0,0,0,1,2
1.0,1.0,1.0,0.0,0.0,0.0,0.0,0,0.0,0.0,1.0,0.0,0.0,1.0,1,1,0,3,4.0,4.0,4.0,3.0,1.0,1.0,1.0,1.0,51,2.0,1.0,5.0,5.0,1,1,0,0,1,0,0,0,0,3
1.0,0.0,1.0,0.0,0.0,0.0,0.0,0,0.0,0.0,0.0,1.0,0.0,0.0,1,1,0,1,1.0,1.0,1.0,1.0,1.0,1.0,1.0,0.0,36,1.0,1.0,1.0,1.0,0,1,0,0,0,0,0,0,0,3
0.0,0.0,0.0,0.0,0.0,0.0,0.0,0,0.0,0.0,0.0,0.0,0.0,0.0,0,1,0,3,3.0,1.0,3.0,5.0,0.0,1.0,1.0,0.0,43,1.0,1.0,4.0,4.0,1,1,0,0,0,1,0,0,0,3
1.0,0.0,0.0,0.0,0.0,0.0,0.0,1,0.0,0.0,0.0,0.0,0.0,0.0,0,1,1,1,5.0,5.0,1.0,3.0,1.0,1.0,1.0,0.0,66,6.0,2.0,6.0,3.0,1,1,0,0,0,0,0,0,1,3
0.0,0.0,0.0,0.0,0.0,0.0,0.0,0,0.0,0.0,0.0,0.0,1.0,0.0,0,1,0,5,5.0,5.0,5.0,1.0,1.0,1.0,1.0,0.0,53,1.0,1.0,1.0,1.0,0,1,0,0,0,0,0,1,0,1
0.0,0.0,0.0,0.0,0.0,0.0,0.0,0,0.0,0.0,0.0,0.0,0.0,0.0,0,1,1,5,1.0,5.0,1.0,2.0,0.0,1.0,1.0,0.0,53,2.0,2.0,6.0,5.0,0,0,0,0,0,0,0,0,1,3
1.0,1.0,1.0,0.0,0.0,0.0,1.0,1,0.0,1.0,0.0,0.0,0.0,0.0,0,0,0,4,2.0,2.0,3.0,1.0,0.0,0.0,0.0,0.0,28,2.0,1.0,6.0,5.0,1,0,0,0,0,0,0,0,0,3
0.0,0.0,1.0,0.0,0.0,0.0,0.0,0,0.0,0.0,0.0,0.0,0.0,1.0,0,1,0,3,3.0,5.0,3.0,5.0,1.0,0.0,1.0,0.0,38,3.0,1.0,2.0,2.0,0,0,1,0,0,0,0,0,0,1
0.0,0.0,0.0,0.0,0.0,0.0,0.0,0,0.0,0.0,0.0,0.0,0.0,0.0,1,1,0,4,1.0,1.0,4.0,1.0,1.0,1.0,1.0,0.0,59,1.0,2.0,2.0,3.0,1,1,0,0,0,0,1,0,0,2
0.0,0.0,0.0,0.0,0.0,0.0,0.0,0,0.0,0.0,0.0,0.0,0.0,0.0,0,1,0,4,1.0,3.0,4.0,1.0,0.0,1.0,0.0,0.0,24,2.0,2.0,3.0,3.0,0,1,0,0,0,0,1,0,0,3
0.0,0.0,0.0,0.0,0.0,0.0,1.0,0,0.0,0.0,0.0,0.0,0.0,0.0,0,1,0,4,1.0,4.0,3.0,5.0,0.0,1.0,1.0,0.0,52,2.0,1.0,2.0,2.0,0,0,0,1,0,0,0,0,0,3
0.0,0.0,1.0,0.0,0.0,0.0,0.0,0,0.0,0.0,0.0,0.0,0.0,0.0,1,1,0,1,2.0,5.0,1.0,2.0,1.0,1.0,1.0,0.0,21,2.0,3.0,2.0,3.0,1,0,1,0,0,0,0,1,0,3
0.0,0.0,1.0,0.0,0.0,0.0,0.0,0,0.0,0.0,0.0,0.0,0.0,0.0,0,0,0,1,5.0,5.0,5.0,5.0,0.0,1.0,1.0,0.0,41,2.0,2.0,5.0,5.0,0,0,0,0,1,0,0,0,0,3
0.0,0.0,0.0,0.0,0.0,0.0,0.0,0,0.0,0.0,0.0,0.0,0.0,0.0,0,0,0,3,1.0,1.0,1.0,1.0,0.0,0.0,0.0,0.0,40,2.0,2.0,2.0,1.0,1,0,0,0,1,0,0,0,0,3
0.0,0.0,1.0,0.0,0.0,0.0,0.0,0,0.0,0.0,0.0,0.0,0.0,0.0,1,1,0,3,1.0,3.0,5.0,3.0,1.0,0.0,1.0,0.0,47,2.0,1.0,2.0,3.0,0,1,0,0,0,0,0,1,0,2
0.0,0.0,0.0,0.0,0.0,0.0,1.0,0,0.0,1.0,0.0,0.0,0.0,0.0,1,1,0,4,1.0,3.0,1.0,4.0,1.0,0.0,1.0,0.0,45,1.0,2.0,4.0,4.0,1,1,0,0,1,0,0,0,0,3
1.0,1.0,1.0,0.0,0.0,0.0,1.0,0,0.0,0.0,1.0,0.0,0.0,0.0,0,1,1,3,1.0,3.0,1.0,5.0,0.0,0.0,0.0,0.0,24,2.0,2.0,8.0,4.0,1,0,0,0,1,0,0,0,0,1
1.0,1.0,0.0,0.0,0.0,0.0,0.0,0,0.0,1.0,1.0,1.0,1.0,0.0,0,0,1,2,4.0,5.0,1.0,2.0,0.0,1.0,1.0,1.0,63,2.0,5.0,6.0,5.0,0,0,0,0,0,0,1,0,0,3
0.0,0.0,0.0,0.0,0.0,0.0,0.0,0,0.0,0.0,0.0,0.0,0.0,0.0,0,0,0,3,1.0,4.0,4.0,4.0,0.0,0.0,1.0,0.0,69,1.0,2.0,4.0,4.0,0,0,0,0,0,0,1,0,0,3
0.0,0.0,0.0,0.0,0.0,0.0,0.0,0,0.0,0.0,0.0,0.0,0.0,0.0,0,1,0,5,3.0,1.0,1.0,2.0,0.0,0.0,0.0,0.0,26,4.0,3.0,4.0,4.0,0,0,0,0,0,0,0,0,0,3
0.0,0.0,1.0,0.0,0.0,0.0,0.0,0,0.0,0.0,0.0,0.0,0.0,0.0,1,1,0,2,3.0,5.0,1.0,3.0,0.0,1.0,1.0,0.0,46,1.0,1.0,2.0,4.0,0,0,1,0,1,0,0,0,0,3
1.0,0.0,0.0,0.0,0.0,0.0,0.0,0,0.0,0.0,0.0,0.0,0.0,0.0,0,1,0,3,1.0,5.0,1.0,5.0,0.0,0.0,1.0,0.0,31,2.0,2.0,4.0,3.0,0,0,1,0,0,0,1,0,0,1
0.0,0.0,1.0,0.0,0.0,0.0,0.0,0,0.0,0.0,0.0,0.0,0.0,0.0,1,1,0,1,3.0,5.0,1.0,5.0,1.0,0.0,1.0,0.0,26,4.0,2.0,4.0,4.0,0,0,0,0,0,1,0,0,0,2
1.0,1.0,1.0,0.0,0.0,0.0,1.0,0,0.0,1.0,0.0,0.0,0.0,0.0,1,1,1,1,5.0,5.0,1.0,5.0,0.0,1.0,1.0,0.0,34,6.0,3.0,4.0,5.0,1,1,0,0,1,0,0,0,0,2
0.0,0.0,1.0,0.0,0.0,0.0,0.0,0,0.0,0.0,0.0,0.0,0.0,0.0,1,1,0,5,4.0,5.0,5.0,4.0,1.0,1.0,1.0,1.0,35,1.0,1.0,1.0,3.0,0,0,0,0,1,0,0,0,0,3
0.0,0.0,0.0,0.0,0.0,0.0,0.0,0,0.0,0.0,1.0,0.0,0.0,0.0,0,1,0,1,2.0,1.0,2.0,1.0,1.0,1.0,1.0,0.0,47,2.0,1.0,4.0,5.0,0,0,1,0,0,0,0,0,1,2
1.0,0.0,1.0,0.0,0.0,0.0,0.0,0,0.0,0.0,0.0,0.0,0.0,0.0,1,1,0,4,5.0,1.0,5.0,5.0,1.0,0.0,1.0,1.0,28,3.0,3.0,6.0,5.0,0,0,0,0,0,0,1,0,0,2
1.0,0.0,0.0,0.0,0.0,1.0,1.0,0,0.0,0.0,0.0,0.0,0.0,0.0,1,1,0,1,3.0,5.0,1.0,5.0,1.0,1.0,1.0,0.0,60,2.0,3.0,6.0,5.0,1,0,0,0,0,0,1,0,0,2
1.0,0.0,1.0,0.0,0.0,1.0,1.0,1,0.0,0.0,0.0,0.0,0.0,0.0,1,1,0,1,3.0,4.0,2.0,4.0,1.0,1.0,1.0,0.0,21,2.0,2.0,6.0,5.0,1,0,0,0,1,0,0,0,0,2
1.0,0.0,0.0,0.0,0.0,0.0,1.0,1,0.0,0.0,0.0,0.0,0.0,0.0,1,1,0,3,5.0,5.0,1.0,5.0,1.0,1.0,1.0,1.0,67,1.0,2.0,4.0,3.0,0,0,0,0,0,1,0,0,0,2
0.0,0.0,0.0,0.0,0.0,0.0,0.0,0,0.0,0.0,0.0,0.0,0.0,0.0,1,1,0,4,1.0,5.0,1.0,5.0,1.0,1.0,1.0,0.0,50,1.0,2.0,2.0,5.0,1,0,0,0,0,0,0,0,1,3
1.0,1.0,0.0,0.0,0.0,0.0,0.0,0,0.0,1.0,0.0,0.0,0.0,0.0,1,1,1,2,4.0,3.0,1.0,4.0,0.0,1.0,1.0,0.0,46,5.0,2.0,7.0,6.0,0,0,0,0,1,0,0,0,0,2
0.0,0.0,1.0,0.0,0.0,0.0,0.0,0,0.0,0.0,0.0,0.0,0.0,1.0,0,1,0,3,1.0,4.0,3.0,4.0,1.0,0.0,1.0,0.0,37,3.0,1.0,3.0,3.0,0,0,0,0,0,0,0,0,0,3
0.0,0.0,1.0,0.0,0.0,0.0,1.0,0,0.0,0.0,0.0,0.0,0.0,1.0,0,1,0,3,1.0,1.0,1.0,1.0,1.0,1.0,1.0,0.0,51,1.0,1.0,1.0,5.0,1,0,0,0,0,1,0,0,0,3
1.0,1.0,1.0,0.0,0.0,0.0,0.0,0,0.0,0.0,0.0,1.0,0.0,1.0,1,1,0,2,3.0,4.0,1.0,3.0,0.0,1.0,1.0,0.0,35,4.0,2.0,6.0,6.0,0,0,0,0,1,0,0,0,0,2
0.0,0.0,1.0,0.0,0.0,0.0,0.0,0,0.0,0.0,0.0,0.0,0.0,0.0,1,1,0,5,4.0,4.0,3.0,3.0,0.0,1.0,1.0,0.0,35,2.0,3.0,3.0,3.0,0,0,0,0,0,0,0,0,1,3
0.0,0.0,0.0,0.0,0.0,0.0,0.0,0,0.0,0.0,0.0,0.0,0.0,0.0,1,1,0,3,3.0,3.0,3.0,3.0,0.0,1.0,1.0,0.0,68,1.0,1.0,1.0,1.0,0,0,0,0,0,0,1,0,0,1
0.0,0.0,0.0,0.0,0.0,0.0,0.0,0,0.0,0.0,0.0,0.0,0.0,0.0,1,1,0,3,4.0,5.0,2.0,4.0,1.0,1.0,1.0,0.0,29,1.0,2.0,6.0,5.0,1,0,0,0,1,0,0,0,0,2
1.0,1.0,0.0,0.0,0.0,0.0,1.0,1,0.0,0.0,0.0,0.0,0.0,0.0,0,1,1,3,3.0,4.0,2.0,3.0,1.0,1.0,1.0,0.0,41,2.0,1.0,5.0,4.0,1,1,0,0,0,0,0,0,0,2
0.0,0.0,1.0,0.0,0.0,0.0,1.0,0,0.0,0.0,0.0,0.0,0.0,0.0,0,1,0,1,4.0,5.0,1.0,3.0,1.0,0.0,1.0,1.0,21,3.0,1.0,6.0,5.0,1,0,0,0,0,0,0,0,0,1
1.0,1.0,1.0,0.0,1.0,0.0,1.0,0,0.0,1.0,0.0,0.0,0.0,0.0,0,1,1,2,5.0,4.0,3.0,3.0,1.0,0.0,1.0,1.0,26,6.0,3.0,8.0,7.0,0,0,0,0,0,0,0,1,0,2
1.0,0.0,0.0,0.0,0.0,0.0,0.0,0,0.0,0.0,0.0,0.0,0.0,0.0,0,1,0,4,1.0,2.0,3.0,3.0,1.0,0.0,0.0,0.0,60,2.0,2.0,1.0,2.0,0,0,1,0,0,0,0,0,0,3
0.0,0.0,0.0,0.0,0.0,0.0,0.0,0,0.0,0.0,0.0,0.0,0.0,0.0,1,1,0,1,1.0,1.0,5.0,5.0,1.0,1.0,1.0,0.0,55,0.0,1.0,1.0,1.0,0,0,0,1,0,0,1,0,0,2
0.0,0.0,1.0,0.0,0.0,0.0,0.0,0,0.0,0.0,0.0,0.0,0.0,1.0,0,1,0,3,2.0,4.0,1.0,4.0,0.0,0.0,1.0,0.0,38,2.0,1.0,4.0,2.0,0,0,0,1,0,0,0,1,0,1
0.0,0.0,0.0,0.0,0.0,0.0,0.0,0,0.0,0.0,1.0,0.0,0.0,0.0,0,1,0,3,3.0,3.0,3.0,3.0,1.0,0.0,1.0,0.0,45,2.0,3.0,4.0,4.0,0,0,0,0,0,0,1,0,0,2
1.0,0.0,0.0,0.0,0.0,0.0,1.0,0,0.0,0.0,0.0,0.0,0.0,1.0,1,1,0,4,1.0,5.0,1.0,1.0,1.0,1.0,1.0,0.0,30,1.0,2.0,4.0,4.0,0,1,0,0,0,0,1,0,0,3
0.0,0.0,1.0,0.0,0.0,0.0,0.0,0,0.0,0.0,0.0,0.0,0.0,0.0,1,1,0,1,3.0,5.0,3.0,4.0,1.0,1.0,1.0,0.0,35,3.0,1.0,2.0,2.0,0,0,0,0,0,0,0,0,0,3
0.0,0.0,0.0,0.0,0.0,0.0,0.0,0,0.0,0.0,0.0,0.0,0.0,1.0,1,1,0,1,5.0,5.0,1.0,5.0,1.0,1.0,1.0,0.0,35,3.0,1.0,5.0,5.0,0,0,1,0,0,0,0,0,1,2
0.0,0.0,0.0,0.0,0.0,0.0,0.0,0,0.0,0.0,0.0,0.0,0.0,0.0,0,1,0,1,3.0,1.0,1.0,4.0,1.0,0.0,1.0,0.0,25,2.0,3.0,3.0,4.0,0,1,0,0,0,0,0,0,1,3
1.0,0.0,1.0,0.0,0.0,0.0,0.0,0,0.0,0.0,0.0,0.0,0.0,0.0,0,1,0,1,5.0,2.0,1.0,1.0,0.0,0.0,1.0,0.0,33,2.0,1.0,1.0,2.0,0,0,1,0,0,1,0,0,0,3
1.0,0.0,1.0,0.0,0.0,0.0,0.0,0,0.0,1.0,1.0,0.0,0.0,0.0,0,1,0,1,5.0,5.0,2.0,4.0,1.0,1.0,1.0,1.0,52,4.0,3.0,7.0,6.0,1,0,0,0,0,0,1,0,0,1
0.0,0.0,0.0,0.0,0.0,0.0,0.0,0,0.0,0.0,0.0,0.0,0.0,0.0,0,1,0,4,1.0,5.0,4.0,2.0,1.0,1.0,1.0,1.0,45,1.0,1.0,3.0,4.0,0,1,0,0,0,0,0,0,0,1
1.0,0.0,1.0,0.0,0.0,0.0,1.0,0,0.0,0.0,0.0,0.0,0.0,1.0,1,1,1,1,5.0,5.0,3.0,5.0,1.0,1.0,1.0,0.0,28,2.0,2.0,4.0,3.0,1,0,0,0,0,1,0,0,0,1
1.0,1.0,0.0,0.0,0.0,0.0,1.0,0,0.0,0.0,0.0,0.0,0.0,0.0,0,1,0,2,2.0,4.0,3.0,3.0,1.0,1.0,1.0,1.0,45,3.0,2.0,5.0,5.0,0,0,0,0,1,0,0,0,0,2
1.0,1.0,0.0,0.0,0.0,0.0,0.0,0,0.0,0.0,1.0,0.0,0.0,0.0,1,1,0,1,1.0,1.0,1.0,2.0,1.0,1.0,1.0,0.0,21,2.0,3.0,3.0,2.0,1,0,0,0,0,0,1,0,0,2
1.0,1.0,0.0,0.0,0.0,0.0,0.0,0,0.0,0.0,0.0,0.0,0.0,0.0,0,1,0,2,1.0,2.0,2.0,4.0,1.0,0.0,1.0,0.0,50,2.0,2.0,2.0,2.0,0,0,0,0,0,0,1,0,0,3
1.0,0.0,1.0,0.0,0.0,0.0,0.0,0,0.0,0.0,0.0,0.0,0.0,1.0,0,0,0,1,3.0,4.0,1.0,4.0,0.0,1.0,1.0,0.0,29,3.0,2.0,2.0,2.0,0,0,0,0,1,0,0,0,0,3
0.0,0.0,0.0,0.0,0.0,0.0,1.0,0,1.0,0.0,0.0,0.0,0.0,0.0,1,1,0,1,3.0,1.0,1.0,5.0,1.0,1.0,1.0,0.0,19,2.0,2.0,10.0,7.0,1,0,0,0,1,0,0,0,0,2
0.0,0.0,0.0,0.0,0.0,0.0,0.0,0,0.0,0.0,0.0,0.0,0.0,1.0,0,1,0,1,1.0,1.0,5.0,1.0,1.0,1.0,1.0,0.0,29,1.0,1.0,1.0,4.0,0,0,1,0,1,0,0,0,0,2
0.0,0.0,0.0,0.0,0.0,0.0,0.0,0,0.0,0.0,0.0,0.0,0.0,0.0,0,1,1,3,1.0,1.0,1.0,1.0,1.0,1.0,1.0,0.0,34,2.0,1.0,2.0,2.0,0,0,0,1,0,0,0,0,1,2
1.0,0.0,1.0,0.0,0.0,0.0,1.0,0,0.0,0.0,0.0,0.0,0.0,0.0,0,1,0,3,3.0,3.0,3.0,3.0,0.0,0.0,1.0,0.0,27,2.0,2.0,4.0,2.0,1,0,0,0,0,0,1,0,0,3
0.0,0.0,0.0,0.0,0.0,0.0,0.0,0,0.0,0.0,1.0,0.0,0.0,0.0,0,1,0,1,3.0,4.0,1.0,3.0,1.0,1.0,1.0,0.0,37,2.0,1.0,4.0,4.0,1,0,0,1,0,0,0,0,1,2
0.0,0.0,0.0,0.0,0.0,0.0,0.0,0,0.0,0.0,0.0,0.0,0.0,0.0,0,1,0,5,1.0,1.0,5.0,4.0,1.0,0.0,1.0,0.0,44,3.0,1.0,1.0,2.0,0,0,0,0,0,0,0,0,0,3
0.0,0.0,0.0,0.0,0.0,0.0,1.0,0,0.0,0.0,0.0,1.0,0.0,1.0,1,0,0,1,2.0,5.0,2.0,5.0,1.0,1.0,1.0,0.0,26,2.0,2.0,7.0,5.0,1,0,0,0,0,0,0,0,1,2
0.0,0.0,0.0,0.0,0.0,0.0,0.0,0,0.0,0.0,0.0,0.0,0.0,0.0,1,1,0,1,1.0,1.0,1.0,1.0,0.0,0.0,1.0,0.0,22,2.0,2.0,1.0,1.0,1,0,0,0,0,0,0,0,1,2
0.0,0.0,1.0,0.0,0.0,0.0,1.0,0,0.0,0.0,0.0,0.0,0.0,0.0,0,1,0,4,5.0,2.0,3.0,3.0,0.0,1.0,1.0,1.0,19,3.0,1.0,3.0,4.0,0,0,0,0,0,0,0,0,1,3
0.0,0.0,0.0,0.0,0.0,0.0,0.0,0,0.0,0.0,0.0,0.0,0.0,0.0,0,0,0,1,4.0,3.0,1.0,2.0,1.0,0.0,0.0,0.0,18,2.0,2.0,2.0,4.0,0,1,0,0,0,0,1,0,0,3
1.0,0.0,0.0,0.0,0.0,0.0,1.0,0,0.0,0.0,0.0,0.0,0.0,1.0,0,1,0,2,1.0,1.0,1.0,1.0,0.0,0.0,0.0,0.0,19,2.0,2.0,1.0,1.0,0,0,1,0,0,0,1,0,0,1
0.0,0.0,0.0,0.0,0.0,0.0,0.0,0,0.0,0.0,0.0,0.0,0.0,0.0,0,1,0,4,3.0,2.0,5.0,3.0,0.0,0.0,1.0,1.0,58,2.0,2.0,2.0,3.0,1,1,0,0,0,0,1,0,0,2
1.0,1.0,0.0,0.0,0.0,0.0,0.0,1,0.0,0.0,0.0,0.0,0.0,0.0,0,1,0,5,5.0,5.0,5.0,1.0,1.0,0.0,1.0,0.0,55,2.0,2.0,5.0,3.0,1,0,0,0,0,1,0,0,0,3
1.0,1.0,0.0,0.0,0.0,0.0,1.0,0,0.0,1.0,0.0,0.0,0.0,0.0,1,1,0,1,3.0,5.0,3.0,4.0,1.0,1.0,1.0,0.0,56,4.0,3.0,9.0,8.0,1,0,0,0,0,0,0,0,1,2
0.0,1.0,0.0,0.0,0.0,1.0,1.0,0,0.0,0.0,0.0,0.0,0.0,0.0,1,1,1,2,2.0,2.0,1.0,2.0,1.0,1.0,1.0,0.0,45,2.0,1.0,5.0,4.0,1,0,1,0,1,0,0,0,0,3
1.0,1.0,0.0,0.0,0.0,0.0,1.0,0,0.0,0.0,0.0,0.0,0.0,0.0,0,1,1,5,1.0,5.0,1.0,5.0,1.0,1.0,1.0,0.0,57,1.0,2.0,6.0,3.0,1,0,0,1,0,0,0,1,0,1
0.0,0.0,1.0,0.0,0.0,0.0,0.0,0,0.0,0.0,0.0,0.0,0.0,0.0,0,1,0,1,3.0,5.0,1.0,1.0,0.0,0.0,1.0,0.0,20,3.0,2.0,5.0,6.0,0,0,0,0,0,0,0,1,0,3
0.0,0.0,0.0,0.0,0.0,0.0,1.0,0,0.0,0.0,0.0,0.0,1.0,0.0,0,1,0,1,1.0,5.0,2.0,5.0,1.0,1.0,1.0,0.0,47,2.0,1.0,2.0,3.0,0,0,0,0,0,0,0,0,0,2
0.0,0.0,0.0,0.0,0.0,0.0,0.0,1,0.0,0.0,0.0,0.0,0.0,0.0,0,1,0,2,5.0,5.0,5.0,4.0,0.0,0.0,1.0,0.0,59,1.0,3.0,2.0,2.0,1,0,0,0,0,0,1,0,0,3
0.0,0.0,0.0,0.0,0.0,0.0,1.0,0,0.0,1.0,0.0,0.0,0.0,0.0,0,1,0,3,5.0,2.0,5.0,1.0,1.0,1.0,1.0,0.0,60,2.0,3.0,4.0,4.0,1,0,0,0,0,0,1,0,0,3
0.0,0.0,0.0,0.0,0.0,0.0,0.0,0,0.0,0.0,0.0,0.0,0.0,0.0,0,1,0,3,4.0,4.0,3.0,3.0,1.0,1.0,0.0,0.0,40,4.0,4.0,5.0,4.0,0,0,0,0,0,0,1,0,0,3
0.0,0.0,0.0,0.0,0.0,0.0,0.0,0,0.0,0.0,0.0,0.0,0.0,1.0,0,1,0,5,1.0,5.0,5.0,5.0,0.0,0.0,0.0,0.0,68,3.0,1.0,1.0,1.0,1,0,1,0,0,0,0,0,0,2
0.0,0.0,0.0,0.0,0.0,0.0,0.0,0,0.0,0.0,0.0,0.0,0.0,0.0,0,1,0,1,1.0,5.0,1.0,1.0,1.0,0.0,1.0,0.0,34,1.0,2.0,1.0,4.0,1,0,0,0,1,0,0,0,0,3
0.0,0.0,0.0,0.0,0.0,0.0,0.0,0,0.0,1.0,0.0,0.0,0.0,1.0,1,1,0,2,2.0,2.0,2.0,4.0,1.0,1.0,1.0,0.0,37,1.0,2.0,6.0,5.0,1,0,1,0,0,0,0,1,0,2
1.0,0.0,0.0,0.0,0.0,0.0,0.0,0,0.0,0.0,1.0,0.0,0.0,0.0,0,1,0,1,4.0,1.0,1.0,3.0,1.0,1.0,1.0,0.0,61,2.0,3.0,6.0,6.0,1,0,0,0,0,1,0,0,0,1
1.0,1.0,1.0,0.0,0.0,0.0,1.0,0,0.0,1.0,1.0,0.0,0.0,0.0,0,1,0,1,5.0,5.0,1.0,5.0,1.0,1.0,1.0,1.0,23,5.0,2.0,7.0,5.0,0,0,0,0,1,0,0,0,0,1
0.0,0.0,1.0,0.0,0.0,0.0,0.0,0,0.0,1.0,0.0,1.0,0.0,0.0,0,1,0,5,1.0,1.0,2.0,1.0,1.0,1.0,1.0,0.0,31,2.0,1.0,5.0,4.0,0,0,0,0,0,0,0,0,0,3
0.0,0.0,1.0,0.0,0.0,0.0,0.0,0,0.0,0.0,0.0,0.0,0.0,0.0,1,1,0,1,2.0,2.0,3.0,3.0,1.0,1.0,1.0,1.0,36,2.0,1.0,2.0,2.0,0,0,1,0,0,0,0,1,0,3
0.0,0.0,0.0,0.0,0.0,0.0,0.0,0,0.0,0.0,0.0,0.0,0.0,1.0,0,1,0,1,1.0,1.0,2.0,3.0,1.0,0.0,1.0,0.0,34,1.0,2.0,1.0,2.0,0,0,1,0,0,0,1,0,0,2
0.0,0.0,1.0,0.0,0.0,0.0,1.0,0,0.0,0.0,0.0,0.0,0.0,0.0,0,1,0,4,4.0,4.0,4.0,3.0,0.0,0.0,0.0,0.0,21,2.0,2.0,4.0,3.0,1,0,0,0,1,0,0,0,0,3
0.0,0.0,1.0,0.0,0.0,0.0,0.0,0,0.0,0.0,1.0,1.0,1.0,0.0,0,1,0,1,2.0,5.0,1.0,3.0,0.0,0.0,1.0,0.0,22,2.0,5.0,7.0,7.0,1,0,0,0,0,0,1,0,0,3
0.0,0.0,0.0,0.0,0.0,0.0,1.0,0,0.0,0.0,0.0,0.0,0.0,1.0,0,0,0,1,4.0,5.0,2.0,5.0,1.0,0.0,1.0,0.0,18,2.0,1.0,1.0,3.0,0,0,1,0,0,0,0,0,0,2
1.0,0.0,0.0,0.0,0.0,0.0,1.0,0,0.0,1.0,0.0,0.0,0.0,0.0,1,1,1,4,3.0,3.0,3.0,2.0,1.0,1.0,1.0,0.0,53,4.0,2.0,6.0,6.0,1,1,0,0,0,0,0,1,0,3
0.0,0.0,0.0,0.0,0.0,0.0,0.0,0,0.0,0.0,0.0,0.0,0.0,0.0,1,1,0,3,3.0,5.0,4.0,4.0,1.0,0.0,0.0,0.0,54,1.0,1.0,1.0,2.0,1,0,1,0,0,1,0,0,0,3
0.0,0.0,1.0,0.0,0.0,0.0,0.0,0,0.0,0.0,0.0,0.0,0.0,0.0,1,1,0,5,4.0,2.0,1.0,5.0,1.0,1.0,1.0,1.0,25,4.0,2.0,6.0,5.0,0,0,0,0,0,0,1,0,0,2
0.0,0.0,0.0,0.0,0.0,0.0,0.0,0,0.0,0.0,0.0,0.0,0.0,1.0,1,1,0,1,1.0,5.0,1.0,1.0,0.0,0.0,1.0,0.0,22,1.0,1.0,4.0,5.0,0,1,0,0,0,0,0,0,1,3
1.0,0.0,1.0,0.0,0.0,0.0,1.0,0,0.0,1.0,1.0,0.0,0.0,0.0,1,1,0,1,5.0,5.0,1.0,5.0,0.0,1.0,1.0,1.0,39,3.0,3.0,6.0,4.0,1,0,1,0,0,0,1,0,0,1
1.0,1.0,0.0,0.0,0.0,0.0,1.0,0,0.0,0.0,0.0,0.0,0.0,0.0,0,0,1,4,3.0,2.0,3.0,2.0,0.0,1.0,0.0,0.0,58,4.0,3.0,7.0,7.0,1,0,0,0,0,0,1,0,0,2
0.0,0.0,0.0,0.0,0.0,0.0,0.0,0,0.0,0.0,1.0,0.0,0.0,0.0,1,1,0,4,2.0,3.0,3.0,2.0,1.0,0.0,1.0,0.0,47,2.0,2.0,4.0,5.0,0,0,1,0,1,0,0,0,0,3
1.0,0.0,1.0,0.0,0.0,0.0,0.0,0,0.0,0.0,0.0,0.0,0.0,0.0,1,1,0,2,1.0,3.0,2.0,1.0,1.0,0.0,0.0,0.0,28,2.0,1.0,2.0,4.0,0,0,0,0,0,0,1,0,0,2
0.0,0.0,1.0,0.0,0.0,0.0,0.0,0,0.0,1.0,0.0,1.0,0.0,0.0,1,1,0,1,3.0,5.0,1.0,3.0,1.0,0.0,0.0,0.0,40,2.0,2.0,4.0,3.0,0,0,0,0,1,0,0,0,0,3
0.0,0.0,0.0,0.0,0.0,0.0,0.0,0,0.0,1.0,1.0,0.0,0.0,0.0,1,1,1,3,4.0,4.0,3.0,5.0,1.0,1.0,1.0,0.0,57,1.0,3.0,7.0,6.0,1,0,0,0,0,0,1,0,0,2
0.0,0.0,0.0,0.0,0.0,0.0,0.0,0,0.0,0.0,0.0,0.0,0.0,1.0,1,1,0,1,1.0,5.0,1.0,5.0,1.0,1.0,1.0,0.0,67,2.0,2.0,1.0,2.0,1,0,0,1,0,0,0,0,1,3
0.0,0.0,0.0,0.0,0.0,0.0,0.0,0,0.0,0.0,0.0,1.0,0.0,1.0,1,1,0,1,2.0,3.0,3.0,1.0,1.0,1.0,1.0,0.0,68,1.0,1.0,2.0,3.0,1,0,1,0,0,1,0,0,0,3
1.0,1.0,0.0,0.0,0.0,0.0,1.0,1,0.0,0.0,0.0,0.0,0.0,0.0,1,1,0,3,3.0,3.0,1.0,3.0,1.0,1.0,1.0,0.0,65,5.0,2.0,5.0,5.0,1,0,1,0,0,1,0,0,0,2
1.0,0.0,0.0,0.0,0.0,0.0,1.0,1,0.0,0.0,0.0,0.0,0.0,0.0,0,1,1,1,3.0,4.0,2.0,1.0,1.0,0.0,1.0,0.0,59,2.0,4.0,3.0,3.0,0,0,0,0,1,0,0,0,0,3
0.0,0.0,1.0,0.0,0.0,0.0,0.0,0,0.0,0.0,0.0,0.0,0.0,0.0,0,0,0,1,5.0,4.0,1.0,2.0,1.0,0.0,1.0,0.0,26,2.0,2.0,1.0,1.0,1,0,0,0,0,0,0,0,0,2
1.0,0.0,1.0,0.0,0.0,1.0,1.0,0,0.0,1.0,1.0,1.0,0.0,0.0,0,1,1,3,5.0,4.0,1.0,4.0,0.0,1.0,1.0,0.0,34,3.0,1.0,8.0,6.0,0,1,0,0,0,0,0,1,0,1
0.0,0.0,1.0,0.0,0.0,0.0,0.0,0,0.0,1.0,0.0,0.0,0.0,0.0,0,1,0,1,2.0,5.0,1.0,2.0,1.0,1.0,1.0,0.0,45,2.0,2.0,3.0,2.0,1,0,0,0,1,0,0,0,0,2
1.0,0.0,0.0,0.0,0.0,0.0,0.0,0,0.0,0.0,0.0,0.0,0.0,1.0,1,1,0,3,4.0,3.0,1.0,3.0,1.0,0.0,1.0,0.0,47,1.0,1.0,3.0,3.0,0,1,0,0,1,0,0,0,0,2
1.0,1.0,1.0,0.0,0.0,0.0,1.0,0,0.0,1.0,1.0,0.0,0.0,0.0,0,1,1,1,4.0,4.0,1.0,5.0,1.0,1.0,1.0,1.0,23,4.0,2.0,7.0,7.0,1,0,0,0,1,0,0,0,0,3
0.0,0.0,0.0,0.0,0.0,0.0,0.0,0,0.0,0.0,1.0,0.0,0.0,0.0,0,1,0,1,4.0,4.0,1.0,3.0,1.0,1.0,1.0,0.0,53,0.0,1.0,1.0,1.0,1,0,1,0,0,0,0,1,0,3
1.0,0.0,0.0,0.0,0.0,0.0,0.0,0,0.0,0.0,0.0,1.0,1.0,0.0,0,1,0,3,3.0,5.0,1.0,2.0,1.0,0.0,1.0,0.0,39,3.0,2.0,3.0,2.0,0,0,0,0,0,0,0,0,0,3
1.0,0.0,0.0,0.0,0.0,0.0,1.0,0,0.0,0.0,0.0,0.0,0.0,0.0,1,1,0,1,5.0,1.0,5.0,4.0,0.0,1.0,1.0,0.0,26,3.0,1.0,4.0,3.0,0,0,0,0,1,0,0,0,0,1
0.0,0.0,1.0,0.0,0.0,0.0,0.0,0,0.0,1.0,1.0,0.0,0.0,0.0,0,1,0,3,5.0,2.0,1.0,2.0,0.0,0.0,0.0,0.0,32,5.0,4.0,5.0,5.0,0,0,0,0,0,0,0,1,0,3
1.0,1.0,1.0,0.0,0.0,0.0,1.0,0,1.0,0.0,1.0,0.0,0.0,0.0,1,1,0,1,5.0,5.0,1.0,5.0,1.0,1.0,1.0,1.0,20,2.0,4.0,7.0,6.0,1,0,0,0,0,0,1,0,0,2
1.0,1.0,1.0,0.0,0.0,0.0,1.0,1,0.0,0.0,0.0,0.0,0.0,0.0,1,1,0,2,4.0,1.0,1.0,5.0,1.0,1.0,1.0,0.0,52,2.0,2.0,6.0,5.0,1,0,0,0,0,0,0,1,0,2
0.0,1.0,1.0,0.0,0.0,0.0,0.0,0,0.0,0.0,0.0,1.0,0.0,0.0,0,1,0,5,5.0,5.0,3.0,4.0,0.0,1.0,1.0,1.0,57,2.0,2.0,4.0,3.0,0,1,0,0,1,0,0,0,0,3
0.0,1.0,1.0,0.0,0.0,0.0,0.0,0,0.0,0.0,0.0,0.0,1.0,0.0,0,0,0,3,5.0,5.0,5.0,5.0,1.0,1.0,1.0,1.0,50,2.0,1.0,2.0,2.0,0,0,0,0,0,0,0,0,0,1
1.0,1.0,1.0,0.0,0.0,0.0,1.0,0,0.0,0.0,0.0,0.0,0.0,1.0,1,1,0,1,5.0,5.0,1.0,4.0,1.0,1.0,1.0,1.0,23,5.0,1.0,5.0,4.0,0,0,0,0,0,0,1,0,0,2
0.0,0.0,0.0,0.0,0.0,0.0,0.0,0,0.0,0.0,0.0,0.0,0.0,0.0,0,0,0,1,3.0,4.0,5.0,3.0,1.0,0.0,1.0,0.0,62,1.0,1.0,1.0,3.0,1,0,1,0,0,0,0,0,0,1
1.0,0.0,0.0,0.0,0.0,0.0,0.0,0,0.0,0.0,0.0,1.0,0.0,0.0,0,0,0,1,2.0,5.0,1.0,1.0,0.0,0.0,0.0,0.0,21,3.0,3.0,4.0,4.0,0,0,0,0,0,1,0,0,0,3
0.0,0.0,0.0,0.0,0.0,0.0,0.0,0,0.0,1.0,1.0,0.0,0.0,0.0,1,1,0,2,5.0,5.0,5.0,1.0,1.0,1.0,1.0,0.0,56,2.0,2.0,4.0,5.0,1,0,0,0,0,0,0,0,1,2
1.0,1.0,0.0,0.0,0.0,0.0,1.0,0,1.0,1.0,0.0,0.0,0.0,0.0,0,1,0,1,4.0,5.0,1.0,5.0,1.0,1.0,1.0,1.0,50,4.0,2.0,6.0,5.0,1,0,0,0,1,0,0,0,0,2
0.0,0.0,0.0,0.0,0.0,0.0,0.0,0,0.0,0.0,0.0,0.0,0.0,1.0,0,1,0,1,3.0,4.0,1.0,4.0,1.0,1.0,1.0,0.0,62,2.0,2.0,4.0,4.0,0,0,0,0,0,0,0,0,1,3
0.0,0.0,0.0,0.0,0.0,0.0,0.0,0,0.0,0.0,0.0,0.0,0.0,0.0,0,1,0,3,2.0,4.0,3.0,2.0,1.0,1.0,1.0,0.0,25,2.0,2.0,2.0,5.0,0,0,0,0,0,0,0,0,0,3
0.0,0.0,1.0,0.0,0.0,0.0,0.0,0,0.0,0.0,0.0,0.0,0.0,0.0,1,1,0,1,5.0,3.0,2.0,1.0,1.0,0.0,1.0,0.0,22,2.0,2.0,3.0,2.0,1,0,1,0,0,0,0,1,0,3
1.0,1.0,1.0,0.0,0.0,0.0,1.0,0,0.0,0.0,0.0,0.0,0.0,0.0,1,1,0,1,4.0,4.0,1.0,4.0,0.0,1.0,1.0,0.0,34,5.0,1.0,8.0,6.0,0,0,0,0,1,0,0,0,0,3
1.0,0.0,1.0,0.0,0.0,0.0,0.0,0,0.0,0.0,0.0,0.0,0.0,0.0,0,1,0,1,5.0,1.0,1.0,5.0,1.0,1.0,1.0,0.0,43,1.0,2.0,6.0,6.0,1,0,0,0,0,0,1,0,0,1
0.0,0.0,0.0,0.0,0.0,0.0,0.0,0,0.0,0.0,1.0,0.0,0.0,0.0,0,1,0,1,1.0,5.0,1.0,1.0,1.0,0.0,1.0,0.0,64,1.0,1.0,3.0,2.0,1,1,0,0,0,0,0,0,1,3
1.0,0.0,0.0,0.0,0.0,0.0,0.0,0,1.0,1.0,0.0,0.0,0.0,1.0,0,1,0,1,1.0,4.0,1.0,5.0,0.0,1.0,1.0,0.0,65,1.0,1.0,2.0,3.0,1,0,1,0,0,1,0,0,0,1
0.0,0.0,0.0,0.0,0.0,0.0,0.0,0,0.0,0.0,0.0,0.0,0.0,0.0,0,1,0,1,3.0,2.0,3.0,4.0,0.0,0.0,1.0,0.0,39,2.0,1.0,2.0,4.0,0,0,0,0,0,0,0,0,0,2
1.0,0.0,0.0,0.0,0.0,1.0,1.0,1,0.0,0.0,0.0,0.0,0.0,0.0,0,1,1,3,4.0,5.0,4.0,3.0,1.0,1.0,1.0,0.0,65,6.0,2.0,6.0,4.0,0,1,0,0,0,0,0,0,0,1
0.0,0.0,0.0,0.0,0.0,0.0,0.0,0,0.0,0.0,0.0,0.0,0.0,0.0,0,0,0,4,1.0,3.0,5.0,3.0,0.0,0.0,0.0,0.0,37,2.0,1.0,3.0,5.0,0,0,0,0,0,0,1,0,0,3
0.0,0.0,0.0,0.0,0.0,0.0,1.0,0,0.0,0.0,1.0,1.0,0.0,0.0,1,1,0,4,2.0,1.0,5.0,2.0,1.0,1.0,1.0,0.0,46,2.0,1.0,2.0,6.0,0,0,0,0,0,0,0,0,1,3
1.0,1.0,1.0,0.0,0.0,0.0,1.0,0,1.0,0.0,0.0,0.0,0.0,0.0,0,1,0,3,3.0,4.0,2.0,3.0,1.0,0.0,1.0,1.0,38,5.0,4.0,10.0,4.0,1,0,0,0,0,0,0,0,0,2
0.0,0.0,1.0,0.0,0.0,0.0,1.0,0,0.0,0.0,0.0,0.0,0.0,1.0,1,1,0,5,5.0,2.0,3.0,2.0,1.0,1.0,1.0,1.0,58,1.0,1.0,3.0,4.0,1,1,0,0,0,0,0,0,0,3
0.0,0.0,1.0,0.0,0.0,0.0,0.0,0,0.0,0.0,0.0,0.0,0.0,0.0,1,1,0,1,5.0,5.0,5.0,5.0,0.0,0.0,1.0,0.0,29,2.0,1.0,1.0,3.0,1,0,0,0,0,0,0,0,1,2
0.0,0.0,1.0,0.0,0.0,0.0,1.0,0,0.0,0.0,0.0,0.0,0.0,0.0,0,0,0,1,4.0,5.0,5.0,5.0,1.0,1.0,1.0,1.0,19,2.0,1.0,5.0,2.0,1,0,1,0,0,0,0,1,0,2
1.0,1.0,0.0,0.0,0.0,0.0,0.0,0,0.0,0.0,0.0,0.0,0.0,0.0,1,0,0,3,3.0,5.0,1.0,3.0,0.0,1.0,1.0,0.0,20,3.0,2.0,2.0,1.0,0,1,0,0,0,0,0,0,0,2
0.0,0.0,1.0,0.0,0.0,0.0,0.0,0,0.0,0.0,1.0,0.0,0.0,0.0,0,1,0,1,4.0,5.0,2.0,3.0,0.0,1.0,1.0,1.0,22,4.0,2.0,2.0,4.0,0,0,0,1,0,1,0,0,0,3
0.0,0.0,1.0,0.0,0.0,0.0,0.0,0,0.0,0.0,0.0,0.0,0.0,0.0,1,1,0,5,3.0,3.0,3.0,3.0,1.0,1.0,1.0,0.0,54,2.0,1.0,2.0,4.0,1,0,0,0,0,0,0,0,0,1
0.0,1.0,0.0,0.0,0.0,0.0,0.0,0,0.0,1.0,0.0,1.0,0.0,0.0,0,1,0,5,2.0,2.0,3.0,3.0,1.0,0.0,1.0,0.0,35,2.0,2.0,4.0,2.0,0,0,0,0,1,0,0,0,0,3
0.0,0.0,0.0,0.0,0.0,0.0,0.0,0,0.0,0.0,0.0,0.0,0.0,1.0,0,1,0,1,5.0,3.0,1.0,4.0,1.0,1.0,1.0,0.0,31,2.0,1.0,1.0,2.0,0,0,1,0,0,0,0,0,1,1
0.0,0.0,1.0,0.0,0.0,0.0,0.0,0,0.0,1.0,0.0,0.0,0.0,0.0,1,1,0,3,4.0,3.0,2.0,3.0,0.0,0.0,0.0,0.0,36,2.0,3.0,6.0,6.0,1,0,0,0,1,0,0,0,0,2
0.0,0.0,0.0,0.0,0.0,0.0,0.0,0,0.0,0.0,0.0,0.0,0.0,0.0,0,0,0,1,5.0,5.0,1.0,5.0,0.0,0.0,0.0,0.0,48,0.0,3.0,5.0,4.0,1,0,0,1,0,0,1,0,0,1
0.0,0.0,0.0,0.0,0.0,0.0,0.0,0,0.0,0.0,0.0,0.0,0.0,0.0,0,1,0,5,1.0,2.0,5.0,2.0,1.0,0.0,1.0,0.0,46,1.0,2.0,3.0,3.0,1,0,0,0,0,1,0,0,0,2
1.0,0.0,1.0,0.0,0.0,0.0,1.0,1,0.0,1.0,0.0,0.0,0.0,0.0,1,1,1,1,5.0,5.0,1.0,5.0,1.0,1.0,1.0,0.0,30,2.0,2.0,6.0,3.0,1,0,0,0,1,0,0,0,0,1
1.0,1.0,1.0,0.0,0.0,1.0,1.0,1,0.0,1.0,0.0,0.0,0.0,0.0,1,1,1,3,1.0,4.0,3.0,5.0,1.0,1.0,1.0,0.0,36,2.0,2.0,7.0,7.0,0,0,0,0,1,0,0,0,0,3
0.0,0.0,1.0,0.0,0.0,0.0,0.0,0,0.0,0.0,0.0,0.0,0.0,0.0,0,1,0,5,1.0,3.0,1.0,1.0,0.0,0.0,1.0,0.0,53,1.0,2.0,1.0,1.0,0,0,0,0,0,0,1,0,0,3
0.0,0.0,1.0,0.0,0.0,0.0,0.0,0,0.0,0.0,0.0,0.0,0.0,0.0,0,0,0,5,1.0,1.0,3.0,2.0,0.0,0.0,1.0,0.0,40,2.0,2.0,2.0,3.0,0,0,0,0,0,0,0,1,0,3
1.0,0.0,0.0,0.0,0.0,0.0,1.0,0,0.0,0.0,0.0,0.0,0.0,0.0,1,1,0,1,3.0,5.0,4.0,2.0,1.0,1.0,1.0,0.0,22,3.0,1.0,4.0,5.0,1,0,0,1,0,0,1,0,0,2
0.0,0.0,0.0,0.0,0.0,0.0,0.0,0,0.0,0.0,0.0,0.0,0.0,0.0,0,1,0,3,1.0,1.0,4.0,1.0,0.0,1.0,1.0,0.0,29,3.0,1.0,1.0,1.0,0,1,0,0,0,0,0,1,0,3
1.0,1.0,1.0,0.0,0.0,0.0,1.0,0,0.0,1.0,0.0,0.0,0.0,0.0,1,1,0,1,5.0,5.0,5.0,5.0,1.0,1.0,1.0,1.0,55,2.0,4.0,5.0,3.0,0,0,0,0,0,0,0,0,1,2
1.0,1.0,1.0,0.0,0.0,0.0,1.0,0,0.0,1.0,0.0,0.0,0.0,0.0,1,1,0,1,5.0,5.0,1.0,5.0,1.0,1.0,1.0,0.0,30,5.0,4.0,7.0,5.0,1,0,0,0,0,0,1,0,0,2
0.0,1.0,0.0,0.0,0.0,0.0,1.0,0,0.0,0.0,0.0,0.0,0.0,1.0,0,1,0,1,2.0,1.0,4.0,3.0,1.0,1.0,1.0,0.0,42,2.0,1.0,5.0,6.0,0,0,0,0,0,0,0,0,0,2
1.0,0.0,1.0,0.0,0.0,0.0,1.0,0,0.0,1.0,1.0,1.0,1.0,0.0,1,1,0,2,4.0,4.0,4.0,4.0,1.0,1.0,1.0,1.0,56,3.0,3.0,6.0,5.0,0,0,0,0,0,0,0,0,1,1
0.0,0.0,0.0,0.0,0.0,0.0,0.0,0,0.0,0.0,0.0,0.0,0.0,1.0,0,1,0,1,4.0,4.0,3.0,4.0,1.0,1.0,1.0,0.0,66,2.0,2.0,2.0,4.0,0,0,0,0,0,0,1,0,0,3
0.0,0.0,1.0,0.0,0.0,0.0,0.0,0,0.0,0.0,0.0,0.0,0.0,1.0,1,1,0,2,1.0,5.0,3.0,5.0,1.0,1.0,1.0,1.0,35,2.0,2.0,1.0,4.0,0,0,0,0,0,0,0,0,0,1
0.0,1.0,0.0,0.0,0.0,0.0,1.0,0,0.0,0.0,0.0,0.0,0.0,0.0,0,1,1,1,5.0,5.0,1.0,5.0,0.0,1.0,1.0,0.0,34,2.0,3.0,8.0,5.0,1,0,0,0,0,0,1,0,0,2
1.0,0.0,1.0,0.0,0.0,0.0,0.0,0,0.0,0.0,0.0,1.0,0.0,0.0,0,0,0,1,5.0,5.0,2.0,5.0,0.0,1.0,1.0,1.0,43,2.0,2.0,7.0,3.0,0,0,1,0,1,0,0,0,0,1
1.0,0.0,0.0,0.0,0.0,0.0,1.0,0,0.0,1.0,0.0,0.0,0.0,1.0,1,1,0,4,4.0,3.0,4.0,5.0,1.0,1.0,1.0,0.0,41,2.0,2.0,3.0,4.0,0,0,0,0,0,0,1,0,0,2
0.0,0.0,1.0,0.0,0.0,0.0,0.0,0,0.0,0.0,0.0,0.0,1.0,1.0,0,1,0,5,5.0,5.0,2.0,5.0,1.0,1.0,1.0,0.0,49,0.0,1.0,5.0,3.0,0,0,0,0,0,0,1,0,0,2
0.0,0.0,0.0,0.0,0.0,0.0,0.0,0,0.0,0.0,0.0,1.0,0.0,0.0,0,1,0,1,3.0,1.0,5.0,4.0,1.0,1.0,1.0,0.0,62,2.0,2.0,4.0,3.0,0,0,0,0,1,0,0,0,0,2
0.0,0.0,0.0,0.0,0.0,0.0,0.0,0,0.0,0.0,0.0,0.0,0.0,0.0,1,1,1,5,1.0,4.0,2.0,1.0,0.0,1.0,1.0,0.0,55,2.0,3.0,3.0,3.0,1,0,0,0,0,0,0,0,1,1
1.0,1.0,0.0,0.0,0.0,0.0,0.0,0,0.0,1.0,1.0,0.0,1.0,0.0,0,1,0,1,2.0,5.0,1.0,4.0,1.0,1.0,1.0,0.0,44,4.0,2.0,6.0,6.0,0,0,0,1,0,0,0,0,1,2
0.0,0.0,0.0,0.0,0.0,0.0,0.0,1,0.0,0.0,0.0,0.0,0.0,0.0,1,1,0,5,2.0,5.0,1.0,4.0,1.0,0.0,1.0,0.0,43,1.0,2.0,2.0,2.0,0,0,0,1,0,0,0,1,0,3
1.0,1.0,0.0,0.0,0.0,0.0,0.0,0,0.0,0.0,0.0,1.0,0.0,0.0,1,1,1,1,1.0,4.0,3.0,1.0,1.0,1.0,1.0,0.0,64,1.0,3.0,4.0,2.0,1,0,0,0,1,0,0,0,0,3
1.0,1.0,0.0,0.0,0.0,0.0,0.0,0,0.0,0.0,0.0,0.0,0.0,0.0,1,1,0,3,2.0,3.0,5.0,2.0,1.0,0.0,1.0,0.0,51,5.0,2.0,4.0,5.0,0,0,0,0,1,0,0,0,0,2
0.0,0.0,0.0,0.0,0.0,0.0,0.0,0,0.0,0.0,0.0,0.0,0.0,0.0,1,0,0,2,5.0,1.0,1.0,1.0,0.0,0.0,1.0,0.0,49,1.0,3.0,3.0,3.0,1,0,0,0,1,0,0,0,0,3
0.0,0.0,0.0,0.0,0.0,0.0,0.0,0,0.0,0.0,0.0,0.0,0.0,1.0,0,1,0,3,2.0,5.0,1.0,3.0,1.0,0.0,1.0,0.0,35,2.0,2.0,1.0,1.0,0,0,0,1,0,0,0,0,1,3
0.0,1.0,0.0,0.0,0.0,0.0,0.0,0,0.0,0.0,0.0,0.0,0.0,0.0,1,0,0,1,3.0,5.0,1.0,5.0,1.0,0.0,0.0,0.0,23,0.0,1.0,1.0,2.0,0,1,0,0,0,0,0,0,0,1
0.0,0.0,0.0,0.0,0.0,0.0,0.0,0,0.0,0.0,0.0,0.0,0.0,0.0,0,0,0,1,3.0,4.0,5.0,5.0,0.0,0.0,0.0,0.0,26,2.0,1.0,1.0,3.0,1,0,0,1,1,0,0,0,0,1
0.0,0.0,0.0,0.0,0.0,0.0,0.0,0,0.0,1.0,0.0,1.0,0.0,1.0,0,1,0,1,1.0,4.0,1.0,5.0,1.0,0.0,1.0,0.0,60,1.0,1.0,2.0,2.0,0,1,0,0,0,0,0,0,0,3
0.0,0.0,0.0,0.0,0.0,0.0,0.0,0,0.0,0.0,0.0,0.0,0.0,0.0,1,1,1,5,4.0,2.0,4.0,4.0,1.0,1.0,1.0,0.0,57,1.0,2.0,4.0,4.0,1,1,0,0,0,0,1,0,0,2
1.0,1.0,0.0,0.0,0.0,0.0,1.0,0,0.0,0.0,0.0,1.0,1.0,0.0,1,1,1,2,1.0,2.0,1.0,5.0,1.0,1.0,1.0,0.0,51,3.0,3.0,10.0,5.0,1,0,0,0,0,0,0,0,0,2
0.0,0.0,1.0,0.0,0.0,0.0,0.0,0,1.0,0.0,0.0,0.0,0.0,0.0,0,0,0,1,1.0,3.0,1.0,4.0,0.0,1.0,0.0,0.0,69,0.0,2.0,5.0,3.0,1,0,0,0,1,0,0,0,0,3
0.0,0.0,0.0,0.0,0.0,0.0,0.0,0,0.0,0.0,0.0,0.0,0.0,0.0,0,0,0,1,3.0,3.0,1.0,1.0,0.0,0.0,0.0,0.0,48,2.0,2.0,5.0,5.0,0,1,0,0,0,0,0,0,0,3
1.0,0.0,1.0,0.0,0.0,0.0,1.0,0,0.0,0.0,0.0,1.0,0.0,0.0,1,1,0,1,4.0,5.0,1.0,5.0,0.0,1.0,1.0,1.0,34,4.0,3.0,6.0,5.0,0,0,0,0,0,0,1,0,0,1
0.0,0.0,0.0,0.0,0.0,0.0,0.0,0,0.0,0.0,0.0,0.0,0.0,0.0,0,0,0,2,1.0,1.0,1.0,1.0,0.0,0.0,1.0,0.0,69,1.0,1.0,5.0,5.0,0,0,0,0,1,0,0,0,0,1
1.0,1.0,1.0,0.0,0.0,0.0,1.0,0,0.0,0.0,0.0,0.0,0.0,0.0,0,1,1,3,3.0,2.0,4.0,4.0,1.0,1.0,1.0,0.0,38,4.0,1.0,4.0,3.0,1,1,0,0,0,0,0,0,0,3
0.0,0.0,0.0,0.0,0.0,0.0,0.0,0,0.0,0.0,0.0,0.0,0.0,0.0,0,1,0,1,5.0,1.0,5.0,5.0,1.0,1.0,1.0,0.0,51,1.0,1.0,3.0,2.0,0,0,1,0,0,0,1,0,0,1
0.0,0.0,0.0,0.0,0.0,0.0,0.0,0,0.0,0.0,0.0,0.0,0.0,1.0,0,1,0,3,5.0,1.0,2.0,5.0,1.0,1.0,1.0,1.0,24,2.0,1.0,2.0,1.0,0,0,1,0,0,0,0,0,1,2
0.0,0.0,1.0,0.0,0.0,0.0,0.0,0,0.0,0.0,0.0,0.0,0.0,0.0,0,1,0,3,1.0,4.0,4.0,1.0,0.0,0.0,0.0,0.0,19,2.0,1.0,1.0,2.0,0,1,0,0,0,1,0,0,0,3
1.0,1.0,1.0,0.0,0.0,0.0,0.0,0,0.0,0.0,1.0,1.0,0.0,0.0,1,1,0,2,3.0,4.0,1.0,2.0,1.0,1.0,1.0,1.0,60,5.0,2.0,6.0,5.0,1,0,0,0,0,1,0,0,0,2
1.0,1.0,0.0,0.0,0.0,0.0,0.0,0,0.0,0.0,0.0,0.0,0.0,0.0,0,0,0,3,5.0,5.0,5.0,3.0,0.0,0.0,0.0,0.0,40,0.0,2.0,4.0,4.0,1,1,0,0,0,0,1,0,0,3
1.0,1.0,1.0,0.0,0.0,0.0,0.0,0,0.0,0.0,1.0,0.0,0.0,0.0,1,1,0,1,4.0,5.0,1.0,3.0,1.0,0.0,1.0,0.0,31,2.0,3.0,4.0,3.0,1,0,0,0,1,0,0,0,0,2
0.0,0.0,1.0,0.0,0.0,1.0,0.0,0,0.0,0.0,1.0,1.0,0.0,0.0,1,1,0,1,1.0,5.0,5.0,1.0,1.0,1.0,1.0,0.0,47,1.0,1.0,1.0,2.0,1,0,0,0,1,0,0,0,0,3
0.0,0.0,0.0,0.0,0.0,0.0,0.0,0,0.0,0.0,0.0,0.0,0.0,0.0,0,1,0,5,3.0,1.0,1.0,1.0,1.0,1.0,1.0,0.0,42,2.0,2.0,1.0,1.0,1,0,0,0,0,1,0,0,0,3
1.0,1.0,1.0,0.0,1.0,0.0,0.0,0,0.0,0.0,0.0,0.0,0.0,0.0,0,1,0,2,3.0,5.0,1.0,4.0,1.0,1.0,1.0,0.0,25,4.0,2.0,5.0,4.0,1,0,0,0,0,0,0,0,0,2
0.0,0.0,0.0,0.0,0.0,0.0,0.0,0,0.0,0.0,1.0,0.0,0.0,1.0,1,1,0,4,1.0,1.0,5.0,2.0,1.0,1.0,0.0,0.0,45,1.0,1.0,1.0,3.0,1,0,0,0,0,0,0,0,0,3
0.0,0.0,0.0,0.0,0.0,0.0,0.0,0,0.0,1.0,0.0,0.0,0.0,0.0,1,1,0,3,2.0,3.0,4.0,2.0,1.0,1.0,1.0,0.0,21,2.0,1.0,2.0,3.0,0,0,0,0,0,0,0,0,0,2
0.0,0.0,0.0,0.0,0.0,0.0,0.0,0,0.0,1.0,0.0,0.0,0.0,0.0,0,1,0,3,5.0,1.0,5.0,1.0,1.0,1.0,1.0,0.0,45,1.0,1.0,4.0,4.0,1,0,1,0,0,0,0,0,1,3
1.0,0.0,0.0,0.0,0.0,0.0,1.0,1,0.0,0.0,0.0,0.0,0.0,0.0,0,1,0,1,4.0,4.0,2.0,4.0,0.0,1.0,1.0,0.0,23,2.0,1.0,5.0,8.0,1,0,0,0,1,0,0,0,0,2
0.0,0.0,0.0,0.0,0.0,0.0,0.0,0,0.0,0.0,0.0,1.0,0.0,1.0,0,1,0,2,4.0,4.0,1.0,4.0,1.0,1.0,1.0,0.0,67,2.0,2.0,3.0,1.0,0,0,1,0,0,1,0,0,0,3
1.0,0.0,0.0,0.0,0.0,0.0,0.0,0,0.0,0.0,0.0,0.0,0.0,0.0,1,0,0,5,4.0,5.0,5.0,5.0,1.0,1.0,1.0,0.0,38,2.0,3.0,3.0,4.0,1,0,0,0,0,0,0,0,1,3
0.0,0.0,1.0,0.0,0.0,0.0,0.0,0,0.0,0.0,0.0,0.0,0.0,1.0,0,1,0,3,5.0,1.0,5.0,1.0,0.0,1.0,1.0,0.0,56,1.0,1.0,6.0,6.0,1,0,0,0,0,0,0,0,0,3
0.0,0.0,0.0,0.0,0.0,0.0,0.0,0,0.0,1.0,0.0,0.0,0.0,0.0,0,1,0,5,1.0,1.0,1.0,1.0,1.0,1.0,1.0,0.0,54,1.0,1.0,2.0,2.0,0,1,0,0,0,0,0,0,0,3
1.0,0.0,1.0,0.0,0.0,0.0,1.0,0,0.0,0.0,0.0,0.0,0.0,0.0,1,1,0,1,4.0,3.0,1.0,3.0,0.0,1.0,1.0,0.0,39,1.0,2.0,1.0,2.0,1,0,1,0,0,1,0,0,0,3
1.0,0.0,1.0,0.0,0.0,0.0,0.0,0,0.0,1.0,0.0,1.0,0.0,1.0,1,1,0,3,2.0,4.0,2.0,3.0,0.0,1.0,1.0,1.0,27,2.0,3.0,5.0,5.0,0,0,0,0,1,0,0,0,0,2
0.0,0.0,1.0,0.0,0.0,0.0,0.0,0,0.0,0.0,0.0,1.0,0.0,1.0,1,1,0,1,1.0,1.0,5.0,4.0,1.0,0.0,1.0,0.0,48,2.0,2.0,4.0,5.0,0,0,0,0,1,0,0,0,0,3
0.0,0.0,0.0,0.0,0.0,0.0,0.0,0,0.0,0.0,0.0,0.0,0.0,0.0,1,1,0,2,3.0,2.0,1.0,4.0,1.0,0.0,1.0,0.0,36,2.0,2.0,1.0,6.0,0,1,0,0,0,0,0,1,0,3
1.0,0.0,1.0,0.0,0.0,0.0,1.0,0,0.0,0.0,0.0,0.0,0.0,0.0,0,1,0,2,3.0,4.0,1.0,4.0,0.0,1.0,1.0,1.0,40,2.0,3.0,10.0,8.0,0,0,0,0,0,0,1,0,0,2
1.0,1.0,1.0,0.0,0.0,0.0,0.0,0,0.0,0.0,0.0,1.0,0.0,1.0,1,1,0,1,5.0,4.0,1.0,4.0,1.0,0.0,1.0,1.0,35,2.0,1.0,3.0,4.0,0,0,1,0,0,1,0,0,0,3
0.0,0.0,0.0,0.0,0.0,0.0,0.0,0,0.0,0.0,1.0,0.0,0.0,0.0,0,1,0,2,3.0,4.0,2.0,4.0,0.0,1.0,0.0,0.0,55,2.0,2.0,5.0,3.0,1,1,0,0,0,0,1,0,0,2
1.0,0.0,1.0,0.0,0.0,0.0,0.0,0,0.0,0.0,0.0,0.0,0.0,0.0,0,0,0,1,4.0,5.0,1.0,5.0,0.0,1.0,0.0,1.0,18,2.0,2.0,2.0,3.0,1,0,0,0,0,0,0,0,0,1
0.0,0.0,1.0,1.0,0.0,0.0,1.0,0,0.0,1.0,1.0,1.0,0.0,0.0,0,1,1,1,4.0,4.0,1.0,5.0,1.0,1.0,1.0,1.0,51,5.0,4.0,3.0,7.0,1,0,0,0,1,0,0,0,0,2
0.0,0.0,1.0,0.0,0.0,0.0,1.0,0,0.0,0.0,0.0,0.0,0.0,0.0,0,1,0,1,5.0,5.0,1.0,3.0,0.0,1.0,1.0,1.0,19,1.0,3.0,7.0,6.0,1,0,0,0,0,0,0,0,1,2
1.0,1.0,1.0,0.0,0.0,0.0,1.0,0,1.0,0.0,0.0,1.0,0.0,0.0,1,1,1,2,3.0,3.0,2.0,4.0,1.0,0.0,1.0,0.0,24,5.0,3.0,7.0,5.0,1,0,0,0,0,0,0,1,0,1
1.0,0.0,1.0,0.0,0.0,0.0,0.0,0,0.0,1.0,0.0,0.0,0.0,0.0,0,1,0,3,2.0,5.0,2.0,5.0,0.0,1.0,1.0,1.0,37,2.0,1.0,3.0,3.0,1,0,0,1,0,0,0,1,0,1
1.0,0.0,0.0,0.0,0.0,0.0,1.0,0,0.0,0.0,0.0,0.0,0.0,0.0,0,1,0,2,5.0,5.0,1.0,5.0,1.0,0.0,1.0,1.0,38,5.0,2.0,6.0,5.0,0,0,0,1,0,0,0,1,0,2
0.0,0.0,0.0,0.0,0.0,0.0,0.0,0,0.0,0.0,0.0,0.0,0.0,0.0,0,0,0,1,4.0,5.0,2.0,2.0,0.0,0.0,0.0,0.0,65,1.0,2.0,1.0,1.0,0,0,0,1,0,0,1,0,0,3
0.0,0.0,0.0,0.0,0.0,0.0,1.0,0,0.0,0.0,0.0,0.0,0.0,0.0,1,1,0,1,1.0,5.0,1.0,3.0,1.0,1.0,1.0,0.0,30,6.0,1.0,2.0,5.0,1,0,0,0,0,1,0,0,0,1
1.0,0.0,1.0,0.0,0.0,1.0,1.0,0,0.0,0.0,0.0,0.0,0.0,0.0,0,1,1,2,3.0,4.0,3.0,4.0,1.0,1.0,1.0,0.0,32,5.0,2.0,7.0,5.0,0,0,0,0,0,0,0,0,1,2
0.0,0.0,1.0,0.0,0.0,0.0,0.0,0,0.0,0.0,1.0,0.0,0.0,0.0,0,1,0,1,5.0,5.0,1.0,5.0,0.0,1.0,0.0,1.0,37,2.0,1.0,7.0,3.0,0,0,0,1,0,0,0,1,0,3
0.0,0.0,0.0,0.0,0.0,0.0,0.0,0,0.0,0.0,0.0,0.0,0.0,1.0,0,1,0,2,3.0,4.0,5.0,5.0,1.0,1.0,1.0,1.0,64,0.0,1.0,2.0,3.0,0,0,1,0,0,1,0,0,0,3
0.0,0.0,0.0,0.0,0.0,0.0,0.0,0,0.0,1.0,0.0,0.0,0.0,0.0,0,0,0,1,1.0,1.0,1.0,1.0,0.0,0.0,1.0,0.0,52,1.0,2.0,2.0,2.0,1,0,0,0,0,0,0,0,1,3
0.0,0.0,0.0,0.0,0.0,0.0,0.0,0,0.0,0.0,0.0,0.0,0.0,0.0,0,0,0,1,3.0,5.0,1.0,3.0,0.0,0.0,1.0,0.0,64,5.0,3.0,7.0,6.0,0,0,0,0,0,0,0,0,1,3
0.0,0.0,0.0,0.0,0.0,0.0,0.0,0,0.0,1.0,0.0,0.0,0.0,0.0,1,1,0,2,2.0,3.0,1.0,3.0,1.0,1.0,1.0,0.0,40,2.0,2.0,2.0,4.0,0,1,0,0,1,0,0,0,0,3
1.0,1.0,0.0,0.0,0.0,0.0,0.0,0,0.0,0.0,1.0,0.0,0.0,1.0,0,1,0,1,2.0,5.0,1.0,5.0,1.0,1.0,1.0,0.0,40,2.0,2.0,4.0,2.0,1,0,0,1,0,0,0,1,0,1
0.0,0.0,0.0,0.0,0.0,0.0,1.0,0,0.0,0.0,0.0,0.0,0.0,0.0,1,1,0,1,4.0,5.0,1.0,5.0,1.0,1.0,1.0,0.0,30,2.0,2.0,4.0,3.0,1,0,1,0,0,1,0,0,0,2
0.0,0.0,1.0,0.0,0.0,0.0,0.0,0,0.0,0.0,0.0,0.0,0.0,0.0,1,1,0,4,5.0,5.0,5.0,1.0,1.0,0.0,1.0,0.0,61,1.0,2.0,3.0,6.0,0,0,0,0,0,0,1,0,0,3
0.0,0.0,1.0,0.0,0.0,0.0,0.0,0,0.0,0.0,0.0,0.0,0.0,0.0,0,1,0,1,2.0,2.0,2.0,4.0,0.0,0.0,1.0,0.0,30,2.0,1.0,1.0,1.0,0,1,0,0,0,0,0,0,1,3
1.0,1.0,0.0,0.0,0.0,0.0,0.0,1,0.0,0.0,0.0,0.0,0.0,0.0,0,1,1,1,4.0,4.0,5.0,2.0,1.0,1.0,1.0,0.0,66,4.0,3.0,10.0,8.0,1,0,0,0,0,0,0,0,1,2
0.0,0.0,0.0,0.0,0.0,0.0,0.0,0,0.0,0.0,0.0,0.0,0.0,0.0,0,0,0,1,4.0,5.0,5.0,5.0,0.0,0.0,0.0,0.0,37,2.0,2.0,1.0,1.0,1,1,0,0,0,0,1,0,0,2
1.0,1.0,1.0,0.0,0.0,0.0,0.0,0,0.0,0.0,0.0,0.0,0.0,0.0,0,1,0,2,3.0,4.0,1.0,5.0,1.0,1.0,1.0,1.0,54,3.0,2.0,7.0,5.0,1,0,0,0,0,0,0,0,1,2
1.0,1.0,0.0,0.0,0.0,0.0,0.0,1,0.0,0.0,0.0,0.0,0.0,0.0,0,0,0,3,3.0,3.0,2.0,4.0,0.0,0.0,0.0,0.0,65,2.0,3.0,2.0,4.0,1,0,0,0,0,0,0,0,1,3
0.0,0.0,0.0,0.0,0.0,0.0,0.0,0,0.0,1.0,0.0,0.0,0.0,0.0,0,1,0,3,3.0,3.0,4.0,3.0,0.0,1.0,1.0,0.0,61,2.0,3.0,4.0,4.0,1,1,0,0,1,0,0,0,0,2
1.0,1.0,0.0,0.0,0.0,0.0,0.0,1,0.0,0.0,0.0,0.0,0.0,0.0,0,0,0,1,5.0,5.0,1.0,5.0,0.0,1.0,1.0,0.0,62,1.0,3.0,4.0,4.0,0,0,0,0,0,0,1,0,0,2
0.0,0.0,1.0,1.0,0.0,0.0,0.0,0,0.0,0.0,0.0,1.0,1.0,0.0,0,1,0,3,5.0,5.0,5.0,5.0,1.0,1.0,1.0,1.0,36,1.0,1.0,4.0,2.0,1,0,0,0,0,0,0,0,0,1
0.0,0.0,1.0,0.0,0.0,0.0,0.0,0,0.0,0.0,0.0,0.0,0.0,0.0,0,0,0,1,2.0,5.0,1.0,3.0,0.0,1.0,0.0,0.0,28,2.0,1.0,3.0,2.0,0,0,0,1,1,0,0,0,0,2
1.0,1.0,0.0,0.0,0.0,0.0,1.0,0,0.0,0.0,0.0,0.0,0.0,0.0,1,1,1,3,3.0,4.0,1.0,4.0,1.0,0.0,1.0,0.0,61,5.0,3.0,5.0,6.0,1,1,0,0,1,0,0,0,0,2
1.0,1.0,1.0,0.0,0.0,0.0,0.0,0,0.0,0.0,0.0,0.0,0.0,0.0,0,1,0,1,2.0,5.0,1.0,5.0,1.0,1.0,1.0,0.0,61,5.0,3.0,1.0,3.0,0,0,0,0,0,0,1,0,0,3
0.0,0.0,0.0,0.0,0.0,0.0,0.0,0,0.0,0.0,0.0,0.0,0.0,1.0,0,0,0,1,4.0,5.0,2.0,5.0,0.0,0.0,1.0,0.0,36,4.0,1.0,4.0,3.0,0,0,1,0,0,0,0,0,1,2
0.0,0.0,0.0,0.0,0.0,0.0,0.0,0,0.0,0.0,0.0,0.0,0.0,0.0,0,1,0,4,5.0,4.0,5.0,3.0,1.0,1.0,1.0,0.0,53,1.0,1.0,1.0,2.0,0,1,0,0,0,0,0,1,0,3
1.0,0.0,1.0,0.0,0.0,0.0,0.0,0,0.0,0.0,0.0,0.0,0.0,1.0,0,1,0,5,2.0,2.0,4.0,2.0,1.0,0.0,1.0,0.0,32,3.0,1.0,2.0,2.0,0,0,0,0,0,0,0,0,0,3
0.0,0.0,0.0,0.0,0.0,0.0,0.0,0,1.0,0.0,0.0,0.0,0.0,0.0,1,1,1,3,5.0,5.0,5.0,3.0,1.0,1.0,1.0,0.0,50,3.0,2.0,8.0,8.0,0,0,0,0,0,0,0,0,0,2
1.0,0.0,0.0,0.0,0.0,0.0,0.0,0,0.0,0.0,0.0,0.0,0.0,0.0,1,1,0,3,2.0,2.0,2.0,1.0,1.0,1.0,1.0,0.0,60,2.0,1.0,2.0,1.0,1,0,1,0,0,0,0,0,1,3
0.0,0.0,0.0,0.0,0.0,0.0,0.0,0,0.0,0.0,0.0,0.0,0.0,1.0,0,1,0,1,1.0,1.0,1.0,1.0,0.0,0.0,0.0,0.0,70,1.0,2.0,1.0,2.0,0,1,0,0,0,0,1,0,0,3
1.0,1.0,0.0,0.0,0.0,0.0,1.0,0,0.0,1.0,0.0,0.0,0.0,0.0,0,1,1,2,3.0,5.0,1.0,5.0,1.0,1.0,1.0,0.0,37,3.0,1.0,6.0,4.0,1,0,0,1,0,1,0,0,0,1
1.0,0.0,1.0,1.0,0.0,0.0,1.0,0,0.0,0.0,0.0,0.0,0.0,0.0,1,1,0,2,5.0,3.0,2.0,3.0,1.0,1.0,1.0,0.0,22,5.0,1.0,4.0,4.0,0,1,0,0,0,0,0,0,1,3
0.0,0.0,0.0,0.0,0.0,0.0,0.0,0,1.0,0.0,0.0,0.0,1.0,0.0,0,1,0,2,1.0,5.0,5.0,5.0,1.0,0.0,1.0,0.0,70,1.0,3.0,4.0,4.0,0,0,0,0,0,0,1,0,0,2
0.0,0.0,0.0,0.0,0.0,0.0,0.0,0,0.0,0.0,0.0,0.0,0.0,1.0,0,1,0,5,3.0,3.0,3.0,1.0,1.0,0.0,1.0,0.0,50,1.0,1.0,2.0,2.0,0,0,0,0,0,0,0,0,0,3
1.0,0.0,1.0,0.0,0.0,0.0,1.0,0,0.0,0.0,0.0,0.0,0.0,0.0,1,1,0,2,3.0,1.0,1.0,3.0,0.0,1.0,1.0,1.0,25,3.0,5.0,9.0,5.0,1,0,0,0,0,0,0,0,1,1
0.0,0.0,0.0,0.0,0.0,0.0,0.0,0,0.0,0.0,0.0,0.0,0.0,0.0,0,1,0,1,5.0,1.0,5.0,5.0,1.0,1.0,1.0,0.0,54,1.0,2.0,2.0,2.0,0,0,0,0,1,0,0,0,0,2
1.0,0.0,0.0,0.0,0.0,0.0,0.0,0,0.0,0.0,1.0,0.0,0.0,0.0,0,1,0,1,2.0,5.0,1.0,4.0,1.0,1.0,1.0,1.0,57,2.0,1.0,5.0,4.0,1,0,0,0,0,0,0,0,0,1
0.0,0.0,1.0,0.0,0.0,0.0,0.0,0,0.0,1.0,0.0,0.0,0.0,0.0,1,1,1,2,2.0,5.0,1.0,4.0,1.0,1.0,1.0,0.0,48,2.0,1.0,4.0,3.0,1,0,0,0,0,0,0,0,1,2
1.0,1.0,0.0,0.0,0.0,0.0,1.0,0,0.0,1.0,0.0,0.0,0.0,0.0,1,1,1,5,2.0,1.0,5.0,2.0,1.0,0.0,1.0,0.0,47,3.0,2.0,3.0,10.0,1,0,0,0,0,0,0,1,0,3
0.0,1.0,0.0,0.0,0.0,0.0,1.0,1,0.0,0.0,0.0,0.0,0.0,0.0,0,1,1,1,5.0,4.0,4.0,2.0,1.0,0.0,1.0,0.0,63,1.0,2.0,6.0,4.0,0,0,0,0,1,0,0,0,0,1
0.0,0.0,0.0,0.0,0.0,0.0,0.0,0,1.0,0.0,0.0,0.0,0.0,0.0,0,1,0,3,1.0,2.0,1.0,5.0,1.0,0.0,1.0,0.0,64,2.0,2.0,4.0,4.0,0,0,0,0,1,0,0,0,0,2
0.0,0.0,0.0,0.0,0.0,0.0,1.0,0,0.0,0.0,0.0,0.0,0.0,0.0,1,1,0,4,3.0,4.0,3.0,4.0,1.0,1.0,1.0,0.0,43,2.0,2.0,2.0,3.0,1,1,0,0,0,0,1,0,0,3
0.0,0.0,1.0,0.0,0.0,0.0,0.0,0,0.0,0.0,0.0,0.0,0.0,0.0,1,1,0,1,1.0,3.0,1.0,3.0,0.0,0.0,1.0,0.0,22,2.0,2.0,4.0,4.0,0,0,0,0,0,1,0,0,0,2
1.0,1.0,1.0,0.0,0.0,0.0,0.0,0,0.0,0.0,0.0,1.0,0.0,0.0,1,1,0,3,3.0,3.0,2.0,1.0,1.0,1.0,1.0,0.0,31,3.0,2.0,4.0,6.0,0,0,0,0,0,1,0,0,0,2
0.0,0.0,1.0,0.0,0.0,0.0,1.0,0,0.0,1.0,1.0,1.0,0.0,0.0,0,1,0,2,5.0,3.0,1.0,3.0,1.0,1.0,1.0,1.0,30,4.0,2.0,3.0,3.0,0,0,0,0,1,0,0,0,0,3
1.0,0.0,0.0,0.0,0.0,1.0,1.0,1,0.0,0.0,0.0,0.0,0.0,0.0,0,1,0,2,3.0,5.0,1.0,5.0,1.0,0.0,1.0,0.0,61,1.0,1.0,4.0,3.0,1,0,0,0,0,0,0,1,0,2
0.0,0.0,0.0,0.0,0.0,0.0,0.0,0,0.0,0.0,0.0,0.0,0.0,0.0,1,1,0,2,5.0,5.0,1.0,5.0,1.0,0.0,1.0,0.0,44,5.0,2.0,4.0,5.0,0,0,0,0,1,0,0,0,0,1
0.0,0.0,0.0,0.0,0.0,0.0,0.0,0,0.0,0.0,0.0,0.0,0.0,0.0,1,1,0,2,1.0,3.0,3.0,3.0,1.0,0.0,1.0,0.0,46,2.0,1.0,4.0,2.0,1,1,0,0,0,0,0,0,0,3
0.0,0.0,0.0,0.0,0.0,0.0,0.0,0,0.0,0.0,0.0,0.0,0.0,1.0,0,1,0,3,3.0,1.0,1.0,3.0,1.0,1.0,1.0,0.0,67,0.0,1.0,4.0,4.0,0,0,1,0,0,1,0,0,0,3
0.0,0.0,1.0,0.0,0.0,0.0,0.0,0,0.0,0.0,0.0,0.0,0.0,1.0,0,1,0,2,2.0,3.0,5.0,2.0,1.0,1.0,1.0,0.0,36,2.0,2.0,5.0,5.0,0,0,0,0,0,0,0,0,0,3
1.0,1.0,1.0,0.0,0.0,0.0,0.0,0,0.0,1.0,0.0,0.0,0.0,0.0,1,1,0,3,4.0,4.0,2.0,4.0,1.0,0.0,1.0,0.0,35,5.0,1.0,7.0,3.0,1,0,1,0,0,0,0,0,0,1
0.0,0.0,0.0,0.0,0.0,0.0,0.0,0,0.0,0.0,0.0,0.0,0.0,1.0,0,1,0,2,2.0,2.0,2.0,4.0,1.0,0.0,1.0,0.0,56,1.0,2.0,4.0,4.0,0,0,0,0,1,0,0,0,0,2
0.0,0.0,0.0,0.0,0.0,0.0,0.0,0,0.0,0.0,0.0,0.0,0.0,1.0,0,1,0,1,1.0,1.0,2.0,1.0,1.0,1.0,1.0,0.0,66,0.0,2.0,1.0,1.0,0,0,1,0,0,0,0,0,1,3
0.0,0.0,0.0,0.0,0.0,0.0,0.0,0,0.0,0.0,0.0,0.0,0.0,1.0,1,1,0,1,5.0,5.0,5.0,5.0,1.0,1.0,1.0,0.0,34,1.0,1.0,1.0,2.0,0,0,0,1,0,0,0,1,0,2
0.0,0.0,1.0,0.0,0.0,0.0,1.0,0,0.0,0.0,0.0,0.0,0.0,0.0,1,1,0,2,2.0,3.0,3.0,3.0,1.0,0.0,1.0,0.0,35,2.0,1.0,2.0,2.0,0,0,0,1,0,0,0,1,0,2
1.0,1.0,1.0,0.0,0.0,0.0,0.0,0,1.0,0.0,0.0,1.0,1.0,0.0,0,1,0,1,5.0,4.0,1.0,4.0,0.0,1.0,0.0,0.0,29,4.0,3.0,8.0,5.0,1,1,0,0,1,0,0,0,0,2
0.0,0.0,1.0,0.0,0.0,0.0,1.0,0,0.0,1.0,0.0,0.0,0.0,1.0,1,1,0,1,1.0,3.0,2.0,1.0,1.0,0.0,1.0,0.0,22,2.0,1.0,3.0,4.0,1,1,0,0,0,0,0,0,0,3
1.0,1.0,0.0,0.0,0.0,1.0,1.0,0,0.0,0.0,0.0,0.0,0.0,0.0,0,1,1,3,3.0,5.0,1.0,5.0,1.0,1.0,1.0,0.0,38,3.0,1.0,6.0,5.0,1,0,0,0,0,0,0,0,0,3
1.0,1.0,1.0,0.0,0.0,0.0,0.0,0,0.0,0.0,0.0,0.0,0.0,0.0,0,1,0,1,4.0,4.0,2.0,4.0,1.0,1.0,1.0,0.0,47,2.0,2.0,10.0,5.0,0,1,0,0,0,0,0,1,0,1
1.0,1.0,1.0,0.0,0.0,1.0,1.0,0,0.0,0.0,0.0,1.0,1.0,0.0,0,1,1,1,5.0,5.0,1.0,5.0,0.0,1.0,0.0,1.0,25,5.0,3.0,5.0,4.0,0,0,0,0,0,0,0,1,0,1
0.0,0.0,0.0,0.0,0.0,0.0,0.0,0,0.0,0.0,0.0,0.0,0.0,0.0,0,1,0,1,5.0,5.0,1.0,5.0,1.0,1.0,1.0,0.0,44,2.0,1.0,4.0,3.0,0,0,1,0,0,0,0,0,0,1
0.0,0.0,1.0,0.0,0.0,0.0,0.0,0,0.0,0.0,0.0,0.0,0.0,0.0,1,1,0,1,3.0,5.0,1.0,5.0,1.0,1.0,1.0,1.0,57,1.0,2.0,2.0,2.0,0,1,0,0,0,0,1,0,0,3
0.0,0.0,0.0,0.0,0.0,0.0,0.0,0,0.0,0.0,1.0,0.0,0.0,0.0,0,1,0,1,1.0,4.0,5.0,1.0,1.0,1.0,1.0,0.0,68,1.0,1.0,1.0,4.0,0,0,0,0,0,0,0,0,0,2
0.0,0.0,1.0,0.0,0.0,0.0,0.0,0,0.0,0.0,0.0,0.0,0.0,0.0,1,1,0,2,1.0,1.0,5.0,5.0,1.0,1.0,1.0,0.0,28,3.0,2.0,7.0,7.0,0,0,0,0,1,0,0,0,0,1
0.0,0.0,1.0,0.0,0.0,0.0,0.0,0,1.0,0.0,1.0,0.0,0.0,0.0,0,0,0,1,5.0,5.0,1.0,5.0,1.0,0.0,1.0,0.0,45,4.0,2.0,4.0,4.0,0,1,0,0,0,1,0,0,0,2
0.0,0.0,1.0,0.0,0.0,0.0,0.0,0,0.0,0.0,1.0,1.0,0.0,0.0,0,1,0,3,1.0,5.0,5.0,1.0,0.0,1.0,0.0,1.0,35,2.0,1.0,6.0,7.0,0,0,0,0,0,0,0,1,0,3
0.0,0.0,0.0,0.0,0.0,0.0,0.0,0,0.0,1.0,0.0,0.0,0.0,0.0,1,1,0,2,3.0,5.0,1.0,5.0,1.0,0.0,1.0,0.0,49,1.0,3.0,3.0,3.0,1,0,0,0,0,0,0,0,1,3
0.0,0.0,0.0,0.0,0.0,0.0,0.0,0,0.0,0.0,0.0,1.0,0.0,0.0,0,0,0,3,4.0,4.0,5.0,5.0,0.0,0.0,0.0,0.0,19,5.0,1.0,1.0,5.0,1,0,0,0,1,0,0,0,0,3
1.0,1.0,1.0,0.0,0.0,1.0,1.0,0,0.0,0.0,0.0,0.0,0.0,0.0,0,1,0,1,4.0,5.0,1.0,4.0,0.0,1.0,1.0,0.0,23,3.0,2.0,4.0,3.0,1,0,0,0,0,0,1,0,0,2
1.0,1.0,1.0,0.0,0.0,0.0,0.0,0,1.0,1.0,0.0,0.0,0.0,0.0,0,1,0,2,5.0,3.0,2.0,2.0,1.0,1.0,1.0,1.0,70,5.0,4.0,8.0,8.0,1,0,0,0,1,0,0,0,0,3
0.0,0.0,1.0,0.0,0.0,0.0,0.0,0,0.0,0.0,0.0,0.0,0.0,0.0,0,1,0,1,5.0,5.0,4.0,5.0,1.0,1.0,1.0,0.0,67,2.0,3.0,5.0,6.0,0,0,0,0,0,0,0,0,1,3
0.0,0.0,1.0,0.0,0.0,0.0,0.0,0,0.0,0.0,0.0,1.0,0.0,0.0,0,1,0,3,4.0,5.0,4.0,2.0,0.0,0.0,1.0,0.0,49,2.0,1.0,1.0,3.0,0,0,1,0,0,0,0,0,0,2
0.0,0.0,1.0,0.0,0.0,0.0,0.0,0,0.0,0.0,0.0,0.0,0.0,0.0,1,1,1,3,3.0,3.0,5.0,5.0,1.0,1.0,1.0,0.0,41,1.0,1.0,5.0,4.0,1,1,0,0,0,1,0,0,0,2
0.0,0.0,0.0,0.0,0.0,0.0,0.0,0,0.0,0.0,0.0,0.0,0.0,0.0,0,1,0,3,1.0,3.0,1.0,1.0,0.0,1.0,1.0,0.0,35,3.0,3.0,4.0,5.0,0,0,0,0,0,0,0,0,1,2
1.0,1.0,1.0,0.0,0.0,0.0,0.0,0,1.0,0.0,1.0,0.0,0.0,0.0,0,1,1,1,5.0,5.0,1.0,4.0,0.0,1.0,1.0,1.0,53,5.0,4.0,10.0,8.0,1,0,0,0,1,0,0,0,0,1
0.0,0.0,0.0,0.0,0.0,0.0,0.0,0,0.0,0.0,0.0,0.0,0.0,0.0,1,1,0,5,3.0,3.0,4.0,3.0,0.0,0.0,1.0,0.0,34,2.0,2.0,1.0,2.0,0,1,0,0,0,0,0,0,0,3
1.0,1.0,1.0,0.0,0.0,0.0,0.0,0,0.0,0.0,0.0,1.0,0.0,0.0,0,0,0,1,3.0,5.0,1.0,3.0,0.0,1.0,1.0,0.0,26,5.0,2.0,4.0,3.0,1,0,0,1,0,0,0,0,0,1
0.0,1.0,1.0,0.0,0.0,0.0,0.0,0,0.0,0.0,0.0,0.0,0.0,1.0,0,1,0,5,1.0,5.0,5.0,5.0,1.0,1.0,1.0,1.0,38,0.0,1.0,2.0,3.0,0,0,0,0,0,0,0,0,0,3
0.0,0.0,0.0,0.0,0.0,0.0,1.0,0,0.0,0.0,0.0,0.0,0.0,0.0,1,1,0,1,5.0,5.0,1.0,5.0,0.0,1.0,1.0,0.0,25,3.0,3.0,4.0,3.0,0,0,0,0,0,0,0,0,1,2
1.0,1.0,0.0,0.0,0.0,0.0,1.0,1,0.0,0.0,0.0,0.0,0.0,0.0,0,1,0,1,3.0,1.0,1.0,1.0,1.0,1.0,1.0,0.0,48,2.0,1.0,6.0,6.0,1,1,0,0,0,1,0,0,0,2
1.0,0.0,1.0,0.0,0.0,0.0,0.0,0,0.0,0.0,0.0,0.0,0.0,0.0,0,1,0,2,3.0,5.0,3.0,5.0,0.0,0.0,1.0,0.0,59,2.0,2.0,2.0,3.0,1,0,1,0,0,0,0,0,0,3
0.0,0.0,0.0,0.0,0.0,0.0,0.0,0,1.0,0.0,0.0,0.0,0.0,0.0,0,1,1,5,1.0,1.0,3.0,1.0,0.0,1.0,1.0,0.0,57,4.0,5.0,6.0,7.0,0,0,0,0,0,0,1,0,0,3
0.0,0.0,1.0,0.0,0.0,0.0,1.0,0,0.0,0.0,0.0,0.0,0.0,0.0,1,1,0,1,2.0,5.0,1.0,4.0,0.0,1.0,1.0,0.0,39,2.0,2.0,3.0,2.0,0,1,0,0,0,0,0,0,1,2
0.0,0.0,0.0,0.0,0.0,0.0,0.0,0,0.0,0.0,0.0,0.0,0.0,1.0,1,1,0,1,1.0,5.0,1.0,5.0,1.0,1.0,1.0,0.0,70,1.0,1.0,1.0,1.0,0,0,0,0,0,0,0,0,1,3
1.0,1.0,1.0,0.0,1.0,0.0,1.0,0,0.0,0.0,0.0,0.0,0.0,0.0,1,1,1,2,4.0,5.0,1.0,5.0,1.0,1.0,1.0,1.0,41,5.0,6.0,9.0,5.0,1,0,0,0,0,0,1,0,0,1
0.0,0.0,0.0,0.0,0.0,0.0,0.0,0,0.0,0.0,0.0,0.0,0.0,1.0,0,1,0,1,5.0,5.0,1.0,5.0,1.0,1.0,1.0,0.0,57,2.0,2.0,3.0,3.0,0,1,0,0,0,1,0,0,0,2
1.0,1.0,0.0,0.0,0.0,0.0,0.0,0,0.0,0.0,0.0,0.0,0.0,0.0,0,0,0,1,1.0,5.0,1.0,1.0,0.0,0.0,1.0,0.0,22,3.0,2.0,5.0,1.0,0,1,0,0,0,0,0,0,1,3
0.0,0.0,1.0,0.0,0.0,0.0,1.0,0,0.0,1.0,0.0,1.0,0.0,1.0,0,1,0,1,5.0,5.0,1.0,3.0,1.0,1.0,1.0,0.0,27,2.0,1.0,6.0,1.0,1,1,0,0,0,0,0,0,0,2
0.0,0.0,0.0,0.0,0.0,0.0,0.0,0,0.0,0.0,0.0,0.0,0.0,0.0,1,1,0,5,3.0,2.0,3.0,5.0,0.0,1.0,1.0,0.0,49,1.0,1.0,2.0,1.0,1,0,1,0,0,0,0,0,0,3
0.0,0.0,1.0,0.0,0.0,0.0,0.0,0,0.0,0.0,0.0,0.0,0.0,1.0,1,1,0,4,5.0,1.0,1.0,4.0,1.0,0.0,1.0,0.0,37,1.0,2.0,1.0,1.0,0,0,0,0,0,0,1,0,0,3
1.0,1.0,1.0,0.0,0.0,0.0,0.0,0,0.0,0.0,0.0,0.0,0.0,0.0,1,1,0,5,5.0,3.0,1.0,1.0,1.0,1.0,1.0,0.0,41,3.0,4.0,6.0,4.0,1,0,0,0,0,0,0,1,0,3
1.0,0.0,1.0,0.0,0.0,0.0,0.0,0,0.0,0.0,0.0,0.0,0.0,1.0,1,1,0,1,4.0,5.0,1.0,4.0,1.0,0.0,1.0,0.0,28,2.0,1.0,5.0,4.0,0,1,0,0,0,0,0,0,0,1
0.0,0.0,0.0,0.0,0.0,0.0,0.0,0,0.0,0.0,0.0,0.0,0.0,1.0,1,1,0,3,1.0,5.0,4.0,3.0,0.0,0.0,1.0,0.0,22,2.0,2.0,4.0,3.0,0,0,0,1,0,0,1,0,0,3
0.0,0.0,1.0,0.0,0.0,0.0,0.0,0,0.0,0.0,0.0,0.0,0.0,0.0,1,1,0,5,1.0,1.0,1.0,1.0,1.0,0.0,1.0,0.0,29,2.0,1.0,3.0,3.0,0,0,0,0,1,0,0,0,0,3
0.0,0.0,0.0,0.0,0.0,0.0,0.0,0,0.0,0.0,0.0,0.0,0.0,1.0,0,1,0,3,1.0,5.0,2.0,1.0,1.0,1.0,1.0,0.0,60,1.0,2.0,3.0,4.0,1,1,0,0,1,0,0,0,0,3
1.0,1.0,1.0,0.0,0.0,1.0,1.0,0,0.0,0.0,0.0,0.0,0.0,1.0,1,1,1,3,4.0,3.0,4.0,2.0,1.0,1.0,1.0,0.0,29,3.0,2.0,5.0,4.0,0,0,1,0,1,0,0,0,0,2
0.0,0.0,1.0,0.0,0.0,0.0,0.0,0,0.0,0.0,0.0,0.0,0.0,0.0,0,0,0,1,5.0,5.0,1.0,5.0,0.0,0.0,0.0,0.0,18,2.0,1.0,1.0,2.0,0,1,0,0,0,0,0,0,0,2
1.0,1.0,1.0,0.0,0.0,1.0,0.0,0,0.0,0.0,0.0,1.0,0.0,0.0,0,1,0,1,3.0,4.0,2.0,3.0,0.0,1.0,1.0,0.0,24,3.0,2.0,2.0,3.0,0,0,0,0,1,0,0,0,0,2
0.0,0.0,0.0,0.0,0.0,0.0,0.0,0,0.0,0.0,0.0,0.0,0.0,0.0,1,0,0,4,4.0,5.0,5.0,1.0,0.0,1.0,1.0,0.0,55,2.0,2.0,3.0,3.0,1,0,0,0,1,0,0,0,0,1
1.0,0.0,1.0,0.0,0.0,0.0,0.0,0,0.0,0.0,0.0,1.0,0.0,0.0,0,1,0,5,1.0,2.0,5.0,1.0,0.0,0.0,0.0,0.0,52,4.0,2.0,4.0,3.0,1,0,1,0,0,0,0,1,0,3
0.0,0.0,0.0,0.0,0.0,0.0,0.0,0,0.0,0.0,0.0,0.0,0.0,0.0,0,1,0,4,5.0,1.0,1.0,3.0,1.0,1.0,1.0,0.0,61,2.0,3.0,5.0,5.0,1,0,0,0,1,0,0,0,0,2
1.0,0.0,1.0,0.0,0.0,0.0,1.0,0,0.0,1.0,0.0,0.0,0.0,0.0,1,1,0,2,4.0,4.0,1.0,4.0,0.0,1.0,1.0,1.0,22,5.0,2.0,4.0,3.0,1,0,0,0,0,1,0,0,0,2
0.0,0.0,0.0,0.0,0.0,0.0,1.0,0,0.0,0.0,0.0,0.0,0.0,0.0,0,1,0,2,2.0,1.0,5.0,5.0,0.0,0.0,1.0,0.0,20,2.0,2.0,7.0,4.0,1,1,0,0,0,1,0,0,0,1
1.0,1.0,0.0,0.0,0.0,0.0,1.0,0,0.0,0.0,0.0,1.0,0.0,0.0,1,1,0,1,3.0,5.0,5.0,5.0,1.0,1.0,1.0,0.0,44,2.0,3.0,5.0,5.0,0,1,0,0,0,0,1,0,0,2
0.0,0.0,0.0,0.0,0.0,0.0,0.0,0,0.0,0.0,1.0,0.0,0.0,0.0,1,1,1,1,5.0,5.0,1.0,4.0,1.0,1.0,1.0,0.0,20,2.0,2.0,8.0,6.0,1,0,0,0,1,0,0,0,0,2
0.0,0.0,0.0,0.0,0.0,0.0,0.0,0,0.0,0.0,0.0,0.0,0.0,0.0,1,1,0,3,1.0,2.0,1.0,1.0,0.0,0.0,0.0,0.0,23,2.0,2.0,3.0,1.0,0,0,0,0,1,0,0,0,0,3
0.0,0.0,0.0,0.0,0.0,0.0,0.0,0,0.0,1.0,0.0,1.0,0.0,0.0,1,1,0,3,1.0,1.0,1.0,5.0,1.0,1.0,1.0,0.0,53,3.0,1.0,4.0,5.0,0,0,1,0,0,0,0,0,1,2
0.0,1.0,1.0,0.0,0.0,0.0,1.0,0,0.0,0.0,0.0,0.0,0.0,0.0,1,1,1,5,1.0,3.0,2.0,3.0,1.0,0.0,0.0,0.0,35,2.0,2.0,6.0,6.0,1,0,0,0,1,0,0,0,0,3
0.0,0.0,0.0,0.0,0.0,0.0,0.0,0,0.0,0.0,0.0,0.0,0.0,0.0,0,0,0,1,2.0,1.0,1.0,2.0,0.0,0.0,0.0,0.0,63,2.0,1.0,4.0,3.0,1,0,0,0,0,0,0,0,0,3
0.0,0.0,0.0,0.0,0.0,0.0,0.0,0,0.0,0.0,1.0,0.0,0.0,0.0,0,1,0,1,1.0,5.0,5.0,1.0,1.0,1.0,1.0,0.0,55,1.0,1.0,4.0,4.0,0,0,0,0,0,0,0,0,1,3
0.0,0.0,0.0,0.0,0.0,0.0,1.0,0,0.0,0.0,0.0,0.0,0.0,0.0,1,1,0,3,2.0,3.0,3.0,5.0,1.0,0.0,1.0,0.0,32,2.0,1.0,3.0,3.0,0,1,0,0,1,0,0,0,0,2
0.0,0.0,0.0,0.0,0.0,0.0,0.0,0,0.0,0.0,0.0,0.0,0.0,1.0,0,1,0,4,3.0,4.0,5.0,1.0,0.0,1.0,1.0,0.0,25,2.0,1.0,2.0,2.0,0,0,0,1,0,0,0,0,0,2
0.0,0.0,0.0,0.0,0.0,0.0,0.0,0,0.0,0.0,0.0,0.0,0.0,0.0,0,0,0,1,5.0,5.0,5.0,5.0,1.0,1.0,1.0,0.0,50,2.0,3.0,9.0,6.0,1,0,0,0,0,0,1,0,0,1
0.0,0.0,0.0,0.0,0.0,0.0,1.0,0,0.0,0.0,0.0,0.0,0.0,0.0,1,1,0,1,1.0,1.0,5.0,1.0,0.0,1.0,0.0,0.0,20,2.0,1.0,2.0,2.0,1,0,1,0,1,0,0,0,0,2
0.0,0.0,1.0,0.0,0.0,0.0,0.0,0,0.0,0.0,0.0,1.0,0.0,0.0,0,0,0,5,1.0,4.0,1.0,4.0,1.0,1.0,1.0,0.0,49,2.0,1.0,3.0,3.0,1,0,0,0,0,0,0,0,0,2
1.0,1.0,0.0,0.0,0.0,0.0,1.0,0,1.0,1.0,0.0,0.0,0.0,0.0,0,1,1,1,4.0,5.0,1.0,5.0,1.0,1.0,1.0,0.0,55,5.0,4.0,10.0,8.0,1,0,0,0,1,0,0,0,0,1
0.0,0.0,0.0,0.0,0.0,0.0,0.0,0,0.0,0.0,0.0,0.0,0.0,0.0,1,1,0,1,5.0,5.0,1.0,5.0,0.0,1.0,1.0,0.0,24,2.0,2.0,1.0,1.0,0,1,0,0,0,0,0,0,0,3
1.0,0.0,1.0,0.0,0.0,0.0,0.0,0,0.0,1.0,0.0,0.0,0.0,0.0,1,1,0,4,1.0,2.0,3.0,2.0,0.0,0.0,0.0,1.0,43,2.0,3.0,7.0,7.0,1,0,0,0,1,0,0,0,0,3
1.0,0.0,1.0,0.0,0.0,0.0,0.0,0,0.0,1.0,0.0,0.0,0.0,0.0,0,1,0,3,1.0,1.0,1.0,1.0,0.0,0.0,1.0,0.0,44,2.0,3.0,3.0,3.0,0,0,0,0,0,0,0,1,0,3
0.0,0.0,1.0,0.0,0.0,0.0,1.0,0,0.0,0.0,0.0,0.0,0.0,0.0,1,1,0,3,4.0,5.0,2.0,4.0,1.0,1.0,1.0,0.0,45,2.0,1.0,5.0,4.0,0,1,0,0,0,0,0,0,0,3
1.0,1.0,0.0,0.0,0.0,0.0,1.0,0,0.0,0.0,1.0,0.0,0.0,0.0,0,1,1,2,3.0,4.0,2.0,3.0,1.0,1.0,1.0,0.0,45,5.0,4.0,6.0,6.0,0,0,0,0,1,0,0,0,0,1
1.0,0.0,0.0,0.0,0.0,0.0,0.0,0,0.0,0.0,0.0,0.0,0.0,0.0,0,1,0,1,5.0,5.0,1.0,5.0,1.0,1.0,1.0,0.0,24,2.0,2.0,2.0,2.0,0,1,0,0,0,0,0,0,0,1
0.0,0.0,0.0,0.0,0.0,0.0,0.0,0,0.0,0.0,0.0,1.0,0.0,0.0,0,1,0,1,2.0,2.0,1.0,5.0,0.0,1.0,1.0,0.0,62,2.0,2.0,3.0,3.0,0,1,0,0,1,0,0,0,0,2
1.0,1.0,1.0,0.0,0.0,0.0,1.0,0,0.0,0.0,0.0,0.0,0.0,0.0,1,1,1,1,1.0,1.0,1.0,1.0,0.0,0.0,0.0,0.0,31,3.0,2.0,6.0,5.0,0,0,0,0,0,0,0,0,1,3
0.0,0.0,0.0,0.0,0.0,0.0,0.0,0,0.0,0.0,0.0,0.0,0.0,0.0,0,0,0,5,1.0,1.0,5.0,5.0,0.0,0.0,1.0,0.0,40,2.0,2.0,1.0,2.0,0,1,0,0,1,0,0,0,0,3
0.0,0.0,0.0,0.0,0.0,0.0,0.0,0,0.0,0.0,0.0,0.0,0.0,0.0,1,1,0,1,5.0,5.0,1.0,5.0,1.0,1.0,1.0,0.0,25,3.0,2.0,1.0,2.0,1,0,1,0,1,0,0,0,0,3
0.0,0.0,0.0,0.0,0.0,0.0,0.0,0,0.0,0.0,0.0,0.0,0.0,0.0,0,1,1,1,3.0,5.0,3.0,2.0,1.0,1.0,1.0,0.0,65,1.0,3.0,6.0,4.0,1,0,0,0,0,0,0,0,1,1
0.0,0.0,0.0,0.0,0.0,0.0,0.0,0,0.0,0.0,0.0,0.0,0.0,0.0,0,0,0,1,5.0,5.0,1.0,5.0,0.0,1.0,1.0,0.0,21,2.0,1.0,2.0,1.0,1,0,1,0,0,0,0,0,0,2
0.0,0.0,0.0,0.0,0.0,0.0,0.0,0,0.0,0.0,0.0,0.0,0.0,0.0,0,1,0,3,4.0,2.0,3.0,5.0,1.0,1.0,1.0,0.0,57,2.0,1.0,3.0,4.0,0,0,0,0,0,0,0,0,0,3
0.0,0.0,0.0,0.0,0.0,0.0,0.0,0,0.0,0.0,1.0,0.0,0.0,0.0,1,1,0,3,2.0,3.0,3.0,3.0,0.0,1.0,1.0,0.0,42,2.0,2.0,4.0,3.0,0,0,0,0,0,0,0,0,1,3
1.0,0.0,1.0,0.0,0.0,0.0,1.0,0,0.0,1.0,0.0,1.0,0.0,0.0,1,1,0,1,4.0,5.0,1.0,5.0,1.0,1.0,1.0,1.0,27,2.0,2.0,4.0,1.0,1,0,0,0,0,0,0,0,1,2
0.0,0.0,1.0,0.0,0.0,0.0,0.0,0,0.0,0.0,0.0,0.0,0.0,1.0,1,1,0,4,2.0,4.0,3.0,3.0,1.0,1.0,1.0,0.0,50,2.0,2.0,2.0,1.0,0,0,0,0,1,0,0,0,0,2
0.0,0.0,1.0,0.0,0.0,0.0,0.0,0,0.0,0.0,0.0,1.0,0.0,1.0,0,1,0,1,2.0,5.0,1.0,5.0,1.0,1.0,1.0,0.0,62,2.0,2.0,3.0,2.0,0,0,0,0,0,1,0,0,0,3
1.0,1.0,0.0,0.0,0.0,0.0,1.0,0,0.0,0.0,0.0,0.0,0.0,0.0,1,1,1,2,3.0,3.0,3.0,3.0,1.0,1.0,1.0,0.0,32,2.0,3.0,5.0,4.0,1,1,0,0,1,0,0,0,0,3
0.0,0.0,0.0,0.0,0.0,0.0,1.0,0,0.0,0.0,0.0,0.0,0.0,0.0,1,1,0,2,5.0,4.0,1.0,5.0,1.0,1.0,1.0,0.0,38,3.0,1.0,3.0,2.0,0,0,0,1,1,0,0,0,0,2
1.0,0.0,0.0,0.0,0.0,0.0,1.0,0,0.0,1.0,0.0,1.0,0.0,0.0,1,1,1,2,4.0,4.0,1.0,3.0,1.0,1.0,1.0,1.0,38,6.0,3.0,8.0,7.0,1,0,0,0,1,0,0,0,0,2
1.0,0.0,0.0,0.0,0.0,0.0,0.0,0,0.0,1.0,0.0,0.0,0.0,1.0,0,0,0,3,5.0,2.0,2.0,4.0,0.0,1.0,0.0,0.0,18,2.0,1.0,1.0,1.0,1,0,0,1,1,0,0,0,0,3
0.0,0.0,0.0,0.0,0.0,0.0,0.0,0,0.0,0.0,0.0,0.0,0.0,1.0,0,1,0,3,1.0,5.0,1.0,1.0,1.0,1.0,1.0,0.0,48,1.0,1.0,1.0,1.0,0,0,0,1,0,0,0,0,0,3
0.0,0.0,1.0,0.0,0.0,0.0,0.0,0,0.0,0.0,1.0,0.0,0.0,0.0,1,0,0,1,3.0,5.0,1.0,5.0,1.0,1.0,1.0,1.0,33,5.0,3.0,8.0,7.0,1,0,0,0,0,0,0,1,0,2
0.0,0.0,1.0,0.0,0.0,0.0,1.0,0,0.0,0.0,0.0,0.0,0.0,1.0,1,1,0,5,2.0,1.0,5.0,1.0,0.0,1.0,0.0,0.0,21,2.0,1.0,4.0,7.0,1,1,0,0,0,1,0,0,0,3
0.0,0.0,0.0,0.0,1.0,1.0,0.0,0,0.0,0.0,0.0,0.0,0.0,1.0,1,1,0,3,1.0,4.0,1.0,5.0,1.0,1.0,1.0,0.0,35,2.0,2.0,3.0,4.0,1,0,1,0,0,0,0,0,1,3
0.0,0.0,0.0,0.0,0.0,0.0,0.0,0,0.0,0.0,0.0,1.0,0.0,0.0,0,0,0,1,5.0,5.0,1.0,5.0,0.0,0.0,1.0,0.0,18,5.0,3.0,6.0,4.0,0,0,0,0,0,0,0,0,1,2
1.0,0.0,0.0,0.0,0.0,0.0,0.0,0,0.0,1.0,0.0,0.0,0.0,0.0,1,1,1,2,4.0,3.0,2.0,2.0,0.0,1.0,1.0,0.0,32,2.0,3.0,6.0,4.0,1,0,0,0,0,0,1,0,0,3
0.0,0.0,1.0,0.0,0.0,0.0,0.0,0,0.0,0.0,0.0,0.0,0.0,0.0,0,0,0,5,1.0,1.0,1.0,1.0,0.0,0.0,0.0,0.0,62,0.0,1.0,1.0,1.0,0,0,0,0,0,0,1,0,0,3
1.0,1.0,1.0,0.0,1.0,0.0,1.0,0,0.0,0.0,0.0,0.0,0.0,0.0,1,1,1,2,1.0,5.0,1.0,1.0,1.0,0.0,1.0,1.0,27,6.0,6.0,10.0,8.0,0,0,0,0,1,0,0,0,0,1
0.0,0.0,1.0,0.0,0.0,0.0,1.0,0,0.0,0.0,0.0,0.0,0.0,1.0,0,1,0,3,2.0,1.0,1.0,3.0,0.0,1.0,1.0,0.0,61,2.0,2.0,7.0,5.0,1,0,0,0,1,0,0,0,0,1
1.0,0.0,0.0,0.0,0.0,0.0,0.0,0,0.0,0.0,0.0,0.0,0.0,0.0,1,1,0,3,2.0,5.0,2.0,2.0,0.0,0.0,0.0,0.0,32,3.0,1.0,5.0,4.0,0,0,0,0,0,1,0,0,0,2
0.0,0.0,1.0,0.0,0.0,0.0,0.0,0,0.0,0.0,0.0,0.0,0.0,0.0,0,0,0,4,1.0,1.0,3.0,1.0,1.0,1.0,1.0,1.0,39,2.0,1.0,4.0,5.0,0,0,0,0,0,0,0,0,1,3
0.0,0.0,0.0,0.0,0.0,0.0,0.0,0,0.0,0.0,0.0,0.0,0.0,1.0,0,1,0,1,5.0,5.0,5.0,1.0,0.0,0.0,1.0,0.0,42,0.0,1.0,4.0,4.0,0,0,0,1,0,0,0,0,1,3
0.0,0.0,0.0,0.0,0.0,0.0,0.0,0,0.0,0.0,0.0,0.0,0.0,0.0,0,1,0,5,1.0,1.0,1.0,3.0,0.0,1.0,1.0,0.0,21,2.0,2.0,1.0,2.0,0,0,0,0,0,0,0,0,0,3
1.0,1.0,1.0,0.0,1.0,0.0,1.0,1,0.0,1.0,0.0,0.0,0.0,0.0,1,1,1,1,2.0,3.0,2.0,4.0,0.0,1.0,0.0,1.0,34,5.0,2.0,7.0,5.0,1,1,0,0,1,0,0,0,0,2
1.0,1.0,1.0,0.0,0.0,0.0,1.0,0,0.0,1.0,0.0,0.0,0.0,0.0,1,1,0,2,5.0,5.0,1.0,4.0,1.0,1.0,1.0,0.0,33,4.0,4.0,7.0,6.0,0,1,0,0,1,0,0,0,0,2
0.0,0.0,1.0,0.0,0.0,0.0,0.0,0,0.0,0.0,0.0,1.0,0.0,0.0,0,1,0,1,3.0,1.0,1.0,4.0,0.0,1.0,1.0,0.0,28,5.0,3.0,2.0,2.0,1,0,0,0,0,0,1,0,0,2
0.0,0.0,0.0,0.0,0.0,0.0,0.0,0,0.0,0.0,0.0,0.0,0.0,1.0,1,1,0,5,1.0,5.0,1.0,1.0,1.0,0.0,1.0,0.0,59,1.0,1.0,2.0,1.0,0,0,0,0,0,0,0,0,0,3
0.0,0.0,1.0,0.0,0.0,0.0,0.0,0,0.0,0.0,0.0,0.0,0.0,0.0,0,1,1,4,1.0,1.0,1.0,1.0,0.0,0.0,0.0,0.0,27,4.0,2.0,4.0,4.0,0,0,1,0,0,0,0,1,0,3
1.0,1.0,1.0,0.0,0.0,1.0,1.0,0,0.0,0.0,0.0,0.0,0.0,0.0,0,1,1,1,5.0,5.0,1.0,5.0,1.0,1.0,0.0,0.0,33,6.0,2.0,9.0,7.0,0,0,0,0,0,0,1,0,0,1
1.0,0.0,1.0,0.0,0.0,0.0,1.0,0,0.0,0.0,0.0,0.0,0.0,0.0,0,0,0,4,5.0,5.0,5.0,3.0,1.0,1.0,1.0,1.0,34,1.0,1.0,2.0,2.0,1,0,1,0,0,0,0,0,0,2
1.0,0.0,1.0,0.0,0.0,0.0,0.0,0,0.0,0.0,1.0,0.0,0.0,0.0,0,1,0,1,4.0,5.0,1.0,5.0,0.0,0.0,1.0,0.0,20,3.0,1.0,7.0,7.0,0,0,0,0,1,0,0,0,0,2
1.0,1.0,1.0,0.0,0.0,0.0,0.0,0,0.0,0.0,0.0,0.0,0.0,0.0,1,1,1,1,3.0,4.0,1.0,4.0,1.0,1.0,1.0,0.0,55,4.0,3.0,5.0,5.0,0,0,0,0,0,0,0,0,1,3
0.0,0.0,0.0,0.0,0.0,0.0,0.0,0,0.0,0.0,0.0,0.0,0.0,0.0,0,1,0,1,4.0,4.0,1.0,1.0,0.0,1.0,1.0,0.0,67,1.0,3.0,6.0,4.0,1,0,0,0,1,0,0,0,0,1
1.0,0.0,1.0,0.0,0.0,1.0,1.0,0,0.0,0.0,0.0,1.0,0.0,1.0,1,1,0,1,5.0,5.0,1.0,5.0,1.0,1.0,1.0,1.0,30,5.0,2.0,5.0,4.0,0,1,0,0,0,0,0,0,1,2
1.0,0.0,0.0,0.0,0.0,0.0,1.0,0,0.0,0.0,1.0,1.0,1.0,0.0,1,1,0,3,5.0,5.0,5.0,5.0,1.0,1.0,1.0,0.0,62,5.0,3.0,4.0,4.0,1,0,0,0,0,0,0,0,1,3
0.0,0.0,0.0,0.0,0.0,0.0,0.0,0,0.0,0.0,0.0,0.0,0.0,0.0,1,1,0,1,2.0,2.0,3.0,1.0,1.0,0.0,1.0,0.0,59,0.0,2.0,1.0,2.0,0,0,0,0,0,0,1,0,0,3
1.0,0.0,0.0,0.0,0.0,0.0,1.0,0,0.0,0.0,0.0,0.0,0.0,0.0,0,1,1,1,5.0,5.0,2.0,5.0,1.0,0.0,1.0,0.0,23,2.0,2.0,6.0,2.0,1,0,0,0,1,0,0,0,0,2
0.0,0.0,0.0,0.0,0.0,0.0,1.0,0,0.0,0.0,0.0,0.0,0.0,0.0,1,1,1,1,4.0,4.0,2.0,3.0,1.0,0.0,1.0,0.0,24,2.0,1.0,3.0,2.0,1,0,0,0,0,0,0,0,0,2
0.0,0.0,1.0,0.0,0.0,0.0,0.0,0,0.0,1.0,0.0,0.0,0.0,0.0,1,1,0,2,4.0,4.0,2.0,4.0,1.0,1.0,1.0,0.0,42,2.0,3.0,6.0,6.0,0,0,0,0,1,0,0,0,0,1
0.0,1.0,1.0,0.0,0.0,0.0,1.0,0,0.0,0.0,0.0,0.0,0.0,0.0,1,1,1,1,5.0,5.0,1.0,5.0,1.0,1.0,1.0,0.0,26,5.0,1.0,7.0,5.0,0,0,0,1,1,0,0,0,0,2
1.0,1.0,1.0,0.0,0.0,0.0,0.0,0,0.0,0.0,0.0,1.0,0.0,0.0,0,0,0,2,4.0,5.0,2.0,4.0,0.0,1.0,1.0,1.0,19,3.0,1.0,7.0,3.0,1,0,0,0,1,0,0,0,0,2
1.0,1.0,0.0,0.0,0.0,0.0,0.0,0,0.0,0.0,0.0,0.0,0.0,0.0,1,0,0,3,4.0,5.0,5.0,4.0,0.0,0.0,1.0,0.0,31,2.0,1.0,4.0,5.0,1,1,0,0,0,0,0,0,0,2
0.0,0.0,0.0,0.0,0.0,0.0,0.0,0,0.0,0.0,0.0,0.0,0.0,1.0,1,1,0,3,1.0,5.0,1.0,5.0,1.0,1.0,1.0,0.0,27,1.0,2.0,4.0,3.0,0,1,0,0,0,1,0,0,0,2
1.0,0.0,1.0,0.0,0.0,0.0,0.0,0,0.0,0.0,1.0,0.0,0.0,0.0,1,1,0,1,4.0,5.0,5.0,5.0,1.0,0.0,1.0,0.0,49,2.0,3.0,1.0,1.0,0,0,0,0,0,0,0,1,0,3
0.0,0.0,1.0,0.0,0.0,0.0,0.0,0,0.0,0.0,0.0,0.0,0.0,0.0,1,1,0,3,2.0,3.0,3.0,3.0,1.0,1.0,1.0,0.0,45,1.0,2.0,3.0,2.0,0,0,0,0,0,0,1,0,0,2
1.0,0.0,1.0,0.0,0.0,0.0,0.0,0,0.0,0.0,0.0,0.0,0.0,0.0,0,0,0,5,4.0,3.0,5.0,2.0,0.0,1.0,0.0,1.0,23,2.0,1.0,8.0,7.0,0,0,0,0,0,0,0,0,0,3
1.0,0.0,1.0,0.0,0.0,0.0,0.0,0,0.0,0.0,0.0,0.0,0.0,0.0,0,1,0,3,2.0,4.0,1.0,4.0,0.0,0.0,0.0,0.0,23,2.0,1.0,1.0,3.0,0,0,1,0,0,1,0,0,0,2
0.0,0.0,1.0,0.0,0.0,0.0,0.0,0,0.0,0.0,0.0,0.0,0.0,1.0,1,1,1,3,3.0,3.0,3.0,2.0,0.0,0.0,1.0,0.0,27,3.0,2.0,2.0,4.0,0,0,0,0,0,0,0,0,0,3
0.0,0.0,1.0,0.0,0.0,0.0,0.0,0,0.0,0.0,0.0,1.0,0.0,0.0,0,1,0,2,3.0,2.0,1.0,3.0,0.0,0.0,0.0,0.0,48,1.0,2.0,4.0,5.0,0,0,0,0,0,0,0,0,0,2
0.0,0.0,0.0,0.0,0.0,0.0,0.0,0,0.0,0.0,1.0,0.0,0.0,0.0,1,1,1,5,1.0,5.0,3.0,5.0,1.0,1.0,1.0,0.0,51,2.0,3.0,5.0,5.0,1,0,0,0,1,0,0,0,0,3
0.0,0.0,0.0,0.0,0.0,0.0,1.0,0,0.0,1.0,0.0,1.0,0.0,0.0,0,1,0,3,2.0,4.0,2.0,4.0,1.0,1.0,1.0,0.0,43,3.0,2.0,4.0,4.0,1,0,1,0,0,0,0,0,0,2
0.0,0.0,1.0,0.0,0.0,0.0,0.0,0,0.0,0.0,0.0,0.0,0.0,1.0,0,1,0,2,1.0,1.0,5.0,1.0,1.0,1.0,1.0,0.0,34,2.0,1.0,4.0,2.0,0,1,0,0,0,0,0,1,0,2
1.0,0.0,1.0,0.0,0.0,0.0,0.0,0,0.0,1.0,1.0,0.0,0.0,0.0,0,1,0,1,3.0,5.0,1.0,3.0,1.0,1.0,1.0,0.0,46,2.0,2.0,5.0,3.0,1,0,0,0,0,0,0,0,0,1
0.0,0.0,0.0,0.0,0.0,0.0,0.0,0,0.0,0.0,1.0,0.0,0.0,0.0,0,1,0,1,2.0,5.0,1.0,1.0,0.0,0.0,0.0,0.0,45,2.0,2.0,2.0,2.0,0,1,0,0,0,0,0,0,1,2
0.0,0.0,0.0,0.0,0.0,0.0,0.0,1,0.0,0.0,0.0,0.0,0.0,0.0,0,1,1,5,1.0,1.0,1.0,1.0,1.0,0.0,0.0,0.0,66,2.0,1.0,3.0,5.0,0,0,1,0,0,0,0,0,1,3
1.0,1.0,0.0,0.0,0.0,0.0,0.0,0,0.0,0.0,0.0,0.0,0.0,0.0,0,1,0,1,5.0,5.0,1.0,5.0,0.0,1.0,1.0,0.0,60,2.0,3.0,5.0,1.0,1,1,0,0,0,1,0,0,0,1
0.0,0.0,0.0,0.0,0.0,0.0,0.0,0,0.0,0.0,0.0,0.0,0.0,0.0,0,0,0,1,1.0,1.0,1.0,1.0,0.0,0.0,0.0,0.0,55,2.0,1.0,3.0,3.0,0,0,1,0,0,0,1,0,0,3
1.0,1.0,0.0,0.0,0.0,0.0,0.0,1,0.0,0.0,0.0,0.0,0.0,0.0,0,1,0,2,4.0,4.0,2.0,3.0,1.0,1.0,1.0,0.0,57,5.0,3.0,8.0,7.0,0,0,0,0,0,0,0,0,1,2
0.0,0.0,1.0,0.0,0.0,0.0,0.0,0,0.0,0.0,0.0,0.0,0.0,0.0,0,0,0,1,1.0,1.0,1.0,1.0,0.0,0.0,1.0,0.0,56,1.0,2.0,4.0,4.0,0,1,0,0,0,0,1,0,0,3
1.0,0.0,1.0,0.0,0.0,1.0,1.0,0,0.0,0.0,0.0,1.0,0.0,0.0,1,0,0,3,1.0,4.0,1.0,3.0,1.0,0.0,1.0,0.0,29,3.0,2.0,4.0,3.0,0,0,0,0,1,0,0,0,0,2
0.0,0.0,0.0,0.0,0.0,0.0,0.0,0,0.0,0.0,0.0,1.0,0.0,1.0,1,1,0,1,1.0,5.0,5.0,1.0,1.0,1.0,1.0,0.0,70,1.0,3.0,1.0,1.0,0,1,0,0,0,1,0,0,0,3
1.0,1.0,0.0,0.0,0.0,0.0,1.0,0,0.0,1.0,0.0,0.0,0.0,0.0,1,1,1,5,1.0,1.0,1.0,1.0,1.0,1.0,1.0,0.0,40,4.0,1.0,8.0,7.0,1,0,0,1,0,1,0,0,0,3
0.0,0.0,1.0,0.0,0.0,0.0,1.0,0,0.0,0.0,0.0,0.0,0.0,0.0,0,1,0,1,4.0,2.0,1.0,3.0,0.0,0.0,0.0,0.0,18,2.0,2.0,2.0,1.0,1,0,0,1,0,0,0,0,1,3
0.0,0.0,0.0,0.0,0.0,0.0,0.0,0,0.0,0.0,0.0,0.0,0.0,0.0,1,0,0,1,2.0,1.0,3.0,4.0,1.0,0.0,1.0,0.0,32,1.0,1.0,1.0,2.0,0,1,0,0,1,0,0,0,0,3
0.0,0.0,0.0,0.0,0.0,0.0,0.0,0,0.0,0.0,1.0,0.0,0.0,0.0,0,1,0,3,3.0,1.0,2.0,3.0,1.0,1.0,1.0,0.0,38,0.0,1.0,1.0,1.0,1,1,0,0,0,0,0,1,0,3
0.0,0.0,0.0,0.0,0.0,1.0,1.0,0,1.0,0.0,1.0,0.0,0.0,0.0,1,1,1,3,4.0,1.0,5.0,5.0,1.0,1.0,1.0,1.0,43,2.0,1.0,9.0,6.0,0,0,0,0,1,0,0,0,0,2
0.0,0.0,0.0,0.0,0.0,0.0,0.0,0,0.0,0.0,0.0,0.0,0.0,0.0,0,1,0,5,1.0,1.0,3.0,2.0,1.0,1.0,1.0,0.0,65,1.0,1.0,1.0,1.0,1,0,0,1,0,0,0,0,0,3
1.0,1.0,1.0,0.0,0.0,0.0,0.0,0,0.0,0.0,0.0,0.0,0.0,0.0,0,1,1,1,4.0,5.0,1.0,5.0,0.0,1.0,1.0,1.0,38,2.0,1.0,6.0,6.0,1,0,0,0,0,0,0,0,0,2
0.0,1.0,0.0,0.0,0.0,0.0,0.0,0,0.0,0.0,0.0,1.0,1.0,0.0,1,0,0,1,5.0,5.0,1.0,5.0,1.0,1.0,1.0,1.0,52,2.0,4.0,6.0,5.0,1,0,0,0,0,0,0,0,1,2
0.0,0.0,0.0,0.0,0.0,0.0,0.0,0,0.0,0.0,0.0,0.0,0.0,0.0,0,0,0,1,3.0,1.0,1.0,2.0,1.0,1.0,1.0,1.0,60,1.0,3.0,5.0,7.0,0,1,0,0,0,0,1,0,0,2
0.0,1.0,0.0,0.0,0.0,0.0,1.0,0,0.0,0.0,1.0,0.0,0.0,0.0,1,1,1,1,5.0,5.0,1.0,5.0,1.0,1.0,1.0,0.0,44,6.0,5.0,7.0,4.0,1,0,0,0,0,0,1,0,0,2
0.0,0.0,0.0,0.0,0.0,0.0,0.0,0,0.0,0.0,0.0,0.0,0.0,0.0,1,1,0,1,5.0,5.0,1.0,5.0,1.0,1.0,1.0,0.0,31,2.0,2.0,5.0,3.0,1,0,0,0,1,0,0,0,0,2
0.0,0.0,0.0,0.0,0.0,0.0,1.0,0,0.0,0.0,0.0,0.0,0.0,0.0,0,0,0,1,1.0,1.0,1.0,2.0,1.0,0.0,1.0,0.0,18,2.0,2.0,3.0,2.0,0,1,0,0,0,0,0,0,0,3
1.0,0.0,0.0,0.0,0.0,0.0,0.0,0,0.0,0.0,0.0,0.0,0.0,1.0,0,1,0,1,4.0,5.0,4.0,1.0,1.0,1.0,1.0,0.0,61,1.0,1.0,4.0,4.0,0,0,0,0,0,0,1,0,0,2
1.0,1.0,0.0,0.0,0.0,0.0,0.0,0,0.0,0.0,0.0,0.0,0.0,0.0,0,1,0,1,2.0,5.0,1.0,3.0,1.0,1.0,1.0,0.0,45,5.0,3.0,6.0,5.0,1,0,0,1,0,0,0,0,1,1
0.0,0.0,0.0,0.0,0.0,0.0,0.0,0,0.0,0.0,0.0,0.0,0.0,1.0,0,1,0,3,3.0,4.0,1.0,4.0,1.0,1.0,1.0,0.0,35,3.0,1.0,1.0,1.0,0,0,0,1,0,0,0,1,0,2
0.0,0.0,0.0,0.0,0.0,0.0,0.0,0,0.0,1.0,0.0,0.0,0.0,1.0,1,1,0,3,5.0,5.0,2.0,5.0,1.0,1.0,1.0,0.0,57,2.0,1.0,2.0,4.0,0,0,0,0,0,0,0,1,0,1
0.0,0.0,0.0,0.0,0.0,0.0,0.0,0,0.0,0.0,0.0,0.0,0.0,0.0,0,0,0,1,5.0,5.0,1.0,5.0,0.0,0.0,0.0,0.0,24,5.0,1.0,3.0,3.0,1,1,0,0,0,0,0,0,0,2
1.0,1.0,1.0,0.0,0.0,0.0,1.0,0,0.0,1.0,0.0,0.0,0.0,0.0,0,1,1,1,3.0,5.0,1.0,5.0,0.0,1.0,1.0,0.0,45,2.0,2.0,4.0,3.0,0,0,0,0,1,0,0,0,0,2
0.0,0.0,1.0,0.0,0.0,0.0,0.0,0,0.0,0.0,1.0,0.0,0.0,1.0,0,1,0,4,5.0,3.0,5.0,2.0,0.0,0.0,1.0,1.0,39,2.0,2.0,5.0,6.0,0,0,1,0,0,0,1,0,0,3
0.0,0.0,1.0,0.0,0.0,0.0,1.0,0,0.0,0.0,0.0,1.0,0.0,0.0,0,1,0,4,1.0,3.0,1.0,3.0,1.0,0.0,0.0,0.0,42,5.0,2.0,4.0,4.0,1,0,1,0,0,0,0,1,0,3
1.0,0.0,1.0,0.0,0.0,0.0,1.0,0,0.0,0.0,0.0,0.0,0.0,0.0,1,1,1,1,3.0,4.0,2.0,4.0,1.0,1.0,1.0,0.0,33,2.0,3.0,5.0,4.0,1,0,0,0,1,0,0,0,0,2
0.0,0.0,0.0,0.0,0.0,0.0,1.0,0,0.0,0.0,0.0,0.0,1.0,0.0,1,1,0,2,4.0,5.0,1.0,5.0,1.0,1.0,1.0,0.0,31,2.0,2.0,4.0,3.0,0,0,0,0,1,0,0,0,0,3
0.0,0.0,1.0,0.0,0.0,0.0,0.0,0,0.0,0.0,0.0,0.0,0.0,1.0,1,1,0,2,5.0,5.0,1.0,5.0,0.0,1.0,1.0,0.0,28,3.0,2.0,4.0,3.0,0,1,0,0,0,0,0,0,1,2
1.0,0.0,0.0,0.0,0.0,0.0,1.0,0,0.0,0.0,0.0,0.0,0.0,0.0,1,1,1,1,4.0,5.0,1.0,5.0,1.0,1.0,1.0,0.0,47,5.0,2.0,6.0,6.0,0,1,0,0,1,0,0,0,0,1
1.0,0.0,1.0,0.0,0.0,0.0,1.0,1,0.0,0.0,0.0,0.0,0.0,0.0,0,1,0,2,4.0,5.0,2.0,5.0,1.0,1.0,1.0,0.0,54,2.0,2.0,5.0,3.0,1,0,0,0,0,0,0,0,1,1
0.0,0.0,1.0,0.0,0.0,0.0,0.0,0,0.0,0.0,0.0,0.0,0.0,0.0,0,1,0,1,3.0,2.0,2.0,3.0,0.0,0.0,0.0,0.0,49,2.0,2.0,4.0,3.0,0,0,0,1,0,1,0,0,0,1
1.0,0.0,1.0,0.0,0.0,0.0,0.0,0,0.0,0.0,0.0,0.0,0.0,0.0,1,1,0,3,1.0,1.0,3.0,2.0,0.0,1.0,1.0,0.0,18,1.0,1.0,1.0,2.0,0,0,0,0,1,0,0,0,0,2
1.0,0.0,0.0,0.0,0.0,0.0,0.0,0,0.0,0.0,1.0,0.0,0.0,0.0,0,0,0,1,5.0,5.0,1.0,5.0,0.0,1.0,0.0,0.0,19,3.0,2.0,4.0,2.0,0,0,1,0,1,0,0,0,0,3
0.0,0.0,0.0,0.0,0.0,0.0,0.0,0,0.0,0.0,0.0,0.0,0.0,0.0,1,1,0,1,4.0,5.0,1.0,3.0,1.0,1.0,1.0,1.0,21,1.0,2.0,3.0,3.0,1,0,1,0,0,0,0,0,0,1
0.0,0.0,0.0,0.0,0.0,0.0,0.0,1,0.0,0.0,0.0,0.0,0.0,0.0,1,1,0,1,2.0,3.0,1.0,5.0,0.0,0.0,1.0,0.0,66,2.0,2.0,7.0,6.0,1,1,0,0,1,0,0,0,0,1
0.0,0.0,0.0,0.0,0.0,0.0,0.0,0,0.0,0.0,0.0,0.0,0.0,0.0,0,1,0,1,1.0,5.0,1.0,1.0,1.0,0.0,1.0,0.0,43,3.0,1.0,2.0,4.0,1,0,1,0,0,0,0,0,0,3
0.0,0.0,0.0,0.0,0.0,0.0,0.0,0,1.0,0.0,0.0,0.0,0.0,0.0,0,1,0,1,1.0,1.0,1.0,1.0,1.0,1.0,1.0,0.0,58,0.0,1.0,2.0,2.0,1,1,0,0,1,0,0,0,0,2
0.0,0.0,0.0,0.0,0.0,0.0,0.0,0,1.0,0.0,0.0,0.0,0.0,0.0,1,1,0,1,2.0,3.0,3.0,3.0,1.0,0.0,1.0,0.0,68,1.0,1.0,2.0,2.0,0,0,1,0,1,0,0,0,0,1
1.0,1.0,0.0,0.0,0.0,0.0,0.0,0,0.0,1.0,1.0,1.0,0.0,0.0,1,1,0,2,2.0,4.0,2.0,4.0,1.0,1.0,1.0,0.0,31,3.0,2.0,6.0,4.0,0,0,0,0,1,0,0,0,0,1
0.0,0.0,0.0,0.0,0.0,0.0,0.0,0,0.0,0.0,1.0,0.0,0.0,0.0,1,1,0,3,2.0,2.0,2.0,2.0,1.0,1.0,1.0,0.0,26,3.0,2.0,3.0,5.0,1,0,0,0,1,0,0,0,0,3
0.0,0.0,0.0,0.0,0.0,0.0,1.0,0,0.0,0.0,1.0,0.0,1.0,0.0,0,1,0,1,3.0,5.0,1.0,5.0,1.0,0.0,1.0,0.0,58,2.0,2.0,5.0,4.0,1,0,0,0,0,0,1,0,0,2
0.0,0.0,0.0,0.0,0.0,0.0,0.0,0,0.0,0.0,0.0,0.0,0.0,1.0,0,1,0,3,1.0,2.0,5.0,5.0,0.0,0.0,0.0,0.0,45,1.0,1.0,1.0,2.0,0,1,0,0,0,0,0,1,0,1
0.0,0.0,0.0,0.0,0.0,0.0,0.0,0,0.0,1.0,0.0,0.0,0.0,0.0,1,1,0,2,2.0,4.0,1.0,1.0,0.0,1.0,1.0,0.0,66,1.0,2.0,1.0,6.0,1,0,0,0,1,0,0,0,0,3
1.0,1.0,1.0,0.0,0.0,0.0,0.0,0,0.0,1.0,1.0,0.0,0.0,1.0,1,1,1,2,2.0,3.0,5.0,1.0,0.0,1.0,1.0,0.0,28,4.0,2.0,4.0,3.0,0,1,0,0,0,1,0,0,0,1
0.0,1.0,0.0,0.0,0.0,0.0,0.0,0,0.0,0.0,1.0,0.0,0.0,0.0,1,1,1,2,5.0,5.0,1.0,4.0,0.0,1.0,1.0,0.0,60,2.0,3.0,6.0,6.0,1,0,0,0,0,0,0,0,1,2
0.0,0.0,1.0,0.0,0.0,0.0,0.0,0,0.0,0.0,0.0,0.0,0.0,0.0,0,1,0,1,1.0,1.0,2.0,2.0,0.0,1.0,1.0,0.0,25,5.0,2.0,2.0,2.0,0,1,0,0,1,0,0,0,0,3
0.0,0.0,0.0,0.0,0.0,0.0,0.0,0,0.0,0.0,0.0,0.0,0.0,1.0,0,1,0,2,3.0,3.0,4.0,2.0,1.0,1.0,1.0,0.0,65,1.0,1.0,1.0,1.0,0,0,0,0,1,0,0,0,0,3
1.0,0.0,1.0,0.0,0.0,0.0,0.0,1,0.0,0.0,0.0,0.0,0.0,0.0,0,0,0,2,1.0,4.0,1.0,4.0,0.0,1.0,1.0,1.0,20,2.0,1.0,3.0,2.0,1,1,0,0,0,0,0,0,0,2
0.0,0.0,0.0,0.0,0.0,0.0,0.0,0,0.0,0.0,0.0,1.0,0.0,0.0,1,1,0,3,1.0,3.0,3.0,3.0,1.0,0.0,1.0,0.0,26,2.0,2.0,1.0,2.0,0,0,0,0,0,0,0,0,0,3
1.0,1.0,0.0,0.0,0.0,0.0,0.0,0,1.0,0.0,0.0,0.0,0.0,0.0,0,1,1,4,4.0,4.0,4.0,2.0,1.0,1.0,1.0,0.0,68,1.0,3.0,4.0,4.0,1,1,0,0,0,0,1,0,0,2
0.0,0.0,1.0,0.0,0.0,0.0,0.0,0,0.0,0.0,0.0,1.0,1.0,0.0,1,0,0,1,4.0,5.0,1.0,5.0,1.0,1.0,1.0,1.0,53,5.0,2.0,4.0,3.0,1,0,0,0,0,0,0,0,0,1
0.0,0.0,1.0,0.0,0.0,0.0,0.0,0,0.0,0.0,0.0,0.0,0.0,0.0,0,1,0,4,5.0,5.0,5.0,5.0,0.0,1.0,1.0,0.0,33,1.0,1.0,5.0,5.0,0,0,0,0,0,0,0,0,1,1
0.0,0.0,0.0,0.0,0.0,0.0,0.0,1,0.0,0.0,0.0,0.0,0.0,0.0,1,1,0,1,1.0,5.0,1.0,5.0,1.0,1.0,1.0,0.0,61,2.0,2.0,4.0,4.0,0,0,0,0,0,1,0,0,0,2
1.0,1.0,1.0,0.0,0.0,0.0,1.0,0,0.0,0.0,0.0,0.0,0.0,0.0,1,1,0,5,1.0,5.0,1.0,1.0,1.0,0.0,1.0,0.0,34,3.0,3.0,4.0,4.0,1,0,0,0,0,0,0,0,1,3
0.0,0.0,1.0,0.0,0.0,0.0,0.0,0,0.0,0.0,0.0,1.0,0.0,0.0,0,1,0,1,4.0,3.0,1.0,5.0,1.0,0.0,0.0,0.0,30,2.0,4.0,6.0,5.0,1,0,0,0,1,0,0,0,0,2
0.0,0.0,1.0,0.0,0.0,0.0,1.0,0,0.0,0.0,0.0,0.0,0.0,0.0,0,1,0,2,3.0,3.0,2.0,3.0,0.0,1.0,1.0,1.0,35,4.0,2.0,6.0,5.0,1,1,0,0,1,0,0,0,0,2
0.0,0.0,0.0,0.0,0.0,0.0,0.0,0,0.0,0.0,0.0,0.0,0.0,0.0,0,1,0,2,3.0,3.0,1.0,3.0,0.0,0.0,0.0,0.0,18,2.0,2.0,8.0,9.0,0,0,0,0,1,0,0,0,0,3
0.0,0.0,0.0,0.0,0.0,0.0,1.0,0,0.0,0.0,0.0,0.0,0.0,0.0,0,1,0,5,4.0,4.0,4.0,2.0,1.0,1.0,1.0,0.0,56,2.0,4.0,3.0,4.0,1,0,0,0,0,0,1,0,0,3
0.0,0.0,0.0,0.0,0.0,0.0,0.0,0,1.0,0.0,0.0,0.0,0.0,0.0,0,1,0,1,5.0,5.0,1.0,5.0,0.0,0.0,1.0,0.0,59,2.0,3.0,1.0,1.0,1,0,0,0,0,0,0,0,1,3
1.0,0.0,0.0,0.0,0.0,0.0,1.0,0,0.0,1.0,0.0,0.0,0.0,0.0,1,1,0,1,3.0,5.0,4.0,3.0,1.0,0.0,0.0,0.0,46,1.0,2.0,5.0,4.0,0,1,0,0,0,0,0,0,1,2
1.0,1.0,1.0,0.0,0.0,0.0,0.0,0,0.0,1.0,1.0,0.0,0.0,0.0,1,1,0,1,4.0,4.0,1.0,5.0,1.0,1.0,1.0,0.0,33,5.0,1.0,7.0,7.0,1,1,0,0,0,0,0,0,0,1
0.0,0.0,1.0,0.0,0.0,0.0,1.0,0,0.0,1.0,0.0,1.0,0.0,0.0,0,1,1,1,4.0,2.0,5.0,3.0,1.0,1.0,1.0,1.0,19,5.0,2.0,6.0,7.0,1,0,0,0,0,0,0,0,1,1
0.0,0.0,0.0,0.0,0.0,0.0,0.0,0,0.0,0.0,0.0,1.0,0.0,0.0,0,1,0,3,4.0,3.0,2.0,5.0,0.0,0.0,1.0,0.0,58,2.0,2.0,1.0,2.0,0,0,0,1,1,0,0,0,0,2
0.0,0.0,0.0,1.0,0.0,0.0,0.0,0,0.0,0.0,0.0,0.0,0.0,0.0,0,1,0,2,2.0,3.0,2.0,3.0,1.0,1.0,1.0,0.0,68,2.0,3.0,6.0,6.0,0,0,0,0,1,0,0,0,0,1
0.0,0.0,0.0,0.0,0.0,0.0,0.0,0,0.0,0.0,0.0,0.0,0.0,0.0,0,1,0,1,4.0,5.0,1.0,5.0,1.0,1.0,1.0,0.0,41,2.0,2.0,6.0,5.0,1,1,0,0,0,0,0,0,0,1
0.0,0.0,0.0,0.0,0.0,0.0,0.0,0,0.0,0.0,0.0,0.0,0.0,1.0,1,1,0,3,1.0,1.0,1.0,1.0,0.0,0.0,0.0,0.0,39,2.0,1.0,3.0,2.0,0,1,0,0,0,0,0,0,0,3
0.0,0.0,0.0,0.0,0.0,0.0,0.0,0,0.0,0.0,0.0,0.0,0.0,0.0,0,0,0,2,1.0,5.0,1.0,5.0,0.0,0.0,0.0,0.0,59,2.0,3.0,1.0,1.0,1,1,0,0,0,1,0,0,0,2
1.0,0.0,0.0,0.0,0.0,0.0,1.0,0,0.0,0.0,0.0,0.0,0.0,0.0,0,1,1,1,5.0,5.0,1.0,5.0,1.0,1.0,1.0,0.0,42,3.0,2.0,3.0,3.0,0,0,0,0,0,0,1,0,0,3
1.0,1.0,0.0,0.0,0.0,0.0,1.0,0,0.0,0.0,0.0,0.0,0.0,0.0,1,1,1,3,3.0,2.0,2.0,2.0,1.0,1.0,1.0,0.0,32,3.0,3.0,5.0,5.0,1,0,0,0,0,0,0,1,0,2
0.0,0.0,0.0,0.0,0.0,0.0,1.0,0,0.0,0.0,0.0,0.0,0.0,0.0,0,1,1,1,1.0,5.0,1.0,1.0,1.0,1.0,1.0,0.0,56,1.0,2.0,3.0,3.0,0,0,0,0,0,0,1,0,0,3
0.0,0.0,0.0,0.0,0.0,0.0,0.0,0,0.0,0.0,0.0,1.0,0.0,0.0,1,1,0,3,4.0,5.0,2.0,3.0,0.0,1.0,1.0,0.0,24,1.0,1.0,2.0,2.0,0,0,0,1,0,0,1,0,0,2
0.0,0.0,1.0,0.0,0.0,0.0,0.0,0,0.0,1.0,1.0,0.0,0.0,0.0,1,1,0,5,2.0,3.0,4.0,2.0,1.0,0.0,0.0,0.0,29,3.0,1.0,5.0,5.0,1,0,0,0,1,0,0,0,0,2
1.0,0.0,1.0,0.0,0.0,0.0,0.0,0,0.0,0.0,0.0,0.0,0.0,1.0,1,1,0,1,3.0,5.0,1.0,3.0,0.0,0.0,0.0,0.0,27,3.0,2.0,4.0,3.0,0,0,0,0,1,0,0,0,0,3
0.0,0.0,0.0,0.0,0.0,0.0,0.0,0,0.0,0.0,0.0,0.0,0.0,1.0,0,1,0,1,5.0,2.0,1.0,1.0,0.0,0.0,0.0,0.0,66,1.0,1.0,2.0,2.0,0,0,1,0,0,0,0,1,0,3
0.0,0.0,0.0,0.0,0.0,0.0,0.0,0,0.0,0.0,0.0,0.0,0.0,1.0,0,1,0,1,1.0,4.0,1.0,2.0,1.0,1.0,1.0,0.0,61,1.0,2.0,1.0,2.0,0,0,1,0,0,1,0,0,0,2
0.0,0.0,0.0,0.0,0.0,0.0,0.0,0,0.0,0.0,0.0,0.0,0.0,0.0,0,1,0,3,3.0,1.0,1.0,2.0,0.0,0.0,1.0,0.0,40,2.0,1.0,3.0,3.0,0,1,0,0,0,0,0,1,0,1
1.0,1.0,0.0,0.0,0.0,0.0,1.0,0,1.0,0.0,0.0,0.0,0.0,0.0,1,1,0,1,5.0,5.0,3.0,3.0,1.0,1.0,1.0,0.0,47,4.0,4.0,8.0,8.0,0,0,0,0,0,0,1,0,0,3
0.0,0.0,0.0,0.0,0.0,0.0,0.0,0,0.0,0.0,0.0,0.0,0.0,0.0,1,1,0,2,3.0,1.0,1.0,5.0,1.0,1.0,1.0,0.0,70,4.0,2.0,4.0,3.0,1,0,0,0,0,1,0,0,0,2
0.0,0.0,0.0,0.0,0.0,0.0,0.0,0,0.0,0.0,0.0,0.0,0.0,0.0,1,1,0,1,4.0,5.0,1.0,4.0,1.0,1.0,1.0,0.0,31,2.0,3.0,5.0,4.0,0,0,0,0,1,0,0,0,0,2
0.0,0.0,0.0,0.0,0.0,0.0,0.0,0,0.0,0.0,0.0,0.0,0.0,1.0,1,1,0,3,5.0,2.0,3.0,4.0,1.0,0.0,1.0,0.0,30,1.0,2.0,4.0,4.0,0,0,1,0,0,0,1,0,0,3
0.0,0.0,0.0,0.0,0.0,0.0,1.0,0,0.0,0.0,0.0,0.0,0.0,0.0,1,1,0,3,3.0,3.0,4.0,3.0,1.0,1.0,1.0,0.0,33,5.0,4.0,3.0,4.0,0,0,0,0,0,0,1,0,0,2
0.0,0.0,0.0,0.0,0.0,0.0,0.0,0,1.0,0.0,1.0,0.0,0.0,1.0,0,1,0,1,5.0,5.0,5.0,1.0,1.0,0.0,1.0,0.0,45,2.0,1.0,2.0,2.0,1,1,0,0,0,0,0,0,0,1
0.0,0.0,0.0,0.0,0.0,0.0,0.0,0,0.0,1.0,0.0,0.0,0.0,0.0,1,1,0,1,4.0,5.0,3.0,5.0,1.0,1.0,1.0,0.0,56,1.0,3.0,7.0,3.0,1,0,0,0,0,0,0,0,0,1
0.0,0.0,0.0,0.0,0.0,0.0,0.0,0,0.0,0.0,0.0,0.0,0.0,0.0,0,1,0,1,1.0,3.0,1.0,3.0,1.0,1.0,1.0,0.0,61,1.0,1.0,2.0,2.0,1,1,0,0,0,0,0,0,1,3
0.0,0.0,1.0,0.0,0.0,0.0,1.0,0,0.0,0.0,0.0,0.0,0.0,0.0,1,1,0,3,1.0,2.0,1.0,3.0,0.0,1.0,0.0,0.0,19,2.0,2.0,3.0,3.0,1,0,0,0,1,0,0,0,0,3
0.0,0.0,0.0,0.0,0.0,0.0,0.0,0,0.0,0.0,0.0,0.0,0.0,0.0,1,1,0,1,2.0,4.0,1.0,1.0,1.0,1.0,1.0,0.0,46,1.0,2.0,5.0,5.0,0,1,0,0,0,0,0,0,0,2
0.0,0.0,1.0,0.0,0.0,0.0,0.0,0,0.0,0.0,0.0,0.0,0.0,0.0,0,1,0,2,4.0,4.0,1.0,3.0,0.0,0.0,0.0,1.0,28,2.0,2.0,5.0,5.0,0,0,1,0,0,0,0,1,0,2
0.0,0.0,1.0,0.0,0.0,0.0,0.0,1,0.0,0.0,0.0,1.0,0.0,0.0,0,0,0,3,1.0,5.0,2.0,1.0,0.0,0.0,1.0,0.0,64,3.0,2.0,4.0,4.0,0,0,0,0,0,1,0,0,0,2
0.0,0.0,0.0,0.0,0.0,0.0,1.0,0,0.0,0.0,0.0,1.0,0.0,0.0,1,0,0,5,4.0,3.0,1.0,3.0,0.0,0.0,1.0,0.0,44,2.0,2.0,4.0,4.0,1,0,0,0,0,0,0,0,0,3
1.0,1.0,1.0,0.0,0.0,0.0,1.0,0,0.0,1.0,0.0,0.0,1.0,0.0,1,1,0,2,2.0,2.0,1.0,1.0,1.0,1.0,1.0,1.0,22,2.0,3.0,6.0,7.0,1,0,0,0,0,0,1,0,0,3
0.0,0.0,0.0,0.0,0.0,0.0,0.0,0,0.0,0.0,0.0,1.0,1.0,0.0,0,1,0,5,1.0,1.0,1.0,1.0,0.0,0.0,0.0,0.0,67,2.0,1.0,2.0,3.0,0,0,0,0,0,0,0,0,0,3
0.0,0.0,0.0,0.0,0.0,0.0,0.0,0,0.0,0.0,1.0,0.0,0.0,0.0,0,1,0,3,4.0,3.0,3.0,4.0,0.0,1.0,1.0,0.0,62,2.0,2.0,4.0,4.0,1,1,0,0,0,1,0,0,0,2
0.0,0.0,1.0,0.0,0.0,0.0,0.0,0,0.0,1.0,0.0,0.0,0.0,0.0,1,1,0,2,4.0,5.0,1.0,3.0,1.0,1.0,1.0,0.0,47,2.0,3.0,6.0,6.0,1,0,0,0,1,0,0,0,0,2
1.0,0.0,1.0,0.0,0.0,0.0,1.0,0,0.0,0.0,0.0,0.0,0.0,0.0,0,0,0,3,3.0,4.0,2.0,4.0,0.0,0.0,0.0,0.0,21,2.0,3.0,4.0,3.0,1,0,0,0,0,0,0,1,0,2
1.0,1.0,1.0,0.0,0.0,0.0,1.0,0,0.0,0.0,0.0,0.0,0.0,0.0,1,1,1,2,5.0,4.0,2.0,4.0,1.0,1.0,1.0,0.0,29,4.0,3.0,6.0,5.0,1,0,1,0,0,0,0,0,1,1
1.0,1.0,1.0,0.0,0.0,0.0,1.0,0,0.0,1.0,1.0,0.0,0.0,0.0,1,1,0,2,3.0,3.0,1.0,4.0,1.0,1.0,0.0,1.0,23,3.0,3.0,8.0,6.0,0,0,0,0,1,0,0,0,0,1
1.0,0.0,1.0,0.0,0.0,1.0,1.0,0,0.0,0.0,0.0,0.0,0.0,0.0,1,1,0,2,4.0,4.0,1.0,5.0,1.0,1.0,1.0,0.0,26,2.0,2.0,4.0,5.0,1,0,0,0,1,0,0,0,0,2
1.0,0.0,1.0,0.0,0.0,0.0,0.0,0,0.0,0.0,0.0,0.0,0.0,1.0,1,1,1,3,4.0,5.0,1.0,4.0,0.0,1.0,1.0,1.0,29,3.0,3.0,2.0,2.0,0,0,0,0,0,0,0,0,1,2
0.0,0.0,0.0,0.0,0.0,0.0,0.0,0,0.0,0.0,0.0,0.0,0.0,0.0,0,1,0,1,3.0,2.0,1.0,1.0,0.0,0.0,0.0,0.0,56,2.0,1.0,4.0,4.0,0,0,0,1,0,0,0,1,0,1
0.0,0.0,1.0,0.0,0.0,0.0,0.0,0,0.0,0.0,0.0,0.0,0.0,1.0,0,1,0,4,1.0,5.0,5.0,1.0,0.0,1.0,1.0,0.0,26,1.0,2.0,5.0,4.0,0,1,0,0,0,0,0,1,0,3
1.0,1.0,0.0,0.0,0.0,0.0,0.0,0,0.0,0.0,0.0,1.0,0.0,0.0,0,1,0,3,3.0,4.0,1.0,4.0,1.0,1.0,1.0,0.0,28,3.0,2.0,5.0,3.0,1,0,0,0,0,0,0,0,1,2
0.0,0.0,1.0,0.0,0.0,0.0,0.0,0,0.0,0.0,0.0,0.0,0.0,0.0,0,1,0,5,1.0,5.0,5.0,1.0,1.0,1.0,1.0,0.0,27,2.0,1.0,3.0,4.0,0,1,0,0,1,0,0,0,0,3
0.0,0.0,1.0,0.0,0.0,0.0,0.0,0,0.0,0.0,0.0,0.0,1.0,0.0,0,1,0,1,3.0,5.0,1.0,5.0,1.0,1.0,1.0,1.0,55,4.0,3.0,5.0,5.0,0,0,0,0,0,0,0,1,0,2
1.0,1.0,1.0,0.0,0.0,0.0,1.0,0,0.0,0.0,0.0,0.0,0.0,0.0,1,1,0,1,5.0,5.0,1.0,1.0,1.0,1.0,1.0,1.0,40,3.0,3.0,5.0,4.0,1,0,0,0,1,0,0,0,0,2
0.0,0.0,1.0,0.0,0.0,0.0,0.0,0,0.0,0.0,0.0,0.0,0.0,1.0,0,1,0,4,1.0,2.0,2.0,2.0,1.0,1.0,1.0,0.0,60,2.0,2.0,6.0,5.0,1,0,0,0,0,0,0,1,0,2
0.0,0.0,0.0,0.0,0.0,0.0,0.0,0,0.0,0.0,0.0,0.0,0.0,0.0,0,1,0,5,1.0,1.0,1.0,1.0,1.0,1.0,1.0,0.0,58,1.0,1.0,1.0,2.0,1,0,0,0,0,0,0,0,1,3
0.0,0.0,0.0,0.0,0.0,0.0,0.0,0,0.0,0.0,0.0,0.0,0.0,0.0,1,1,0,1,2.0,2.0,3.0,2.0,0.0,0.0,0.0,0.0,48,2.0,2.0,2.0,3.0,0,1,0,0,1,0,0,0,0,3
1.0,0.0,1.0,0.0,0.0,0.0,1.0,0,0.0,0.0,0.0,0.0,0.0,0.0,0,1,0,5,1.0,1.0,3.0,1.0,0.0,1.0,1.0,0.0,45,3.0,3.0,5.0,4.0,0,0,0,0,1,0,0,0,0,3
1.0,1.0,0.0,0.0,0.0,0.0,0.0,0,1.0,1.0,1.0,1.0,0.0,0.0,0,0,0,2,4.0,4.0,1.0,4.0,1.0,1.0,1.0,0.0,58,6.0,5.0,10.0,8.0,1,0,0,0,0,0,1,0,0,1
1.0,1.0,1.0,0.0,0.0,0.0,0.0,1,0.0,0.0,0.0,0.0,0.0,0.0,1,1,1,1,5.0,4.0,1.0,4.0,0.0,1.0,1.0,0.0,56,6.0,3.0,7.0,7.0,0,0,0,0,1,0,0,0,0,1
0.0,0.0,0.0,0.0,0.0,0.0,0.0,0,0.0,1.0,0.0,0.0,0.0,0.0,0,1,1,5,1.0,5.0,5.0,5.0,1.0,0.0,1.0,0.0,53,2.0,2.0,3.0,5.0,1,0,0,0,0,1,0,0,0,1
1.0,0.0,0.0,0.0,0.0,0.0,0.0,0,0.0,0.0,0.0,0.0,0.0,0.0,0,1,0,5,1.0,5.0,1.0,5.0,1.0,1.0,1.0,0.0,31,2.0,1.0,3.0,2.0,0,0,1,0,0,0,0,0,1,2
0.0,0.0,0.0,0.0,0.0,0.0,0.0,0,0.0,0.0,0.0,0.0,0.0,0.0,0,1,0,3,2.0,5.0,1.0,1.0,1.0,1.0,1.0,0.0,56,2.0,1.0,4.0,5.0,0,1,0,0,0,0,0,0,0,2
0.0,0.0,0.0,0.0,0.0,0.0,1.0,0,0.0,0.0,0.0,0.0,0.0,0.0,1,1,0,1,5.0,5.0,1.0,5.0,0.0,1.0,1.0,0.0,41,2.0,2.0,3.0,3.0,1,0,0,0,0,0,0,0,1,2
0.0,0.0,1.0,0.0,0.0,0.0,0.0,0,0.0,0.0,0.0,0.0,0.0,1.0,0,1,0,1,4.0,4.0,1.0,5.0,0.0,0.0,0.0,0.0,21,1.0,1.0,1.0,1.0,0,0,1,0,0,1,0,0,0,2
0.0,0.0,0.0,0.0,0.0,0.0,0.0,0,0.0,1.0,0.0,0.0,0.0,0.0,0,1,0,2,3.0,3.0,1.0,4.0,0.0,1.0,1.0,0.0,37,4.0,2.0,2.0,2.0,0,0,1,0,0,0,0,0,0,2
0.0,0.0,1.0,0.0,0.0,0.0,0.0,0,0.0,0.0,0.0,0.0,0.0,0.0,0,1,0,3,3.0,2.0,1.0,2.0,0.0,1.0,1.0,0.0,19,2.0,2.0,3.0,3.0,0,0,0,1,0,0,0,1,0,3
1.0,0.0,1.0,0.0,0.0,0.0,0.0,0,0.0,0.0,1.0,0.0,0.0,1.0,0,1,0,4,5.0,5.0,2.0,5.0,1.0,1.0,1.0,0.0,59,1.0,1.0,2.0,2.0,1,0,0,0,0,0,0,0,0,2
0.0,0.0,1.0,0.0,0.0,0.0,0.0,0,0.0,0.0,0.0,0.0,0.0,0.0,0,1,0,3,1.0,5.0,5.0,5.0,1.0,0.0,1.0,0.0,31,2.0,1.0,6.0,2.0,1,0,0,0,0,0,0,0,0,3
0.0,0.0,0.0,0.0,0.0,0.0,1.0,1,0.0,0.0,0.0,0.0,0.0,0.0,0,1,0,3,3.0,4.0,4.0,5.0,1.0,0.0,1.0,0.0,76,2.0,2.0,4.0,6.0,0,0,0,0,1,0,0,0,0,3
0.0,0.0,1.0,0.0,0.0,0.0,0.0,0,0.0,0.0,0.0,0.0,0.0,1.0,1,1,0,3,5.0,5.0,4.0,5.0,1.0,1.0,1.0,1.0,31,4.0,2.0,5.0,5.0,0,0,0,0,1,0,0,0,0,2
0.0,0.0,1.0,0.0,0.0,0.0,1.0,0,0.0,0.0,0.0,0.0,0.0,1.0,0,1,0,1,5.0,5.0,1.0,5.0,1.0,1.0,1.0,0.0,50,2.0,1.0,2.0,2.0,1,0,0,1,0,0,0,0,0,3
1.0,1.0,0.0,0.0,0.0,0.0,1.0,0,0.0,0.0,0.0,0.0,0.0,0.0,0,1,1,2,2.0,4.0,2.0,3.0,1.0,1.0,1.0,0.0,38,6.0,2.0,8.0,3.0,1,0,0,0,1,0,0,0,0,1
0.0,0.0,0.0,0.0,0.0,0.0,0.0,0,0.0,0.0,0.0,0.0,0.0,0.0,0,1,0,5,2.0,1.0,2.0,1.0,0.0,0.0,1.0,0.0,53,1.0,2.0,4.0,3.0,1,0,1,0,0,0,0,0,1,2
1.0,1.0,0.0,0.0,0.0,0.0,1.0,0,0.0,0.0,0.0,0.0,0.0,0.0,1,1,0,2,4.0,4.0,2.0,3.0,1.0,1.0,0.0,0.0,24,4.0,2.0,7.0,7.0,0,0,0,0,1,0,0,0,0,2
1.0,0.0,0.0,0.0,0.0,0.0,0.0,0,0.0,0.0,1.0,0.0,0.0,0.0,0,1,0,2,2.0,4.0,4.0,3.0,1.0,0.0,0.0,0.0,43,2.0,2.0,4.0,3.0,0,1,0,0,1,0,0,0,0,3
0.0,0.0,0.0,0.0,0.0,0.0,0.0,0,0.0,0.0,0.0,0.0,0.0,0.0,1,1,1,3,1.0,5.0,1.0,2.0,0.0,1.0,1.0,0.0,20,2.0,1.0,5.0,4.0,0,0,0,0,0,1,0,0,0,3
1.0,1.0,1.0,0.0,0.0,0.0,1.0,0,0.0,0.0,0.0,0.0,0.0,0.0,0,1,0,1,4.0,4.0,1.0,5.0,1.0,1.0,1.0,0.0,45,2.0,2.0,5.0,3.0,1,1,0,0,1,0,0,0,0,1
0.0,0.0,1.0,0.0,0.0,0.0,0.0,0,0.0,0.0,0.0,0.0,0.0,0.0,0,0,0,1,1.0,5.0,1.0,5.0,0.0,1.0,0.0,0.0,19,3.0,1.0,5.0,4.0,0,0,0,0,0,1,0,0,0,2
1.0,0.0,1.0,1.0,0.0,0.0,1.0,0,0.0,0.0,1.0,0.0,0.0,0.0,1,1,0,1,5.0,5.0,1.0,5.0,1.0,0.0,1.0,0.0,20,3.0,1.0,5.0,3.0,1,1,0,0,0,0,0,1,0,1
1.0,0.0,0.0,0.0,0.0,0.0,1.0,0,0.0,1.0,0.0,0.0,0.0,0.0,0,0,0,2,3.0,4.0,2.0,2.0,1.0,1.0,1.0,0.0,53,2.0,2.0,6.0,6.0,1,0,0,0,0,1,0,0,0,2
1.0,1.0,0.0,0.0,0.0,0.0,0.0,0,1.0,0.0,0.0,0.0,0.0,0.0,0,1,1,1,4.0,4.0,1.0,4.0,1.0,1.0,1.0,0.0,62,1.0,2.0,3.0,5.0,0,0,0,0,0,0,0,0,0,2
0.0,0.0,0.0,0.0,0.0,0.0,1.0,0,0.0,0.0,0.0,1.0,0.0,0.0,1,1,1,5,5.0,5.0,2.0,5.0,1.0,1.0,1.0,0.0,60,2.0,1.0,1.0,2.0,1,1,0,0,0,0,0,0,0,1
1.0,0.0,1.0,0.0,0.0,1.0,1.0,0,0.0,0.0,0.0,0.0,0.0,1.0,0,1,1,3,1.0,1.0,1.0,1.0,1.0,1.0,1.0,1.0,47,1.0,1.0,1.0,2.0,1,1,0,0,0,0,0,0,0,1
1.0,1.0,0.0,0.0,0.0,0.0,1.0,1,0.0,0.0,0.0,0.0,0.0,0.0,1,1,1,3,3.0,2.0,4.0,4.0,1.0,1.0,1.0,0.0,51,2.0,2.0,4.0,5.0,1,0,0,0,1,0,0,0,0,3
1.0,0.0,1.0,0.0,0.0,0.0,0.0,0,0.0,0.0,0.0,0.0,0.0,0.0,1,1,0,3,1.0,1.0,1.0,1.0,1.0,1.0,1.0,0.0,62,3.0,1.0,5.0,7.0,0,0,0,0,1,0,0,0,0,3
0.0,0.0,1.0,0.0,0.0,0.0,1.0,0,0.0,0.0,0.0,1.0,0.0,0.0,0,0,0,1,2.0,3.0,1.0,4.0,0.0,0.0,0.0,0.0,23,5.0,3.0,9.0,8.0,1,0,0,0,0,0,0,1,0,2
0.0,0.0,0.0,0.0,0.0,0.0,0.0,0,0.0,1.0,0.0,0.0,1.0,0.0,1,1,0,2,5.0,5.0,1.0,1.0,1.0,0.0,1.0,0.0,57,1.0,2.0,4.0,2.0,1,0,0,0,1,0,0,0,0,2
0.0,0.0,0.0,0.0,0.0,0.0,0.0,0,0.0,0.0,0.0,0.0,0.0,0.0,0,1,0,3,1.0,5.0,5.0,1.0,0.0,1.0,1.0,0.0,63,2.0,2.0,3.0,3.0,0,1,0,0,0,1,0,0,0,3
1.0,1.0,1.0,0.0,0.0,0.0,1.0,0,0.0,0.0,1.0,1.0,0.0,0.0,1,1,0,2,4.0,4.0,2.0,5.0,1.0,1.0,1.0,0.0,36,4.0,3.0,6.0,3.0,1,0,0,0,1,0,0,0,0,2
0.0,0.0,1.0,0.0,0.0,0.0,1.0,0,0.0,1.0,0.0,1.0,0.0,0.0,0,1,0,2,3.0,4.0,2.0,3.0,0.0,1.0,1.0,1.0,18,3.0,2.0,8.0,9.0,1,0,0,0,1,0,0,0,0,2
0.0,0.0,0.0,0.0,0.0,0.0,0.0,0,0.0,0.0,0.0,0.0,0.0,0.0,1,1,0,1,1.0,5.0,5.0,3.0,1.0,0.0,0.0,0.0,52,0.0,1.0,2.0,2.0,0,0,0,0,0,0,0,0,1,3
0.0,0.0,0.0,0.0,0.0,0.0,0.0,0,0.0,0.0,0.0,0.0,0.0,1.0,0,0,0,1,3.0,4.0,1.0,4.0,0.0,0.0,0.0,0.0,66,5.0,3.0,4.0,6.0,0,0,0,0,1,0,0,0,0,3
1.0,1.0,0.0,0.0,0.0,0.0,0.0,1,0.0,0.0,0.0,0.0,0.0,0.0,1,1,1,2,2.0,2.0,3.0,3.0,1.0,0.0,1.0,0.0,67,2.0,3.0,3.0,3.0,0,0,0,0,1,0,0,0,0,3
0.0,0.0,0.0,0.0,0.0,0.0,0.0,0,0.0,0.0,0.0,0.0,0.0,0.0,0,1,0,3,1.0,1.0,2.0,2.0,0.0,0.0,1.0,0.0,53,1.0,1.0,1.0,1.0,1,0,0,0,1,0,0,0,0,1
0.0,0.0,0.0,0.0,0.0,0.0,0.0,0,0.0,0.0,0.0,1.0,0.0,0.0,1,1,0,2,2.0,4.0,2.0,1.0,1.0,1.0,1.0,0.0,31,1.0,1.0,2.0,3.0,1,0,0,0,1,0,0,0,0,2
0.0,0.0,0.0,0.0,0.0,0.0,0.0,0,0.0,0.0,0.0,0.0,0.0,0.0,1,1,0,1,5.0,5.0,1.0,5.0,1.0,1.0,1.0,0.0,21,3.0,3.0,4.0,3.0,0,0,0,0,0,0,0,1,0,3
0.0,0.0,0.0,0.0,0.0,0.0,0.0,0,0.0,0.0,0.0,0.0,0.0,1.0,0,0,0,1,1.0,5.0,1.0,1.0,0.0,0.0,1.0,0.0,36,2.0,1.0,1.0,1.0,0,0,1,0,0,0,0,0,0,2
0.0,0.0,0.0,0.0,0.0,0.0,0.0,0,0.0,0.0,0.0,0.0,0.0,0.0,0,0,0,1,1.0,5.0,1.0,5.0,0.0,0.0,0.0,0.0,18,2.0,1.0,4.0,4.0,0,0,0,0,0,0,0,0,0,3
0.0,1.0,0.0,0.0,0.0,0.0,0.0,0,0.0,0.0,0.0,0.0,0.0,0.0,1,1,0,4,1.0,1.0,1.0,1.0,1.0,1.0,1.0,0.0,40,2.0,3.0,5.0,7.0,1,0,0,0,0,0,1,0,0,3
0.0,0.0,0.0,0.0,0.0,0.0,0.0,0,0.0,0.0,0.0,0.0,0.0,0.0,0,1,0,1,3.0,4.0,2.0,3.0,0.0,0.0,0.0,0.0,61,1.0,1.0,1.0,3.0,1,0,0,1,0,0,0,0,0,3
0.0,1.0,1.0,0.0,0.0,0.0,0.0,0,0.0,0.0,1.0,0.0,0.0,0.0,0,1,0,1,4.0,4.0,2.0,5.0,1.0,1.0,1.0,0.0,21,3.0,2.0,5.0,4.0,1,0,0,1,1,0,0,0,0,2
0.0,0.0,0.0,0.0,0.0,0.0,0.0,0,0.0,1.0,0.0,0.0,0.0,1.0,0,1,0,5,1.0,5.0,5.0,1.0,1.0,0.0,1.0,0.0,54,1.0,2.0,1.0,1.0,0,0,0,0,0,0,0,1,0,3
0.0,0.0,0.0,0.0,0.0,1.0,0.0,0,0.0,0.0,0.0,0.0,0.0,0.0,1,1,0,2,3.0,5.0,4.0,5.0,1.0,0.0,0.0,0.0,19,1.0,2.0,1.0,2.0,0,0,0,0,0,0,0,0,1,2
0.0,0.0,1.0,0.0,0.0,0.0,1.0,0,0.0,0.0,0.0,0.0,0.0,0.0,0,1,0,2,4.0,4.0,2.0,4.0,0.0,1.0,1.0,1.0,45,5.0,2.0,6.0,4.0,0,1,0,0,0,1,0,0,0,1
0.0,0.0,1.0,0.0,0.0,0.0,0.0,0,0.0,0.0,0.0,0.0,0.0,0.0,1,1,0,2,3.0,4.0,3.0,3.0,1.0,1.0,1.0,0.0,20,3.0,1.0,1.0,3.0,0,0,1,0,0,0,0,1,0,2
1.0,0.0,1.0,0.0,0.0,0.0,0.0,0,1.0,0.0,1.0,0.0,0.0,0.0,0,1,0,2,5.0,5.0,1.0,5.0,1.0,1.0,1.0,0.0,30,3.0,1.0,3.0,2.0,0,0,1,0,1,0,0,0,0,2
0.0,0.0,0.0,0.0,0.0,0.0,0.0,0,0.0,0.0,1.0,0.0,0.0,1.0,1,1,0,5,1.0,5.0,1.0,5.0,1.0,0.0,1.0,0.0,50,2.0,1.0,6.0,5.0,1,0,0,1,0,0,0,0,1,3
0.0,0.0,0.0,0.0,0.0,0.0,0.0,0,0.0,0.0,0.0,0.0,0.0,0.0,0,1,0,1,1.0,5.0,1.0,3.0,1.0,1.0,1.0,0.0,45,0.0,1.0,2.0,2.0,0,0,1,0,0,0,0,0,1,2
1.0,0.0,1.0,0.0,0.0,1.0,1.0,0,0.0,1.0,0.0,0.0,0.0,0.0,1,1,1,3,5.0,5.0,5.0,5.0,1.0,1.0,1.0,1.0,36,4.0,3.0,5.0,4.0,0,0,0,0,0,0,1,0,0,2
0.0,0.0,0.0,0.0,0.0,0.0,0.0,0,0.0,1.0,1.0,0.0,0.0,0.0,0,1,0,1,5.0,5.0,1.0,5.0,1.0,1.0,1.0,0.0,46,1.0,2.0,5.0,2.0,1,0,1,0,0,0,0,0,0,1
1.0,0.0,1.0,0.0,0.0,0.0,0.0,0,0.0,0.0,0.0,1.0,0.0,0.0,0,1,0,1,4.0,5.0,1.0,5.0,0.0,1.0,1.0,0.0,20,2.0,2.0,2.0,2.0,0,0,0,1,0,1,0,0,0,2
1.0,1.0,0.0,0.0,0.0,0.0,1.0,0,0.0,0.0,0.0,0.0,0.0,0.0,1,1,0,1,5.0,5.0,1.0,5.0,1.0,1.0,1.0,1.0,46,3.0,6.0,6.0,9.0,1,0,0,0,0,0,1,0,0,2
0.0,0.0,0.0,0.0,0.0,0.0,0.0,0,0.0,0.0,0.0,0.0,0.0,0.0,0,1,0,1,4.0,2.0,4.0,3.0,1.0,1.0,1.0,1.0,18,2.0,2.0,3.0,1.0,1,0,0,1,1,0,0,0,0,1
0.0,0.0,0.0,0.0,0.0,0.0,0.0,0,0.0,0.0,0.0,0.0,0.0,0.0,0,1,0,1,2.0,5.0,4.0,4.0,1.0,0.0,1.0,0.0,48,2.0,2.0,3.0,4.0,1,0,1,0,0,0,1,0,0,1
0.0,0.0,0.0,0.0,0.0,0.0,0.0,0,0.0,0.0,0.0,0.0,0.0,1.0,0,0,0,1,4.0,5.0,3.0,2.0,1.0,1.0,1.0,0.0,50,3.0,1.0,2.0,3.0,1,0,0,0,0,1,0,0,0,2
0.0,0.0,1.0,0.0,0.0,0.0,0.0,0,0.0,0.0,0.0,0.0,0.0,0.0,1,1,0,3,1.0,1.0,2.0,5.0,1.0,0.0,1.0,0.0,22,5.0,1.0,1.0,4.0,1,0,0,0,1,0,0,0,0,3
1.0,0.0,0.0,0.0,0.0,0.0,1.0,0,0.0,1.0,0.0,0.0,0.0,0.0,1,1,1,3,5.0,5.0,1.0,5.0,1.0,1.0,1.0,0.0,34,2.0,3.0,4.0,4.0,1,0,0,0,0,0,1,0,0,3
0.0,0.0,0.0,0.0,0.0,0.0,0.0,0,0.0,0.0,0.0,0.0,0.0,0.0,0,1,0,3,5.0,5.0,3.0,5.0,1.0,1.0,1.0,0.0,47,1.0,1.0,10.0,4.0,0,0,0,1,0,0,0,1,0,2
0.0,0.0,0.0,0.0,0.0,0.0,0.0,0,0.0,0.0,0.0,0.0,0.0,0.0,1,1,0,1,5.0,5.0,1.0,5.0,0.0,1.0,1.0,0.0,59,2.0,4.0,7.0,7.0,1,0,0,0,1,0,0,0,0,2
1.0,1.0,0.0,1.0,0.0,0.0,0.0,1,1.0,0.0,0.0,1.0,1.0,0.0,0,1,0,1,5.0,5.0,1.0,5.0,1.0,1.0,1.0,0.0,69,6.0,3.0,10.0,6.0,1,0,0,0,0,0,0,0,1,1
0.0,0.0,0.0,0.0,0.0,0.0,0.0,0,0.0,0.0,0.0,0.0,0.0,0.0,0,0,0,1,1.0,1.0,1.0,1.0,0.0,0.0,0.0,0.0,59,2.0,1.0,1.0,1.0,1,0,0,0,0,1,0,0,0,1
0.0,0.0,0.0,0.0,0.0,0.0,0.0,0,0.0,0.0,0.0,0.0,1.0,0.0,0,1,0,1,5.0,5.0,1.0,5.0,1.0,1.0,1.0,0.0,27,2.0,1.0,6.0,4.0,0,0,0,0,0,0,0,0,0,3
1.0,1.0,1.0,1.0,0.0,0.0,0.0,0,0.0,1.0,0.0,1.0,0.0,0.0,1,1,1,2,3.0,2.0,1.0,5.0,1.0,1.0,1.0,0.0,47,5.0,3.0,5.0,5.0,1,1,0,0,0,0,0,0,1,1
1.0,0.0,1.0,0.0,0.0,0.0,0.0,0,1.0,1.0,0.0,1.0,0.0,0.0,0,1,1,3,3.0,3.0,4.0,4.0,0.0,1.0,1.0,1.0,60,4.0,4.0,10.0,7.0,0,0,0,0,1,0,0,0,0,1
1.0,0.0,0.0,0.0,0.0,0.0,0.0,1,0.0,0.0,0.0,0.0,0.0,0.0,0,1,1,3,3.0,3.0,3.0,3.0,1.0,1.0,1.0,0.0,70,3.0,1.0,3.0,3.0,1,1,0,0,0,1,0,0,0,2
0.0,0.0,1.0,0.0,0.0,0.0,0.0,0,0.0,0.0,0.0,0.0,0.0,0.0,0,0,0,4,5.0,5.0,2.0,4.0,0.0,1.0,1.0,0.0,21,1.0,1.0,2.0,3.0,1,1,0,0,0,0,0,0,0,1
0.0,0.0,0.0,0.0,0.0,0.0,0.0,0,0.0,0.0,0.0,0.0,0.0,0.0,1,1,0,1,5.0,5.0,1.0,5.0,0.0,1.0,1.0,0.0,64,2.0,2.0,1.0,4.0,0,0,0,0,0,0,1,0,0,2
1.0,1.0,1.0,0.0,0.0,0.0,1.0,0,0.0,0.0,0.0,0.0,0.0,0.0,0,0,0,1,1.0,5.0,1.0,2.0,0.0,0.0,0.0,0.0,20,4.0,2.0,9.0,5.0,1,0,0,0,1,0,0,0,0,3
0.0,0.0,0.0,0.0,0.0,0.0,0.0,0,0.0,1.0,0.0,0.0,0.0,0.0,1,1,1,3,2.0,1.0,1.0,5.0,1.0,1.0,1.0,0.0,55,2.0,3.0,5.0,6.0,1,0,0,0,0,0,0,1,0,2
0.0,0.0,0.0,0.0,0.0,0.0,1.0,0,0.0,0.0,0.0,0.0,0.0,0.0,0,1,0,3,2.0,4.0,4.0,2.0,1.0,1.0,1.0,0.0,43,2.0,2.0,3.0,3.0,0,0,0,0,0,0,1,0,0,2
0.0,0.0,0.0,0.0,0.0,0.0,1.0,0,0.0,0.0,0.0,0.0,0.0,0.0,0,0,0,1,4.0,4.0,1.0,5.0,1.0,1.0,0.0,0.0,18,2.0,3.0,4.0,4.0,1,0,0,0,0,0,0,0,1,1
1.0,1.0,1.0,0.0,0.0,0.0,1.0,0,0.0,1.0,0.0,1.0,0.0,0.0,1,1,1,2,3.0,3.0,3.0,2.0,1.0,0.0,1.0,0.0,47,5.0,3.0,5.0,4.0,1,1,0,0,0,0,0,0,1,1
1.0,0.0,1.0,0.0,0.0,0.0,1.0,0,0.0,1.0,0.0,0.0,0.0,0.0,1,1,0,3,3.0,4.0,2.0,4.0,1.0,1.0,1.0,1.0,43,3.0,1.0,4.0,3.0,0,1,0,0,0,0,0,0,1,2
0.0,0.0,0.0,0.0,0.0,0.0,0.0,1,0.0,0.0,0.0,0.0,0.0,0.0,0,1,1,4,1.0,2.0,3.0,1.0,1.0,0.0,1.0,0.0,65,1.0,2.0,4.0,5.0,0,1,0,0,0,0,1,0,0,3
1.0,0.0,0.0,0.0,0.0,0.0,1.0,0,0.0,0.0,0.0,0.0,0.0,0.0,1,1,1,3,3.0,1.0,5.0,3.0,1.0,1.0,1.0,1.0,53,1.0,1.0,2.0,2.0,1,1,0,0,0,0,0,0,0,3
0.0,0.0,0.0,0.0,0.0,0.0,0.0,0,0.0,0.0,0.0,0.0,0.0,0.0,0,1,1,1,5.0,5.0,1.0,5.0,1.0,1.0,1.0,0.0,50,2.0,2.0,4.0,2.0,1,1,0,0,0,0,0,0,1,2
0.0,0.0,0.0,0.0,0.0,0.0,0.0,0,0.0,0.0,0.0,0.0,0.0,0.0,1,1,0,4,1.0,2.0,3.0,5.0,1.0,0.0,1.0,0.0,62,1.0,2.0,8.0,2.0,0,0,0,0,1,0,0,0,0,1
0.0,0.0,0.0,0.0,0.0,0.0,0.0,0,0.0,0.0,0.0,0.0,0.0,1.0,0,1,0,1,5.0,5.0,1.0,3.0,1.0,1.0,1.0,0.0,70,0.0,1.0,2.0,3.0,0,0,0,1,0,0,0,0,0,2
1.0,1.0,1.0,0.0,0.0,1.0,1.0,0,1.0,0.0,0.0,0.0,0.0,0.0,0,1,1,1,3.0,4.0,1.0,5.0,1.0,1.0,1.0,0.0,40,4.0,3.0,7.0,7.0,1,1,0,0,0,1,0,0,0,1
1.0,1.0,1.0,1.0,1.0,1.0,1.0,0,0.0,1.0,1.0,1.0,0.0,0.0,1,0,1,1,5.0,5.0,2.0,5.0,1.0,1.0,1.0,0.0,32,5.0,3.0,7.0,4.0,1,0,0,0,0,0,0,0,1,1
1.0,1.0,1.0,0.0,0.0,0.0,1.0,0,0.0,1.0,0.0,0.0,0.0,0.0,1,1,1,1,4.0,4.0,1.0,4.0,1.0,1.0,1.0,1.0,29,6.0,2.0,7.0,6.0,1,0,0,0,1,0,0,0,0,2
0.0,0.0,0.0,0.0,0.0,0.0,0.0,0,0.0,0.0,0.0,0.0,1.0,0.0,1,1,0,1,2.0,2.0,1.0,5.0,0.0,0.0,1.0,0.0,51,2.0,1.0,3.0,3.0,0,0,1,0,1,0,0,0,0,3
1.0,1.0,1.0,0.0,0.0,0.0,1.0,0,0.0,1.0,0.0,0.0,0.0,0.0,0,1,0,2,2.0,4.0,2.0,2.0,0.0,0.0,0.0,0.0,25,2.0,1.0,2.0,2.0,1,0,1,0,0,0,0,0,1,3
1.0,0.0,0.0,0.0,0.0,0.0,1.0,0,0.0,0.0,0.0,0.0,0.0,0.0,0,1,0,4,2.0,4.0,5.0,4.0,1.0,1.0,1.0,0.0,50,2.0,1.0,5.0,5.0,1,0,0,0,0,0,0,0,0,2
1.0,0.0,1.0,0.0,0.0,0.0,1.0,0,0.0,0.0,0.0,0.0,0.0,0.0,0,1,0,3,2.0,1.0,4.0,2.0,0.0,0.0,0.0,0.0,20,2.0,1.0,3.0,2.0,1,1,0,0,0,0,0,0,1,3
0.0,0.0,0.0,0.0,0.0,0.0,1.0,0,0.0,0.0,0.0,0.0,0.0,0.0,0,0,0,1,5.0,3.0,1.0,4.0,1.0,1.0,1.0,0.0,27,2.0,1.0,7.0,5.0,1,1,0,0,0,0,0,0,0,1
1.0,1.0,1.0,0.0,0.0,1.0,1.0,0,0.0,0.0,0.0,0.0,0.0,0.0,0,1,0,1,3.0,3.0,1.0,3.0,1.0,1.0,1.0,1.0,33,5.0,2.0,8.0,5.0,1,0,0,0,1,0,0,0,0,1
1.0,1.0,1.0,0.0,1.0,0.0,0.0,0,0.0,1.0,1.0,0.0,0.0,0.0,1,1,1,1,1.0,1.0,1.0,5.0,1.0,1.0,1.0,1.0,27,5.0,4.0,9.0,4.0,1,0,0,0,0,0,1,0,0,1
0.0,0.0,0.0,0.0,0.0,0.0,0.0,0,0.0,0.0,0.0,0.0,0.0,0.0,0,0,0,5,1.0,1.0,1.0,1.0,0.0,0.0,0.0,0.0,48,1.0,2.0,1.0,1.0,0,0,0,0,0,0,1,0,0,3
1.0,1.0,1.0,0.0,0.0,0.0,1.0,0,0.0,1.0,0.0,0.0,0.0,0.0,1,1,1,1,5.0,5.0,1.0,5.0,0.0,1.0,1.0,0.0,30,5.0,3.0,10.0,9.0,1,1,0,0,1,0,0,0,0,2
0.0,0.0,1.0,0.0,0.0,0.0,0.0,0,0.0,0.0,0.0,0.0,0.0,0.0,0,0,0,1,3.0,1.0,1.0,4.0,0.0,0.0,0.0,0.0,21,1.0,1.0,4.0,4.0,0,0,0,1,1,0,0,0,0,1
0.0,0.0,0.0,0.0,0.0,0.0,0.0,0,0.0,0.0,0.0,0.0,0.0,0.0,1,1,0,1,3.0,5.0,1.0,4.0,0.0,1.0,1.0,0.0,25,2.0,1.0,2.0,2.0,0,1,0,0,0,0,0,0,1,3
0.0,0.0,0.0,0.0,0.0,0.0,0.0,0,0.0,0.0,0.0,1.0,0.0,0.0,0,1,1,1,1.0,5.0,2.0,2.0,1.0,1.0,1.0,0.0,50,1.0,2.0,1.0,1.0,1,0,1,0,0,1,0,0,0,2
1.0,1.0,1.0,0.0,0.0,0.0,0.0,0,0.0,1.0,1.0,0.0,0.0,0.0,0,1,0,1,5.0,4.0,1.0,3.0,0.0,0.0,1.0,0.0,38,6.0,1.0,9.0,3.0,0,1,0,0,0,0,0,1,0,2
0.0,0.0,0.0,0.0,0.0,0.0,0.0,0,0.0,0.0,1.0,0.0,0.0,0.0,1,1,0,3,3.0,5.0,5.0,3.0,0.0,1.0,1.0,0.0,28,2.0,2.0,8.0,7.0,0,0,0,0,1,0,0,0,0,3
0.0,0.0,0.0,0.0,0.0,0.0,0.0,0,0.0,0.0,0.0,0.0,0.0,0.0,0,0,0,4,3.0,2.0,2.0,3.0,1.0,1.0,1.0,0.0,69,2.0,3.0,4.0,4.0,1,1,0,0,0,0,1,0,0,1
1.0,1.0,0.0,0.0,0.0,0.0,0.0,0,1.0,0.0,0.0,0.0,0.0,0.0,0,1,1,3,3.0,4.0,3.0,5.0,1.0,0.0,1.0,0.0,64,2.0,3.0,6.0,4.0,0,1,0,0,1,0,0,0,0,2
0.0,0.0,0.0,0.0,0.0,0.0,0.0,1,0.0,0.0,0.0,0.0,0.0,0.0,1,1,0,4,5.0,5.0,1.0,1.0,0.0,0.0,1.0,0.0,70,1.0,2.0,5.0,4.0,0,1,0,0,0,0,1,0,0,3
1.0,1.0,1.0,0.0,0.0,0.0,1.0,0,0.0,0.0,0.0,0.0,0.0,0.0,0,0,0,3,3.0,4.0,1.0,3.0,0.0,1.0,0.0,0.0,20,2.0,1.0,4.0,3.0,1,0,0,0,0,0,0,0,0,3
0.0,0.0,0.0,0.0,0.0,0.0,1.0,0,0.0,0.0,1.0,0.0,0.0,0.0,0,1,0,1,2.0,5.0,1.0,5.0,1.0,1.0,1.0,0.0,68,1.0,1.0,1.0,1.0,1,0,0,0,0,0,0,0,0,2
0.0,0.0,0.0,0.0,0.0,0.0,0.0,0,0.0,0.0,0.0,0.0,0.0,0.0,0,1,1,3,4.0,5.0,4.0,5.0,1.0,1.0,1.0,1.0,27,2.0,2.0,5.0,1.0,0,0,0,0,0,0,1,0,0,2
0.0,0.0,0.0,0.0,0.0,0.0,0.0,0,0.0,0.0,0.0,0.0,0.0,0.0,1,1,0,1,3.0,4.0,1.0,4.0,1.0,0.0,1.0,0.0,58,2.0,1.0,1.0,2.0,0,1,0,0,0,0,1,0,0,3
0.0,0.0,0.0,0.0,0.0,0.0,1.0,0,0.0,0.0,0.0,0.0,0.0,1.0,0,1,0,1,4.0,1.0,1.0,1.0,1.0,0.0,1.0,0.0,38,2.0,1.0,4.0,1.0,0,1,0,0,0,0,0,0,1,3
0.0,0.0,0.0,0.0,0.0,0.0,0.0,0,0.0,0.0,0.0,0.0,0.0,0.0,0,1,0,1,1.0,3.0,1.0,1.0,0.0,0.0,0.0,0.0,39,2.0,1.0,6.0,6.0,0,1,0,0,0,0,0,0,0,3
0.0,0.0,1.0,0.0,0.0,0.0,0.0,0,0.0,0.0,0.0,1.0,0.0,0.0,0,1,0,1,3.0,5.0,1.0,5.0,1.0,1.0,1.0,0.0,63,2.0,3.0,5.0,5.0,0,0,0,0,1,0,0,0,0,1
1.0,1.0,0.0,0.0,0.0,0.0,1.0,0,0.0,0.0,1.0,0.0,1.0,0.0,1,1,1,2,5.0,5.0,1.0,4.0,1.0,1.0,1.0,0.0,32,2.0,3.0,5.0,3.0,1,0,0,0,0,0,0,0,1,1
0.0,0.0,0.0,0.0,0.0,0.0,1.0,0,0.0,0.0,0.0,0.0,0.0,0.0,0,1,0,1,1.0,1.0,4.0,2.0,1.0,1.0,1.0,0.0,25,2.0,1.0,5.0,4.0,1,0,0,0,1,0,0,0,0,2
0.0,0.0,0.0,0.0,0.0,0.0,0.0,0,0.0,0.0,0.0,1.0,0.0,0.0,0,1,0,3,4.0,4.0,3.0,4.0,1.0,1.0,1.0,0.0,27,2.0,1.0,1.0,1.0,0,1,0,0,0,0,1,0,0,3
1.0,1.0,1.0,0.0,0.0,0.0,1.0,0,0.0,0.0,0.0,0.0,0.0,0.0,1,1,0,1,5.0,5.0,4.0,5.0,1.0,1.0,1.0,1.0,23,3.0,1.0,6.0,7.0,0,0,0,0,1,0,0,0,0,3
0.0,0.0,1.0,0.0,1.0,0.0,0.0,0,0.0,0.0,0.0,1.0,1.0,0.0,0,0,0,1,3.0,5.0,1.0,3.0,0.0,1.0,0.0,0.0,26,5.0,2.0,4.0,4.0,1,0,0,0,0,1,0,0,0,3
1.0,1.0,1.0,0.0,0.0,0.0,1.0,1,0.0,0.0,0.0,0.0,0.0,0.0,1,1,0,5,4.0,3.0,4.0,3.0,1.0,1.0,1.0,1.0,48,2.0,2.0,4.0,4.0,1,1,0,0,0,0,1,0,0,2
1.0,0.0,0.0,0.0,0.0,1.0,1.0,0,0.0,0.0,0.0,0.0,0.0,0.0,1,1,0,3,4.0,3.0,5.0,4.0,0.0,1.0,1.0,0.0,33,2.0,2.0,5.0,5.0,1,1,0,0,0,0,1,0,0,2
0.0,1.0,1.0,0.0,0.0,0.0,0.0,0,1.0,1.0,1.0,0.0,0.0,0.0,0,1,1,2,3.0,4.0,1.0,4.0,0.0,1.0,0.0,0.0,33,5.0,6.0,4.0,4.0,0,0,0,0,0,0,0,0,0,1
1.0,1.0,0.0,0.0,0.0,0.0,0.0,1,0.0,0.0,0.0,0.0,0.0,0.0,1,1,1,5,3.0,3.0,1.0,1.0,0.0,0.0,1.0,0.0,61,2.0,2.0,5.0,7.0,1,0,0,0,0,0,0,0,0,1
0.0,0.0,1.0,0.0,0.0,0.0,0.0,0,0.0,0.0,0.0,0.0,0.0,0.0,0,1,1,1,4.0,5.0,1.0,4.0,0.0,1.0,1.0,0.0,30,2.0,3.0,3.0,3.0,1,0,0,0,1,0,0,0,0,1
0.0,0.0,1.0,0.0,0.0,0.0,0.0,0,0.0,0.0,0.0,0.0,0.0,0.0,0,1,0,4,1.0,5.0,1.0,5.0,0.0,1.0,1.0,0.0,48,2.0,2.0,3.0,2.0,0,1,0,0,1,0,0,0,0,2
1.0,1.0,1.0,0.0,0.0,0.0,1.0,0,0.0,0.0,0.0,0.0,0.0,0.0,0,1,0,1,5.0,5.0,1.0,5.0,0.0,1.0,1.0,1.0,32,4.0,3.0,8.0,7.0,1,0,0,0,0,0,1,0,0,1
1.0,1.0,0.0,0.0,0.0,0.0,0.0,0,0.0,0.0,0.0,0.0,0.0,0.0,0,1,0,4,1.0,3.0,1.0,3.0,1.0,0.0,1.0,0.0,43,3.0,2.0,1.0,2.0,0,0,0,0,0,0,1,0,0,1
0.0,0.0,0.0,0.0,0.0,0.0,0.0,0,0.0,0.0,0.0,0.0,0.0,0.0,1,1,0,1,1.0,2.0,2.0,2.0,0.0,0.0,1.0,0.0,28,2.0,1.0,1.0,2.0,0,0,0,1,0,0,1,0,0,2
1.0,0.0,0.0,0.0,0.0,0.0,1.0,0,0.0,0.0,0.0,0.0,0.0,0.0,0,1,1,2,3.0,4.0,1.0,5.0,0.0,1.0,1.0,1.0,31,5.0,2.0,6.0,5.0,1,1,0,0,0,0,0,0,1,2
1.0,1.0,1.0,0.0,0.0,0.0,0.0,0,0.0,0.0,0.0,0.0,0.0,0.0,0,0,0,1,4.0,4.0,1.0,5.0,0.0,0.0,0.0,0.0,21,2.0,3.0,4.0,2.0,0,0,0,0,1,0,0,0,0,3
0.0,0.0,0.0,0.0,0.0,0.0,0.0,0,0.0,1.0,0.0,0.0,0.0,0.0,1,0,0,3,4.0,2.0,1.0,3.0,1.0,1.0,1.0,0.0,60,1.0,3.0,4.0,2.0,0,0,0,0,0,0,0,0,1,2
1.0,0.0,0.0,0.0,0.0,0.0,0.0,1,0.0,0.0,0.0,0.0,0.0,0.0,0,1,0,1,1.0,3.0,3.0,3.0,1.0,0.0,1.0,0.0,42,2.0,2.0,6.0,5.0,1,0,0,0,0,0,1,0,0,3
0.0,0.0,0.0,0.0,0.0,0.0,0.0,0,0.0,0.0,0.0,0.0,0.0,1.0,0,0,0,1,1.0,5.0,1.0,4.0,0.0,1.0,1.0,0.0,44,2.0,2.0,4.0,2.0,0,0,1,0,0,0,0,0,0,1
1.0,1.0,0.0,0.0,0.0,0.0,0.0,1,1.0,0.0,0.0,0.0,0.0,0.0,0,1,1,1,5.0,5.0,1.0,5.0,1.0,1.0,1.0,0.0,51,2.0,2.0,7.0,6.0,1,0,0,0,0,1,0,0,0,2
0.0,0.0,0.0,0.0,0.0,0.0,0.0,0,0.0,0.0,0.0,0.0,0.0,0.0,0,1,0,3,3.0,4.0,2.0,5.0,1.0,0.0,1.0,0.0,42,2.0,1.0,3.0,3.0,1,0,1,0,0,0,0,0,0,2
0.0,0.0,0.0,0.0,0.0,0.0,1.0,0,0.0,0.0,0.0,0.0,0.0,0.0,0,1,0,1,5.0,5.0,1.0,5.0,0.0,1.0,1.0,0.0,40,2.0,2.0,4.0,4.0,1,0,0,0,0,1,0,0,0,2
1.0,1.0,1.0,0.0,0.0,0.0,1.0,0,0.0,0.0,0.0,0.0,0.0,0.0,0,0,0,1,3.0,5.0,1.0,5.0,0.0,1.0,0.0,0.0,20,5.0,3.0,7.0,7.0,0,0,0,0,1,0,0,0,0,2
0.0,0.0,0.0,0.0,0.0,0.0,0.0,0,0.0,0.0,0.0,0.0,0.0,0.0,0,1,0,1,4.0,5.0,1.0,3.0,1.0,1.0,1.0,0.0,61,3.0,2.0,6.0,2.0,0,0,0,0,1,0,0,0,0,1
0.0,0.0,1.0,0.0,0.0,0.0,0.0,0,0.0,0.0,0.0,0.0,0.0,0.0,0,0,0,3,2.0,4.0,1.0,4.0,0.0,0.0,1.0,0.0,23,2.0,1.0,3.0,3.0,0,0,0,1,1,0,0,0,0,2
0.0,0.0,0.0,0.0,0.0,0.0,0.0,0,0.0,0.0,0.0,0.0,0.0,0.0,1,1,0,1,5.0,5.0,1.0,5.0,1.0,0.0,1.0,0.0,64,1.0,3.0,7.0,2.0,1,0,0,0,0,0,1,0,0,1
0.0,0.0,0.0,0.0,0.0,1.0,0.0,0,0.0,0.0,0.0,0.0,0.0,0.0,1,1,1,3,1.0,1.0,5.0,5.0,1.0,1.0,1.0,1.0,43,2.0,2.0,5.0,5.0,1,1,0,0,0,0,1,0,0,1
0.0,0.0,1.0,0.0,0.0,1.0,0.0,0,0.0,1.0,1.0,0.0,0.0,1.0,1,1,0,2,5.0,5.0,2.0,2.0,1.0,0.0,1.0,0.0,37,2.0,4.0,4.0,3.0,1,0,0,1,0,0,0,1,0,1
0.0,1.0,0.0,0.0,0.0,0.0,1.0,1,0.0,1.0,0.0,0.0,0.0,0.0,1,1,1,1,4.0,4.0,5.0,4.0,1.0,1.0,1.0,0.0,53,2.0,2.0,5.0,3.0,1,0,0,0,1,0,0,0,0,2
0.0,0.0,1.0,0.0,0.0,0.0,0.0,0,0.0,0.0,1.0,0.0,0.0,0.0,1,1,0,4,2.0,2.0,5.0,1.0,1.0,1.0,1.0,0.0,22,2.0,2.0,6.0,10.0,1,0,0,0,0,0,0,0,0,2
1.0,0.0,1.0,0.0,0.0,0.0,0.0,0,0.0,0.0,1.0,0.0,1.0,0.0,1,1,0,2,2.0,5.0,1.0,5.0,1.0,1.0,1.0,0.0,32,3.0,3.0,6.0,4.0,0,0,0,0,1,0,0,0,0,3
0.0,0.0,1.0,0.0,0.0,0.0,1.0,0,0.0,0.0,0.0,0.0,0.0,1.0,0,1,0,4,4.0,1.0,4.0,1.0,0.0,0.0,0.0,1.0,24,2.0,1.0,2.0,9.0,0,0,0,0,1,0,0,0,0,1
0.0,0.0,0.0,0.0,0.0,0.0,0.0,0,0.0,0.0,0.0,0.0,0.0,0.0,1,0,0,1,1.0,1.0,1.0,1.0,0.0,0.0,0.0,0.0,60,1.0,2.0,3.0,2.0,1,0,0,0,0,1,0,0,0,1
0.0,0.0,0.0,0.0,0.0,0.0,1.0,0,0.0,0.0,0.0,0.0,0.0,0.0,1,0,0,1,5.0,3.0,1.0,3.0,0.0,1.0,1.0,0.0,42,2.0,1.0,4.0,4.0,0,0,0,0,0,0,0,0,1,2
0.0,0.0,0.0,0.0,0.0,0.0,0.0,0,0.0,0.0,0.0,0.0,0.0,0.0,1,1,0,4,5.0,5.0,1.0,5.0,1.0,1.0,1.0,0.0,44,1.0,1.0,2.0,3.0,1,1,0,0,1,0,0,0,0,2
0.0,1.0,1.0,0.0,0.0,0.0,1.0,0,0.0,0.0,0.0,1.0,0.0,0.0,1,1,0,1,3.0,5.0,1.0,5.0,1.0,1.0,1.0,0.0,25,5.0,4.0,6.0,6.0,0,0,0,0,0,0,0,0,0,3
0.0,0.0,0.0,0.0,0.0,0.0,1.0,0,0.0,1.0,0.0,0.0,0.0,0.0,1,1,1,3,4.0,5.0,1.0,3.0,1.0,1.0,1.0,0.0,28,3.0,1.0,5.0,4.0,1,0,0,0,0,0,0,0,1,2
1.0,0.0,0.0,0.0,0.0,0.0,0.0,1,0.0,0.0,0.0,0.0,0.0,0.0,0,1,0,3,3.0,1.0,3.0,1.0,0.0,1.0,1.0,1.0,63,2.0,2.0,5.0,4.0,1,0,0,0,0,0,1,0,0,2
1.0,0.0,0.0,0.0,0.0,1.0,0.0,0,0.0,1.0,0.0,1.0,0.0,0.0,0,1,0,5,2.0,2.0,1.0,3.0,1.0,0.0,1.0,0.0,58,2.0,1.0,6.0,4.0,1,1,0,0,0,1,0,0,0,2
1.0,0.0,0.0,0.0,0.0,0.0,0.0,0,0.0,0.0,0.0,0.0,0.0,0.0,1,1,1,1,3.0,2.0,1.0,4.0,1.0,1.0,1.0,1.0,35,2.0,2.0,4.0,3.0,1,1,0,0,0,0,1,0,0,2
1.0,1.0,1.0,0.0,0.0,0.0,0.0,0,0.0,1.0,0.0,0.0,0.0,0.0,1,1,1,1,3.0,5.0,2.0,5.0,1.0,1.0,1.0,1.0,52,2.0,4.0,8.0,6.0,1,0,0,0,1,0,0,0,0,1
0.0,0.0,1.0,0.0,0.0,0.0,0.0,0,0.0,0.0,0.0,0.0,0.0,0.0,0,1,0,1,4.0,5.0,2.0,2.0,1.0,0.0,1.0,0.0,36,3.0,4.0,6.0,6.0,0,0,0,0,0,0,0,0,0,1
1.0,0.0,1.0,0.0,0.0,0.0,1.0,0,0.0,0.0,0.0,0.0,0.0,0.0,1,0,1,3,2.0,2.0,3.0,2.0,1.0,0.0,0.0,0.0,38,2.0,6.0,1.0,4.0,1,0,1,0,0,0,0,0,0,3
0.0,0.0,0.0,0.0,0.0,0.0,0.0,0,0.0,0.0,0.0,0.0,0.0,0.0,0,1,1,1,5.0,5.0,5.0,5.0,1.0,1.0,1.0,0.0,53,1.0,1.0,2.0,3.0,1,0,0,0,0,1,0,0,0,2
0.0,1.0,1.0,0.0,0.0,0.0,0.0,0,0.0,0.0,1.0,0.0,0.0,0.0,0,1,0,1,5.0,4.0,1.0,5.0,1.0,1.0,1.0,1.0,32,2.0,2.0,2.0,2.0,0,0,0,0,0,0,0,0,0,3
1.0,1.0,0.0,0.0,0.0,0.0,1.0,0,0.0,0.0,0.0,0.0,0.0,0.0,1,1,0,1,2.0,5.0,1.0,2.0,1.0,0.0,1.0,0.0,32,2.0,2.0,7.0,6.0,1,0,0,0,0,0,0,0,1,2
0.0,0.0,0.0,0.0,0.0,0.0,0.0,0,1.0,0.0,0.0,0.0,0.0,0.0,0,1,0,4,4.0,4.0,2.0,3.0,0.0,1.0,1.0,0.0,61,6.0,4.0,8.0,8.0,0,0,0,0,0,0,0,0,1,1
1.0,1.0,0.0,0.0,0.0,0.0,0.0,1,0.0,0.0,0.0,0.0,0.0,0.0,1,1,1,2,3.0,4.0,3.0,3.0,1.0,0.0,1.0,0.0,64,3.0,2.0,4.0,4.0,1,0,0,0,0,1,0,0,0,2
1.0,0.0,1.0,0.0,0.0,0.0,0.0,0,0.0,0.0,0.0,0.0,0.0,0.0,1,1,0,5,1.0,2.0,1.0,5.0,1.0,1.0,1.0,0.0,20,2.0,4.0,2.0,4.0,1,0,0,0,1,0,0,0,0,2
1.0,1.0,0.0,0.0,1.0,0.0,1.0,0,0.0,0.0,0.0,0.0,1.0,0.0,1,1,1,2,5.0,5.0,3.0,5.0,1.0,1.0,1.0,1.0,23,2.0,2.0,5.0,4.0,1,0,0,0,0,0,1,0,0,2
0.0,0.0,1.0,0.0,0.0,0.0,1.0,0,0.0,0.0,0.0,0.0,0.0,0.0,0,1,0,1,3.0,4.0,1.0,4.0,0.0,1.0,0.0,1.0,21,2.0,2.0,5.0,5.0,0,1,0,0,0,0,0,0,1,2
0.0,0.0,1.0,0.0,0.0,0.0,0.0,1,0.0,0.0,0.0,0.0,0.0,0.0,0,1,1,1,3.0,5.0,5.0,5.0,1.0,1.0,1.0,0.0,57,3.0,2.0,4.0,6.0,0,0,0,0,1,0,0,0,0,1
0.0,0.0,0.0,0.0,0.0,0.0,0.0,0,0.0,0.0,0.0,0.0,0.0,0.0,0,1,0,3,2.0,5.0,1.0,1.0,1.0,1.0,1.0,0.0,46,1.0,2.0,1.0,2.0,0,0,1,0,0,0,1,0,0,3
1.0,0.0,1.0,0.0,1.0,0.0,0.0,0,0.0,0.0,0.0,0.0,0.0,0.0,1,1,0,1,2.0,5.0,1.0,1.0,0.0,0.0,0.0,0.0,22,2.0,1.0,2.0,3.0,0,0,0,1,0,0,0,1,0,2
0.0,0.0,0.0,0.0,0.0,0.0,1.0,0,0.0,0.0,0.0,0.0,0.0,0.0,1,1,0,3,5.0,5.0,1.0,2.0,1.0,1.0,1.0,0.0,28,2.0,1.0,4.0,3.0,1,0,0,0,0,0,0,0,0,3
0.0,0.0,0.0,0.0,0.0,0.0,1.0,0,0.0,0.0,0.0,0.0,1.0,0.0,1,1,0,2,5.0,5.0,5.0,5.0,1.0,1.0,1.0,1.0,51,2.0,3.0,5.0,2.0,1,0,0,0,1,0,0,0,0,3
1.0,1.0,1.0,0.0,0.0,0.0,1.0,0,0.0,0.0,0.0,1.0,0.0,0.0,0,1,1,1,5.0,5.0,1.0,5.0,1.0,1.0,1.0,1.0,37,6.0,6.0,10.0,8.0,1,0,0,0,0,0,0,0,1,1
0.0,1.0,0.0,0.0,0.0,0.0,0.0,0,0.0,0.0,0.0,1.0,0.0,0.0,0,1,0,1,1.0,5.0,1.0,1.0,0.0,0.0,1.0,0.0,62,1.0,2.0,1.0,2.0,0,0,0,0,1,0,0,0,0,3
0.0,0.0,0.0,0.0,0.0,0.0,1.0,0,0.0,0.0,0.0,0.0,0.0,0.0,0,0,0,1,5.0,3.0,1.0,3.0,1.0,0.0,1.0,0.0,32,2.0,3.0,4.0,6.0,0,0,0,0,1,0,0,0,0,3
1.0,0.0,0.0,0.0,0.0,0.0,0.0,0,0.0,0.0,0.0,0.0,0.0,0.0,0,1,0,1,4.0,5.0,1.0,5.0,0.0,1.0,1.0,0.0,30,2.0,3.0,4.0,2.0,1,0,0,0,0,0,0,0,1,1
1.0,0.0,0.0,0.0,0.0,0.0,0.0,0,0.0,0.0,0.0,0.0,0.0,0.0,1,1,0,1,2.0,3.0,4.0,2.0,1.0,1.0,1.0,0.0,39,2.0,1.0,7.0,4.0,1,0,0,0,1,0,0,0,0,2
1.0,0.0,0.0,0.0,0.0,0.0,0.0,0,0.0,0.0,0.0,0.0,0.0,0.0,1,1,0,3,5.0,5.0,1.0,5.0,0.0,0.0,0.0,0.0,22,2.0,1.0,4.0,4.0,0,1,0,0,0,0,0,0,1,3
0.0,0.0,1.0,0.0,0.0,0.0,0.0,0,0.0,0.0,0.0,0.0,0.0,0.0,0,0,0,1,4.0,3.0,1.0,3.0,0.0,0.0,0.0,0.0,18,2.0,1.0,1.0,1.0,1,0,0,1,0,0,0,1,0,3
1.0,0.0,1.0,0.0,0.0,0.0,1.0,0,0.0,0.0,0.0,0.0,0.0,0.0,1,1,1,3,5.0,5.0,5.0,5.0,1.0,1.0,1.0,1.0,36,3.0,1.0,5.0,3.0,0,0,1,0,1,0,0,0,0,2
1.0,1.0,0.0,0.0,0.0,0.0,0.0,0,1.0,0.0,0.0,0.0,0.0,0.0,0,1,1,1,5.0,5.0,1.0,4.0,1.0,1.0,1.0,0.0,57,5.0,3.0,5.0,3.0,1,0,0,0,0,0,0,0,1,2
0.0,0.0,0.0,0.0,0.0,0.0,0.0,0,0.0,0.0,0.0,0.0,0.0,1.0,0,1,0,1,1.0,5.0,1.0,5.0,1.0,1.0,1.0,0.0,66,1.0,1.0,2.0,1.0,0,0,1,0,0,0,0,0,0,1
0.0,0.0,0.0,0.0,0.0,0.0,0.0,0,0.0,0.0,0.0,0.0,0.0,0.0,0,0,0,1,3.0,2.0,2.0,4.0,0.0,0.0,0.0,0.0,23,1.0,2.0,3.0,3.0,1,0,1,0,0,0,0,1,0,2
1.0,0.0,0.0,0.0,0.0,0.0,0.0,0,0.0,0.0,0.0,0.0,0.0,0.0,1,1,0,4,5.0,1.0,1.0,2.0,0.0,0.0,1.0,0.0,35,2.0,1.0,4.0,4.0,0,0,0,0,0,0,1,0,0,2
0.0,0.0,0.0,0.0,0.0,0.0,0.0,1,0.0,0.0,0.0,0.0,0.0,0.0,1,1,1,3,3.0,4.0,1.0,4.0,0.0,0.0,1.0,0.0,57,1.0,3.0,4.0,2.0,0,0,0,0,0,0,0,0,1,3
0.0,0.0,0.0,0.0,0.0,0.0,0.0,0,0.0,0.0,0.0,0.0,0.0,0.0,0,1,0,5,2.0,3.0,1.0,2.0,1.0,1.0,1.0,1.0,63,1.0,1.0,4.0,3.0,0,0,0,0,0,0,0,0,0,1
1.0,0.0,0.0,0.0,0.0,0.0,1.0,0,1.0,0.0,0.0,0.0,0.0,0.0,0,1,0,1,3.0,4.0,1.0,2.0,1.0,1.0,1.0,0.0,59,2.0,1.0,2.0,2.0,1,0,0,1,0,0,0,0,0,2
0.0,0.0,1.0,0.0,0.0,0.0,0.0,0,0.0,0.0,0.0,0.0,0.0,0.0,1,1,0,3,5.0,5.0,1.0,5.0,1.0,1.0,1.0,0.0,46,5.0,2.0,4.0,4.0,0,0,0,0,1,0,0,0,0,2
1.0,1.0,1.0,0.0,0.0,1.0,1.0,0,0.0,1.0,1.0,0.0,0.0,0.0,1,1,1,1,3.0,5.0,1.0,5.0,1.0,1.0,1.0,1.0,33,4.0,2.0,8.0,6.0,1,0,0,0,0,0,0,0,1,1
1.0,1.0,0.0,0.0,0.0,0.0,1.0,0,1.0,0.0,0.0,1.0,0.0,0.0,1,1,0,1,3.0,3.0,1.0,4.0,1.0,0.0,1.0,0.0,42,2.0,2.0,8.0,4.0,1,1,0,0,0,0,1,0,0,1
0.0,0.0,0.0,0.0,0.0,0.0,0.0,0,0.0,0.0,0.0,0.0,0.0,0.0,0,0,0,1,5.0,4.0,1.0,5.0,1.0,0.0,1.0,0.0,67,1.0,2.0,3.0,2.0,1,0,0,0,0,0,1,0,0,3
0.0,1.0,0.0,0.0,0.0,0.0,0.0,0,0.0,0.0,0.0,0.0,0.0,0.0,0,1,0,1,4.0,3.0,1.0,2.0,0.0,0.0,0.0,0.0,22,2.0,1.0,1.0,1.0,1,0,0,0,0,0,1,0,0,1
0.0,0.0,1.0,0.0,0.0,0.0,0.0,0,0.0,0.0,0.0,0.0,0.0,0.0,0,1,0,1,3.0,4.0,4.0,3.0,0.0,0.0,1.0,0.0,37,5.0,2.0,2.0,3.0,0,0,0,0,0,1,0,0,0,2
0.0,0.0,0.0,0.0,0.0,0.0,0.0,0,0.0,0.0,0.0,0.0,0.0,0.0,1,1,0,1,1.0,2.0,1.0,2.0,1.0,0.0,1.0,1.0,21,2.0,1.0,4.0,2.0,0,1,0,0,0,0,0,0,0,3
1.0,1.0,1.0,0.0,0.0,0.0,0.0,0,1.0,0.0,0.0,1.0,0.0,0.0,0,1,0,1,3.0,5.0,1.0,5.0,1.0,0.0,1.0,0.0,68,6.0,4.0,10.0,8.0,0,0,0,0,1,0,0,0,0,1
0.0,0.0,0.0,0.0,0.0,0.0,0.0,0,0.0,0.0,0.0,0.0,0.0,0.0,1,0,0,4,1.0,2.0,5.0,4.0,1.0,1.0,1.0,0.0,30,5.0,1.0,4.0,5.0,0,0,0,0,1,0,0,0,0,3
1.0,0.0,1.0,0.0,0.0,0.0,1.0,0,0.0,0.0,0.0,0.0,0.0,1.0,1,0,0,3,4.0,5.0,1.0,4.0,1.0,0.0,1.0,0.0,35,5.0,2.0,5.0,4.0,0,0,0,0,1,0,0,0,0,2
1.0,0.0,0.0,0.0,0.0,0.0,1.0,0,0.0,0.0,0.0,0.0,1.0,0.0,1,1,0,1,5.0,4.0,5.0,5.0,0.0,0.0,1.0,1.0,25,2.0,2.0,5.0,2.0,1,0,0,0,0,0,1,0,0,2
1.0,0.0,0.0,0.0,0.0,0.0,0.0,0,0.0,0.0,0.0,0.0,0.0,1.0,1,1,1,1,1.0,5.0,2.0,2.0,1.0,1.0,1.0,0.0,27,3.0,1.0,4.0,3.0,0,0,1,0,0,1,0,0,0,2
0.0,0.0,1.0,0.0,0.0,0.0,0.0,0,0.0,0.0,0.0,0.0,0.0,0.0,1,1,0,5,5.0,1.0,1.0,3.0,0.0,0.0,1.0,0.0,68,1.0,3.0,4.0,5.0,0,1,0,0,0,0,1,0,0,3
1.0,0.0,0.0,0.0,0.0,0.0,0.0,0,0.0,0.0,0.0,0.0,0.0,0.0,1,1,0,2,4.0,5.0,1.0,4.0,0.0,1.0,0.0,1.0,24,2.0,2.0,7.0,5.0,1,0,1,0,0,0,1,0,0,2
1.0,1.0,1.0,0.0,0.0,0.0,0.0,0,0.0,0.0,1.0,0.0,1.0,0.0,1,1,0,1,1.0,5.0,1.0,4.0,1.0,1.0,1.0,0.0,32,3.0,1.0,3.0,2.0,0,0,0,0,0,0,1,0,0,3
1.0,1.0,1.0,0.0,0.0,0.0,0.0,0,0.0,0.0,1.0,0.0,0.0,0.0,0,1,0,1,5.0,5.0,1.0,5.0,1.0,1.0,1.0,1.0,49,2.0,1.0,3.0,5.0,1,0,0,0,0,0,0,0,0,2
0.0,0.0,1.0,0.0,0.0,0.0,0.0,0,0.0,0.0,0.0,0.0,0.0,0.0,1,1,0,5,3.0,2.0,3.0,3.0,0.0,0.0,1.0,0.0,35,2.0,1.0,4.0,6.0,0,0,0,0,1,0,0,0,0,2
0.0,0.0,0.0,0.0,0.0,0.0,0.0,0,0.0,0.0,0.0,0.0,0.0,1.0,0,1,0,1,1.0,3.0,4.0,4.0,1.0,0.0,1.0,0.0,66,1.0,2.0,1.0,2.0,1,0,0,1,1,0,0,0,0,2
0.0,0.0,1.0,0.0,0.0,0.0,0.0,0,0.0,0.0,0.0,0.0,1.0,0.0,0,0,0,1,1.0,1.0,1.0,1.0,1.0,0.0,1.0,1.0,29,1.0,1.0,1.0,1.0,0,0,0,1,0,0,0,1,0,3
1.0,1.0,0.0,0.0,0.0,0.0,1.0,1,0.0,0.0,0.0,0.0,0.0,0.0,1,1,1,1,4.0,4.0,4.0,3.0,1.0,1.0,1.0,1.0,31,5.0,2.0,6.0,5.0,1,0,0,1,0,0,1,0,0,2
0.0,0.0,1.0,0.0,0.0,0.0,1.0,0,0.0,0.0,0.0,0.0,0.0,0.0,0,1,1,5,5.0,1.0,5.0,3.0,1.0,0.0,1.0,0.0,47,2.0,2.0,2.0,3.0,1,0,0,0,1,0,0,0,0,1
1.0,0.0,1.0,0.0,0.0,0.0,0.0,0,0.0,0.0,0.0,0.0,0.0,0.0,0,1,0,5,2.0,2.0,1.0,5.0,1.0,0.0,1.0,0.0,35,1.0,1.0,3.0,3.0,0,1,0,0,0,0,0,0,0,3
0.0,0.0,0.0,0.0,0.0,0.0,0.0,0,0.0,0.0,0.0,0.0,0.0,0.0,0,1,0,1,1.0,5.0,1.0,1.0,0.0,0.0,0.0,0.0,63,1.0,1.0,4.0,4.0,0,0,0,0,0,0,1,0,0,3
1.0,0.0,1.0,0.0,0.0,0.0,1.0,0,0.0,1.0,0.0,0.0,0.0,0.0,0,1,0,1,3.0,3.0,1.0,2.0,1.0,1.0,1.0,0.0,66,5.0,3.0,6.0,6.0,1,0,0,0,1,0,0,0,0,3
0.0,0.0,0.0,0.0,0.0,0.0,0.0,0,0.0,0.0,0.0,0.0,0.0,0.0,1,1,0,5,2.0,5.0,3.0,3.0,0.0,0.0,1.0,0.0,34,2.0,2.0,2.0,4.0,0,0,0,0,0,0,0,1,0,3
0.0,1.0,1.0,0.0,0.0,0.0,0.0,0,0.0,0.0,1.0,0.0,0.0,0.0,0,1,0,2,5.0,5.0,3.0,5.0,1.0,1.0,1.0,1.0,63,2.0,2.0,8.0,6.0,0,1,0,0,0,1,0,0,0,1
0.0,0.0,0.0,0.0,0.0,0.0,0.0,0,0.0,0.0,0.0,0.0,0.0,0.0,0,1,0,3,4.0,2.0,2.0,2.0,0.0,1.0,0.0,0.0,64,2.0,2.0,3.0,4.0,1,0,0,0,0,1,0,0,0,2
0.0,0.0,0.0,0.0,0.0,0.0,0.0,0,0.0,0.0,0.0,0.0,0.0,1.0,1,1,0,1,2.0,3.0,5.0,1.0,1.0,1.0,1.0,0.0,57,1.0,2.0,1.0,2.0,0,1,0,0,0,0,1,0,0,2
1.0,1.0,0.0,0.0,0.0,0.0,1.0,0,0.0,1.0,1.0,0.0,0.0,0.0,1,1,1,3,5.0,5.0,1.0,5.0,1.0,1.0,1.0,1.0,59,2.0,2.0,6.0,6.0,1,0,0,0,0,0,0,0,1,3
1.0,1.0,1.0,0.0,0.0,0.0,1.0,0,0.0,0.0,1.0,0.0,0.0,0.0,0,1,1,3,2.0,3.0,1.0,3.0,0.0,1.0,1.0,0.0,34,3.0,2.0,7.0,5.0,0,0,0,0,0,0,0,0,1,1
1.0,1.0,1.0,0.0,0.0,0.0,1.0,0,0.0,1.0,1.0,0.0,0.0,0.0,0,1,0,1,2.0,5.0,1.0,5.0,0.0,1.0,1.0,1.0,30,2.0,2.0,6.0,4.0,1,0,1,0,1,0,0,0,0,2
0.0,0.0,0.0,0.0,0.0,0.0,1.0,0,0.0,0.0,0.0,0.0,0.0,0.0,0,1,1,5,5.0,1.0,1.0,1.0,0.0,1.0,1.0,1.0,27,2.0,1.0,5.0,4.0,0,0,0,1,0,1,0,0,0,2
0.0,0.0,0.0,0.0,0.0,0.0,0.0,0,0.0,0.0,0.0,0.0,0.0,1.0,0,1,0,1,1.0,3.0,1.0,1.0,0.0,0.0,0.0,0.0,69,1.0,2.0,1.0,4.0,0,0,0,0,1,0,0,0,0,3
0.0,0.0,1.0,0.0,0.0,0.0,0.0,0,0.0,0.0,0.0,1.0,1.0,0.0,0,1,0,1,3.0,4.0,2.0,5.0,0.0,1.0,1.0,1.0,31,5.0,3.0,7.0,5.0,1,0,0,0,1,0,0,0,0,2
1.0,1.0,0.0,0.0,0.0,1.0,1.0,1,1.0,1.0,0.0,0.0,0.0,0.0,0,1,1,1,4.0,4.0,1.0,4.0,1.0,1.0,1.0,0.0,69,5.0,1.0,9.0,8.0,1,0,1,0,0,0,0,0,0,3
0.0,0.0,0.0,0.0,0.0,0.0,0.0,0,0.0,0.0,0.0,0.0,0.0,0.0,1,1,0,5,1.0,1.0,5.0,5.0,0.0,0.0,0.0,0.0,57,2.0,2.0,2.0,2.0,1,0,1,0,0,1,0,0,0,3
0.0,0.0,0.0,0.0,0.0,0.0,0.0,0,0.0,0.0,0.0,0.0,0.0,0.0,0,1,0,1,5.0,5.0,2.0,5.0,1.0,1.0,1.0,0.0,18,2.0,1.0,1.0,2.0,0,0,0,0,0,0,0,0,0,2
0.0,0.0,0.0,0.0,0.0,0.0,0.0,0,0.0,1.0,0.0,0.0,0.0,0.0,0,1,0,1,1.0,5.0,1.0,5.0,1.0,0.0,1.0,0.0,59,0.0,3.0,2.0,2.0,0,0,0,0,0,0,1,0,0,2
0.0,0.0,0.0,0.0,0.0,0.0,0.0,0,0.0,0.0,0.0,0.0,0.0,0.0,1,1,0,1,3.0,2.0,1.0,5.0,1.0,1.0,1.0,0.0,28,3.0,2.0,2.0,1.0,1,1,0,0,0,0,0,0,0,3
0.0,0.0,1.0,0.0,0.0,0.0,0.0,0,0.0,0.0,0.0,0.0,0.0,1.0,0,0,0,1,5.0,4.0,1.0,3.0,0.0,1.0,1.0,1.0,18,3.0,2.0,3.0,2.0,0,0,0,0,0,0,0,0,1,2
0.0,0.0,0.0,0.0,0.0,0.0,0.0,0,0.0,0.0,0.0,0.0,0.0,0.0,1,1,0,1,5.0,5.0,1.0,5.0,0.0,1.0,1.0,0.0,54,2.0,2.0,1.0,1.0,0,0,1,0,0,0,1,0,0,2
1.0,0.0,0.0,0.0,0.0,0.0,0.0,0,0.0,0.0,0.0,1.0,0.0,0.0,1,1,0,1,5.0,5.0,1.0,5.0,1.0,0.0,1.0,0.0,20,2.0,3.0,4.0,5.0,0,1,0,0,0,0,1,0,0,1
1.0,1.0,1.0,0.0,0.0,0.0,0.0,0,0.0,0.0,0.0,0.0,0.0,1.0,0,0,0,1,5.0,2.0,1.0,4.0,0.0,1.0,0.0,1.0,20,3.0,3.0,1.0,2.0,1,0,0,0,1,0,0,0,0,1
0.0,0.0,1.0,0.0,0.0,0.0,0.0,0,1.0,0.0,0.0,1.0,0.0,0.0,1,0,0,3,4.0,3.0,1.0,5.0,0.0,1.0,1.0,1.0,44,4.0,4.0,7.0,6.0,0,0,0,0,0,0,0,0,0,1
1.0,0.0,1.0,0.0,0.0,0.0,1.0,0,0.0,0.0,0.0,0.0,0.0,0.0,0,1,1,1,4.0,5.0,1.0,5.0,1.0,1.0,1.0,0.0,23,2.0,3.0,6.0,4.0,0,0,0,0,1,0,0,0,0,2
0.0,0.0,1.0,0.0,0.0,0.0,0.0,0,0.0,0.0,0.0,0.0,0.0,0.0,0,1,0,1,3.0,5.0,1.0,5.0,0.0,0.0,1.0,0.0,52,2.0,1.0,3.0,4.0,1,1,0,0,0,0,0,0,0,3
0.0,0.0,0.0,0.0,0.0,0.0,1.0,0,0.0,0.0,0.0,0.0,0.0,0.0,1,1,0,5,1.0,5.0,5.0,1.0,1.0,0.0,1.0,0.0,63,2.0,2.0,4.0,4.0,0,1,0,0,0,1,0,0,0,3
0.0,0.0,0.0,0.0,0.0,0.0,0.0,0,0.0,0.0,0.0,0.0,0.0,0.0,1,1,0,1,4.0,1.0,5.0,1.0,1.0,1.0,1.0,0.0,30,2.0,1.0,4.0,4.0,0,1,0,0,0,0,0,0,1,3
0.0,0.0,1.0,0.0,0.0,0.0,0.0,0,0.0,0.0,1.0,0.0,1.0,0.0,0,1,0,2,5.0,2.0,5.0,5.0,1.0,1.0,1.0,1.0,50,1.0,3.0,3.0,5.0,0,0,0,0,0,0,1,0,0,2
1.0,1.0,1.0,0.0,0.0,0.0,0.0,1,1.0,0.0,0.0,0.0,1.0,0.0,0,1,1,3,3.0,4.0,3.0,3.0,1.0,0.0,1.0,0.0,58,5.0,5.0,6.0,10.0,0,0,0,0,0,0,0,0,1,3
0.0,0.0,1.0,0.0,0.0,0.0,1.0,0,0.0,1.0,0.0,0.0,0.0,0.0,0,1,1,1,4.0,4.0,2.0,4.0,0.0,0.0,0.0,0.0,30,5.0,2.0,8.0,7.0,0,0,0,0,0,0,0,1,0,2
1.0,1.0,0.0,0.0,0.0,0.0,0.0,0,0.0,1.0,0.0,0.0,0.0,0.0,1,1,0,5,1.0,1.0,1.0,5.0,1.0,1.0,1.0,0.0,62,2.0,2.0,3.0,4.0,1,0,0,0,0,1,0,0,0,3
0.0,0.0,0.0,0.0,0.0,0.0,0.0,0,0.0,0.0,0.0,0.0,0.0,0.0,0,1,0,3,2.0,2.0,2.0,1.0,1.0,0.0,1.0,0.0,61,1.0,2.0,2.0,2.0,1,0,1,0,0,0,0,1,0,2
0.0,0.0,0.0,0.0,0.0,0.0,1.0,0,0.0,0.0,0.0,1.0,0.0,0.0,0,1,0,2,5.0,4.0,3.0,5.0,0.0,1.0,1.0,1.0,21,2.0,2.0,3.0,5.0,0,0,0,0,0,1,0,0,0,2
1.0,1.0,1.0,1.0,1.0,0.0,1.0,1,0.0,1.0,1.0,0.0,0.0,0.0,1,1,1,1,4.0,3.0,4.0,5.0,1.0,0.0,0.0,0.0,49,2.0,3.0,6.0,5.0,1,1,0,0,0,1,0,0,0,3
1.0,1.0,0.0,0.0,0.0,0.0,0.0,1,0.0,0.0,1.0,0.0,0.0,0.0,0,1,0,1,4.0,4.0,5.0,5.0,1.0,1.0,1.0,0.0,50,3.0,2.0,6.0,7.0,0,0,0,0,0,0,1,0,0,2
0.0,0.0,1.0,0.0,0.0,0.0,0.0,0,1.0,0.0,0.0,1.0,0.0,0.0,0,1,0,1,3.0,5.0,1.0,5.0,0.0,0.0,0.0,1.0,19,3.0,3.0,7.0,6.0,1,0,0,0,1,0,0,0,0,1
0.0,0.0,1.0,0.0,0.0,0.0,0.0,0,0.0,0.0,0.0,0.0,0.0,0.0,0,0,0,1,2.0,4.0,1.0,3.0,0.0,0.0,0.0,0.0,22,2.0,1.0,5.0,4.0,0,1,0,0,0,0,0,0,0,2
0.0,0.0,1.0,0.0,0.0,0.0,0.0,0,0.0,0.0,0.0,0.0,0.0,1.0,0,1,0,2,4.0,4.0,1.0,5.0,1.0,1.0,1.0,0.0,37,1.0,1.0,5.0,4.0,0,0,0,0,1,0,0,0,0,3
1.0,0.0,0.0,0.0,0.0,0.0,0.0,0,0.0,0.0,0.0,0.0,0.0,0.0,0,1,1,1,2.0,1.0,1.0,1.0,0.0,0.0,1.0,1.0,62,2.0,1.0,3.0,6.0,0,1,0,0,0,1,0,0,0,3
1.0,1.0,1.0,0.0,0.0,1.0,1.0,0,0.0,0.0,0.0,0.0,0.0,0.0,0,1,0,3,3.0,3.0,3.0,3.0,0.0,0.0,0.0,0.0,56,3.0,3.0,5.0,5.0,1,0,0,0,0,0,0,0,0,3
1.0,1.0,1.0,1.0,1.0,0.0,1.0,0,1.0,1.0,1.0,1.0,0.0,0.0,1,1,1,3,3.0,2.0,4.0,1.0,1.0,1.0,1.0,1.0,39,6.0,2.0,8.0,6.0,1,0,0,0,1,0,0,0,0,1
0.0,0.0,0.0,0.0,0.0,0.0,0.0,0,0.0,0.0,0.0,0.0,0.0,0.0,1,1,0,4,1.0,3.0,1.0,2.0,1.0,0.0,1.0,0.0,38,2.0,2.0,4.0,4.0,0,0,0,0,1,0,0,0,0,3
0.0,0.0,0.0,0.0,0.0,0.0,0.0,0,0.0,0.0,1.0,0.0,0.0,0.0,1,0,0,1,1.0,5.0,1.0,1.0,0.0,0.0,0.0,0.0,54,2.0,2.0,7.0,6.0,0,0,0,0,0,0,0,0,1,3
1.0,0.0,1.0,0.0,0.0,0.0,1.0,0,0.0,0.0,1.0,0.0,0.0,0.0,1,1,1,2,4.0,4.0,1.0,2.0,1.0,1.0,1.0,1.0,21,4.0,2.0,7.0,5.0,0,0,0,0,0,0,1,0,0,3
1.0,1.0,0.0,0.0,0.0,0.0,0.0,0,0.0,0.0,1.0,0.0,0.0,0.0,1,1,0,1,5.0,4.0,1.0,5.0,1.0,1.0,1.0,1.0,30,5.0,3.0,9.0,7.0,0,0,0,0,1,0,0,0,0,1
0.0,0.0,1.0,0.0,0.0,0.0,0.0,0,0.0,0.0,0.0,0.0,0.0,0.0,0,0,0,1,4.0,2.0,3.0,2.0,0.0,0.0,1.0,0.0,21,2.0,2.0,1.0,1.0,1,1,0,0,0,0,1,0,0,1
1.0,1.0,1.0,0.0,0.0,0.0,1.0,0,0.0,1.0,1.0,0.0,0.0,0.0,1,1,1,3,3.0,3.0,3.0,3.0,0.0,1.0,1.0,1.0,27,5.0,3.0,6.0,3.0,0,0,0,0,0,0,0,0,1,2
1.0,0.0,0.0,0.0,0.0,0.0,0.0,0,0.0,0.0,0.0,0.0,0.0,0.0,0,1,1,1,3.0,5.0,1.0,5.0,1.0,1.0,1.0,0.0,67,5.0,3.0,4.0,4.0,1,0,0,0,0,0,1,0,0,2
1.0,1.0,1.0,0.0,0.0,0.0,1.0,0,0.0,0.0,1.0,0.0,0.0,1.0,1,1,0,3,2.0,5.0,1.0,4.0,1.0,1.0,1.0,1.0,36,2.0,2.0,3.0,3.0,0,1,0,0,0,0,0,1,0,2
1.0,1.0,1.0,0.0,0.0,0.0,1.0,0,0.0,1.0,0.0,0.0,0.0,0.0,0,1,1,5,3.0,3.0,3.0,3.0,1.0,1.0,1.0,1.0,55,5.0,3.0,6.0,6.0,0,0,0,0,0,0,0,0,1,1
0.0,0.0,1.0,0.0,0.0,0.0,0.0,0,0.0,0.0,0.0,0.0,0.0,0.0,1,1,0,5,1.0,1.0,5.0,5.0,1.0,1.0,1.0,0.0,43,1.0,2.0,1.0,3.0,0,0,0,0,0,0,1,0,0,3
0.0,0.0,1.0,0.0,0.0,0.0,0.0,0,0.0,0.0,0.0,1.0,0.0,0.0,0,0,0,1,1.0,1.0,1.0,1.0,0.0,0.0,0.0,0.0,32,2.0,3.0,5.0,5.0,1,0,0,0,0,0,1,0,0,2
1.0,1.0,1.0,0.0,0.0,0.0,1.0,0,0.0,0.0,0.0,0.0,0.0,0.0,1,1,0,1,4.0,4.0,2.0,4.0,1.0,1.0,1.0,0.0,24,4.0,3.0,7.0,5.0,1,1,0,0,0,0,1,0,0,2
1.0,0.0,0.0,0.0,0.0,0.0,1.0,0,0.0,1.0,0.0,0.0,0.0,1.0,1,1,1,5,1.0,3.0,5.0,3.0,1.0,0.0,1.0,0.0,25,2.0,2.0,4.0,4.0,0,1,0,0,0,0,1,0,0,3
0.0,0.0,0.0,0.0,0.0,0.0,1.0,0,0.0,0.0,1.0,0.0,0.0,0.0,1,1,0,1,5.0,5.0,1.0,5.0,0.0,1.0,1.0,0.0,21,2.0,5.0,4.0,4.0,1,0,0,0,0,0,0,1,0,2
1.0,0.0,1.0,0.0,0.0,1.0,1.0,0,0.0,1.0,0.0,0.0,0.0,0.0,0,1,1,4,3.0,5.0,1.0,5.0,1.0,1.0,1.0,0.0,53,2.0,2.0,7.0,2.0,1,0,0,0,0,0,0,0,0,3
1.0,1.0,1.0,0.0,0.0,1.0,1.0,0,0.0,0.0,0.0,0.0,0.0,0.0,1,1,1,5,3.0,5.0,1.0,5.0,1.0,1.0,1.0,0.0,18,2.0,2.0,5.0,2.0,1,0,0,0,1,0,0,0,0,2
0.0,0.0,0.0,0.0,0.0,0.0,0.0,0,0.0,0.0,0.0,0.0,0.0,1.0,0,1,0,1,2.0,1.0,3.0,2.0,1.0,0.0,1.0,0.0,49,1.0,1.0,1.0,3.0,1,1,0,0,0,0,0,1,0,2
1.0,1.0,1.0,0.0,0.0,0.0,1.0,0,0.0,0.0,0.0,0.0,0.0,0.0,1,1,1,1,3.0,4.0,1.0,4.0,1.0,1.0,1.0,1.0,35,6.0,4.0,10.0,9.0,1,0,0,0,1,0,0,0,0,1
1.0,1.0,1.0,0.0,0.0,0.0,0.0,0,1.0,1.0,0.0,0.0,0.0,0.0,0,1,1,1,5.0,5.0,3.0,5.0,0.0,1.0,1.0,0.0,59,6.0,3.0,10.0,8.0,1,0,0,0,1,0,0,0,0,1
1.0,1.0,1.0,1.0,1.0,1.0,1.0,0,1.0,1.0,1.0,0.0,1.0,0.0,1,1,1,3,5.0,4.0,1.0,5.0,1.0,1.0,1.0,1.0,43,5.0,3.0,9.0,5.0,1,0,0,0,1,0,0,0,0,1
0.0,0.0,0.0,0.0,0.0,0.0,0.0,0,0.0,0.0,0.0,1.0,0.0,1.0,1,1,0,3,1.0,1.0,1.0,1.0,1.0,0.0,1.0,0.0,50,1.0,2.0,1.0,2.0,0,1,0,0,1,0,0,0,0,3
1.0,1.0,1.0,0.0,0.0,0.0,0.0,1,0.0,1.0,0.0,0.0,1.0,0.0,1,1,1,2,2.0,4.0,1.0,5.0,1.0,1.0,1.0,0.0,46,4.0,2.0,4.0,4.0,1,0,0,0,0,0,0,0,1,3
0.0,0.0,0.0,0.0,0.0,0.0,0.0,0,0.0,0.0,0.0,0.0,0.0,1.0,0,0,0,4,5.0,5.0,1.0,1.0,0.0,0.0,1.0,0.0,29,2.0,1.0,3.0,3.0,0,0,1,0,0,0,0,0,1,3
1.0,1.0,1.0,0.0,0.0,0.0,1.0,0,0.0,0.0,0.0,0.0,0.0,0.0,0,0,0,1,5.0,5.0,1.0,5.0,0.0,1.0,0.0,1.0,20,2.0,3.0,6.0,4.0,1,0,0,0,0,0,0,0,1,1
1.0,1.0,0.0,0.0,0.0,0.0,0.0,0,0.0,0.0,0.0,1.0,0.0,0.0,1,1,0,3,1.0,1.0,1.0,5.0,1.0,1.0,1.0,0.0,59,3.0,3.0,3.0,4.0,0,0,0,0,0,0,1,0,0,1
0.0,0.0,1.0,0.0,0.0,0.0,1.0,0,0.0,0.0,0.0,0.0,0.0,0.0,1,1,1,3,4.0,3.0,3.0,4.0,1.0,1.0,1.0,1.0,38,3.0,3.0,3.0,3.0,0,0,0,0,0,0,1,0,0,1
1.0,0.0,0.0,0.0,0.0,0.0,1.0,0,0.0,0.0,0.0,0.0,0.0,0.0,0,1,1,4,1.0,3.0,4.0,4.0,1.0,0.0,1.0,0.0,52,6.0,1.0,7.0,6.0,0,1,0,0,0,0,0,0,0,3
1.0,1.0,1.0,0.0,0.0,0.0,1.0,0,0.0,0.0,1.0,1.0,1.0,0.0,1,1,1,1,5.0,5.0,1.0,4.0,1.0,1.0,1.0,1.0,51,5.0,3.0,7.0,5.0,0,0,0,0,1,0,0,0,0,2
0.0,0.0,0.0,0.0,0.0,0.0,0.0,0,0.0,0.0,0.0,0.0,0.0,1.0,0,1,0,3,1.0,1.0,1.0,1.0,1.0,1.0,1.0,0.0,65,1.0,2.0,1.0,1.0,0,0,0,0,0,0,0,0,1,3
0.0,0.0,0.0,0.0,0.0,0.0,0.0,0,0.0,0.0,0.0,0.0,0.0,0.0,0,0,0,3,2.0,3.0,4.0,4.0,1.0,1.0,1.0,1.0,26,3.0,1.0,1.0,3.0,0,0,1,0,0,0,0,0,0,1
0.0,0.0,1.0,0.0,0.0,0.0,0.0,0,0.0,0.0,0.0,0.0,0.0,0.0,1,1,0,3,1.0,1.0,1.0,1.0,1.0,1.0,1.0,0.0,46,2.0,3.0,2.0,3.0,0,1,0,0,0,0,1,0,0,3
0.0,0.0,0.0,0.0,0.0,0.0,0.0,0,0.0,0.0,0.0,0.0,0.0,0.0,0,1,0,3,3.0,3.0,2.0,2.0,1.0,1.0,1.0,0.0,55,2.0,1.0,4.0,4.0,1,0,1,0,0,0,0,0,0,1
0.0,0.0,0.0,0.0,0.0,0.0,1.0,0,0.0,0.0,0.0,1.0,1.0,0.0,0,1,1,3,3.0,5.0,1.0,5.0,1.0,1.0,1.0,1.0,40,2.0,3.0,7.0,5.0,0,0,0,0,0,0,0,0,1,2
0.0,0.0,1.0,1.0,0.0,0.0,0.0,0,0.0,0.0,0.0,0.0,0.0,0.0,0,1,1,1,1.0,5.0,5.0,5.0,1.0,1.0,1.0,0.0,47,1.0,2.0,1.0,4.0,1,0,0,0,1,0,0,0,0,1
1.0,1.0,1.0,0.0,0.0,0.0,1.0,0,0.0,0.0,1.0,1.0,0.0,0.0,1,1,0,1,3.0,5.0,1.0,2.0,1.0,0.0,1.0,0.0,50,3.0,2.0,2.0,3.0,0,0,0,0,1,0,0,0,0,3
0.0,0.0,0.0,0.0,0.0,0.0,0.0,0,0.0,0.0,0.0,0.0,0.0,0.0,0,1,0,2,1.0,1.0,1.0,4.0,0.0,1.0,1.0,0.0,57,1.0,1.0,1.0,1.0,0,0,1,0,0,0,0,0,1,2
1.0,1.0,0.0,0.0,0.0,0.0,1.0,0,0.0,0.0,0.0,0.0,0.0,0.0,1,1,0,3,2.0,1.0,2.0,3.0,1.0,1.0,1.0,0.0,32,4.0,2.0,7.0,7.0,1,0,0,0,0,0,0,0,1,2
1.0,1.0,0.0,0.0,0.0,0.0,0.0,0,1.0,0.0,1.0,1.0,0.0,0.0,0,1,0,1,3.0,4.0,1.0,5.0,1.0,1.0,1.0,0.0,35,6.0,3.0,7.0,2.0,1,0,0,0,1,0,0,0,0,1
0.0,0.0,1.0,0.0,0.0,0.0,0.0,0,0.0,0.0,0.0,0.0,0.0,0.0,1,1,0,1,4.0,4.0,1.0,4.0,1.0,1.0,1.0,0.0,32,3.0,1.0,2.0,2.0,0,0,1,0,0,1,0,0,0,2
0.0,0.0,1.0,0.0,0.0,0.0,1.0,0,0.0,0.0,0.0,0.0,0.0,0.0,0,1,0,3,2.0,3.0,3.0,1.0,1.0,1.0,0.0,1.0,55,3.0,2.0,5.0,3.0,1,0,0,1,0,0,1,0,0,2
1.0,0.0,1.0,0.0,0.0,0.0,0.0,0,0.0,0.0,0.0,0.0,0.0,0.0,1,1,0,3,1.0,3.0,1.0,3.0,0.0,1.0,1.0,1.0,35,2.0,2.0,4.0,5.0,0,0,0,0,0,1,0,0,0,2
1.0,1.0,1.0,0.0,0.0,0.0,1.0,0,0.0,0.0,1.0,0.0,0.0,0.0,0,1,1,1,3.0,5.0,2.0,5.0,1.0,1.0,1.0,1.0,27,5.0,6.0,9.0,8.0,0,0,0,0,0,0,0,0,1,2
0.0,0.0,1.0,0.0,0.0,0.0,0.0,0,0.0,0.0,0.0,0.0,0.0,0.0,0,0,0,3,2.0,5.0,3.0,3.0,0.0,0.0,0.0,0.0,19,1.0,1.0,1.0,1.0,1,0,0,1,0,0,0,1,0,3
0.0,0.0,0.0,0.0,0.0,0.0,1.0,0,0.0,1.0,1.0,0.0,0.0,0.0,1,1,0,2,5.0,5.0,1.0,1.0,0.0,1.0,1.0,0.0,31,2.0,2.0,7.0,5.0,0,0,0,0,0,0,1,0,0,3
0.0,0.0,0.0,0.0,0.0,0.0,0.0,0,0.0,0.0,0.0,0.0,0.0,0.0,0,0,0,3,5.0,1.0,3.0,4.0,1.0,0.0,0.0,0.0,50,2.0,2.0,1.0,7.0,0,0,0,0,0,0,0,0,0,2
0.0,0.0,0.0,0.0,0.0,0.0,0.0,0,0.0,0.0,0.0,0.0,0.0,0.0,0,0,0,1,5.0,5.0,1.0,5.0,0.0,1.0,1.0,0.0,45,4.0,2.0,5.0,5.0,1,1,0,0,0,1,0,0,0,1
0.0,0.0,1.0,0.0,0.0,0.0,0.0,0,0.0,0.0,1.0,1.0,0.0,0.0,1,1,0,3,4.0,4.0,1.0,5.0,0.0,1.0,1.0,0.0,45,1.0,3.0,4.0,6.0,0,0,0,0,0,0,0,1,0,2
0.0,0.0,0.0,0.0,0.0,0.0,0.0,0,0.0,0.0,0.0,0.0,0.0,0.0,0,0,0,1,5.0,5.0,1.0,5.0,0.0,0.0,0.0,0.0,28,2.0,3.0,1.0,2.0,0,0,0,0,0,0,1,0,0,3
1.0,0.0,1.0,0.0,0.0,0.0,1.0,0,0.0,1.0,1.0,0.0,0.0,0.0,0,1,1,3,4.0,4.0,1.0,4.0,0.0,1.0,1.0,1.0,35,5.0,1.0,5.0,5.0,0,0,0,0,0,0,0,0,0,2
1.0,0.0,0.0,0.0,0.0,0.0,1.0,0,0.0,0.0,0.0,0.0,0.0,0.0,0,1,0,5,1.0,1.0,5.0,1.0,1.0,0.0,1.0,0.0,41,3.0,1.0,7.0,7.0,1,1,0,0,0,0,0,0,0,3
0.0,0.0,1.0,0.0,0.0,0.0,0.0,0,0.0,0.0,1.0,0.0,0.0,1.0,1,1,0,4,1.0,2.0,1.0,5.0,1.0,1.0,1.0,0.0,30,2.0,1.0,2.0,5.0,0,0,0,0,0,0,0,0,0,3
0.0,0.0,0.0,0.0,0.0,0.0,1.0,0,0.0,0.0,1.0,0.0,0.0,1.0,1,1,0,5,1.0,1.0,5.0,1.0,1.0,1.0,1.0,1.0,39,0.0,2.0,2.0,2.0,1,0,1,0,0,1,0,0,0,3
1.0,1.0,1.0,0.0,0.0,0.0,1.0,0,0.0,0.0,0.0,0.0,0.0,0.0,1,1,0,3,2.0,4.0,1.0,2.0,1.0,0.0,0.0,0.0,29,5.0,3.0,5.0,7.0,0,0,0,0,1,0,0,0,0,3
0.0,0.0,1.0,0.0,0.0,0.0,1.0,0,0.0,0.0,0.0,0.0,0.0,1.0,1,1,0,4,4.0,3.0,3.0,1.0,1.0,1.0,1.0,0.0,55,2.0,2.0,2.0,5.0,0,0,1,0,0,0,0,0,0,2
1.0,1.0,1.0,1.0,0.0,0.0,1.0,0,0.0,0.0,0.0,0.0,0.0,0.0,1,1,0,2,5.0,5.0,1.0,5.0,1.0,0.0,1.0,0.0,27,2.0,2.0,4.0,4.0,1,1,0,0,0,0,1,0,0,3
0.0,0.0,1.0,0.0,0.0,0.0,1.0,0,0.0,0.0,0.0,0.0,0.0,1.0,0,0,0,2,4.0,2.0,3.0,3.0,0.0,0.0,0.0,1.0,25,2.0,2.0,6.0,6.0,1,0,1,0,0,0,0,0,0,2
0.0,0.0,0.0,0.0,0.0,0.0,1.0,0,0.0,0.0,0.0,0.0,0.0,0.0,0,1,1,1,1.0,5.0,1.0,5.0,0.0,0.0,1.0,0.0,50,2.0,2.0,4.0,2.0,0,0,0,1,0,1,0,0,0,1
1.0,0.0,1.0,0.0,0.0,0.0,0.0,0,0.0,0.0,1.0,0.0,0.0,0.0,1,1,0,3,4.0,5.0,1.0,5.0,1.0,1.0,1.0,1.0,44,2.0,2.0,7.0,5.0,1,0,0,0,0,1,0,0,0,1
1.0,1.0,1.0,1.0,0.0,0.0,0.0,0,0.0,0.0,0.0,0.0,0.0,0.0,0,0,0,3,3.0,5.0,1.0,5.0,1.0,1.0,1.0,1.0,22,2.0,1.0,4.0,3.0,1,1,0,0,0,0,0,0,0,1
1.0,1.0,1.0,0.0,0.0,0.0,1.0,0,0.0,1.0,0.0,0.0,0.0,0.0,1,1,0,1,5.0,4.0,1.0,4.0,1.0,1.0,1.0,0.0,29,2.0,2.0,6.0,3.0,1,0,0,0,1,0,0,0,0,3
0.0,0.0,0.0,0.0,0.0,0.0,0.0,0,0.0,0.0,0.0,0.0,1.0,0.0,0,1,0,1,3.0,4.0,1.0,3.0,1.0,1.0,1.0,0.0,60,1.0,2.0,5.0,3.0,1,0,0,0,0,0,0,0,0,3
0.0,0.0,0.0,0.0,0.0,0.0,0.0,0,0.0,0.0,0.0,0.0,0.0,0.0,0,0,0,1,1.0,1.0,1.0,1.0,0.0,0.0,0.0,0.0,19,2.0,1.0,2.0,2.0,1,0,0,0,0,0,0,0,0,3
1.0,1.0,0.0,0.0,0.0,0.0,0.0,0,0.0,0.0,0.0,0.0,0.0,0.0,0,1,0,1,3.0,5.0,1.0,3.0,1.0,1.0,1.0,0.0,40,2.0,1.0,5.0,5.0,1,1,0,0,0,0,0,0,0,1
1.0,1.0,1.0,1.0,0.0,0.0,0.0,0,0.0,1.0,1.0,0.0,0.0,0.0,1,1,0,2,3.0,3.0,5.0,1.0,1.0,1.0,1.0,0.0,35,5.0,2.0,10.0,7.0,1,0,0,0,1,0,0,0,0,3
0.0,0.0,0.0,0.0,0.0,0.0,0.0,0,0.0,0.0,0.0,0.0,0.0,0.0,1,1,1,3,2.0,3.0,5.0,3.0,1.0,0.0,1.0,0.0,57,2.0,3.0,4.0,6.0,0,0,0,0,0,0,1,0,0,3
0.0,0.0,1.0,0.0,0.0,0.0,1.0,1,0.0,0.0,0.0,0.0,0.0,0.0,0,1,0,2,3.0,4.0,1.0,1.0,1.0,1.0,1.0,1.0,69,2.0,3.0,4.0,4.0,0,0,0,0,1,0,0,0,0,3
0.0,0.0,0.0,0.0,0.0,0.0,0.0,0,0.0,0.0,0.0,0.0,0.0,0.0,0,0,0,5,3.0,4.0,4.0,5.0,1.0,1.0,1.0,0.0,50,1.0,1.0,1.0,1.0,1,1,0,0,0,0,0,1,0,1
0.0,0.0,1.0,0.0,0.0,0.0,0.0,0,0.0,0.0,0.0,0.0,0.0,0.0,1,0,0,2,4.0,5.0,1.0,3.0,0.0,1.0,1.0,0.0,23,4.0,1.0,5.0,4.0,1,1,0,0,0,0,0,0,1,2
1.0,0.0,0.0,0.0,0.0,0.0,0.0,0,0.0,1.0,0.0,0.0,0.0,0.0,0,0,0,2,2.0,1.0,1.0,1.0,0.0,0.0,0.0,0.0,70,2.0,2.0,2.0,2.0,1,0,1,0,0,1,0,0,0,3
0.0,0.0,0.0,0.0,0.0,0.0,1.0,0,0.0,0.0,0.0,0.0,0.0,1.0,0,1,0,1,5.0,5.0,3.0,1.0,1.0,1.0,1.0,0.0,58,2.0,2.0,1.0,2.0,0,0,1,0,0,1,0,0,0,3
0.0,0.0,1.0,0.0,0.0,0.0,0.0,0,0.0,0.0,1.0,0.0,0.0,1.0,1,0,0,1,5.0,5.0,5.0,5.0,1.0,1.0,1.0,0.0,32,2.0,1.0,5.0,3.0,1,1,0,0,0,0,0,0,0,2
1.0,0.0,0.0,0.0,0.0,0.0,0.0,0,0.0,0.0,0.0,0.0,0.0,0.0,0,1,0,2,5.0,4.0,5.0,5.0,1.0,0.0,1.0,0.0,57,1.0,2.0,2.0,1.0,1,0,1,0,0,0,1,0,0,3
0.0,0.0,0.0,0.0,0.0,0.0,1.0,0,0.0,0.0,0.0,0.0,1.0,0.0,1,1,0,4,5.0,5.0,3.0,2.0,0.0,0.0,1.0,0.0,35,2.0,2.0,2.0,3.0,0,0,0,0,1,0,0,0,0,2
0.0,0.0,0.0,0.0,0.0,0.0,0.0,0,0.0,0.0,1.0,0.0,0.0,0.0,0,1,0,4,5.0,5.0,5.0,5.0,1.0,1.0,1.0,1.0,42,2.0,3.0,5.0,5.0,1,0,0,0,0,0,1,0,0,2
1.0,1.0,0.0,0.0,0.0,0.0,1.0,1,0.0,0.0,0.0,0.0,0.0,0.0,1,1,1,3,4.0,4.0,4.0,4.0,1.0,1.0,1.0,1.0,67,2.0,2.0,2.0,2.0,1,0,0,1,1,0,0,0,0,1
0.0,0.0,0.0,0.0,0.0,0.0,0.0,0,0.0,0.0,0.0,0.0,0.0,0.0,1,1,0,1,5.0,5.0,1.0,5.0,1.0,1.0,1.0,0.0,22,2.0,2.0,5.0,4.0,0,0,0,1,0,0,1,0,0,2
1.0,0.0,1.0,0.0,0.0,0.0,0.0,0,0.0,1.0,0.0,0.0,0.0,0.0,1,1,0,2,3.0,5.0,1.0,4.0,0.0,0.0,1.0,1.0,31,2.0,1.0,5.0,4.0,0,0,0,0,0,1,0,0,0,2
1.0,1.0,0.0,0.0,0.0,0.0,0.0,0,0.0,1.0,0.0,0.0,0.0,0.0,1,1,1,1,4.0,5.0,1.0,4.0,1.0,1.0,1.0,1.0,34,3.0,2.0,4.0,4.0,0,0,0,1,0,0,1,0,0,2
1.0,0.0,0.0,0.0,0.0,0.0,1.0,0,0.0,0.0,0.0,0.0,0.0,1.0,1,1,0,3,4.0,4.0,3.0,1.0,1.0,0.0,1.0,0.0,56,1.0,1.0,4.0,4.0,1,0,1,0,0,1,0,0,0,1
0.0,0.0,0.0,0.0,0.0,0.0,0.0,0,1.0,0.0,0.0,0.0,0.0,1.0,0,1,0,1,1.0,1.0,1.0,5.0,1.0,0.0,1.0,0.0,43,2.0,2.0,4.0,2.0,1,0,0,1,0,0,0,0,1,2
0.0,0.0,0.0,0.0,0.0,0.0,0.0,0,0.0,0.0,0.0,0.0,0.0,1.0,0,1,0,1,1.0,1.0,1.0,1.0,1.0,0.0,0.0,0.0,67,2.0,2.0,1.0,2.0,1,0,0,1,1,0,0,0,0,3
0.0,0.0,0.0,0.0,0.0,0.0,1.0,0,0.0,0.0,0.0,0.0,0.0,0.0,0,1,0,3,5.0,3.0,2.0,1.0,0.0,0.0,0.0,0.0,22,3.0,2.0,4.0,3.0,0,0,1,0,0,0,1,0,0,3
1.0,0.0,0.0,0.0,0.0,0.0,1.0,0,1.0,0.0,0.0,0.0,0.0,1.0,1,1,0,4,1.0,5.0,5.0,5.0,1.0,1.0,1.0,1.0,39,2.0,6.0,5.0,5.0,0,0,0,0,0,0,1,0,0,2
0.0,0.0,0.0,0.0,0.0,0.0,0.0,0,0.0,0.0,0.0,0.0,0.0,0.0,0,0,0,1,1.0,3.0,1.0,3.0,0.0,0.0,0.0,0.0,52,2.0,4.0,7.0,6.0,0,0,0,0,0,0,0,0,0,2
0.0,0.0,0.0,0.0,0.0,0.0,0.0,0,0.0,0.0,0.0,0.0,0.0,1.0,0,1,0,1,3.0,1.0,3.0,3.0,0.0,0.0,0.0,0.0,62,2.0,1.0,1.0,2.0,0,0,1,0,0,0,0,0,0,3
1.0,0.0,0.0,0.0,0.0,0.0,1.0,0,0.0,0.0,0.0,0.0,0.0,0.0,0,0,0,4,2.0,2.0,2.0,3.0,1.0,1.0,1.0,0.0,34,2.0,2.0,4.0,4.0,1,0,0,0,0,0,1,0,0,3
1.0,0.0,0.0,0.0,0.0,0.0,0.0,1,0.0,0.0,0.0,0.0,0.0,0.0,0,1,0,4,1.0,4.0,3.0,1.0,1.0,1.0,0.0,0.0,63,2.0,3.0,2.0,3.0,0,0,0,0,0,0,1,0,0,3
1.0,1.0,1.0,0.0,0.0,0.0,0.0,0,0.0,1.0,0.0,0.0,0.0,0.0,1,1,0,2,4.0,4.0,2.0,4.0,1.0,1.0,1.0,1.0,50,2.0,2.0,5.0,5.0,1,0,0,0,1,0,0,0,0,1
0.0,0.0,0.0,0.0,0.0,0.0,0.0,0,0.0,0.0,0.0,0.0,0.0,0.0,1,1,0,5,1.0,3.0,4.0,1.0,1.0,0.0,1.0,0.0,68,2.0,3.0,3.0,3.0,0,0,0,0,1,0,0,0,0,3
0.0,0.0,0.0,0.0,0.0,0.0,0.0,0,0.0,0.0,0.0,0.0,0.0,1.0,1,1,0,1,5.0,5.0,1.0,5.0,1.0,1.0,1.0,0.0,28,2.0,2.0,2.0,1.0,0,0,1,0,0,0,1,0,0,2
0.0,0.0,0.0,0.0,0.0,0.0,1.0,0,0.0,0.0,0.0,0.0,0.0,0.0,1,1,0,5,3.0,2.0,4.0,3.0,1.0,1.0,1.0,1.0,50,1.0,1.0,2.0,2.0,0,0,1,0,0,0,0,0,0,3
0.0,0.0,0.0,0.0,0.0,0.0,0.0,0,0.0,0.0,0.0,0.0,0.0,0.0,1,1,0,1,1.0,1.0,1.0,1.0,0.0,0.0,0.0,0.0,43,0.0,1.0,1.0,2.0,0,0,0,0,0,0,0,0,0,3
0.0,1.0,0.0,0.0,0.0,0.0,0.0,0,0.0,0.0,0.0,1.0,1.0,0.0,0,1,0,1,1.0,1.0,1.0,1.0,1.0,0.0,1.0,0.0,60,1.0,2.0,3.0,3.0,0,0,0,0,0,0,0,0,1,3
0.0,0.0,0.0,0.0,0.0,0.0,0.0,0,0.0,0.0,1.0,0.0,0.0,0.0,0,1,0,3,1.0,5.0,1.0,1.0,1.0,1.0,1.0,0.0,49,2.0,1.0,5.0,4.0,0,0,0,0,1,0,0,0,0,2
0.0,0.0,0.0,0.0,0.0,0.0,0.0,0,0.0,1.0,0.0,1.0,0.0,0.0,0,1,1,1,2.0,5.0,5.0,2.0,1.0,0.0,1.0,0.0,56,2.0,1.0,1.0,3.0,1,1,0,0,0,0,0,1,0,1
0.0,0.0,1.0,0.0,0.0,0.0,0.0,0,0.0,0.0,0.0,0.0,0.0,0.0,1,1,0,1,1.0,5.0,1.0,1.0,1.0,1.0,1.0,0.0,50,2.0,3.0,6.0,5.0,0,0,0,0,0,0,0,1,0,3
1.0,1.0,1.0,0.0,0.0,0.0,0.0,0,0.0,0.0,0.0,0.0,0.0,0.0,1,1,0,2,4.0,4.0,1.0,2.0,0.0,0.0,1.0,0.0,31,3.0,2.0,4.0,4.0,0,0,0,0,1,0,0,0,0,3
0.0,0.0,1.0,0.0,0.0,0.0,0.0,0,0.0,0.0,0.0,0.0,0.0,0.0,1,1,0,3,4.0,3.0,3.0,5.0,1.0,1.0,1.0,1.0,22,2.0,1.0,2.0,4.0,1,1,0,0,0,0,0,0,1,2
0.0,0.0,0.0,0.0,0.0,0.0,0.0,0,0.0,0.0,0.0,0.0,0.0,0.0,0,0,0,1,5.0,5.0,1.0,5.0,0.0,0.0,1.0,0.0,20,3.0,1.0,7.0,4.0,0,1,0,0,0,0,0,0,0,1
1.0,0.0,0.0,0.0,0.0,0.0,0.0,0,0.0,1.0,0.0,0.0,1.0,0.0,0,1,0,1,2.0,5.0,1.0,2.0,0.0,0.0,0.0,0.0,56,2.0,3.0,2.0,2.0,1,0,0,1,0,0,0,0,1,2
0.0,0.0,0.0,0.0,0.0,0.0,0.0,0,0.0,0.0,0.0,1.0,0.0,0.0,0,1,0,4,1.0,1.0,1.0,1.0,0.0,0.0,0.0,0.0,55,2.0,2.0,1.0,1.0,0,0,1,0,0,1,0,0,0,3
0.0,0.0,1.0,0.0,0.0,0.0,0.0,0,0.0,0.0,0.0,1.0,0.0,1.0,0,0,0,3,5.0,5.0,1.0,1.0,1.0,1.0,0.0,0.0,48,2.0,2.0,4.0,4.0,0,1,0,0,0,1,0,0,0,3
0.0,0.0,1.0,0.0,0.0,0.0,0.0,0,0.0,0.0,0.0,0.0,0.0,0.0,0,1,0,3,3.0,2.0,3.0,3.0,0.0,0.0,0.0,0.0,40,2.0,1.0,3.0,3.0,0,0,0,1,1,0,0,0,0,3
1.0,1.0,0.0,0.0,0.0,0.0,0.0,0,0.0,0.0,0.0,1.0,0.0,0.0,0,1,0,2,4.0,4.0,2.0,4.0,1.0,0.0,1.0,0.0,27,3.0,2.0,6.0,6.0,0,0,1,0,0,0,1,0,0,2
0.0,0.0,1.0,0.0,0.0,0.0,0.0,0,0.0,0.0,0.0,0.0,0.0,0.0,0,0,0,1,5.0,2.0,2.0,3.0,1.0,1.0,1.0,1.0,28,2.0,1.0,4.0,3.0,1,0,0,0,0,0,0,0,0,3
0.0,0.0,1.0,0.0,0.0,0.0,0.0,0,0.0,0.0,1.0,0.0,0.0,0.0,0,1,0,2,5.0,5.0,2.0,5.0,1.0,1.0,1.0,1.0,18,3.0,4.0,5.0,5.0,1,0,0,0,0,0,1,0,0,1
1.0,0.0,1.0,0.0,0.0,0.0,0.0,0,0.0,0.0,1.0,0.0,0.0,0.0,1,1,0,2,2.0,2.0,4.0,2.0,1.0,1.0,1.0,0.0,29,4.0,2.0,2.0,1.0,0,0,0,1,0,0,0,0,1,1
0.0,0.0,1.0,0.0,0.0,0.0,0.0,0,0.0,0.0,0.0,0.0,0.0,1.0,1,0,0,5,1.0,4.0,1.0,2.0,1.0,0.0,1.0,0.0,37,3.0,1.0,2.0,5.0,0,0,1,0,0,0,0,0,0,3
1.0,1.0,1.0,0.0,0.0,0.0,1.0,0,0.0,0.0,0.0,0.0,0.0,0.0,1,1,0,1,2.0,4.0,1.0,4.0,0.0,1.0,1.0,0.0,55,5.0,3.0,7.0,4.0,1,0,0,0,1,0,0,0,0,1
0.0,0.0,0.0,0.0,0.0,0.0,0.0,0,0.0,1.0,0.0,0.0,0.0,0.0,0,1,0,3,1.0,2.0,1.0,2.0,1.0,1.0,1.0,0.0,27,2.0,1.0,1.0,1.0,1,0,0,1,0,0,0,0,0,3
0.0,0.0,0.0,0.0,0.0,0.0,0.0,0,0.0,0.0,0.0,0.0,0.0,0.0,0,0,0,3,2.0,3.0,4.0,3.0,0.0,0.0,0.0,0.0,31,2.0,1.0,1.0,2.0,0,0,0,0,0,0,0,0,0,2
1.0,0.0,1.0,0.0,0.0,0.0,0.0,0,0.0,0.0,0.0,0.0,0.0,0.0,0,1,0,1,3.0,4.0,2.0,4.0,0.0,0.0,0.0,0.0,39,2.0,2.0,5.0,3.0,1,1,0,0,0,0,1,0,0,3
0.0,0.0,1.0,0.0,0.0,0.0,0.0,0,0.0,0.0,0.0,0.0,0.0,0.0,0,0,0,1,5.0,5.0,1.0,5.0,0.0,0.0,0.0,0.0,23,2.0,2.0,2.0,3.0,1,0,0,1,0,0,0,0,1,1
0.0,1.0,0.0,0.0,0.0,0.0,1.0,0,1.0,1.0,1.0,0.0,0.0,0.0,0,1,0,1,3.0,5.0,1.0,5.0,1.0,1.0,1.0,1.0,25,2.0,2.0,7.0,6.0,0,0,0,0,0,0,1,0,0,1
1.0,1.0,0.0,0.0,0.0,0.0,0.0,1,0.0,0.0,0.0,0.0,1.0,0.0,0,1,1,1,1.0,3.0,3.0,4.0,1.0,1.0,1.0,0.0,70,3.0,3.0,7.0,7.0,1,0,0,0,0,0,1,0,0,3
1.0,1.0,0.0,1.0,0.0,0.0,0.0,0,1.0,0.0,1.0,1.0,0.0,0.0,0,1,0,2,3.0,4.0,5.0,4.0,1.0,1.0,1.0,0.0,44,2.0,1.0,7.0,5.0,1,0,1,0,0,0,0,1,0,1
0.0,0.0,1.0,0.0,0.0,0.0,0.0,0,0.0,0.0,0.0,0.0,0.0,1.0,0,0,0,1,3.0,3.0,3.0,3.0,0.0,0.0,1.0,0.0,36,1.0,2.0,3.0,2.0,0,1,0,0,0,0,1,0,0,3
0.0,0.0,0.0,0.0,0.0,0.0,0.0,1,0.0,0.0,0.0,0.0,0.0,0.0,0,1,0,1,5.0,5.0,5.0,1.0,1.0,0.0,1.0,0.0,52,1.0,1.0,5.0,4.0,0,0,0,0,0,1,0,0,0,3
0.0,0.0,0.0,0.0,0.0,0.0,0.0,0,0.0,0.0,0.0,0.0,0.0,0.0,1,1,0,5,4.0,4.0,5.0,4.0,1.0,1.0,1.0,0.0,24,2.0,1.0,4.0,5.0,0,0,0,0,0,0,1,0,0,3
0.0,0.0,0.0,0.0,0.0,0.0,0.0,0,0.0,0.0,0.0,1.0,0.0,1.0,0,1,0,3,1.0,3.0,1.0,1.0,1.0,0.0,1.0,0.0,63,1.0,2.0,2.0,2.0,1,0,1,0,1,0,0,0,0,3
0.0,0.0,0.0,0.0,0.0,0.0,0.0,0,0.0,0.0,0.0,1.0,0.0,0.0,1,1,0,1,5.0,5.0,1.0,5.0,1.0,1.0,1.0,0.0,28,3.0,2.0,3.0,2.0,0,1,0,0,0,0,0,1,0,2
0.0,0.0,0.0,0.0,0.0,0.0,0.0,0,0.0,0.0,0.0,0.0,0.0,0.0,1,1,0,1,1.0,5.0,1.0,4.0,0.0,1.0,1.0,0.0,65,2.0,2.0,4.0,4.0,0,1,0,0,0,0,1,0,0,3
1.0,0.0,0.0,0.0,0.0,0.0,0.0,0,0.0,0.0,0.0,0.0,0.0,0.0,1,1,0,5,1.0,1.0,1.0,3.0,1.0,1.0,1.0,1.0,48,1.0,3.0,2.0,6.0,1,0,0,0,0,0,1,0,0,2
1.0,0.0,0.0,0.0,0.0,0.0,1.0,0,0.0,0.0,0.0,1.0,1.0,0.0,0,0,1,1,3.0,5.0,4.0,3.0,1.0,1.0,1.0,0.0,59,2.0,2.0,10.0,10.0,1,0,0,0,0,0,1,0,0,1
1.0,0.0,1.0,0.0,0.0,0.0,0.0,0,0.0,0.0,0.0,0.0,0.0,0.0,1,1,0,1,5.0,5.0,1.0,5.0,1.0,0.0,1.0,0.0,59,1.0,2.0,3.0,4.0,0,1,0,0,0,0,0,0,0,2
0.0,0.0,1.0,0.0,0.0,0.0,1.0,0,0.0,0.0,0.0,1.0,0.0,0.0,1,1,1,3,3.0,3.0,3.0,3.0,1.0,1.0,1.0,0.0,39,1.0,1.0,3.0,2.0,1,1,0,0,0,1,0,0,0,2
0.0,0.0,0.0,0.0,0.0,0.0,0.0,0,0.0,0.0,0.0,0.0,0.0,0.0,0,0,1,4,4.0,3.0,3.0,4.0,0.0,0.0,1.0,0.0,20,1.0,3.0,2.0,3.0,1,0,0,0,0,0,0,0,0,3
0.0,0.0,1.0,0.0,0.0,0.0,0.0,0,0.0,0.0,0.0,1.0,0.0,0.0,0,1,0,3,3.0,3.0,4.0,2.0,1.0,0.0,0.0,0.0,61,1.0,2.0,2.0,2.0,0,0,1,0,0,1,0,0,0,3
0.0,0.0,0.0,0.0,0.0,0.0,0.0,0,0.0,0.0,0.0,0.0,0.0,0.0,0,0,0,1,1.0,1.0,1.0,1.0,0.0,0.0,0.0,0.0,42,2.0,2.0,4.0,5.0,0,0,0,0,0,0,0,0,0,1
0.0,0.0,1.0,0.0,0.0,0.0,1.0,0,0.0,1.0,0.0,0.0,0.0,0.0,1,1,0,5,5.0,5.0,3.0,5.0,0.0,1.0,1.0,0.0,27,1.0,4.0,5.0,5.0,1,0,0,0,1,0,0,0,0,1
0.0,0.0,0.0,0.0,0.0,0.0,0.0,0,0.0,0.0,0.0,0.0,0.0,1.0,1,1,0,5,1.0,5.0,2.0,1.0,1.0,0.0,1.0,0.0,68,0.0,1.0,1.0,1.0,1,0,1,0,0,0,1,0,0,3
0.0,0.0,1.0,0.0,0.0,0.0,0.0,0,0.0,0.0,0.0,0.0,0.0,0.0,1,1,0,1,1.0,1.0,1.0,1.0,1.0,0.0,1.0,0.0,40,2.0,1.0,2.0,2.0,1,0,1,0,0,1,0,0,0,3
1.0,1.0,0.0,0.0,0.0,0.0,0.0,0,0.0,0.0,1.0,1.0,0.0,0.0,1,1,1,3,4.0,4.0,3.0,5.0,1.0,0.0,1.0,1.0,31,4.0,2.0,8.0,6.0,1,0,0,0,1,0,0,0,0,1
0.0,0.0,0.0,0.0,0.0,0.0,1.0,0,0.0,0.0,0.0,0.0,0.0,0.0,0,1,0,1,2.0,5.0,5.0,5.0,1.0,0.0,1.0,0.0,54,1.0,3.0,2.0,2.0,0,0,0,0,1,0,0,0,0,2
1.0,1.0,0.0,0.0,0.0,0.0,1.0,0,0.0,0.0,0.0,0.0,0.0,0.0,0,0,0,2,2.0,4.0,4.0,3.0,0.0,1.0,0.0,1.0,27,5.0,3.0,8.0,8.0,1,0,1,0,0,0,1,0,0,1
1.0,0.0,1.0,0.0,0.0,0.0,0.0,0,0.0,0.0,0.0,0.0,0.0,0.0,0,0,0,1,5.0,5.0,1.0,1.0,0.0,0.0,0.0,0.0,19,2.0,1.0,4.0,4.0,0,1,0,0,0,0,0,0,1,2
0.0,0.0,0.0,0.0,0.0,0.0,0.0,0,0.0,0.0,0.0,0.0,0.0,0.0,0,1,0,3,2.0,3.0,2.0,3.0,0.0,0.0,1.0,0.0,27,3.0,1.0,2.0,2.0,0,0,0,1,0,0,0,1,0,2
1.0,0.0,0.0,0.0,0.0,0.0,1.0,1,0.0,0.0,0.0,1.0,1.0,0.0,0,1,0,4,3.0,4.0,2.0,2.0,1.0,1.0,1.0,0.0,63,5.0,2.0,10.0,10.0,1,0,0,0,0,0,1,0,0,3
0.0,0.0,0.0,0.0,0.0,0.0,0.0,0,0.0,0.0,0.0,0.0,0.0,0.0,0,0,0,4,5.0,3.0,3.0,4.0,0.0,1.0,1.0,0.0,70,2.0,2.0,1.0,2.0,0,0,0,0,0,0,1,0,0,1
1.0,0.0,0.0,0.0,0.0,0.0,1.0,1,1.0,0.0,0.0,0.0,0.0,0.0,0,1,0,1,5.0,5.0,1.0,5.0,1.0,1.0,1.0,0.0,65,1.0,2.0,6.0,5.0,1,0,0,0,1,0,0,0,0,2
0.0,0.0,0.0,0.0,0.0,0.0,1.0,0,1.0,1.0,1.0,1.0,1.0,0.0,1,1,0,3,5.0,4.0,3.0,4.0,1.0,1.0,1.0,0.0,25,1.0,2.0,5.0,8.0,1,1,0,0,0,0,0,0,0,3
1.0,0.0,0.0,0.0,0.0,0.0,0.0,0,0.0,0.0,0.0,0.0,0.0,0.0,0,0,1,5,1.0,1.0,1.0,1.0,0.0,0.0,1.0,0.0,46,1.0,2.0,4.0,3.0,1,0,0,0,0,0,1,0,0,1
0.0,0.0,0.0,0.0,0.0,0.0,0.0,0,0.0,0.0,0.0,0.0,0.0,0.0,0,0,0,1,1.0,4.0,1.0,5.0,1.0,1.0,1.0,0.0,59,2.0,2.0,6.0,5.0,0,0,0,0,0,1,0,0,0,1
1.0,1.0,0.0,0.0,0.0,0.0,0.0,0,1.0,0.0,0.0,0.0,0.0,0.0,0,1,0,2,3.0,4.0,2.0,4.0,1.0,0.0,1.0,0.0,55,6.0,3.0,6.0,6.0,1,0,0,0,1,0,0,0,0,1
0.0,0.0,0.0,0.0,0.0,0.0,0.0,0,0.0,0.0,0.0,0.0,0.0,0.0,1,1,0,2,1.0,5.0,5.0,1.0,1.0,0.0,1.0,0.0,40,1.0,1.0,2.0,2.0,1,0,0,0,1,0,0,0,0,3
1.0,1.0,0.0,0.0,0.0,0.0,1.0,0,0.0,0.0,0.0,0.0,0.0,0.0,1,1,0,2,3.0,4.0,2.0,3.0,1.0,0.0,1.0,0.0,38,5.0,3.0,9.0,6.0,1,0,0,0,0,0,1,0,0,2
0.0,0.0,0.0,0.0,0.0,0.0,1.0,0,0.0,0.0,0.0,0.0,0.0,0.0,0,1,0,2,3.0,5.0,2.0,4.0,1.0,1.0,1.0,1.0,57,5.0,3.0,6.0,3.0,1,0,0,0,0,0,0,0,1,2
0.0,0.0,1.0,0.0,0.0,0.0,0.0,0,0.0,0.0,0.0,0.0,0.0,0.0,0,1,0,2,1.0,2.0,1.0,2.0,0.0,0.0,0.0,0.0,27,3.0,3.0,4.0,3.0,0,0,0,0,0,0,0,0,0,3
0.0,0.0,0.0,0.0,0.0,0.0,0.0,0,0.0,0.0,0.0,0.0,0.0,0.0,0,0,0,5,5.0,1.0,5.0,1.0,0.0,0.0,1.0,0.0,56,1.0,2.0,4.0,4.0,1,0,0,0,1,0,0,0,0,3
0.0,0.0,0.0,0.0,0.0,0.0,0.0,0,0.0,0.0,0.0,0.0,0.0,0.0,0,1,0,1,3.0,4.0,1.0,4.0,0.0,0.0,0.0,0.0,22,4.0,2.0,6.0,5.0,1,0,1,0,0,0,0,1,0,3
0.0,0.0,0.0,0.0,0.0,0.0,1.0,0,0.0,1.0,0.0,0.0,0.0,1.0,0,1,0,3,4.0,3.0,1.0,3.0,1.0,1.0,1.0,0.0,41,2.0,1.0,5.0,4.0,1,1,0,0,0,0,1,0,0,2
0.0,0.0,0.0,0.0,0.0,0.0,0.0,0,0.0,0.0,0.0,0.0,0.0,0.0,0,0,0,1,3.0,5.0,5.0,5.0,0.0,1.0,1.0,0.0,47,2.0,2.0,5.0,6.0,0,0,0,0,0,1,0,0,0,1
0.0,0.0,1.0,0.0,0.0,0.0,0.0,0,0.0,0.0,0.0,0.0,0.0,1.0,0,1,0,3,3.0,5.0,3.0,5.0,1.0,1.0,1.0,0.0,47,2.0,2.0,3.0,3.0,0,1,0,0,0,1,0,0,0,3
1.0,1.0,1.0,0.0,0.0,0.0,1.0,0,0.0,0.0,0.0,0.0,1.0,1.0,0,1,1,2,4.0,4.0,2.0,4.0,1.0,1.0,1.0,0.0,20,3.0,1.0,9.0,7.0,1,0,0,0,1,0,0,0,0,2
0.0,0.0,1.0,0.0,0.0,0.0,1.0,0,0.0,0.0,0.0,1.0,0.0,0.0,0,1,1,3,1.0,5.0,5.0,1.0,1.0,1.0,1.0,1.0,38,3.0,1.0,6.0,7.0,0,0,0,0,0,0,0,0,1,3
0.0,0.0,0.0,0.0,0.0,0.0,0.0,0,0.0,0.0,0.0,0.0,0.0,0.0,0,0,0,3,2.0,2.0,5.0,1.0,0.0,0.0,0.0,0.0,21,2.0,1.0,4.0,3.0,0,1,0,0,0,0,0,0,1,3
0.0,0.0,0.0,0.0,0.0,0.0,0.0,0,0.0,0.0,0.0,0.0,0.0,0.0,1,1,0,4,3.0,5.0,2.0,3.0,1.0,1.0,1.0,0.0,32,2.0,1.0,1.0,2.0,1,1,0,0,0,0,0,0,1,2
0.0,0.0,1.0,0.0,0.0,0.0,0.0,0,0.0,0.0,0.0,0.0,0.0,1.0,0,0,0,1,1.0,5.0,1.0,1.0,0.0,0.0,1.0,0.0,52,1.0,2.0,2.0,2.0,0,0,0,0,0,0,1,0,0,3
1.0,1.0,1.0,0.0,0.0,0.0,1.0,0,0.0,1.0,0.0,0.0,0.0,0.0,0,1,0,1,4.0,5.0,1.0,5.0,0.0,1.0,1.0,1.0,36,5.0,4.0,10.0,10.0,1,0,0,0,1,0,0,0,0,1
0.0,0.0,0.0,0.0,0.0,0.0,0.0,0,0.0,0.0,0.0,0.0,0.0,1.0,1,1,0,1,3.0,5.0,5.0,4.0,1.0,0.0,1.0,0.0,49,1.0,2.0,4.0,4.0,0,0,0,0,1,0,0,0,0,3
1.0,0.0,1.0,0.0,0.0,0.0,0.0,0,0.0,1.0,0.0,0.0,0.0,0.0,1,1,0,3,2.0,4.0,1.0,1.0,0.0,1.0,1.0,0.0,19,2.0,2.0,3.0,3.0,0,0,0,0,0,0,0,1,0,2
0.0,0.0,1.0,0.0,0.0,0.0,0.0,0,0.0,0.0,0.0,0.0,0.0,0.0,0,1,0,1,2.0,5.0,1.0,1.0,0.0,0.0,0.0,0.0,26,3.0,2.0,2.0,2.0,0,0,0,0,0,0,0,1,0,3
0.0,0.0,0.0,0.0,0.0,0.0,0.0,0,0.0,0.0,0.0,0.0,0.0,1.0,1,1,0,3,4.0,5.0,2.0,4.0,1.0,1.0,1.0,0.0,42,2.0,2.0,4.0,3.0,0,0,0,0,0,0,0,0,0,2
1.0,1.0,1.0,0.0,0.0,0.0,1.0,0,0.0,0.0,0.0,0.0,0.0,0.0,1,1,1,3,5.0,5.0,1.0,4.0,0.0,0.0,1.0,0.0,29,5.0,3.0,5.0,4.0,0,0,0,0,1,0,0,0,0,1
0.0,0.0,0.0,0.0,0.0,0.0,1.0,1,0.0,1.0,0.0,0.0,0.0,0.0,1,1,0,4,1.0,4.0,1.0,3.0,1.0,1.0,1.0,0.0,48,2.0,1.0,6.0,5.0,1,0,0,1,0,0,0,1,0,3
0.0,0.0,1.0,0.0,0.0,0.0,0.0,0,0.0,0.0,0.0,0.0,0.0,0.0,1,1,0,3,3.0,2.0,1.0,1.0,1.0,0.0,1.0,0.0,27,4.0,1.0,1.0,2.0,0,1,0,0,0,0,0,0,1,2
0.0,0.0,0.0,0.0,0.0,0.0,0.0,0,0.0,0.0,0.0,0.0,0.0,0.0,0,1,0,1,1.0,5.0,1.0,5.0,1.0,0.0,1.0,0.0,67,2.0,3.0,6.0,9.0,0,0,0,0,0,0,0,0,1,3
0.0,0.0,1.0,0.0,0.0,0.0,0.0,0,0.0,0.0,0.0,1.0,0.0,0.0,0,1,0,3,3.0,4.0,1.0,4.0,0.0,1.0,1.0,1.0,39,2.0,2.0,4.0,1.0,1,0,0,0,0,0,0,0,0,2
0.0,0.0,1.0,0.0,0.0,0.0,0.0,0,0.0,0.0,0.0,0.0,0.0,0.0,0,1,0,3,2.0,4.0,2.0,2.0,1.0,1.0,1.0,0.0,30,2.0,2.0,2.0,2.0,0,0,0,1,0,0,0,0,1,3
0.0,0.0,1.0,0.0,0.0,0.0,0.0,0,0.0,0.0,0.0,1.0,0.0,0.0,1,1,0,5,1.0,2.0,5.0,2.0,1.0,1.0,1.0,0.0,31,3.0,3.0,3.0,3.0,1,0,0,0,1,0,0,0,0,2
1.0,1.0,0.0,0.0,0.0,0.0,0.0,0,1.0,0.0,0.0,1.0,1.0,0.0,1,1,0,1,3.0,5.0,1.0,1.0,1.0,1.0,1.0,0.0,31,3.0,1.0,3.0,3.0,0,0,0,0,0,0,1,0,0,3
0.0,0.0,0.0,0.0,0.0,0.0,0.0,0,0.0,0.0,0.0,0.0,0.0,1.0,0,1,0,4,1.0,1.0,1.0,1.0,1.0,0.0,1.0,0.0,70,1.0,3.0,2.0,1.0,0,0,0,0,0,0,1,0,0,3
0.0,0.0,0.0,0.0,0.0,0.0,0.0,0,0.0,0.0,0.0,0.0,0.0,0.0,0,0,0,2,4.0,3.0,1.0,4.0,0.0,0.0,0.0,0.0,18,2.0,2.0,7.0,5.0,1,0,1,0,0,0,0,0,0,3
0.0,0.0,1.0,0.0,0.0,0.0,0.0,0,0.0,0.0,0.0,1.0,0.0,1.0,0,1,0,2,3.0,4.0,2.0,5.0,0.0,1.0,0.0,0.0,53,5.0,2.0,3.0,5.0,0,0,0,1,0,0,0,0,0,1
1.0,0.0,1.0,0.0,0.0,0.0,1.0,0,1.0,0.0,0.0,0.0,0.0,0.0,0,1,0,3,5.0,5.0,2.0,5.0,1.0,1.0,1.0,0.0,28,4.0,1.0,7.0,5.0,1,0,0,0,0,0,0,0,0,1
0.0,0.0,1.0,0.0,0.0,0.0,0.0,0,0.0,0.0,0.0,0.0,0.0,0.0,0,0,0,5,1.0,5.0,5.0,1.0,0.0,0.0,1.0,1.0,22,2.0,1.0,8.0,6.0,0,0,0,0,1,0,0,0,0,3
0.0,0.0,1.0,0.0,0.0,0.0,0.0,0,0.0,0.0,0.0,0.0,0.0,1.0,0,1,0,1,1.0,1.0,1.0,5.0,1.0,1.0,1.0,1.0,31,1.0,1.0,4.0,2.0,0,1,0,0,0,0,0,0,0,2
0.0,0.0,0.0,0.0,0.0,0.0,0.0,0,0.0,0.0,0.0,0.0,0.0,0.0,0,1,0,1,3.0,4.0,1.0,1.0,1.0,1.0,1.0,0.0,66,1.0,2.0,1.0,2.0,1,0,0,1,1,0,0,0,0,3
0.0,0.0,0.0,0.0,0.0,0.0,0.0,0,0.0,0.0,0.0,0.0,0.0,1.0,0,1,0,3,5.0,4.0,2.0,3.0,1.0,0.0,1.0,0.0,60,2.0,1.0,1.0,2.0,0,0,0,1,0,0,0,0,0,3
1.0,1.0,0.0,0.0,0.0,0.0,1.0,0,0.0,0.0,0.0,0.0,0.0,1.0,1,1,0,1,4.0,3.0,1.0,3.0,1.0,1.0,1.0,1.0,50,2.0,2.0,3.0,2.0,1,0,0,1,0,0,0,0,0,1
1.0,1.0,0.0,0.0,0.0,0.0,1.0,0,0.0,0.0,0.0,0.0,1.0,0.0,1,1,1,1,5.0,5.0,1.0,5.0,1.0,1.0,1.0,0.0,43,3.0,2.0,6.0,6.0,1,0,1,0,1,0,0,0,0,1
0.0,0.0,1.0,0.0,0.0,0.0,0.0,0,0.0,0.0,0.0,0.0,0.0,0.0,0,1,0,3,5.0,5.0,1.0,1.0,1.0,1.0,1.0,0.0,64,2.0,2.0,1.0,1.0,1,1,0,0,1,0,0,0,0,2
0.0,0.0,0.0,0.0,0.0,0.0,0.0,0,0.0,0.0,0.0,0.0,0.0,0.0,0,1,0,1,3.0,5.0,1.0,5.0,0.0,0.0,1.0,0.0,60,2.0,2.0,2.0,2.0,0,1,0,0,0,1,0,0,0,3
0.0,0.0,1.0,0.0,0.0,0.0,0.0,0,0.0,0.0,0.0,0.0,0.0,1.0,0,0,0,3,5.0,2.0,1.0,5.0,0.0,0.0,0.0,0.0,24,2.0,1.0,2.0,3.0,0,1,0,0,0,0,0,0,0,2
0.0,0.0,0.0,0.0,0.0,0.0,0.0,0,0.0,0.0,0.0,0.0,0.0,0.0,0,1,0,1,2.0,5.0,1.0,3.0,0.0,0.0,1.0,0.0,27,2.0,2.0,4.0,3.0,0,1,0,0,0,0,1,0,0,1
1.0,1.0,1.0,0.0,0.0,0.0,0.0,0,0.0,1.0,0.0,0.0,0.0,0.0,0,1,1,1,4.0,4.0,1.0,5.0,1.0,1.0,1.0,0.0,34,5.0,2.0,8.0,6.0,1,0,1,0,1,0,0,0,0,1
0.0,0.0,0.0,0.0,0.0,0.0,0.0,0,0.0,0.0,0.0,0.0,0.0,1.0,1,1,0,2,5.0,5.0,5.0,5.0,1.0,1.0,1.0,1.0,70,1.0,3.0,2.0,1.0,1,1,0,0,0,0,1,0,0,1
1.0,0.0,1.0,0.0,0.0,0.0,0.0,0,0.0,0.0,0.0,0.0,0.0,0.0,0,1,1,3,3.0,4.0,3.0,4.0,1.0,0.0,0.0,0.0,32,2.0,2.0,1.0,1.0,1,0,0,0,1,0,0,0,0,2
0.0,0.0,0.0,0.0,0.0,0.0,0.0,0,0.0,0.0,0.0,0.0,0.0,0.0,0,0,0,5,1.0,1.0,1.0,1.0,0.0,0.0,0.0,0.0,54,2.0,3.0,6.0,6.0,1,0,0,0,1,0,0,0,0,3
1.0,0.0,1.0,0.0,0.0,0.0,1.0,0,0.0,1.0,0.0,0.0,0.0,0.0,1,1,1,3,2.0,3.0,5.0,2.0,0.0,0.0,0.0,0.0,22,5.0,1.0,6.0,6.0,0,0,0,0,0,1,0,0,0,3
0.0,0.0,0.0,0.0,0.0,0.0,0.0,0,0.0,0.0,0.0,1.0,0.0,0.0,0,1,0,1,5.0,5.0,1.0,5.0,1.0,1.0,1.0,0.0,25,3.0,4.0,9.0,7.0,1,0,0,0,0,0,0,0,0,1
1.0,1.0,0.0,0.0,0.0,0.0,0.0,0,0.0,0.0,0.0,0.0,0.0,0.0,0,0,0,2,5.0,5.0,1.0,5.0,0.0,0.0,1.0,0.0,28,2.0,2.0,6.0,5.0,0,0,0,0,0,0,1,0,0,1
0.0,0.0,0.0,0.0,0.0,0.0,0.0,0,0.0,0.0,0.0,0.0,0.0,0.0,1,1,0,1,5.0,5.0,1.0,4.0,0.0,1.0,1.0,0.0,34,2.0,1.0,2.0,2.0,0,0,1,0,0,0,0,0,0,2
0.0,0.0,1.0,0.0,0.0,0.0,0.0,0,0.0,0.0,0.0,0.0,0.0,1.0,0,1,0,3,2.0,2.0,3.0,2.0,1.0,1.0,1.0,0.0,53,1.0,1.0,1.0,1.0,0,0,1,0,0,1,0,0,0,3
1.0,1.0,1.0,0.0,0.0,0.0,1.0,0,0.0,0.0,0.0,0.0,0.0,0.0,0,1,0,1,5.0,5.0,1.0,5.0,1.0,1.0,1.0,0.0,28,3.0,2.0,10.0,2.0,0,0,0,0,0,0,1,0,0,1
1.0,0.0,0.0,0.0,0.0,0.0,0.0,0,0.0,0.0,0.0,0.0,0.0,0.0,0,1,1,1,2.0,2.0,2.0,2.0,1.0,0.0,1.0,0.0,47,2.0,1.0,1.0,1.0,0,1,0,0,0,0,0,0,0,1
0.0,0.0,1.0,0.0,0.0,0.0,0.0,0,0.0,0.0,0.0,0.0,0.0,0.0,1,1,0,2,2.0,3.0,1.0,2.0,1.0,1.0,1.0,0.0,24,2.0,1.0,4.0,3.0,0,0,1,0,0,0,0,0,1,2
1.0,1.0,0.0,0.0,0.0,0.0,1.0,1,0.0,1.0,0.0,0.0,0.0,0.0,0,1,1,2,3.0,4.0,2.0,4.0,1.0,0.0,0.0,0.0,69,6.0,5.0,9.0,8.0,1,0,0,0,0,0,0,0,0,2
0.0,0.0,0.0,0.0,0.0,0.0,0.0,0,0.0,1.0,1.0,0.0,0.0,1.0,0,1,0,2,5.0,5.0,3.0,5.0,0.0,1.0,1.0,0.0,56,2.0,2.0,3.0,1.0,0,0,0,0,0,0,0,0,0,2
0.0,0.0,0.0,0.0,0.0,0.0,0.0,0,0.0,0.0,0.0,0.0,0.0,0.0,1,1,0,5,5.0,5.0,4.0,5.0,0.0,0.0,1.0,0.0,47,1.0,1.0,1.0,2.0,0,0,0,1,0,0,0,1,0,1
1.0,1.0,1.0,0.0,0.0,0.0,1.0,0,0.0,0.0,0.0,0.0,0.0,0.0,1,1,1,3,4.0,5.0,1.0,5.0,1.0,1.0,1.0,0.0,47,3.0,1.0,5.0,2.0,1,0,0,0,0,0,0,0,0,2
0.0,0.0,1.0,0.0,0.0,0.0,0.0,0,0.0,0.0,0.0,0.0,0.0,0.0,0,0,0,1,3.0,2.0,1.0,4.0,0.0,0.0,1.0,0.0,19,2.0,1.0,5.0,5.0,0,0,0,0,0,0,0,0,1,2
0.0,0.0,0.0,0.0,0.0,0.0,0.0,0,0.0,0.0,0.0,0.0,0.0,0.0,0,1,0,3,3.0,4.0,3.0,4.0,1.0,1.0,1.0,0.0,64,5.0,3.0,5.0,5.0,0,0,0,0,0,0,0,0,1,3
0.0,0.0,1.0,0.0,0.0,0.0,0.0,0,0.0,0.0,0.0,1.0,0.0,0.0,0,0,0,3,5.0,1.0,1.0,5.0,1.0,1.0,1.0,1.0,21,2.0,1.0,1.0,1.0,1,1,0,0,0,0,0,0,0,2
0.0,0.0,1.0,0.0,0.0,0.0,0.0,0,0.0,0.0,0.0,0.0,0.0,1.0,0,1,0,1,3.0,1.0,1.0,1.0,0.0,0.0,1.0,0.0,46,2.0,1.0,4.0,3.0,0,0,0,0,0,0,0,0,1,3
0.0,0.0,0.0,0.0,0.0,0.0,0.0,0,0.0,0.0,0.0,0.0,0.0,0.0,0,0,0,3,2.0,3.0,2.0,3.0,0.0,0.0,0.0,0.0,21,2.0,2.0,5.0,4.0,0,0,1,0,0,0,1,0,0,2
1.0,0.0,0.0,0.0,0.0,0.0,1.0,0,0.0,0.0,0.0,0.0,0.0,0.0,1,1,1,3,4.0,3.0,2.0,3.0,1.0,0.0,1.0,0.0,35,2.0,1.0,5.0,5.0,0,0,0,0,0,0,0,0,1,3
0.0,0.0,0.0,0.0,0.0,0.0,0.0,0,0.0,0.0,0.0,0.0,0.0,1.0,0,1,0,1,1.0,1.0,2.0,1.0,1.0,1.0,1.0,0.0,50,2.0,2.0,3.0,1.0,1,0,0,0,1,0,0,0,0,2
0.0,0.0,0.0,0.0,0.0,0.0,0.0,0,0.0,0.0,0.0,0.0,0.0,0.0,0,0,0,2,1.0,4.0,1.0,1.0,0.0,0.0,1.0,0.0,32,1.0,2.0,4.0,2.0,0,0,0,0,0,0,0,0,1,3
1.0,1.0,1.0,0.0,0.0,0.0,0.0,0,0.0,0.0,0.0,0.0,0.0,0.0,1,1,0,2,5.0,2.0,2.0,1.0,0.0,0.0,1.0,0.0,25,2.0,1.0,1.0,1.0,0,0,1,0,0,1,0,0,0,2
1.0,1.0,0.0,0.0,0.0,0.0,1.0,0,0.0,0.0,0.0,0.0,0.0,0.0,0,1,1,1,3.0,5.0,5.0,5.0,1.0,1.0,1.0,0.0,34,3.0,1.0,5.0,3.0,1,0,0,0,0,0,0,0,0,2
0.0,0.0,1.0,0.0,0.0,0.0,0.0,0,0.0,0.0,0.0,0.0,0.0,0.0,0,0,0,1,3.0,4.0,2.0,5.0,0.0,1.0,0.0,0.0,20,2.0,1.0,1.0,1.0,0,0,1,0,1,0,0,0,0,3
1.0,1.0,0.0,0.0,0.0,0.0,1.0,0,0.0,0.0,0.0,0.0,0.0,0.0,1,1,1,3,4.0,1.0,1.0,3.0,1.0,0.0,1.0,0.0,49,2.0,2.0,4.0,4.0,1,0,0,0,0,0,0,0,1,3
0.0,0.0,1.0,0.0,0.0,0.0,0.0,0,0.0,0.0,0.0,1.0,0.0,1.0,1,1,1,2,2.0,2.0,3.0,3.0,0.0,1.0,1.0,0.0,33,2.0,3.0,6.0,4.0,1,0,0,0,0,0,0,1,0,1
0.0,0.0,0.0,0.0,0.0,0.0,0.0,0,0.0,0.0,0.0,1.0,0.0,0.0,0,1,0,1,1.0,5.0,1.0,5.0,1.0,0.0,1.0,0.0,45,1.0,1.0,1.0,1.0,0,1,0,0,0,0,0,1,0,2
0.0,0.0,0.0,0.0,0.0,0.0,0.0,0,0.0,0.0,1.0,0.0,0.0,0.0,1,1,0,1,2.0,2.0,1.0,3.0,0.0,1.0,1.0,0.0,38,2.0,2.0,4.0,4.0,0,1,0,0,0,0,0,1,0,2
1.0,1.0,1.0,0.0,1.0,0.0,0.0,0,0.0,0.0,1.0,1.0,0.0,0.0,1,1,1,1,4.0,5.0,1.0,5.0,1.0,1.0,1.0,1.0,42,6.0,3.0,7.0,5.0,1,0,0,0,1,0,0,0,0,1
1.0,1.0,1.0,0.0,0.0,0.0,1.0,0,0.0,0.0,1.0,0.0,0.0,0.0,1,1,1,1,4.0,5.0,2.0,4.0,1.0,1.0,1.0,1.0,51,5.0,3.0,8.0,7.0,1,0,0,0,1,0,0,0,0,2
1.0,1.0,1.0,0.0,0.0,1.0,1.0,0,0.0,0.0,0.0,0.0,0.0,0.0,0,1,1,1,3.0,5.0,1.0,5.0,0.0,1.0,1.0,0.0,51,6.0,1.0,7.0,6.0,1,0,1,0,0,1,0,0,0,1
1.0,1.0,0.0,0.0,0.0,0.0,1.0,1,1.0,0.0,0.0,1.0,0.0,0.0,0,1,0,1,5.0,5.0,5.0,3.0,1.0,1.0,1.0,0.0,60,4.0,3.0,8.0,8.0,0,0,0,0,0,0,0,1,0,2
0.0,1.0,0.0,0.0,0.0,0.0,0.0,0,0.0,1.0,0.0,1.0,1.0,0.0,1,1,1,3,2.0,5.0,1.0,3.0,0.0,0.0,1.0,0.0,39,2.0,4.0,10.0,10.0,0,0,0,0,1,0,0,0,0,2
0.0,0.0,0.0,0.0,0.0,0.0,0.0,0,0.0,1.0,1.0,0.0,0.0,0.0,1,1,0,3,3.0,3.0,1.0,3.0,1.0,0.0,1.0,0.0,38,3.0,2.0,2.0,3.0,0,0,0,0,1,0,0,0,0,3
1.0,1.0,0.0,0.0,0.0,0.0,0.0,1,0.0,0.0,0.0,0.0,0.0,0.0,1,1,1,1,5.0,5.0,1.0,5.0,1.0,1.0,1.0,0.0,70,1.0,2.0,5.0,4.0,0,1,0,0,1,0,0,0,0,3
0.0,1.0,0.0,0.0,0.0,0.0,1.0,0,0.0,0.0,0.0,0.0,1.0,1.0,1,1,0,3,5.0,5.0,1.0,5.0,1.0,1.0,1.0,0.0,30,3.0,2.0,7.0,3.0,1,1,0,0,0,0,0,0,1,2
0.0,1.0,0.0,0.0,0.0,0.0,0.0,0,0.0,0.0,0.0,0.0,0.0,0.0,0,1,0,1,1.0,5.0,1.0,3.0,0.0,0.0,1.0,0.0,60,1.0,2.0,2.0,1.0,1,0,0,1,0,0,0,1,0,3
0.0,0.0,1.0,0.0,0.0,0.0,0.0,0,0.0,0.0,0.0,0.0,0.0,0.0,0,0,0,1,5.0,5.0,5.0,5.0,1.0,0.0,1.0,1.0,55,1.0,3.0,7.0,2.0,0,0,0,0,0,0,1,0,0,2
0.0,0.0,0.0,0.0,0.0,0.0,0.0,0,0.0,0.0,0.0,0.0,0.0,1.0,0,0,0,3,2.0,3.0,2.0,4.0,0.0,0.0,1.0,0.0,58,1.0,2.0,4.0,4.0,0,0,0,1,0,0,0,1,0,3
0.0,0.0,0.0,0.0,0.0,0.0,1.0,0,0.0,0.0,1.0,0.0,0.0,0.0,1,1,0,3,5.0,3.0,1.0,5.0,1.0,1.0,1.0,0.0,21,2.0,1.0,2.0,4.0,0,0,0,0,0,0,0,0,1,3
1.0,1.0,1.0,0.0,0.0,0.0,0.0,0,0.0,1.0,0.0,0.0,0.0,0.0,1,1,1,3,5.0,3.0,5.0,5.0,1.0,1.0,1.0,1.0,64,3.0,3.0,3.0,2.0,1,0,0,0,1,0,0,0,0,2
0.0,0.0,0.0,0.0,0.0,0.0,0.0,0,0.0,0.0,0.0,0.0,0.0,0.0,1,1,0,3,2.0,4.0,2.0,3.0,1.0,1.0,1.0,0.0,45,2.0,1.0,4.0,2.0,1,0,0,0,1,0,0,0,0,3
0.0,0.0,0.0,0.0,0.0,0.0,0.0,0,0.0,0.0,0.0,0.0,0.0,0.0,0,1,0,1,4.0,5.0,5.0,5.0,1.0,1.0,1.0,0.0,63,1.0,1.0,3.0,3.0,0,1,0,0,0,1,0,0,0,3
0.0,0.0,1.0,0.0,0.0,0.0,0.0,0,0.0,0.0,0.0,0.0,0.0,0.0,0,1,0,1,1.0,5.0,2.0,5.0,0.0,0.0,1.0,1.0,46,2.0,2.0,3.0,3.0,1,0,1,0,1,0,0,0,0,3
1.0,1.0,1.0,0.0,0.0,1.0,1.0,0,0.0,1.0,0.0,0.0,0.0,0.0,0,1,0,2,5.0,5.0,5.0,5.0,1.0,1.0,1.0,0.0,41,3.0,3.0,6.0,4.0,0,0,0,0,1,0,0,0,0,2
0.0,0.0,0.0,0.0,0.0,0.0,0.0,0,0.0,0.0,0.0,0.0,0.0,0.0,1,1,0,5,1.0,1.0,1.0,1.0,1.0,0.0,1.0,0.0,56,1.0,2.0,4.0,5.0,0,1,0,0,1,0,0,0,0,3
0.0,0.0,1.0,0.0,0.0,0.0,0.0,0,0.0,0.0,0.0,1.0,0.0,0.0,0,0,0,2,4.0,4.0,1.0,4.0,0.0,1.0,1.0,1.0,25,3.0,3.0,2.0,3.0,1,0,0,0,0,0,0,0,1,3
0.0,0.0,0.0,0.0,0.0,0.0,0.0,0,0.0,0.0,0.0,1.0,0.0,0.0,1,1,0,1,1.0,5.0,1.0,3.0,0.0,1.0,1.0,0.0,20,2.0,1.0,2.0,2.0,0,1,0,0,0,0,0,0,0,2
0.0,0.0,0.0,0.0,0.0,0.0,0.0,0,0.0,0.0,0.0,0.0,0.0,0.0,0,1,0,1,1.0,3.0,1.0,1.0,0.0,0.0,1.0,0.0,24,3.0,3.0,6.0,5.0,1,0,0,0,0,0,0,0,0,3
0.0,0.0,0.0,0.0,0.0,0.0,0.0,0,0.0,0.0,0.0,1.0,0.0,0.0,0,0,0,1,5.0,5.0,5.0,5.0,0.0,0.0,0.0,0.0,41,0.0,2.0,3.0,2.0,0,0,1,0,0,0,1,0,0,1
0.0,0.0,0.0,0.0,0.0,0.0,1.0,1,0.0,0.0,0.0,0.0,0.0,0.0,0,1,0,1,3.0,4.0,2.0,3.0,0.0,1.0,1.0,0.0,69,2.0,2.0,3.0,2.0,1,0,0,0,0,1,0,0,0,2
0.0,1.0,0.0,0.0,0.0,0.0,0.0,0,0.0,0.0,0.0,0.0,0.0,0.0,1,1,0,3,5.0,5.0,1.0,1.0,1.0,0.0,1.0,0.0,63,1.0,1.0,3.0,2.0,1,1,0,0,0,1,0,0,0,2
1.0,1.0,0.0,0.0,0.0,0.0,1.0,0,0.0,0.0,0.0,0.0,0.0,0.0,0,1,0,2,2.0,2.0,1.0,3.0,0.0,0.0,1.0,0.0,24,3.0,1.0,5.0,3.0,1,1,0,0,0,0,0,1,0,1
1.0,1.0,0.0,0.0,0.0,0.0,1.0,0,0.0,0.0,0.0,0.0,0.0,0.0,1,0,0,3,3.0,2.0,4.0,2.0,1.0,1.0,1.0,0.0,40,2.0,1.0,3.0,3.0,0,1,0,0,0,0,0,0,1,2
1.0,0.0,1.0,0.0,0.0,0.0,1.0,0,0.0,0.0,0.0,0.0,0.0,0.0,0,1,1,3,2.0,4.0,4.0,3.0,1.0,1.0,1.0,0.0,35,5.0,2.0,6.0,5.0,0,1,0,0,0,0,0,1,0,3
0.0,0.0,0.0,0.0,0.0,0.0,0.0,0,0.0,0.0,0.0,0.0,0.0,0.0,1,1,0,4,3.0,4.0,5.0,4.0,1.0,0.0,1.0,0.0,41,2.0,1.0,4.0,4.0,1,0,0,0,1,0,0,0,0,2
0.0,0.0,0.0,0.0,0.0,0.0,0.0,0,0.0,0.0,0.0,0.0,0.0,0.0,0,1,0,1,1.0,1.0,1.0,5.0,0.0,0.0,1.0,0.0,55,2.0,2.0,4.0,3.0,0,0,0,0,0,1,0,0,0,3
0.0,0.0,0.0,0.0,0.0,0.0,0.0,0,0.0,0.0,0.0,0.0,0.0,0.0,1,1,0,1,2.0,5.0,1.0,5.0,0.0,1.0,1.0,0.0,25,2.0,1.0,4.0,5.0,0,1,0,0,0,0,0,0,1,3
0.0,0.0,0.0,0.0,0.0,0.0,0.0,0,0.0,0.0,0.0,0.0,0.0,0.0,0,1,0,1,3.0,5.0,1.0,4.0,1.0,1.0,1.0,0.0,69,0.0,1.0,1.0,4.0,0,0,0,0,0,0,0,0,1,3
0.0,0.0,0.0,0.0,0.0,0.0,0.0,0,0.0,0.0,0.0,0.0,0.0,0.0,0,0,0,1,5.0,5.0,4.0,5.0,0.0,0.0,1.0,0.0,28,2.0,1.0,7.0,3.0,0,0,0,0,0,0,0,0,0,3
0.0,0.0,0.0,0.0,0.0,0.0,0.0,0,0.0,0.0,0.0,0.0,0.0,0.0,1,1,0,1,1.0,3.0,1.0,3.0,1.0,0.0,1.0,0.0,31,2.0,3.0,1.0,1.0,0,1,0,0,1,0,0,0,0,3
0.0,0.0,0.0,0.0,0.0,0.0,0.0,0,0.0,0.0,0.0,0.0,0.0,1.0,0,0,0,1,5.0,5.0,1.0,1.0,0.0,0.0,1.0,0.0,31,2.0,1.0,4.0,3.0,0,0,1,0,0,0,0,0,1,3
0.0,0.0,0.0,0.0,0.0,0.0,0.0,0,0.0,0.0,0.0,0.0,0.0,0.0,0,1,0,1,1.0,5.0,3.0,2.0,0.0,0.0,1.0,0.0,68,1.0,2.0,3.0,2.0,0,0,0,0,1,0,0,0,0,1
1.0,1.0,0.0,0.0,0.0,0.0,1.0,0,0.0,1.0,0.0,0.0,0.0,0.0,0,1,0,1,4.0,5.0,2.0,3.0,1.0,1.0,1.0,0.0,55,1.0,2.0,5.0,3.0,1,0,1,0,1,0,0,0,0,2
1.0,0.0,0.0,0.0,0.0,0.0,0.0,0,0.0,0.0,0.0,0.0,0.0,0.0,1,1,1,1,3.0,5.0,5.0,5.0,1.0,1.0,1.0,0.0,23,2.0,2.0,5.0,5.0,0,0,0,0,1,0,0,0,0,1
0.0,0.0,0.0,0.0,0.0,0.0,1.0,0,0.0,0.0,0.0,0.0,0.0,0.0,0,1,0,1,4.0,5.0,1.0,4.0,1.0,0.0,1.0,0.0,61,2.0,1.0,5.0,4.0,1,0,0,0,0,0,0,0,0,3
0.0,0.0,0.0,0.0,0.0,0.0,0.0,0,0.0,0.0,0.0,0.0,0.0,0.0,0,1,0,1,4.0,5.0,5.0,5.0,0.0,0.0,1.0,0.0,65,0.0,3.0,3.0,10.0,0,1,0,0,0,0,1,0,0,2
0.0,0.0,1.0,0.0,0.0,1.0,1.0,0,0.0,1.0,1.0,1.0,0.0,0.0,0,1,1,2,4.0,4.0,1.0,4.0,0.0,1.0,1.0,1.0,29,4.0,4.0,10.0,5.0,1,0,0,0,1,0,0,0,0,2
1.0,1.0,1.0,0.0,0.0,0.0,0.0,0,0.0,0.0,0.0,0.0,0.0,0.0,1,1,1,3,2.0,4.0,3.0,3.0,1.0,1.0,1.0,0.0,39,4.0,3.0,9.0,8.0,1,0,0,0,1,0,0,0,0,2
1.0,1.0,1.0,0.0,0.0,0.0,0.0,1,0.0,0.0,0.0,0.0,0.0,0.0,1,1,0,1,5.0,5.0,1.0,3.0,1.0,1.0,1.0,1.0,47,2.0,2.0,7.0,3.0,1,0,0,1,1,0,0,0,0,1
0.0,0.0,0.0,0.0,0.0,0.0,0.0,0,0.0,0.0,0.0,0.0,0.0,0.0,0,1,0,3,2.0,3.0,4.0,2.0,1.0,1.0,1.0,0.0,58,1.0,1.0,1.0,1.0,0,0,0,0,0,0,0,0,0,3
0.0,0.0,0.0,0.0,0.0,0.0,0.0,0,0.0,0.0,0.0,0.0,0.0,0.0,1,1,0,1,3.0,1.0,4.0,2.0,0.0,1.0,1.0,1.0,30,2.0,2.0,2.0,2.0,0,1,0,0,0,0,0,0,0,3
1.0,0.0,1.0,0.0,0.0,0.0,0.0,0,0.0,0.0,0.0,1.0,0.0,0.0,1,1,1,4,5.0,1.0,1.0,1.0,0.0,1.0,1.0,0.0,47,2.0,1.0,6.0,6.0,0,0,0,0,0,0,0,0,1,2
0.0,0.0,0.0,0.0,0.0,0.0,0.0,0,0.0,0.0,0.0,1.0,0.0,0.0,1,1,0,4,5.0,3.0,1.0,5.0,1.0,1.0,1.0,0.0,33,2.0,2.0,5.0,4.0,0,0,0,0,0,0,1,0,0,3
1.0,1.0,1.0,0.0,0.0,0.0,1.0,0,0.0,0.0,0.0,0.0,0.0,0.0,1,1,0,4,4.0,4.0,3.0,2.0,0.0,0.0,1.0,0.0,25,3.0,2.0,6.0,4.0,1,0,0,1,0,0,0,1,0,2
0.0,0.0,1.0,0.0,0.0,0.0,0.0,0,0.0,0.0,0.0,0.0,0.0,0.0,0,1,0,1,5.0,5.0,1.0,5.0,0.0,0.0,1.0,0.0,18,2.0,2.0,2.0,2.0,1,0,0,1,1,0,0,0,0,1
0.0,0.0,0.0,0.0,0.0,0.0,0.0,0,0.0,0.0,0.0,0.0,0.0,0.0,0,1,0,5,2.0,5.0,5.0,1.0,1.0,0.0,1.0,0.0,51,2.0,1.0,2.0,1.0,1,0,0,0,0,0,0,0,0,3
0.0,0.0,0.0,0.0,0.0,0.0,1.0,1,0.0,1.0,0.0,0.0,0.0,0.0,0,1,0,3,1.0,2.0,3.0,2.0,0.0,0.0,1.0,0.0,36,2.0,2.0,4.0,5.0,1,1,0,0,0,0,1,0,0,2
0.0,0.0,0.0,0.0,0.0,0.0,0.0,0,0.0,0.0,1.0,0.0,0.0,1.0,0,1,0,2,5.0,5.0,3.0,3.0,1.0,1.0,1.0,0.0,31,2.0,1.0,5.0,4.0,1,1,0,0,0,0,0,0,0,3
0.0,0.0,0.0,0.0,0.0,0.0,1.0,0,0.0,1.0,0.0,0.0,0.0,1.0,0,1,0,1,1.0,1.0,1.0,4.0,1.0,0.0,1.0,0.0,64,1.0,1.0,2.0,2.0,0,0,0,0,0,0,0,0,1,3
1.0,1.0,1.0,0.0,0.0,0.0,1.0,0,0.0,0.0,0.0,0.0,0.0,0.0,1,0,1,1,5.0,5.0,1.0,5.0,1.0,1.0,1.0,1.0,33,5.0,5.0,7.0,6.0,1,0,0,0,0,0,0,0,1,3
0.0,0.0,0.0,0.0,0.0,0.0,0.0,0,0.0,1.0,0.0,0.0,0.0,0.0,0,1,0,2,3.0,3.0,1.0,3.0,1.0,1.0,1.0,0.0,60,2.0,2.0,4.0,3.0,1,0,0,0,0,0,0,0,0,1
0.0,0.0,0.0,0.0,0.0,0.0,0.0,0,0.0,0.0,1.0,0.0,0.0,0.0,1,1,0,2,5.0,5.0,3.0,5.0,1.0,1.0,1.0,0.0,33,5.0,2.0,4.0,2.0,0,0,0,0,0,0,0,0,1,3
0.0,0.0,0.0,0.0,0.0,0.0,0.0,0,0.0,0.0,1.0,0.0,0.0,0.0,0,1,0,1,2.0,5.0,1.0,5.0,1.0,1.0,1.0,0.0,63,2.0,1.0,5.0,4.0,0,0,0,0,0,0,0,0,0,2
1.0,0.0,1.0,0.0,0.0,0.0,0.0,0,0.0,0.0,0.0,0.0,0.0,1.0,1,1,1,1,4.0,5.0,1.0,5.0,1.0,0.0,1.0,1.0,26,2.0,2.0,1.0,2.0,0,0,0,1,0,0,0,1,0,1
0.0,0.0,0.0,0.0,0.0,0.0,0.0,0,0.0,0.0,0.0,0.0,0.0,0.0,0,1,0,1,5.0,4.0,1.0,1.0,0.0,1.0,1.0,0.0,22,2.0,1.0,5.0,4.0,0,0,0,1,0,1,0,0,0,1
0.0,0.0,1.0,0.0,0.0,0.0,0.0,0,0.0,0.0,0.0,0.0,0.0,0.0,0,1,0,1,2.0,4.0,1.0,5.0,1.0,1.0,1.0,0.0,20,2.0,1.0,1.0,2.0,0,0,0,1,0,0,0,0,0,3
0.0,0.0,1.0,0.0,0.0,0.0,1.0,0,0.0,0.0,0.0,0.0,0.0,1.0,0,1,0,1,4.0,3.0,3.0,4.0,0.0,0.0,1.0,0.0,18,3.0,2.0,1.0,1.0,0,0,1,0,0,0,0,0,0,2
1.0,0.0,1.0,0.0,0.0,0.0,0.0,0,0.0,0.0,0.0,1.0,0.0,0.0,1,1,1,3,5.0,5.0,1.0,5.0,1.0,1.0,1.0,0.0,30,2.0,2.0,3.0,1.0,1,1,0,0,0,0,1,0,0,1
0.0,0.0,0.0,0.0,0.0,0.0,0.0,0,0.0,0.0,0.0,1.0,0.0,0.0,0,1,0,1,2.0,4.0,4.0,2.0,0.0,1.0,1.0,0.0,57,2.0,2.0,2.0,3.0,0,1,0,0,0,0,1,0,0,3
0.0,0.0,0.0,0.0,0.0,0.0,0.0,0,0.0,0.0,0.0,0.0,0.0,0.0,0,0,0,4,1.0,2.0,1.0,5.0,0.0,0.0,0.0,0.0,24,2.0,2.0,2.0,1.0,0,0,0,0,0,1,0,0,0,3
0.0,0.0,1.0,0.0,0.0,0.0,0.0,0,0.0,0.0,0.0,0.0,0.0,0.0,1,1,0,1,2.0,1.0,3.0,3.0,1.0,0.0,1.0,0.0,58,0.0,1.0,3.0,3.0,1,0,0,0,1,0,0,0,0,2
0.0,0.0,0.0,0.0,0.0,0.0,1.0,0,0.0,0.0,0.0,1.0,0.0,1.0,0,1,0,1,4.0,3.0,2.0,4.0,1.0,0.0,1.0,0.0,70,0.0,1.0,1.0,1.0,1,1,0,0,0,0,0,0,0,2
0.0,0.0,0.0,0.0,0.0,0.0,0.0,0,0.0,0.0,0.0,0.0,0.0,1.0,0,1,0,5,1.0,1.0,1.0,1.0,0.0,0.0,0.0,0.0,37,2.0,1.0,1.0,2.0,0,0,1,0,0,0,0,0,1,1
1.0,1.0,0.0,0.0,0.0,0.0,0.0,0,0.0,1.0,0.0,1.0,0.0,0.0,0,1,1,1,5.0,5.0,1.0,5.0,1.0,1.0,1.0,0.0,57,5.0,4.0,6.0,6.0,0,0,0,0,0,0,0,0,1,3
1.0,0.0,1.0,0.0,0.0,0.0,0.0,0,0.0,0.0,1.0,0.0,0.0,0.0,0,1,0,3,5.0,4.0,1.0,3.0,1.0,1.0,1.0,0.0,32,4.0,1.0,5.0,3.0,1,0,1,0,0,1,0,0,0,1
1.0,1.0,1.0,0.0,0.0,0.0,0.0,1,1.0,1.0,0.0,0.0,0.0,0.0,1,1,0,1,4.0,5.0,1.0,4.0,1.0,1.0,1.0,1.0,54,6.0,2.0,10.0,8.0,0,1,0,0,1,0,0,0,0,1
0.0,0.0,0.0,0.0,0.0,0.0,1.0,0,0.0,0.0,0.0,0.0,0.0,0.0,1,1,0,2,3.0,4.0,1.0,5.0,1.0,1.0,1.0,0.0,45,5.0,1.0,5.0,5.0,0,0,0,1,0,1,0,0,0,2
1.0,0.0,1.0,0.0,0.0,0.0,0.0,0,0.0,0.0,0.0,1.0,1.0,0.0,1,1,0,3,1.0,3.0,1.0,3.0,1.0,1.0,1.0,0.0,33,2.0,3.0,3.0,3.0,0,0,1,0,0,1,0,0,0,3
1.0,0.0,1.0,0.0,0.0,0.0,1.0,0,0.0,0.0,0.0,0.0,0.0,0.0,0,1,0,2,4.0,3.0,2.0,3.0,0.0,1.0,0.0,0.0,28,5.0,1.0,3.0,2.0,1,0,1,0,0,0,0,0,1,1
1.0,0.0,0.0,0.0,0.0,0.0,0.0,0,0.0,0.0,0.0,0.0,0.0,0.0,1,1,0,1,5.0,5.0,1.0,5.0,0.0,0.0,1.0,0.0,62,1.0,3.0,4.0,3.0,0,0,0,0,0,0,1,0,0,1
1.0,1.0,1.0,0.0,0.0,0.0,1.0,1,0.0,1.0,0.0,0.0,1.0,0.0,1,1,1,5,2.0,1.0,5.0,1.0,1.0,0.0,1.0,1.0,55,3.0,2.0,4.0,3.0,1,0,0,0,0,0,1,0,0,3
0.0,0.0,1.0,0.0,0.0,0.0,1.0,0,0.0,0.0,0.0,0.0,0.0,0.0,0,1,0,1,3.0,5.0,3.0,4.0,1.0,1.0,1.0,0.0,21,3.0,2.0,10.0,6.0,0,0,0,0,0,0,0,0,1,3
0.0,0.0,0.0,0.0,0.0,0.0,1.0,0,0.0,1.0,0.0,0.0,0.0,0.0,1,1,1,1,3.0,5.0,1.0,3.0,1.0,1.0,1.0,0.0,38,4.0,3.0,9.0,7.0,0,0,0,0,1,0,0,0,0,2
0.0,0.0,1.0,0.0,0.0,0.0,0.0,0,0.0,0.0,0.0,0.0,0.0,1.0,0,1,0,5,3.0,2.0,4.0,4.0,1.0,0.0,1.0,0.0,39,3.0,1.0,1.0,4.0,0,0,0,1,0,0,0,0,0,3
0.0,0.0,0.0,0.0,0.0,0.0,1.0,0,0.0,0.0,0.0,0.0,0.0,1.0,0,1,0,3,2.0,4.0,3.0,5.0,0.0,0.0,1.0,0.0,44,1.0,1.0,2.0,1.0,0,0,1,0,0,0,0,0,1,3
0.0,0.0,1.0,0.0,0.0,0.0,0.0,0,0.0,0.0,0.0,0.0,0.0,1.0,0,1,0,3,1.0,1.0,5.0,3.0,1.0,0.0,1.0,0.0,44,2.0,1.0,1.0,2.0,0,1,0,0,0,0,0,0,0,3
0.0,0.0,1.0,0.0,0.0,0.0,0.0,0,0.0,0.0,1.0,0.0,0.0,0.0,0,0,0,2,3.0,5.0,2.0,4.0,0.0,1.0,0.0,0.0,25,4.0,2.0,6.0,4.0,0,0,0,0,1,0,0,0,0,2
0.0,0.0,0.0,0.0,0.0,0.0,0.0,0,0.0,0.0,1.0,0.0,0.0,1.0,0,1,0,3,2.0,2.0,4.0,1.0,1.0,1.0,0.0,0.0,39,2.0,1.0,1.0,2.0,0,0,1,0,0,0,0,0,1,2
1.0,1.0,0.0,0.0,0.0,0.0,1.0,0,1.0,0.0,0.0,0.0,0.0,0.0,0,0,1,1,1.0,4.0,1.0,3.0,0.0,1.0,1.0,1.0,29,3.0,4.0,7.0,7.0,1,0,0,0,0,0,1,0,0,2
0.0,0.0,0.0,0.0,0.0,0.0,0.0,1,0.0,0.0,0.0,0.0,0.0,0.0,0,1,1,1,5.0,3.0,5.0,3.0,1.0,0.0,1.0,0.0,63,2.0,2.0,5.0,3.0,1,1,0,0,1,0,0,0,0,2
0.0,0.0,0.0,0.0,0.0,0.0,0.0,0,0.0,0.0,0.0,0.0,0.0,0.0,0,1,1,5,5.0,5.0,5.0,5.0,1.0,1.0,1.0,1.0,63,2.0,2.0,5.0,6.0,0,0,0,0,0,0,1,0,0,1
0.0,0.0,1.0,0.0,0.0,0.0,0.0,0,0.0,0.0,0.0,0.0,0.0,1.0,1,1,0,1,5.0,5.0,5.0,5.0,1.0,1.0,1.0,0.0,40,2.0,2.0,1.0,4.0,0,0,0,0,0,0,0,0,0,3
0.0,0.0,0.0,0.0,0.0,0.0,0.0,0,0.0,0.0,0.0,0.0,0.0,0.0,1,1,0,4,1.0,1.0,1.0,1.0,1.0,0.0,1.0,0.0,65,0.0,2.0,1.0,2.0,0,1,0,0,0,0,1,0,0,3
0.0,0.0,0.0,0.0,0.0,0.0,0.0,0,0.0,0.0,0.0,1.0,0.0,0.0,0,1,0,4,1.0,1.0,5.0,1.0,1.0,1.0,1.0,0.0,42,2.0,1.0,1.0,1.0,0,0,0,1,0,0,0,0,0,2
0.0,0.0,0.0,0.0,0.0,0.0,0.0,1,0.0,0.0,0.0,0.0,0.0,0.0,0,1,1,3,2.0,1.0,1.0,1.0,1.0,1.0,1.0,0.0,67,1.0,2.0,4.0,10.0,1,0,0,0,0,1,0,0,0,1
0.0,0.0,0.0,0.0,0.0,0.0,1.0,0,0.0,0.0,0.0,0.0,0.0,0.0,0,0,0,1,1.0,3.0,2.0,5.0,1.0,0.0,1.0,0.0,55,1.0,2.0,5.0,6.0,1,0,0,0,0,1,0,0,0,3
1.0,1.0,1.0,0.0,0.0,0.0,0.0,0,0.0,1.0,1.0,1.0,0.0,0.0,0,0,0,4,5.0,3.0,3.0,2.0,1.0,1.0,1.0,0.0,20,2.0,1.0,3.0,1.0,1,0,0,1,0,0,0,1,0,3
0.0,0.0,0.0,0.0,0.0,0.0,0.0,0,0.0,0.0,0.0,0.0,0.0,0.0,0,1,0,1,1.0,5.0,1.0,5.0,0.0,0.0,1.0,0.0,60,1.0,1.0,1.0,1.0,0,1,0,0,0,0,0,0,0,1
0.0,0.0,1.0,0.0,0.0,0.0,0.0,0,0.0,0.0,0.0,0.0,0.0,1.0,0,0,0,1,1.0,5.0,1.0,1.0,0.0,0.0,1.0,0.0,38,2.0,1.0,4.0,1.0,0,1,0,0,0,0,0,0,1,1
0.0,0.0,1.0,0.0,0.0,0.0,0.0,0,0.0,0.0,0.0,0.0,0.0,0.0,0,1,0,5,5.0,5.0,1.0,5.0,0.0,0.0,0.0,0.0,52,2.0,2.0,6.0,3.0,0,1,0,0,0,0,0,0,0,2
0.0,0.0,0.0,0.0,0.0,0.0,0.0,0,0.0,0.0,0.0,0.0,0.0,0.0,0,0,0,1,1.0,4.0,1.0,4.0,0.0,1.0,0.0,0.0,41,2.0,2.0,4.0,2.0,1,0,0,1,0,1,0,0,0,1
0.0,0.0,0.0,0.0,0.0,0.0,0.0,0,0.0,0.0,1.0,0.0,0.0,0.0,1,1,0,2,1.0,1.0,1.0,1.0,0.0,0.0,1.0,0.0,58,2.0,3.0,4.0,4.0,0,0,0,0,0,0,0,1,0,3
0.0,0.0,0.0,0.0,0.0,0.0,1.0,1,0.0,1.0,0.0,0.0,0.0,0.0,1,1,0,4,3.0,3.0,5.0,4.0,1.0,0.0,0.0,0.0,43,2.0,2.0,4.0,3.0,1,0,0,0,0,1,0,0,0,2
1.0,0.0,1.0,0.0,0.0,0.0,0.0,0,1.0,0.0,1.0,0.0,0.0,0.0,0,1,0,1,4.0,5.0,2.0,4.0,1.0,1.0,1.0,0.0,44,2.0,1.0,3.0,2.0,0,0,0,0,0,0,0,1,0,1
0.0,0.0,0.0,0.0,0.0,0.0,0.0,0,0.0,0.0,0.0,0.0,0.0,0.0,0,0,0,1,5.0,5.0,1.0,4.0,0.0,0.0,0.0,0.0,21,2.0,1.0,5.0,4.0,1,0,0,0,0,0,0,0,0,1
1.0,1.0,1.0,0.0,0.0,0.0,1.0,0,0.0,0.0,0.0,0.0,0.0,0.0,1,1,0,1,5.0,5.0,1.0,5.0,1.0,1.0,1.0,1.0,20,4.0,1.0,5.0,2.0,1,0,0,0,0,0,1,0,0,1
0.0,0.0,1.0,0.0,0.0,0.0,0.0,0,0.0,0.0,0.0,0.0,0.0,0.0,1,1,1,5,1.0,3.0,5.0,1.0,1.0,1.0,1.0,1.0,34,2.0,3.0,4.0,6.0,1,0,0,0,0,0,0,1,0,3
0.0,0.0,0.0,0.0,0.0,0.0,1.0,0,1.0,0.0,1.0,0.0,0.0,0.0,0,1,0,1,3.0,5.0,1.0,5.0,1.0,1.0,1.0,0.0,45,3.0,1.0,5.0,4.0,1,0,0,0,0,0,0,0,0,1
0.0,0.0,1.0,0.0,0.0,0.0,0.0,0,0.0,1.0,1.0,0.0,0.0,0.0,1,1,0,3,5.0,4.0,1.0,3.0,1.0,1.0,1.0,0.0,30,2.0,2.0,3.0,4.0,0,0,0,1,0,0,1,0,0,3
0.0,0.0,0.0,0.0,0.0,0.0,1.0,0,0.0,1.0,0.0,0.0,0.0,0.0,1,1,1,1,2.0,2.0,2.0,5.0,1.0,1.0,1.0,0.0,48,1.0,2.0,3.0,4.0,1,0,1,0,1,0,0,0,0,2
1.0,0.0,0.0,1.0,0.0,0.0,0.0,0,0.0,1.0,0.0,0.0,0.0,0.0,0,1,0,3,3.0,4.0,1.0,3.0,0.0,1.0,1.0,1.0,70,3.0,3.0,2.0,2.0,1,0,0,0,1,0,0,0,0,1
0.0,0.0,0.0,0.0,0.0,0.0,0.0,0,0.0,0.0,0.0,0.0,0.0,0.0,1,1,1,1,5.0,5.0,2.0,5.0,1.0,1.0,1.0,1.0,35,3.0,3.0,1.0,1.0,1,0,0,0,1,0,0,0,0,2
1.0,1.0,1.0,0.0,0.0,0.0,0.0,0,0.0,0.0,1.0,1.0,1.0,0.0,1,1,0,1,5.0,5.0,1.0,5.0,1.0,1.0,1.0,0.0,29,6.0,1.0,10.0,3.0,1,0,1,0,0,0,0,0,1,1
0.0,0.0,0.0,0.0,0.0,0.0,0.0,0,0.0,1.0,0.0,0.0,0.0,0.0,1,1,0,1,1.0,3.0,3.0,1.0,1.0,0.0,1.0,0.0,61,2.0,2.0,2.0,3.0,0,0,0,0,0,1,0,0,0,3
1.0,0.0,1.0,0.0,0.0,0.0,0.0,0,0.0,0.0,0.0,0.0,0.0,0.0,1,1,0,3,1.0,3.0,4.0,2.0,1.0,1.0,1.0,0.0,45,2.0,1.0,4.0,4.0,1,1,0,0,0,0,0,0,0,3
1.0,0.0,1.0,0.0,1.0,0.0,1.0,0,1.0,0.0,0.0,1.0,0.0,1.0,1,1,0,3,4.0,3.0,1.0,4.0,1.0,1.0,1.0,0.0,19,2.0,2.0,4.0,2.0,1,1,0,0,1,0,0,0,0,2
0.0,0.0,0.0,0.0,0.0,0.0,0.0,0,0.0,0.0,0.0,0.0,0.0,0.0,1,1,0,1,2.0,4.0,2.0,1.0,1.0,0.0,1.0,0.0,55,1.0,3.0,8.0,7.0,1,0,0,0,0,0,0,0,0,2
0.0,0.0,0.0,0.0,0.0,0.0,0.0,0,0.0,0.0,0.0,0.0,0.0,0.0,0,1,0,1,1.0,4.0,1.0,3.0,0.0,1.0,1.0,0.0,61,1.0,2.0,4.0,3.0,0,0,0,0,0,0,1,0,0,3
0.0,0.0,0.0,0.0,0.0,0.0,0.0,0,0.0,0.0,0.0,0.0,0.0,0.0,1,0,0,3,1.0,1.0,1.0,5.0,1.0,1.0,1.0,0.0,56,1.0,3.0,4.0,4.0,0,0,0,0,0,0,1,0,0,3
0.0,0.0,1.0,0.0,0.0,0.0,0.0,0,0.0,0.0,0.0,1.0,0.0,1.0,0,1,0,5,2.0,4.0,2.0,3.0,0.0,1.0,1.0,0.0,45,2.0,1.0,3.0,2.0,1,0,0,0,0,0,0,0,0,2
0.0,1.0,1.0,0.0,0.0,0.0,0.0,0,0.0,1.0,1.0,1.0,1.0,0.0,0,1,1,3,1.0,5.0,1.0,5.0,1.0,1.0,1.0,1.0,55,4.0,3.0,10.0,8.0,1,0,0,0,1,0,0,0,0,1
1.0,0.0,0.0,1.0,0.0,0.0,0.0,0,0.0,0.0,0.0,1.0,1.0,0.0,1,1,0,1,3.0,1.0,1.0,5.0,1.0,1.0,1.0,0.0,28,5.0,6.0,4.0,4.0,0,0,0,0,0,0,1,0,0,2
0.0,0.0,1.0,0.0,0.0,0.0,0.0,0,0.0,0.0,0.0,1.0,0.0,0.0,0,1,0,3,3.0,4.0,1.0,5.0,1.0,1.0,1.0,1.0,60,5.0,3.0,5.0,4.0,1,1,0,0,1,0,0,0,0,1
1.0,0.0,1.0,0.0,0.0,0.0,1.0,0,0.0,0.0,0.0,0.0,0.0,1.0,0,1,1,3,2.0,4.0,2.0,5.0,1.0,0.0,1.0,0.0,31,2.0,1.0,4.0,5.0,0,0,0,0,1,0,0,0,0,3
1.0,0.0,0.0,0.0,0.0,0.0,1.0,0,0.0,0.0,0.0,0.0,0.0,0.0,1,1,0,5,1.0,1.0,5.0,1.0,1.0,0.0,1.0,0.0,32,3.0,2.0,5.0,7.0,1,0,0,0,0,0,0,0,1,3
0.0,0.0,0.0,0.0,0.0,0.0,1.0,0,0.0,0.0,0.0,0.0,0.0,0.0,0,0,0,5,3.0,1.0,1.0,5.0,0.0,0.0,1.0,0.0,54,2.0,2.0,4.0,4.0,0,0,0,0,0,0,0,0,0,2
0.0,0.0,1.0,0.0,0.0,0.0,0.0,0,0.0,0.0,0.0,0.0,0.0,0.0,1,1,0,1,4.0,4.0,1.0,1.0,1.0,0.0,1.0,0.0,23,2.0,1.0,3.0,3.0,1,1,0,0,0,0,0,1,0,3
1.0,0.0,0.0,0.0,0.0,0.0,1.0,0,0.0,1.0,0.0,0.0,0.0,0.0,0,1,1,1,2.0,5.0,1.0,5.0,1.0,1.0,1.0,0.0,53,2.0,2.0,5.0,4.0,0,0,1,0,1,0,0,0,0,2
1.0,1.0,0.0,0.0,0.0,1.0,1.0,0,0.0,0.0,0.0,0.0,0.0,0.0,1,1,0,1,3.0,5.0,1.0,5.0,0.0,1.0,0.0,0.0,23,5.0,2.0,5.0,4.0,1,0,0,0,1,0,0,0,0,2
0.0,1.0,0.0,0.0,0.0,0.0,1.0,0,0.0,1.0,0.0,0.0,0.0,0.0,0,0,1,1,5.0,5.0,1.0,4.0,0.0,0.0,0.0,1.0,31,5.0,3.0,8.0,7.0,0,0,0,0,0,0,0,0,0,1
0.0,0.0,0.0,0.0,0.0,0.0,1.0,0,0.0,0.0,0.0,1.0,1.0,0.0,1,1,0,1,4.0,5.0,1.0,5.0,1.0,1.0,1.0,0.0,28,5.0,3.0,6.0,4.0,1,0,0,0,0,0,0,0,0,2
0.0,0.0,0.0,0.0,0.0,0.0,1.0,0,0.0,1.0,0.0,0.0,0.0,0.0,0,1,0,3,3.0,5.0,1.0,5.0,1.0,1.0,1.0,0.0,63,2.0,2.0,7.0,3.0,1,0,0,0,0,0,0,0,0,2
0.0,0.0,0.0,0.0,0.0,0.0,1.0,0,0.0,0.0,0.0,0.0,0.0,0.0,1,1,0,4,5.0,5.0,5.0,5.0,0.0,1.0,1.0,0.0,54,2.0,4.0,4.0,2.0,0,1,0,0,1,0,0,0,0,1
1.0,1.0,0.0,0.0,0.0,0.0,0.0,0,1.0,0.0,0.0,1.0,0.0,0.0,0,1,0,3,5.0,4.0,4.0,5.0,1.0,1.0,1.0,1.0,64,1.0,3.0,10.0,8.0,1,0,0,0,1,0,0,0,0,1
1.0,1.0,1.0,0.0,0.0,0.0,0.0,0,0.0,0.0,1.0,0.0,0.0,0.0,0,1,0,2,2.0,5.0,1.0,5.0,1.0,1.0,1.0,0.0,44,2.0,2.0,7.0,4.0,1,0,1,0,0,0,0,0,0,1
0.0,0.0,1.0,0.0,0.0,0.0,0.0,0,0.0,0.0,0.0,1.0,0.0,1.0,0,0,0,2,3.0,3.0,1.0,5.0,1.0,1.0,1.0,0.0,20,2.0,2.0,4.0,3.0,0,0,0,0,1,0,0,0,0,2
0.0,0.0,0.0,0.0,0.0,0.0,0.0,0,0.0,0.0,0.0,0.0,0.0,0.0,0,1,0,5,1.0,2.0,2.0,2.0,0.0,1.0,1.0,0.0,66,1.0,2.0,4.0,4.0,0,0,0,0,0,1,0,0,0,2
1.0,0.0,1.0,0.0,0.0,0.0,1.0,0,1.0,1.0,0.0,0.0,0.0,1.0,1,1,1,3,2.0,2.0,2.0,3.0,1.0,0.0,1.0,0.0,44,2.0,3.0,6.0,5.0,1,0,0,0,1,0,0,0,0,2
0.0,0.0,0.0,0.0,0.0,0.0,0.0,0,0.0,1.0,1.0,0.0,0.0,1.0,1,1,0,3,1.0,2.0,5.0,1.0,0.0,0.0,1.0,0.0,70,2.0,3.0,1.0,1.0,1,0,0,0,0,0,0,0,1,3
1.0,0.0,0.0,0.0,0.0,1.0,0.0,0,0.0,0.0,0.0,0.0,0.0,0.0,0,0,0,1,4.0,1.0,1.0,4.0,1.0,0.0,1.0,0.0,29,2.0,3.0,3.0,2.0,1,0,1,0,0,0,0,0,0,2
1.0,0.0,1.0,0.0,0.0,0.0,0.0,1,0.0,0.0,0.0,0.0,0.0,0.0,1,1,1,1,5.0,5.0,3.0,3.0,1.0,0.0,1.0,0.0,56,3.0,2.0,5.0,5.0,0,0,0,0,1,0,0,0,0,3
0.0,0.0,0.0,0.0,0.0,0.0,1.0,0,0.0,0.0,0.0,0.0,0.0,0.0,1,1,1,3,5.0,3.0,2.0,3.0,1.0,1.0,1.0,0.0,32,3.0,3.0,7.0,5.0,1,1,0,0,0,1,0,0,0,2
0.0,0.0,0.0,0.0,0.0,0.0,0.0,1,0.0,0.0,0.0,0.0,0.0,0.0,1,1,1,4,1.0,2.0,3.0,5.0,1.0,1.0,1.0,0.0,68,1.0,2.0,5.0,5.0,0,0,0,0,0,0,1,0,0,1
0.0,0.0,0.0,0.0,0.0,0.0,0.0,0,0.0,0.0,0.0,0.0,0.0,0.0,0,0,0,2,5.0,4.0,1.0,5.0,1.0,1.0,1.0,0.0,61,0.0,2.0,1.0,1.0,1,0,1,0,0,0,1,0,0,3
1.0,0.0,1.0,0.0,0.0,0.0,0.0,0,1.0,0.0,0.0,0.0,0.0,0.0,0,1,1,2,4.0,1.0,1.0,5.0,1.0,1.0,1.0,1.0,59,3.0,3.0,8.0,7.0,1,0,0,0,0,0,0,0,0,2
0.0,0.0,0.0,0.0,0.0,0.0,1.0,0,0.0,0.0,0.0,0.0,0.0,0.0,0,1,0,1,5.0,5.0,1.0,4.0,0.0,0.0,1.0,0.0,30,3.0,3.0,5.0,3.0,0,0,0,0,0,0,0,0,0,1
0.0,0.0,1.0,0.0,0.0,0.0,0.0,0,0.0,0.0,1.0,0.0,0.0,1.0,0,1,0,1,3.0,5.0,1.0,3.0,1.0,1.0,1.0,0.0,40,2.0,2.0,3.0,2.0,1,1,0,0,0,0,0,0,1,1
1.0,1.0,0.0,0.0,0.0,0.0,0.0,0,0.0,0.0,0.0,0.0,1.0,0.0,1,1,0,1,2.0,5.0,2.0,5.0,1.0,1.0,1.0,0.0,26,5.0,3.0,6.0,6.0,0,0,0,0,0,0,0,0,0,2
0.0,0.0,0.0,0.0,0.0,0.0,0.0,0,0.0,0.0,0.0,0.0,0.0,0.0,0,1,0,1,2.0,1.0,3.0,4.0,0.0,1.0,1.0,0.0,34,1.0,2.0,4.0,3.0,0,0,1,0,1,0,0,0,0,3
1.0,0.0,1.0,0.0,0.0,0.0,1.0,0,0.0,0.0,0.0,0.0,0.0,0.0,0,0,0,3,2.0,2.0,2.0,2.0,0.0,1.0,1.0,0.0,24,6.0,3.0,4.0,4.0,1,0,0,0,0,0,0,1,0,2
0.0,0.0,0.0,0.0,0.0,0.0,0.0,0,0.0,0.0,0.0,0.0,0.0,0.0,0,0,0,1,1.0,2.0,1.0,4.0,1.0,1.0,1.0,0.0,24,2.0,2.0,2.0,1.0,0,0,1,0,0,0,0,0,1,2
1.0,1.0,0.0,0.0,0.0,0.0,1.0,0,0.0,0.0,1.0,0.0,0.0,0.0,0,1,0,3,4.0,5.0,1.0,4.0,1.0,1.0,1.0,0.0,43,4.0,5.0,5.0,3.0,1,0,0,0,0,0,0,0,0,1
1.0,1.0,0.0,0.0,0.0,0.0,0.0,1,0.0,0.0,0.0,0.0,0.0,0.0,0,1,1,1,3.0,5.0,2.0,3.0,1.0,1.0,1.0,0.0,67,2.0,1.0,4.0,4.0,1,0,1,0,1,0,0,0,0,2
0.0,0.0,1.0,0.0,0.0,0.0,1.0,0,0.0,0.0,0.0,0.0,0.0,0.0,1,1,1,3,5.0,2.0,4.0,2.0,1.0,1.0,1.0,1.0,33,2.0,1.0,5.0,3.0,1,0,0,0,0,0,0,0,0,3
0.0,0.0,0.0,0.0,0.0,0.0,0.0,0,0.0,0.0,0.0,0.0,0.0,0.0,1,1,0,1,4.0,5.0,1.0,4.0,1.0,1.0,1.0,0.0,29,2.0,1.0,4.0,4.0,0,0,0,0,0,0,0,0,1,2
0.0,0.0,1.0,0.0,0.0,0.0,1.0,0,0.0,0.0,0.0,1.0,0.0,0.0,1,1,0,3,1.0,2.0,2.0,2.0,1.0,1.0,1.0,0.0,46,5.0,3.0,3.0,3.0,0,0,0,0,0,0,1,0,0,2
0.0,1.0,0.0,0.0,0.0,0.0,1.0,0,0.0,0.0,0.0,1.0,0.0,0.0,0,1,0,1,1.0,3.0,1.0,4.0,1.0,0.0,1.0,0.0,24,2.0,2.0,4.0,4.0,1,1,0,0,1,0,0,0,0,3
0.0,0.0,0.0,0.0,0.0,0.0,0.0,0,0.0,0.0,1.0,1.0,0.0,1.0,1,1,0,5,3.0,4.0,5.0,4.0,1.0,0.0,1.0,0.0,48,1.0,2.0,4.0,4.0,0,0,0,0,0,0,0,0,0,3
0.0,0.0,0.0,0.0,0.0,0.0,0.0,0,0.0,0.0,0.0,0.0,0.0,0.0,1,1,0,5,1.0,1.0,5.0,1.0,1.0,0.0,1.0,0.0,64,1.0,3.0,1.0,2.0,0,0,0,0,0,0,1,0,0,3
0.0,0.0,0.0,0.0,0.0,0.0,0.0,0,0.0,0.0,0.0,0.0,0.0,0.0,0,0,0,1,1.0,5.0,1.0,1.0,0.0,0.0,0.0,0.0,60,1.0,2.0,2.0,2.0,1,1,0,0,0,1,0,0,0,3
0.0,0.0,1.0,0.0,0.0,0.0,0.0,0,0.0,0.0,0.0,0.0,0.0,0.0,0,0,0,1,5.0,5.0,1.0,4.0,0.0,1.0,1.0,0.0,19,2.0,2.0,5.0,3.0,0,0,0,0,0,1,0,0,0,1
0.0,0.0,1.0,0.0,0.0,0.0,0.0,0,0.0,0.0,0.0,0.0,0.0,0.0,0,0,0,3,4.0,2.0,2.0,3.0,0.0,1.0,0.0,0.0,19,3.0,2.0,5.0,4.0,1,0,0,0,0,0,0,0,0,3
0.0,0.0,1.0,0.0,0.0,0.0,0.0,0,0.0,0.0,0.0,0.0,0.0,0.0,0,1,0,1,2.0,2.0,2.0,4.0,0.0,0.0,1.0,0.0,64,2.0,1.0,3.0,3.0,0,0,0,0,1,0,0,0,0,2
0.0,1.0,1.0,0.0,0.0,0.0,1.0,0,0.0,0.0,0.0,0.0,0.0,0.0,1,1,0,1,4.0,4.0,1.0,4.0,1.0,1.0,1.0,0.0,24,2.0,3.0,6.0,4.0,1,0,0,0,0,0,0,0,1,2
0.0,0.0,1.0,0.0,0.0,0.0,1.0,0,0.0,0.0,0.0,1.0,0.0,0.0,0,1,0,1,3.0,5.0,1.0,4.0,0.0,1.0,1.0,0.0,19,5.0,1.0,2.0,2.0,1,0,0,1,0,1,0,0,0,2
0.0,0.0,0.0,0.0,0.0,0.0,1.0,0,0.0,1.0,0.0,0.0,0.0,0.0,0,1,0,4,4.0,4.0,4.0,4.0,1.0,0.0,1.0,0.0,48,1.0,1.0,4.0,2.0,1,0,0,0,0,0,0,0,0,2
0.0,0.0,0.0,0.0,0.0,0.0,0.0,0,0.0,0.0,0.0,0.0,0.0,1.0,0,1,0,4,2.0,2.0,2.0,2.0,1.0,1.0,1.0,0.0,33,3.0,1.0,1.0,3.0,0,0,0,0,0,0,0,0,0,2
0.0,0.0,1.0,0.0,0.0,0.0,0.0,0,0.0,0.0,0.0,0.0,0.0,1.0,1,1,0,3,1.0,5.0,5.0,5.0,1.0,0.0,1.0,0.0,56,1.0,3.0,3.0,3.0,0,0,0,0,1,0,0,0,0,2
0.0,0.0,0.0,0.0,0.0,0.0,0.0,0,0.0,0.0,0.0,0.0,0.0,1.0,0,1,0,3,2.0,3.0,2.0,3.0,1.0,0.0,1.0,0.0,37,2.0,1.0,2.0,2.0,0,1,0,0,0,0,0,0,0,2
1.0,1.0,1.0,0.0,0.0,0.0,0.0,0,0.0,1.0,0.0,0.0,0.0,0.0,0,1,0,2,5.0,5.0,1.0,5.0,1.0,1.0,1.0,0.0,38,5.0,2.0,4.0,6.0,1,0,0,0,0,0,1,0,0,1
0.0,0.0,0.0,0.0,0.0,0.0,0.0,0,0.0,0.0,0.0,0.0,0.0,1.0,1,1,0,1,1.0,1.0,1.0,1.0,1.0,1.0,1.0,0.0,70,1.0,3.0,1.0,2.0,0,0,0,0,0,0,1,0,0,3
1.0,1.0,0.0,0.0,0.0,0.0,0.0,0,0.0,0.0,0.0,0.0,0.0,0.0,0,1,0,1,1.0,5.0,1.0,5.0,1.0,1.0,1.0,0.0,36,2.0,2.0,3.0,3.0,1,0,1,0,1,0,0,0,0,2
0.0,0.0,1.0,0.0,0.0,0.0,0.0,0,0.0,0.0,1.0,1.0,0.0,0.0,1,1,0,1,5.0,5.0,1.0,5.0,1.0,1.0,1.0,1.0,27,2.0,2.0,5.0,5.0,0,0,0,1,0,0,0,0,1,2
0.0,0.0,0.0,0.0,0.0,0.0,0.0,0,0.0,0.0,0.0,0.0,0.0,1.0,0,1,0,1,4.0,1.0,3.0,2.0,1.0,0.0,1.0,0.0,70,1.0,2.0,2.0,2.0,0,1,0,0,0,0,0,0,1,2
0.0,0.0,0.0,0.0,0.0,0.0,1.0,0,0.0,0.0,1.0,0.0,0.0,0.0,1,1,0,1,5.0,5.0,2.0,4.0,1.0,1.0,1.0,0.0,28,2.0,2.0,3.0,4.0,0,0,1,0,0,0,0,1,0,3
0.0,0.0,0.0,0.0,0.0,0.0,0.0,0,0.0,0.0,0.0,0.0,0.0,0.0,0,1,0,1,1.0,5.0,1.0,5.0,1.0,0.0,1.0,0.0,60,2.0,1.0,1.0,4.0,0,0,0,0,1,0,0,0,0,1
1.0,0.0,0.0,0.0,0.0,0.0,0.0,1,0.0,0.0,0.0,0.0,0.0,0.0,0,1,0,3,2.0,3.0,4.0,3.0,1.0,1.0,1.0,0.0,58,5.0,2.0,5.0,6.0,1,0,0,0,0,1,0,0,0,3
0.0,0.0,1.0,0.0,0.0,0.0,1.0,1,0.0,0.0,0.0,0.0,0.0,1.0,1,1,0,3,2.0,4.0,4.0,1.0,1.0,0.0,1.0,0.0,59,2.0,2.0,3.0,3.0,0,1,0,0,1,0,0,0,0,2
0.0,0.0,0.0,0.0,0.0,0.0,0.0,0,0.0,0.0,0.0,0.0,0.0,0.0,0,0,0,2,1.0,1.0,5.0,2.0,0.0,0.0,0.0,0.0,40,2.0,2.0,2.0,1.0,1,0,0,0,1,0,0,0,0,3
0.0,0.0,0.0,0.0,0.0,0.0,0.0,0,0.0,0.0,0.0,0.0,0.0,0.0,0,0,0,1,3.0,5.0,2.0,2.0,0.0,0.0,1.0,0.0,27,2.0,1.0,4.0,3.0,0,0,0,0,0,0,0,0,0,2
1.0,1.0,0.0,0.0,0.0,0.0,0.0,0,0.0,0.0,0.0,0.0,0.0,0.0,1,1,0,4,1.0,1.0,1.0,1.0,1.0,0.0,0.0,0.0,35,2.0,2.0,3.0,3.0,0,0,0,0,0,0,0,0,1,3
1.0,1.0,1.0,0.0,0.0,0.0,1.0,0,0.0,0.0,0.0,0.0,0.0,0.0,0,1,0,1,2.0,5.0,1.0,4.0,0.0,0.0,1.0,0.0,43,5.0,3.0,7.0,7.0,0,0,0,0,1,0,0,0,0,1
0.0,0.0,0.0,0.0,0.0,0.0,1.0,0,0.0,0.0,0.0,0.0,0.0,0.0,1,0,0,1,4.0,2.0,1.0,5.0,1.0,1.0,1.0,0.0,19,2.0,2.0,4.0,3.0,0,0,0,1,0,0,0,0,1,2
0.0,0.0,0.0,0.0,0.0,0.0,0.0,0,0.0,0.0,0.0,0.0,0.0,0.0,1,1,0,1,1.0,1.0,4.0,2.0,1.0,1.0,1.0,0.0,56,2.0,1.0,2.0,1.0,0,0,0,0,0,0,1,0,0,3
1.0,1.0,0.0,0.0,0.0,0.0,1.0,0,0.0,1.0,1.0,0.0,0.0,0.0,1,1,1,3,5.0,4.0,1.0,4.0,0.0,1.0,0.0,0.0,23,4.0,3.0,10.0,10.0,1,1,0,0,0,0,1,0,0,1
0.0,0.0,0.0,0.0,0.0,0.0,0.0,0,0.0,1.0,1.0,1.0,0.0,0.0,1,1,0,1,5.0,5.0,1.0,5.0,1.0,1.0,1.0,0.0,57,3.0,3.0,6.0,7.0,0,0,0,0,0,1,0,0,0,2
0.0,0.0,1.0,0.0,0.0,0.0,0.0,0,0.0,0.0,0.0,0.0,0.0,0.0,0,1,0,1,3.0,5.0,1.0,1.0,0.0,1.0,1.0,0.0,41,2.0,2.0,5.0,5.0,0,0,0,0,0,1,0,0,0,3
0.0,0.0,0.0,0.0,0.0,0.0,0.0,0,0.0,0.0,0.0,0.0,0.0,1.0,1,1,0,1,1.0,5.0,5.0,1.0,0.0,0.0,1.0,0.0,60,0.0,1.0,1.0,4.0,0,1,0,0,0,0,0,0,1,3
1.0,1.0,0.0,0.0,0.0,0.0,0.0,0,0.0,0.0,0.0,1.0,0.0,0.0,1,1,0,1,1.0,5.0,1.0,3.0,1.0,1.0,1.0,0.0,51,2.0,3.0,7.0,6.0,0,0,0,0,1,0,0,0,0,2
1.0,1.0,1.0,0.0,0.0,0.0,1.0,0,0.0,0.0,0.0,0.0,0.0,0.0,0,1,1,1,5.0,5.0,1.0,5.0,1.0,1.0,1.0,1.0,33,4.0,1.0,7.0,6.0,1,0,0,0,1,0,0,0,0,3
1.0,1.0,1.0,0.0,0.0,0.0,1.0,1,0.0,0.0,0.0,0.0,1.0,1.0,1,1,0,2,4.0,3.0,4.0,2.0,1.0,1.0,1.0,1.0,69,3.0,2.0,3.0,3.0,0,0,0,0,0,0,0,0,1,2
0.0,0.0,0.0,0.0,0.0,0.0,0.0,0,1.0,0.0,1.0,0.0,0.0,0.0,0,1,1,1,2.0,2.0,2.0,4.0,1.0,1.0,1.0,0.0,28,3.0,2.0,4.0,4.0,1,0,0,1,0,0,0,1,0,1
1.0,0.0,1.0,0.0,0.0,0.0,1.0,0,0.0,1.0,0.0,0.0,1.0,0.0,1,1,1,1,2.0,4.0,2.0,2.0,1.0,1.0,1.0,1.0,53,2.0,2.0,9.0,7.0,1,0,0,0,0,0,1,0,0,2
0.0,0.0,1.0,0.0,0.0,0.0,0.0,0,0.0,0.0,1.0,0.0,0.0,0.0,1,1,0,5,1.0,2.0,4.0,1.0,0.0,1.0,1.0,0.0,32,3.0,2.0,6.0,5.0,0,0,0,0,1,0,0,0,0,2
0.0,0.0,1.0,0.0,0.0,0.0,0.0,0,0.0,0.0,0.0,1.0,0.0,0.0,0,0,0,2,1.0,5.0,1.0,5.0,0.0,0.0,0.0,0.0,18,2.0,4.0,8.0,7.0,0,0,0,0,0,0,1,0,0,3
0.0,0.0,1.0,0.0,0.0,0.0,0.0,0,0.0,0.0,0.0,0.0,0.0,0.0,0,1,0,3,1.0,1.0,5.0,1.0,1.0,0.0,1.0,0.0,53,2.0,1.0,2.0,1.0,1,0,0,0,0,0,0,0,0,3
1.0,1.0,1.0,0.0,0.0,0.0,0.0,0,0.0,0.0,0.0,1.0,1.0,0.0,0,0,0,4,2.0,2.0,3.0,3.0,0.0,1.0,0.0,1.0,18,2.0,3.0,7.0,6.0,1,0,0,0,0,0,1,0,0,2
1.0,1.0,1.0,0.0,0.0,0.0,0.0,0,0.0,0.0,0.0,0.0,0.0,0.0,0,1,0,1,3.0,5.0,2.0,5.0,1.0,1.0,1.0,1.0,56,2.0,3.0,1.0,5.0,1,0,0,0,1,0,0,0,0,3
1.0,0.0,1.0,0.0,0.0,0.0,1.0,0,0.0,0.0,0.0,0.0,0.0,1.0,1,1,0,1,5.0,5.0,1.0,2.0,1.0,0.0,1.0,0.0,29,2.0,2.0,5.0,3.0,1,0,0,0,1,0,0,0,0,1
0.0,0.0,1.0,0.0,0.0,0.0,1.0,0,0.0,0.0,0.0,0.0,0.0,0.0,1,1,0,1,4.0,5.0,1.0,5.0,0.0,0.0,1.0,1.0,30,3.0,3.0,5.0,4.0,1,0,1,0,0,0,0,1,0,2
1.0,1.0,1.0,0.0,0.0,0.0,0.0,0,0.0,0.0,0.0,0.0,0.0,1.0,1,1,0,1,5.0,3.0,1.0,5.0,0.0,1.0,1.0,0.0,22,2.0,2.0,10.0,6.0,1,0,0,0,1,0,0,0,0,1
0.0,0.0,0.0,0.0,0.0,0.0,0.0,0,0.0,0.0,0.0,0.0,0.0,0.0,1,1,0,1,5.0,5.0,1.0,5.0,1.0,0.0,1.0,0.0,37,1.0,2.0,6.0,2.0,0,0,1,0,1,0,0,0,0,2
0.0,0.0,1.0,0.0,0.0,0.0,0.0,0,0.0,1.0,0.0,0.0,0.0,0.0,0,0,0,5,2.0,5.0,1.0,2.0,0.0,0.0,0.0,1.0,26,3.0,2.0,3.0,3.0,1,0,0,0,1,0,0,0,0,1
1.0,1.0,0.0,0.0,0.0,0.0,0.0,1,0.0,0.0,0.0,0.0,0.0,0.0,0,1,0,1,1.0,3.0,5.0,3.0,1.0,1.0,1.0,0.0,70,6.0,2.0,7.0,7.0,0,1,0,0,0,0,0,0,1,3
1.0,1.0,1.0,0.0,0.0,0.0,1.0,0,0.0,0.0,0.0,1.0,0.0,1.0,0,1,0,3,3.0,3.0,2.0,2.0,1.0,1.0,1.0,1.0,32,3.0,2.0,4.0,5.0,0,1,0,0,0,0,0,0,1,2
0.0,0.0,0.0,0.0,0.0,0.0,1.0,0,1.0,0.0,0.0,0.0,0.0,0.0,1,1,0,1,3.0,4.0,2.0,4.0,0.0,1.0,1.0,0.0,25,2.0,2.0,3.0,2.0,1,0,0,0,0,1,0,0,0,2
0.0,0.0,0.0,0.0,0.0,0.0,0.0,0,0.0,0.0,0.0,0.0,0.0,0.0,1,1,0,5,5.0,5.0,5.0,5.0,1.0,1.0,1.0,0.0,20,2.0,2.0,2.0,3.0,0,0,0,0,1,0,0,0,0,2
0.0,0.0,1.0,0.0,0.0,0.0,0.0,0,0.0,0.0,1.0,0.0,0.0,0.0,0,1,0,3,4.0,5.0,2.0,4.0,0.0,1.0,0.0,0.0,33,3.0,2.0,5.0,4.0,1,0,0,0,1,0,0,0,0,1
0.0,0.0,1.0,0.0,0.0,0.0,0.0,0,0.0,0.0,0.0,0.0,0.0,0.0,1,1,1,1,5.0,2.0,5.0,4.0,1.0,1.0,1.0,1.0,52,0.0,2.0,1.0,1.0,0,0,0,0,0,0,1,0,0,3
1.0,0.0,1.0,0.0,0.0,0.0,0.0,0,0.0,0.0,0.0,0.0,0.0,0.0,1,1,0,2,2.0,1.0,1.0,2.0,1.0,1.0,1.0,0.0,32,2.0,1.0,4.0,3.0,1,0,0,0,0,0,0,0,0,1
0.0,0.0,0.0,0.0,0.0,0.0,1.0,0,1.0,0.0,0.0,0.0,0.0,0.0,1,1,0,1,5.0,5.0,1.0,4.0,1.0,1.0,1.0,0.0,21,2.0,2.0,6.0,3.0,0,0,0,0,1,0,0,0,0,2
0.0,0.0,0.0,0.0,0.0,0.0,0.0,0,0.0,0.0,0.0,0.0,0.0,0.0,1,1,0,3,4.0,2.0,1.0,1.0,0.0,0.0,1.0,0.0,42,2.0,1.0,2.0,2.0,0,1,0,0,1,0,0,0,0,3
1.0,1.0,0.0,0.0,0.0,0.0,1.0,0,1.0,0.0,0.0,0.0,0.0,0.0,0,1,0,1,5.0,5.0,1.0,5.0,0.0,0.0,0.0,0.0,36,6.0,4.0,8.0,7.0,0,0,0,0,1,0,0,0,0,2
0.0,0.0,1.0,0.0,0.0,0.0,0.0,0,0.0,0.0,0.0,1.0,0.0,1.0,0,1,0,2,4.0,4.0,2.0,5.0,1.0,0.0,1.0,0.0,20,4.0,1.0,5.0,4.0,0,0,1,0,0,1,0,0,0,2
1.0,1.0,0.0,0.0,0.0,0.0,0.0,0,0.0,1.0,0.0,1.0,1.0,0.0,1,1,0,5,5.0,5.0,1.0,2.0,1.0,0.0,0.0,0.0,26,3.0,1.0,2.0,3.0,1,1,0,0,0,0,0,0,0,3
0.0,0.0,0.0,0.0,0.0,0.0,0.0,0,0.0,0.0,0.0,0.0,0.0,0.0,0,0,0,2,1.0,1.0,1.0,1.0,0.0,0.0,0.0,0.0,21,2.0,2.0,2.0,4.0,0,0,0,0,1,0,0,0,0,3
0.0,0.0,0.0,0.0,0.0,0.0,0.0,0,0.0,0.0,0.0,0.0,0.0,0.0,0,1,0,2,5.0,1.0,5.0,1.0,1.0,0.0,1.0,0.0,57,1.0,1.0,1.0,2.0,0,0,0,1,0,0,0,1,0,2
1.0,1.0,1.0,0.0,0.0,0.0,0.0,0,0.0,0.0,0.0,0.0,0.0,1.0,0,1,0,3,4.0,4.0,2.0,4.0,1.0,1.0,1.0,0.0,25,5.0,1.0,7.0,3.0,1,0,1,0,0,1,0,0,0,1
0.0,0.0,0.0,0.0,0.0,0.0,0.0,0,0.0,0.0,0.0,0.0,0.0,1.0,0,0,0,1,5.0,3.0,4.0,1.0,0.0,0.0,0.0,0.0,50,2.0,2.0,3.0,8.0,0,0,0,0,0,0,1,0,0,3
1.0,0.0,0.0,0.0,0.0,0.0,1.0,0,0.0,0.0,1.0,1.0,0.0,0.0,1,1,0,3,5.0,3.0,5.0,5.0,1.0,1.0,1.0,0.0,26,1.0,2.0,5.0,3.0,1,0,1,0,0,0,1,0,0,2
1.0,1.0,1.0,0.0,0.0,0.0,1.0,0,0.0,0.0,0.0,0.0,1.0,0.0,0,1,1,2,4.0,4.0,1.0,2.0,1.0,1.0,1.0,1.0,25,5.0,6.0,6.0,5.0,0,0,0,0,0,0,1,0,0,2
0.0,0.0,1.0,0.0,0.0,0.0,0.0,0,0.0,1.0,1.0,1.0,0.0,0.0,1,1,0,1,3.0,1.0,2.0,5.0,1.0,0.0,1.0,0.0,55,1.0,3.0,6.0,5.0,1,0,0,0,1,0,0,0,0,2
0.0,0.0,1.0,0.0,0.0,0.0,1.0,0,0.0,1.0,0.0,1.0,0.0,0.0,1,1,0,5,4.0,3.0,2.0,3.0,1.0,1.0,1.0,1.0,38,2.0,2.0,5.0,3.0,0,0,0,0,1,0,0,0,0,3
0.0,0.0,0.0,0.0,0.0,0.0,0.0,0,0.0,0.0,0.0,0.0,0.0,0.0,1,1,0,1,4.0,3.0,2.0,1.0,1.0,1.0,1.0,0.0,23,5.0,2.0,1.0,2.0,0,0,0,0,0,0,0,0,1,3
1.0,1.0,1.0,0.0,0.0,0.0,1.0,0,0.0,1.0,1.0,0.0,0.0,0.0,0,1,1,1,4.0,3.0,3.0,4.0,1.0,1.0,1.0,1.0,38,6.0,2.0,8.0,5.0,1,0,0,0,0,0,0,0,0,2
0.0,0.0,1.0,0.0,0.0,0.0,1.0,0,0.0,0.0,0.0,1.0,1.0,0.0,0,1,0,4,1.0,1.0,5.0,5.0,1.0,0.0,1.0,0.0,35,2.0,1.0,5.0,4.0,1,0,0,0,1,0,0,0,0,3
0.0,0.0,1.0,0.0,0.0,0.0,0.0,0,0.0,0.0,0.0,0.0,0.0,1.0,0,1,0,1,2.0,4.0,2.0,3.0,1.0,1.0,1.0,0.0,62,2.0,1.0,2.0,4.0,0,1,0,0,0,0,0,0,0,1
0.0,0.0,0.0,0.0,0.0,0.0,0.0,0,0.0,0.0,0.0,0.0,0.0,0.0,0,1,0,1,1.0,1.0,1.0,5.0,1.0,1.0,1.0,0.0,56,1.0,2.0,4.0,4.0,0,0,0,0,0,1,0,0,0,3
0.0,0.0,0.0,0.0,0.0,0.0,0.0,0,0.0,0.0,0.0,0.0,0.0,0.0,0,1,0,2,4.0,4.0,2.0,5.0,0.0,1.0,1.0,0.0,45,2.0,2.0,2.0,2.0,0,1,0,0,0,0,0,0,0,2
1.0,1.0,1.0,0.0,0.0,0.0,0.0,0,0.0,0.0,1.0,0.0,0.0,0.0,0,1,0,2,5.0,5.0,1.0,5.0,0.0,1.0,1.0,0.0,42,1.0,2.0,6.0,6.0,1,0,0,0,1,0,0,0,0,1
0.0,0.0,0.0,0.0,0.0,0.0,0.0,0,0.0,0.0,0.0,0.0,0.0,0.0,1,1,0,1,2.0,2.0,2.0,1.0,0.0,0.0,0.0,0.0,38,1.0,1.0,1.0,2.0,0,1,0,0,0,1,0,0,0,3
1.0,0.0,0.0,0.0,0.0,0.0,1.0,1,0.0,0.0,0.0,0.0,0.0,0.0,1,1,0,1,5.0,5.0,2.0,5.0,0.0,1.0,1.0,0.0,58,2.0,3.0,6.0,5.0,1,0,0,0,0,0,0,1,0,2
0.0,0.0,0.0,0.0,0.0,0.0,0.0,0,0.0,0.0,1.0,0.0,0.0,1.0,0,1,0,3,3.0,2.0,2.0,2.0,1.0,1.0,1.0,0.0,36,3.0,1.0,4.0,3.0,1,0,1,0,0,0,0,0,0,2
1.0,0.0,0.0,0.0,0.0,0.0,0.0,0,0.0,0.0,0.0,0.0,0.0,0.0,0,0,0,1,4.0,5.0,1.0,3.0,0.0,1.0,1.0,0.0,19,5.0,3.0,8.0,7.0,0,0,0,0,0,0,0,0,1,3
0.0,0.0,1.0,0.0,0.0,0.0,0.0,0,0.0,0.0,0.0,1.0,1.0,1.0,0,0,0,1,2.0,5.0,4.0,4.0,0.0,0.0,1.0,1.0,41,3.0,2.0,5.0,4.0,0,0,0,0,0,0,0,0,1,3
0.0,0.0,1.0,0.0,0.0,0.0,0.0,0,0.0,0.0,1.0,1.0,0.0,1.0,0,1,0,1,4.0,5.0,4.0,5.0,0.0,1.0,1.0,1.0,32,3.0,2.0,4.0,2.0,0,0,0,0,1,0,0,0,0,2
1.0,1.0,1.0,1.0,0.0,0.0,1.0,0,1.0,1.0,0.0,0.0,0.0,1.0,0,1,1,1,5.0,5.0,1.0,5.0,0.0,1.0,1.0,1.0,52,6.0,3.0,10.0,10.0,1,0,0,0,1,0,0,0,0,1
0.0,0.0,1.0,0.0,0.0,0.0,0.0,0,0.0,0.0,0.0,1.0,0.0,1.0,0,0,0,1,2.0,3.0,1.0,3.0,0.0,0.0,1.0,1.0,18,4.0,2.0,9.0,6.0,1,0,0,0,0,0,0,1,0,3
0.0,0.0,0.0,0.0,0.0,0.0,0.0,0,0.0,0.0,0.0,0.0,1.0,0.0,0,1,0,1,2.0,3.0,3.0,4.0,1.0,1.0,1.0,0.0,66,2.0,2.0,1.0,4.0,1,0,0,1,0,0,0,0,0,3
0.0,0.0,0.0,0.0,0.0,0.0,0.0,0,0.0,0.0,0.0,0.0,0.0,0.0,0,1,0,1,3.0,3.0,3.0,1.0,1.0,1.0,1.0,0.0,66,1.0,1.0,5.0,3.0,1,0,1,0,0,0,0,0,0,1
0.0,1.0,0.0,0.0,0.0,0.0,0.0,0,1.0,1.0,1.0,0.0,0.0,0.0,0,1,1,2,3.0,3.0,1.0,3.0,1.0,1.0,1.0,0.0,64,6.0,2.0,5.0,6.0,1,1,0,0,0,1,0,0,0,1
0.0,0.0,0.0,0.0,0.0,0.0,0.0,0,0.0,0.0,0.0,0.0,0.0,0.0,1,1,0,5,5.0,5.0,1.0,5.0,1.0,1.0,1.0,0.0,41,1.0,2.0,3.0,2.0,0,1,0,0,0,0,1,0,0,2
0.0,0.0,0.0,0.0,0.0,0.0,0.0,0,0.0,0.0,1.0,0.0,0.0,0.0,1,1,0,3,2.0,5.0,2.0,5.0,1.0,0.0,1.0,0.0,25,2.0,3.0,3.0,2.0,0,0,0,0,0,0,0,0,1,3
0.0,0.0,0.0,0.0,0.0,0.0,0.0,0,0.0,0.0,0.0,0.0,0.0,0.0,1,1,0,1,1.0,5.0,5.0,5.0,1.0,0.0,1.0,0.0,42,2.0,1.0,3.0,2.0,0,1,0,0,0,0,0,0,0,3
0.0,0.0,0.0,0.0,0.0,0.0,0.0,0,0.0,0.0,0.0,0.0,0.0,0.0,0,0,0,3,3.0,3.0,3.0,3.0,1.0,1.0,1.0,1.0,24,2.0,1.0,3.0,1.0,1,0,0,0,1,0,0,0,0,2
1.0,1.0,0.0,0.0,0.0,0.0,1.0,0,0.0,0.0,0.0,0.0,0.0,0.0,0,1,0,1,3.0,3.0,3.0,3.0,1.0,1.0,1.0,0.0,60,4.0,3.0,6.0,6.0,1,0,0,0,0,0,0,1,0,2
0.0,0.0,0.0,0.0,0.0,0.0,0.0,0,0.0,0.0,1.0,0.0,0.0,0.0,0,1,0,1,2.0,1.0,1.0,1.0,0.0,0.0,1.0,0.0,55,2.0,2.0,3.0,4.0,0,0,0,0,1,0,0,0,0,2
1.0,1.0,1.0,1.0,0.0,1.0,1.0,0,0.0,0.0,0.0,1.0,0.0,0.0,0,1,0,1,4.0,5.0,2.0,4.0,1.0,1.0,1.0,1.0,30,2.0,2.0,5.0,3.0,1,0,0,0,1,0,0,0,0,1
1.0,0.0,0.0,0.0,0.0,0.0,0.0,1,0.0,0.0,0.0,0.0,0.0,0.0,0,1,0,2,5.0,5.0,1.0,5.0,0.0,1.0,1.0,0.0,68,4.0,3.0,7.0,5.0,1,0,1,0,0,0,0,1,0,1
0.0,0.0,0.0,0.0,0.0,0.0,0.0,0,0.0,0.0,0.0,0.0,0.0,0.0,0,0,0,1,2.0,3.0,1.0,5.0,1.0,0.0,1.0,0.0,32,2.0,1.0,4.0,3.0,0,0,0,0,0,0,0,0,0,3
1.0,1.0,0.0,0.0,0.0,1.0,1.0,0,0.0,0.0,0.0,0.0,0.0,1.0,1,1,0,2,5.0,5.0,2.0,5.0,1.0,1.0,1.0,1.0,35,4.0,2.0,5.0,4.0,0,0,0,0,0,0,0,1,0,2
0.0,0.0,0.0,0.0,0.0,0.0,0.0,0,0.0,1.0,0.0,0.0,0.0,0.0,0,1,0,1,2.0,3.0,1.0,3.0,1.0,0.0,1.0,0.0,62,2.0,3.0,4.0,5.0,1,0,0,0,0,0,1,0,0,3
1.0,1.0,0.0,0.0,0.0,1.0,0.0,1,0.0,0.0,0.0,0.0,0.0,0.0,0,1,0,5,1.0,1.0,1.0,1.0,0.0,1.0,1.0,0.0,60,4.0,3.0,4.0,3.0,0,0,0,0,0,0,0,0,1,2
1.0,1.0,0.0,0.0,0.0,0.0,0.0,0,0.0,1.0,0.0,1.0,0.0,0.0,1,1,0,1,3.0,5.0,1.0,4.0,1.0,0.0,1.0,1.0,35,3.0,2.0,6.0,5.0,0,0,1,0,0,0,0,1,0,1
0.0,0.0,1.0,0.0,0.0,0.0,1.0,0,0.0,0.0,0.0,0.0,0.0,0.0,0,0,0,1,5.0,4.0,5.0,5.0,1.0,1.0,1.0,0.0,28,4.0,1.0,5.0,6.0,0,0,0,0,0,0,0,0,0,2
0.0,0.0,0.0,0.0,0.0,0.0,1.0,0,0.0,0.0,0.0,0.0,0.0,0.0,1,1,0,1,3.0,2.0,2.0,3.0,0.0,0.0,1.0,0.0,36,2.0,2.0,4.0,2.0,1,1,0,0,0,0,1,0,0,3
1.0,1.0,1.0,0.0,0.0,0.0,1.0,0,0.0,0.0,0.0,0.0,0.0,0.0,0,1,0,2,1.0,4.0,1.0,2.0,1.0,1.0,1.0,0.0,31,2.0,1.0,5.0,6.0,1,0,0,0,0,0,1,0,0,3
0.0,0.0,0.0,0.0,0.0,0.0,1.0,0,0.0,0.0,0.0,0.0,0.0,0.0,1,1,0,4,5.0,5.0,5.0,4.0,1.0,0.0,1.0,0.0,62,1.0,2.0,4.0,3.0,1,1,0,0,0,1,0,0,0,3
0.0,0.0,0.0,0.0,0.0,0.0,0.0,0,0.0,0.0,1.0,0.0,0.0,0.0,1,1,0,3,2.0,5.0,1.0,5.0,1.0,1.0,1.0,1.0,36,2.0,3.0,5.0,6.0,1,0,0,0,1,0,0,0,0,3
0.0,0.0,0.0,0.0,0.0,0.0,0.0,0,0.0,0.0,0.0,0.0,0.0,0.0,0,1,0,1,3.0,3.0,3.0,3.0,0.0,0.0,1.0,0.0,68,1.0,2.0,4.0,4.0,0,1,0,0,0,0,1,0,0,2
0.0,0.0,0.0,0.0,0.0,0.0,1.0,0,0.0,0.0,0.0,0.0,0.0,1.0,0,1,0,3,4.0,4.0,2.0,2.0,1.0,1.0,1.0,0.0,36,2.0,2.0,2.0,2.0,0,0,0,1,0,0,0,1,0,2
0.0,0.0,0.0,0.0,0.0,0.0,1.0,0,0.0,0.0,0.0,0.0,0.0,0.0,0,1,0,1,3.0,4.0,2.0,4.0,0.0,1.0,0.0,0.0,18,2.0,1.0,5.0,2.0,0,1,0,0,1,0,0,0,0,2
1.0,0.0,1.0,0.0,0.0,0.0,1.0,0,0.0,0.0,0.0,0.0,0.0,1.0,0,1,0,2,5.0,3.0,1.0,3.0,1.0,1.0,0.0,0.0,34,5.0,1.0,6.0,3.0,0,0,1,0,0,0,0,1,0,2
0.0,0.0,0.0,0.0,0.0,0.0,0.0,0,1.0,1.0,0.0,0.0,0.0,0.0,0,1,0,1,1.0,5.0,1.0,5.0,1.0,1.0,1.0,1.0,64,5.0,3.0,4.0,4.0,1,0,0,0,0,0,0,0,1,1
0.0,0.0,0.0,0.0,0.0,0.0,0.0,0,0.0,0.0,0.0,1.0,0.0,0.0,0,1,0,1,5.0,5.0,1.0,4.0,0.0,0.0,0.0,0.0,66,2.0,5.0,4.0,4.0,0,0,0,0,0,0,1,0,0,3
0.0,0.0,1.0,0.0,0.0,0.0,1.0,0,0.0,1.0,0.0,0.0,0.0,0.0,0,1,0,2,3.0,1.0,5.0,3.0,1.0,1.0,1.0,0.0,37,2.0,2.0,3.0,2.0,1,0,1,0,0,0,0,0,1,2
1.0,1.0,1.0,0.0,0.0,0.0,1.0,0,0.0,0.0,0.0,0.0,0.0,0.0,0,1,0,2,3.0,5.0,3.0,2.0,1.0,0.0,1.0,0.0,29,5.0,2.0,2.0,2.0,0,0,0,0,0,1,0,0,0,3
0.0,0.0,0.0,0.0,0.0,0.0,0.0,0,0.0,0.0,0.0,0.0,0.0,0.0,0,1,0,1,5.0,4.0,1.0,1.0,0.0,0.0,0.0,0.0,65,1.0,2.0,4.0,1.0,0,0,1,0,0,1,0,0,0,3
0.0,0.0,0.0,0.0,0.0,0.0,0.0,0,0.0,0.0,0.0,0.0,0.0,0.0,0,1,0,5,2.0,2.0,2.0,1.0,0.0,1.0,1.0,0.0,44,1.0,2.0,3.0,2.0,0,0,0,0,0,0,0,0,0,3
0.0,0.0,0.0,0.0,0.0,0.0,1.0,0,0.0,0.0,0.0,0.0,0.0,0.0,1,1,0,1,3.0,5.0,5.0,5.0,1.0,0.0,1.0,0.0,33,2.0,2.0,3.0,3.0,0,0,0,0,0,0,0,0,1,3
0.0,0.0,1.0,0.0,0.0,0.0,0.0,0,0.0,0.0,0.0,0.0,0.0,0.0,0,1,0,5,4.0,4.0,1.0,5.0,0.0,1.0,1.0,1.0,58,1.0,2.0,4.0,4.0,0,0,1,0,0,0,1,0,0,1
0.0,0.0,0.0,0.0,0.0,0.0,0.0,0,0.0,0.0,0.0,0.0,0.0,0.0,1,1,0,1,1.0,5.0,1.0,1.0,0.0,0.0,0.0,0.0,32,3.0,1.0,3.0,2.0,0,1,0,0,0,0,0,0,0,3
1.0,1.0,1.0,0.0,1.0,1.0,1.0,0,0.0,0.0,0.0,0.0,0.0,0.0,0,1,1,3,1.0,1.0,2.0,2.0,1.0,1.0,1.0,1.0,20,3.0,1.0,2.0,3.0,1,0,0,0,0,0,1,0,0,2
0.0,0.0,0.0,0.0,0.0,0.0,1.0,0,0.0,0.0,0.0,0.0,0.0,0.0,0,0,0,2,3.0,1.0,1.0,4.0,0.0,1.0,0.0,0.0,22,2.0,1.0,3.0,3.0,0,1,0,0,0,0,0,0,0,3
1.0,0.0,0.0,0.0,0.0,0.0,1.0,1,0.0,0.0,0.0,0.0,0.0,0.0,0,1,1,5,2.0,3.0,1.0,5.0,1.0,1.0,1.0,0.0,29,2.0,1.0,4.0,3.0,0,0,0,1,0,1,0,0,0,1
0.0,0.0,0.0,0.0,0.0,0.0,1.0,0,0.0,0.0,0.0,0.0,0.0,0.0,0,0,0,2,2.0,1.0,1.0,1.0,1.0,1.0,1.0,0.0,50,1.0,2.0,2.0,3.0,1,1,0,0,0,1,0,0,0,3
0.0,0.0,0.0,0.0,0.0,0.0,0.0,0,0.0,0.0,0.0,0.0,0.0,0.0,1,1,0,3,3.0,3.0,5.0,4.0,0.0,0.0,1.0,0.0,45,1.0,1.0,2.0,3.0,0,1,0,0,0,0,0,0,0,2
0.0,0.0,0.0,0.0,0.0,0.0,0.0,0,0.0,1.0,0.0,0.0,0.0,0.0,0,1,1,3,5.0,4.0,2.0,1.0,1.0,0.0,1.0,0.0,42,1.0,2.0,2.0,2.0,1,0,0,1,0,0,0,0,1,3
1.0,1.0,0.0,0.0,0.0,0.0,0.0,0,0.0,0.0,1.0,1.0,0.0,0.0,0,1,0,1,5.0,5.0,5.0,3.0,0.0,1.0,1.0,0.0,32,4.0,4.0,8.0,10.0,0,0,0,0,0,0,0,0,1,3
0.0,0.0,0.0,0.0,0.0,0.0,0.0,0,0.0,0.0,0.0,0.0,0.0,1.0,0,1,0,4,2.0,2.0,2.0,3.0,1.0,0.0,1.0,0.0,66,2.0,2.0,1.0,2.0,1,0,0,0,0,1,0,0,0,3
0.0,0.0,0.0,0.0,0.0,0.0,0.0,0,0.0,0.0,0.0,0.0,0.0,0.0,0,1,0,1,2.0,1.0,1.0,2.0,1.0,1.0,1.0,0.0,29,2.0,1.0,1.0,1.0,0,0,1,0,0,0,0,0,0,2
1.0,1.0,1.0,0.0,0.0,0.0,1.0,0,0.0,0.0,0.0,0.0,0.0,0.0,0,1,0,1,3.0,5.0,1.0,3.0,1.0,0.0,1.0,0.0,55,3.0,1.0,6.0,4.0,0,0,0,0,1,0,0,0,0,2
1.0,1.0,1.0,1.0,0.0,1.0,1.0,0,1.0,1.0,1.0,0.0,0.0,0.0,1,1,1,2,4.0,5.0,1.0,5.0,0.0,1.0,1.0,0.0,30,5.0,2.0,10.0,7.0,1,0,0,0,1,0,0,0,0,1
0.0,0.0,1.0,0.0,0.0,0.0,0.0,0,0.0,0.0,0.0,0.0,0.0,1.0,0,0,0,3,4.0,2.0,2.0,3.0,0.0,1.0,0.0,1.0,18,2.0,1.0,6.0,2.0,1,0,0,0,0,0,0,0,0,2
0.0,0.0,1.0,0.0,0.0,0.0,0.0,0,0.0,0.0,0.0,1.0,0.0,0.0,1,1,0,3,3.0,4.0,2.0,4.0,0.0,0.0,0.0,0.0,20,2.0,2.0,9.0,6.0,1,0,0,0,1,0,0,0,0,1
0.0,0.0,1.0,0.0,0.0,0.0,0.0,0,0.0,1.0,1.0,0.0,0.0,0.0,1,1,1,4,1.0,3.0,5.0,3.0,1.0,1.0,1.0,0.0,37,4.0,2.0,2.0,2.0,0,0,0,0,0,0,0,0,1,3
0.0,0.0,1.0,0.0,0.0,0.0,1.0,0,0.0,0.0,0.0,0.0,0.0,1.0,0,1,0,2,1.0,2.0,5.0,3.0,1.0,0.0,1.0,0.0,41,2.0,3.0,5.0,4.0,0,0,0,0,0,1,0,0,0,3
0.0,0.0,1.0,0.0,0.0,0.0,1.0,0,0.0,0.0,1.0,0.0,1.0,0.0,1,1,1,1,5.0,5.0,1.0,5.0,0.0,0.0,0.0,0.0,27,3.0,3.0,5.0,6.0,1,0,0,0,1,0,0,0,0,3
0.0,0.0,0.0,0.0,0.0,0.0,0.0,0,0.0,0.0,0.0,0.0,0.0,1.0,0,0,0,2,5.0,5.0,5.0,5.0,0.0,0.0,0.0,0.0,19,1.0,1.0,1.0,2.0,1,0,1,0,0,0,0,0,0,2
1.0,0.0,1.0,0.0,0.0,0.0,1.0,0,0.0,0.0,0.0,0.0,0.0,0.0,0,1,0,1,4.0,5.0,5.0,1.0,0.0,1.0,1.0,1.0,31,5.0,3.0,9.0,5.0,1,0,1,0,0,0,0,1,0,2
0.0,0.0,0.0,0.0,0.0,0.0,0.0,0,0.0,0.0,0.0,0.0,0.0,1.0,0,1,0,3,1.0,5.0,1.0,5.0,0.0,0.0,0.0,0.0,41,1.0,1.0,1.0,2.0,0,1,0,0,0,0,1,0,0,3
1.0,0.0,0.0,0.0,0.0,0.0,0.0,1,0.0,0.0,0.0,0.0,0.0,0.0,1,1,1,2,5.0,5.0,5.0,5.0,1.0,0.0,1.0,0.0,66,2.0,2.0,4.0,4.0,1,0,0,1,0,0,1,0,0,2
1.0,0.0,1.0,0.0,0.0,0.0,0.0,0,0.0,0.0,0.0,0.0,0.0,1.0,0,0,0,1,3.0,3.0,2.0,3.0,0.0,0.0,0.0,1.0,21,2.0,1.0,2.0,2.0,1,0,0,1,0,0,0,0,0,2
1.0,1.0,1.0,0.0,0.0,0.0,0.0,0,1.0,1.0,1.0,1.0,1.0,0.0,1,1,1,3,4.0,4.0,1.0,1.0,1.0,1.0,1.0,0.0,51,5.0,2.0,7.0,9.0,1,0,0,1,0,1,0,0,0,1
0.0,0.0,0.0,0.0,0.0,0.0,0.0,0,0.0,0.0,0.0,0.0,0.0,1.0,0,1,0,1,2.0,2.0,4.0,4.0,1.0,0.0,1.0,0.0,64,1.0,2.0,1.0,3.0,1,0,1,0,0,0,0,1,0,3
0.0,0.0,0.0,0.0,0.0,0.0,0.0,0,0.0,0.0,0.0,0.0,0.0,0.0,0,0,0,1,5.0,5.0,5.0,5.0,0.0,0.0,1.0,0.0,52,2.0,1.0,2.0,4.0,0,0,0,0,0,0,1,0,0,1
1.0,0.0,0.0,0.0,0.0,0.0,1.0,0,0.0,1.0,0.0,0.0,0.0,0.0,1,1,1,1,5.0,5.0,1.0,5.0,0.0,1.0,1.0,0.0,23,5.0,2.0,7.0,4.0,1,1,0,0,0,0,0,0,0,1
1.0,1.0,0.0,0.0,0.0,0.0,1.0,0,0.0,0.0,0.0,1.0,0.0,0.0,1,1,1,1,5.0,5.0,1.0,5.0,1.0,1.0,1.0,1.0,52,4.0,3.0,8.0,5.0,1,0,0,0,0,0,0,0,0,1
0.0,0.0,0.0,0.0,0.0,0.0,0.0,0,0.0,0.0,0.0,0.0,0.0,0.0,0,0,0,3,4.0,3.0,1.0,2.0,1.0,0.0,0.0,0.0,57,5.0,2.0,4.0,3.0,0,0,0,0,0,0,0,0,0,1
1.0,0.0,0.0,0.0,0.0,0.0,0.0,0,0.0,0.0,0.0,0.0,0.0,0.0,0,0,0,2,4.0,2.0,4.0,3.0,0.0,1.0,1.0,0.0,18,2.0,3.0,2.0,2.0,0,0,0,0,0,0,0,1,0,2
0.0,0.0,0.0,0.0,0.0,0.0,0.0,0,0.0,0.0,0.0,0.0,0.0,0.0,0,1,0,1,2.0,1.0,1.0,2.0,0.0,0.0,0.0,0.0,70,1.0,1.0,4.0,4.0,0,1,0,0,0,0,1,0,0,2
1.0,0.0,0.0,0.0,0.0,0.0,1.0,0,0.0,1.0,1.0,0.0,0.0,0.0,1,1,1,3,5.0,5.0,1.0,5.0,1.0,1.0,1.0,0.0,29,2.0,3.0,5.0,6.0,1,0,0,0,0,0,0,0,1,2
0.0,0.0,0.0,0.0,0.0,0.0,0.0,0,0.0,0.0,0.0,1.0,0.0,0.0,0,0,0,1,2.0,5.0,1.0,5.0,1.0,1.0,1.0,0.0,62,2.0,3.0,4.0,2.0,0,1,0,0,0,1,0,0,0,2
0.0,0.0,1.0,0.0,0.0,0.0,0.0,0,0.0,0.0,0.0,0.0,0.0,0.0,1,1,0,1,2.0,5.0,1.0,5.0,1.0,1.0,1.0,0.0,22,2.0,3.0,3.0,6.0,0,1,0,0,0,0,1,0,0,3
1.0,1.0,0.0,0.0,0.0,0.0,1.0,0,0.0,0.0,0.0,0.0,0.0,1.0,0,1,0,1,4.0,4.0,2.0,3.0,1.0,1.0,1.0,1.0,37,2.0,1.0,4.0,3.0,1,1,0,0,0,1,0,0,0,3
0.0,0.0,0.0,0.0,0.0,0.0,1.0,0,0.0,0.0,0.0,0.0,0.0,0.0,0,1,1,4,1.0,2.0,1.0,1.0,1.0,1.0,1.0,0.0,53,1.0,2.0,2.0,5.0,0,1,0,0,0,0,1,0,0,3
0.0,0.0,0.0,0.0,0.0,0.0,0.0,0,0.0,0.0,0.0,0.0,0.0,0.0,0,1,0,1,2.0,5.0,2.0,4.0,0.0,1.0,1.0,0.0,51,2.0,1.0,5.0,3.0,1,1,0,0,0,0,0,0,1,2
1.0,1.0,0.0,0.0,1.0,0.0,1.0,0,0.0,0.0,0.0,1.0,0.0,0.0,0,1,1,5,5.0,4.0,4.0,3.0,1.0,0.0,1.0,0.0,58,4.0,3.0,6.0,7.0,1,0,0,0,0,0,1,0,0,2
0.0,0.0,1.0,0.0,0.0,0.0,0.0,0,0.0,0.0,0.0,1.0,0.0,0.0,1,1,0,3,2.0,3.0,1.0,1.0,1.0,1.0,1.0,0.0,36,4.0,2.0,6.0,8.0,0,0,0,0,1,0,0,0,0,3
0.0,0.0,0.0,0.0,0.0,0.0,0.0,0,0.0,0.0,0.0,0.0,0.0,0.0,1,1,0,1,1.0,1.0,1.0,1.0,0.0,0.0,1.0,0.0,46,1.0,1.0,4.0,5.0,0,0,0,0,0,0,0,1,0,2
1.0,0.0,0.0,0.0,0.0,0.0,1.0,0,0.0,1.0,0.0,0.0,0.0,0.0,0,1,1,3,4.0,5.0,1.0,5.0,1.0,1.0,0.0,1.0,32,5.0,1.0,6.0,6.0,1,0,0,0,0,0,0,0,1,1
1.0,0.0,0.0,0.0,0.0,0.0,1.0,0,0.0,0.0,0.0,0.0,0.0,0.0,0,0,0,1,5.0,5.0,5.0,5.0,0.0,1.0,1.0,0.0,30,2.0,3.0,6.0,6.0,0,1,0,0,0,0,1,0,0,1
0.0,0.0,0.0,0.0,0.0,0.0,1.0,0,0.0,0.0,1.0,0.0,0.0,0.0,1,1,0,1,4.0,4.0,2.0,4.0,0.0,1.0,1.0,0.0,40,2.0,3.0,2.0,2.0,0,0,0,0,0,0,0,1,0,2
1.0,1.0,0.0,0.0,0.0,0.0,0.0,0,0.0,0.0,0.0,0.0,0.0,1.0,1,1,0,1,3.0,3.0,1.0,4.0,1.0,1.0,1.0,1.0,41,1.0,1.0,4.0,3.0,1,1,0,0,0,0,0,0,0,2
0.0,0.0,0.0,0.0,0.0,0.0,0.0,0,0.0,0.0,0.0,0.0,0.0,0.0,0,0,0,1,5.0,4.0,1.0,5.0,0.0,1.0,1.0,0.0,18,2.0,2.0,7.0,5.0,0,0,0,0,0,0,0,0,1,1
1.0,1.0,0.0,0.0,0.0,0.0,1.0,0,0.0,0.0,0.0,0.0,0.0,0.0,0,1,0,3,2.0,2.0,3.0,4.0,1.0,1.0,1.0,1.0,39,5.0,4.0,8.0,8.0,0,0,0,0,0,0,0,0,1,3
0.0,0.0,0.0,0.0,0.0,0.0,1.0,0,0.0,0.0,0.0,0.0,0.0,0.0,1,1,0,4,2.0,5.0,2.0,5.0,1.0,1.0,1.0,0.0,37,2.0,2.0,4.0,4.0,1,1,0,0,1,0,0,0,0,2
1.0,1.0,1.0,0.0,0.0,0.0,1.0,0,0.0,0.0,0.0,0.0,0.0,0.0,1,1,0,2,4.0,4.0,3.0,4.0,1.0,0.0,1.0,0.0,44,2.0,3.0,7.0,7.0,1,0,0,0,0,0,0,1,0,2
0.0,0.0,0.0,0.0,0.0,0.0,0.0,0,0.0,0.0,0.0,1.0,0.0,0.0,0,1,0,3,2.0,2.0,1.0,4.0,1.0,1.0,1.0,0.0,59,2.0,2.0,3.0,2.0,0,0,0,0,1,0,0,0,0,2
0.0,0.0,0.0,0.0,0.0,0.0,0.0,0,0.0,0.0,0.0,0.0,0.0,1.0,0,0,0,3,3.0,2.0,2.0,3.0,0.0,0.0,0.0,0.0,36,1.0,2.0,1.0,1.0,0,0,1,0,0,0,0,0,1,3
0.0,0.0,1.0,0.0,0.0,0.0,0.0,0,0.0,0.0,0.0,0.0,0.0,0.0,1,1,0,1,1.0,5.0,1.0,1.0,1.0,0.0,1.0,0.0,34,4.0,3.0,5.0,5.0,0,0,0,0,0,0,0,1,0,3
0.0,0.0,0.0,0.0,0.0,0.0,0.0,0,0.0,0.0,1.0,0.0,0.0,0.0,0,0,0,2,3.0,2.0,2.0,2.0,0.0,0.0,1.0,0.0,43,3.0,3.0,2.0,2.0,0,0,0,0,0,0,1,0,0,3
0.0,0.0,0.0,0.0,0.0,0.0,1.0,0,0.0,1.0,0.0,0.0,0.0,0.0,0,1,0,1,5.0,5.0,5.0,1.0,1.0,1.0,1.0,0.0,25,2.0,1.0,2.0,3.0,1,1,0,0,0,1,0,0,0,1
0.0,0.0,0.0,0.0,0.0,0.0,0.0,0,0.0,0.0,0.0,0.0,0.0,0.0,0,1,0,1,1.0,1.0,1.0,5.0,0.0,1.0,1.0,0.0,55,2.0,2.0,1.0,1.0,1,1,0,0,0,0,1,0,0,2
0.0,0.0,1.0,0.0,0.0,0.0,0.0,0,0.0,0.0,1.0,0.0,0.0,0.0,1,1,0,1,3.0,4.0,1.0,4.0,1.0,1.0,1.0,0.0,41,3.0,3.0,4.0,4.0,0,0,0,0,0,0,0,1,0,2
1.0,0.0,1.0,0.0,0.0,0.0,0.0,0,0.0,0.0,0.0,1.0,0.0,0.0,0,1,0,3,1.0,1.0,5.0,1.0,1.0,1.0,1.0,0.0,54,2.0,1.0,4.0,4.0,0,1,0,0,0,1,0,0,0,2
1.0,1.0,1.0,1.0,0.0,0.0,1.0,1,1.0,0.0,0.0,0.0,0.0,0.0,0,1,0,1,4.0,5.0,3.0,2.0,1.0,1.0,1.0,0.0,66,2.0,3.0,5.0,5.0,1,0,0,0,0,0,0,0,1,2
0.0,0.0,0.0,0.0,0.0,0.0,0.0,0,0.0,0.0,0.0,0.0,0.0,0.0,0,0,0,1,1.0,1.0,1.0,1.0,0.0,0.0,0.0,0.0,19,2.0,2.0,2.0,4.0,1,0,0,0,0,0,0,0,1,3
0.0,0.0,0.0,0.0,0.0,0.0,0.0,0,0.0,0.0,0.0,0.0,0.0,0.0,1,1,0,4,1.0,1.0,1.0,1.0,0.0,0.0,0.0,0.0,64,1.0,2.0,1.0,1.0,1,0,0,0,0,0,0,1,0,1
0.0,0.0,0.0,0.0,0.0,0.0,0.0,0,0.0,0.0,0.0,0.0,0.0,1.0,0,1,0,1,1.0,1.0,1.0,5.0,1.0,0.0,1.0,0.0,60,1.0,2.0,1.0,2.0,1,0,0,0,1,0,0,0,0,2
1.0,0.0,0.0,0.0,0.0,0.0,0.0,0,0.0,0.0,0.0,0.0,0.0,1.0,1,1,0,5,1.0,5.0,1.0,5.0,0.0,1.0,1.0,0.0,55,2.0,3.0,3.0,3.0,1,0,0,0,1,0,0,0,0,2
0.0,0.0,1.0,0.0,0.0,0.0,0.0,0,0.0,0.0,0.0,0.0,0.0,1.0,1,1,0,4,3.0,5.0,5.0,2.0,1.0,1.0,1.0,0.0,50,2.0,1.0,1.0,1.0,0,0,1,0,0,0,0,0,0,2
0.0,0.0,1.0,0.0,0.0,0.0,0.0,0,0.0,0.0,0.0,0.0,0.0,0.0,0,1,0,5,5.0,5.0,5.0,5.0,1.0,1.0,1.0,1.0,40,2.0,2.0,7.0,6.0,1,0,0,0,1,0,0,0,0,2
1.0,1.0,1.0,0.0,0.0,0.0,1.0,0,0.0,0.0,0.0,0.0,0.0,0.0,1,0,0,3,5.0,4.0,1.0,5.0,1.0,1.0,1.0,1.0,31,3.0,1.0,5.0,4.0,1,0,0,0,0,0,0,0,0,2
0.0,0.0,1.0,0.0,0.0,0.0,1.0,0,0.0,0.0,0.0,0.0,0.0,0.0,0,1,0,1,5.0,5.0,5.0,1.0,1.0,0.0,1.0,0.0,24,3.0,2.0,5.0,3.0,1,0,0,0,1,0,0,0,0,1
1.0,1.0,0.0,0.0,0.0,1.0,0.0,1,1.0,1.0,0.0,0.0,0.0,0.0,0,1,0,3,5.0,5.0,1.0,3.0,1.0,1.0,1.0,0.0,68,5.0,4.0,7.0,6.0,1,0,0,0,0,0,0,0,0,2
1.0,1.0,1.0,0.0,1.0,1.0,1.0,0,1.0,0.0,1.0,0.0,1.0,0.0,0,1,1,1,4.0,5.0,3.0,5.0,1.0,1.0,1.0,1.0,29,5.0,5.0,9.0,10.0,0,0,0,0,0,0,0,0,1,2
0.0,0.0,0.0,0.0,0.0,0.0,0.0,0,0.0,0.0,0.0,0.0,0.0,0.0,0,0,0,4,1.0,1.0,1.0,1.0,0.0,0.0,0.0,0.0,61,2.0,1.0,1.0,1.0,0,0,1,0,0,0,0,0,0,2
0.0,0.0,1.0,0.0,0.0,0.0,0.0,0,0.0,0.0,0.0,0.0,0.0,1.0,0,1,0,3,5.0,5.0,1.0,5.0,1.0,1.0,1.0,0.0,33,2.0,1.0,3.0,5.0,0,1,0,0,0,0,0,0,1,2
1.0,0.0,1.0,0.0,0.0,0.0,0.0,0,0.0,0.0,0.0,1.0,1.0,0.0,1,0,0,1,1.0,5.0,1.0,5.0,1.0,1.0,1.0,1.0,20,2.0,2.0,2.0,2.0,1,0,0,0,0,0,0,0,1,2
0.0,0.0,0.0,0.0,0.0,0.0,0.0,0,0.0,0.0,0.0,0.0,0.0,1.0,0,1,0,5,3.0,2.0,5.0,1.0,1.0,1.0,1.0,0.0,53,1.0,1.0,1.0,1.0,0,1,0,0,0,0,0,0,0,3
1.0,0.0,1.0,0.0,0.0,0.0,0.0,0,0.0,1.0,1.0,0.0,0.0,0.0,1,1,0,4,1.0,4.0,1.0,1.0,1.0,0.0,0.0,0.0,31,3.0,3.0,7.0,7.0,1,0,0,0,0,0,0,1,0,3
0.0,0.0,0.0,0.0,0.0,0.0,0.0,0,0.0,0.0,0.0,0.0,0.0,0.0,0,1,0,1,5.0,5.0,1.0,5.0,0.0,0.0,1.0,0.0,59,1.0,1.0,1.0,1.0,0,1,0,0,0,0,0,0,1,2
0.0,0.0,0.0,0.0,0.0,0.0,0.0,0,0.0,0.0,0.0,0.0,0.0,0.0,0,1,0,5,2.0,1.0,1.0,2.0,1.0,0.0,1.0,0.0,55,1.0,1.0,3.0,3.0,1,0,0,0,0,0,0,0,0,2
0.0,0.0,0.0,0.0,0.0,0.0,0.0,0,0.0,0.0,0.0,0.0,0.0,0.0,1,1,0,1,5.0,4.0,2.0,2.0,1.0,1.0,1.0,1.0,54,1.0,2.0,1.0,1.0,0,0,0,1,0,0,1,0,0,3
0.0,0.0,1.0,0.0,0.0,0.0,0.0,0,0.0,0.0,0.0,0.0,0.0,1.0,1,1,0,5,1.0,1.0,5.0,1.0,1.0,0.0,1.0,0.0,27,2.0,2.0,1.0,1.0,0,0,0,0,0,0,1,0,0,3
1.0,1.0,1.0,0.0,0.0,0.0,1.0,0,0.0,1.0,0.0,0.0,0.0,0.0,0,1,1,5,1.0,1.0,5.0,5.0,1.0,0.0,1.0,0.0,58,2.0,2.0,4.0,4.0,0,0,0,0,1,0,0,0,0,1
0.0,0.0,0.0,0.0,0.0,0.0,0.0,0,0.0,0.0,0.0,0.0,0.0,1.0,0,1,0,3,1.0,5.0,1.0,1.0,0.0,0.0,1.0,0.0,46,1.0,1.0,1.0,2.0,0,0,0,1,0,0,0,0,1,1
0.0,0.0,0.0,0.0,0.0,0.0,0.0,0,0.0,0.0,0.0,0.0,0.0,0.0,0,0,0,3,3.0,1.0,3.0,1.0,0.0,0.0,0.0,0.0,21,2.0,1.0,3.0,2.0,1,1,0,0,0,0,0,0,0,3
0.0,0.0,0.0,0.0,0.0,0.0,0.0,0,0.0,0.0,0.0,0.0,0.0,0.0,0,0,0,1,2.0,5.0,1.0,4.0,1.0,1.0,1.0,0.0,63,1.0,3.0,2.0,3.0,0,0,0,0,0,0,0,0,1,3
1.0,1.0,1.0,0.0,0.0,0.0,1.0,0,0.0,0.0,0.0,1.0,0.0,0.0,0,0,0,1,4.0,5.0,1.0,5.0,0.0,1.0,0.0,1.0,19,3.0,2.0,7.0,6.0,1,0,0,0,1,0,0,0,0,1
0.0,0.0,0.0,0.0,0.0,0.0,0.0,0,0.0,0.0,0.0,0.0,0.0,0.0,0,1,0,4,5.0,3.0,5.0,4.0,1.0,0.0,1.0,0.0,39,3.0,1.0,3.0,3.0,0,0,0,0,0,0,0,0,0,2
0.0,0.0,1.0,0.0,0.0,0.0,0.0,0,0.0,0.0,0.0,1.0,0.0,0.0,0,0,0,1,5.0,3.0,2.0,4.0,0.0,1.0,1.0,1.0,18,2.0,3.0,3.0,2.0,1,0,0,0,0,0,1,0,0,3
1.0,1.0,1.0,0.0,0.0,0.0,1.0,0,0.0,0.0,0.0,0.0,0.0,0.0,0,1,0,1,4.0,5.0,2.0,5.0,0.0,1.0,0.0,1.0,19,3.0,2.0,5.0,4.0,1,0,0,0,0,0,1,0,0,2
1.0,1.0,0.0,0.0,0.0,0.0,1.0,0,0.0,0.0,0.0,0.0,0.0,0.0,1,1,1,1,5.0,5.0,4.0,1.0,1.0,1.0,1.0,0.0,45,5.0,2.0,4.0,4.0,1,0,0,0,1,0,0,0,0,2
1.0,1.0,1.0,0.0,0.0,0.0,1.0,0,1.0,0.0,0.0,0.0,0.0,0.0,1,1,0,4,4.0,4.0,3.0,3.0,1.0,1.0,1.0,0.0,36,3.0,2.0,5.0,5.0,1,0,0,1,0,0,0,1,0,1
0.0,0.0,0.0,0.0,0.0,0.0,0.0,0,0.0,0.0,0.0,0.0,0.0,0.0,0,0,0,1,5.0,5.0,1.0,5.0,1.0,1.0,1.0,0.0,49,1.0,2.0,5.0,6.0,1,0,1,0,0,0,0,0,0,2
0.0,0.0,0.0,0.0,0.0,0.0,0.0,0,0.0,0.0,0.0,0.0,0.0,0.0,1,1,0,3,3.0,3.0,2.0,2.0,0.0,0.0,1.0,0.0,26,2.0,1.0,1.0,6.0,0,0,1,0,0,0,0,1,0,3
1.0,1.0,0.0,0.0,0.0,0.0,1.0,0,0.0,0.0,0.0,0.0,0.0,0.0,1,1,0,2,2.0,4.0,1.0,5.0,1.0,1.0,1.0,0.0,36,4.0,2.0,5.0,5.0,1,0,0,1,1,0,0,0,0,2
0.0,0.0,1.0,0.0,0.0,0.0,0.0,0,0.0,0.0,1.0,1.0,1.0,0.0,0,1,1,1,4.0,5.0,1.0,5.0,1.0,1.0,1.0,1.0,22,5.0,2.0,6.0,5.0,1,0,1,0,0,0,0,1,0,2
0.0,0.0,1.0,0.0,0.0,0.0,0.0,0,0.0,0.0,0.0,0.0,0.0,0.0,0,1,0,2,4.0,2.0,1.0,1.0,1.0,0.0,1.0,0.0,32,3.0,1.0,3.0,3.0,0,0,0,1,0,0,0,0,1,1
1.0,1.0,1.0,0.0,0.0,0.0,0.0,0,0.0,0.0,0.0,0.0,0.0,0.0,1,1,1,3,2.0,3.0,3.0,2.0,0.0,1.0,1.0,0.0,21,2.0,2.0,7.0,7.0,1,0,0,0,0,0,0,0,1,2
0.0,0.0,0.0,0.0,0.0,0.0,0.0,0,0.0,0.0,0.0,1.0,0.0,0.0,0,1,0,3,4.0,2.0,1.0,5.0,1.0,0.0,1.0,0.0,63,0.0,1.0,4.0,7.0,1,0,1,0,0,0,0,0,0,3
1.0,1.0,1.0,0.0,0.0,0.0,1.0,0,0.0,0.0,0.0,0.0,0.0,0.0,0,1,0,1,4.0,5.0,1.0,4.0,1.0,0.0,1.0,1.0,18,2.0,1.0,4.0,5.0,1,0,0,0,1,0,0,0,0,1
1.0,1.0,0.0,0.0,0.0,0.0,0.0,0,0.0,1.0,1.0,1.0,0.0,0.0,1,1,0,3,3.0,2.0,2.0,5.0,1.0,1.0,1.0,1.0,54,2.0,2.0,8.0,10.0,0,0,0,0,0,0,0,0,0,1
0.0,0.0,0.0,0.0,0.0,0.0,0.0,0,0.0,0.0,0.0,0.0,0.0,0.0,1,0,0,1,5.0,5.0,2.0,5.0,1.0,1.0,0.0,0.0,26,2.0,1.0,1.0,2.0,0,0,0,1,0,0,1,0,0,3
1.0,1.0,0.0,0.0,0.0,1.0,0.0,0,0.0,1.0,0.0,0.0,0.0,0.0,0,1,1,5,4.0,3.0,2.0,3.0,1.0,1.0,0.0,0.0,47,6.0,5.0,9.0,10.0,1,0,0,0,0,0,1,0,0,2
0.0,0.0,0.0,0.0,0.0,0.0,0.0,0,0.0,0.0,0.0,0.0,0.0,0.0,0,1,0,1,2.0,3.0,5.0,4.0,1.0,1.0,1.0,0.0,57,2.0,3.0,4.0,5.0,0,0,0,0,0,0,1,0,0,3
0.0,0.0,1.0,0.0,0.0,0.0,1.0,0,0.0,1.0,0.0,0.0,0.0,0.0,0,1,0,1,5.0,5.0,1.0,5.0,1.0,0.0,1.0,1.0,48,2.0,2.0,3.0,2.0,0,0,0,0,0,0,1,0,0,3
0.0,0.0,1.0,0.0,0.0,0.0,0.0,0,0.0,0.0,1.0,1.0,0.0,0.0,0,1,0,4,2.0,2.0,2.0,4.0,1.0,1.0,1.0,0.0,41,4.0,2.0,3.0,3.0,0,0,0,0,0,0,0,0,1,2
1.0,1.0,1.0,0.0,0.0,0.0,0.0,0,0.0,1.0,1.0,0.0,0.0,0.0,0,1,1,2,4.0,4.0,3.0,3.0,0.0,1.0,0.0,0.0,36,5.0,1.0,5.0,5.0,1,0,1,0,0,0,0,0,1,2
0.0,0.0,0.0,0.0,0.0,0.0,0.0,0,0.0,0.0,1.0,0.0,0.0,0.0,0,1,0,2,5.0,5.0,4.0,5.0,0.0,1.0,1.0,0.0,65,1.0,2.0,2.0,2.0,0,0,0,0,0,0,0,0,0,3
1.0,0.0,0.0,0.0,0.0,0.0,0.0,0,0.0,1.0,0.0,0.0,0.0,0.0,0,1,0,2,2.0,4.0,1.0,1.0,0.0,0.0,1.0,0.0,69,1.0,2.0,1.0,2.0,1,0,0,0,0,1,0,0,0,1
0.0,0.0,0.0,0.0,0.0,0.0,0.0,0,0.0,0.0,0.0,0.0,0.0,0.0,1,1,0,3,1.0,5.0,5.0,1.0,1.0,1.0,1.0,0.0,52,1.0,3.0,5.0,6.0,0,0,0,0,1,0,0,0,0,3
0.0,0.0,0.0,0.0,0.0,0.0,0.0,0,0.0,0.0,0.0,0.0,0.0,0.0,1,1,0,1,3.0,2.0,2.0,2.0,1.0,1.0,1.0,0.0,47,1.0,1.0,3.0,4.0,0,1,0,0,0,0,0,1,0,3
0.0,0.0,0.0,0.0,0.0,0.0,0.0,0,0.0,0.0,0.0,0.0,0.0,1.0,0,1,0,3,5.0,5.0,1.0,5.0,0.0,0.0,1.0,0.0,38,2.0,1.0,1.0,1.0,0,0,0,1,0,0,0,0,0,2
0.0,0.0,1.0,0.0,0.0,0.0,0.0,0,0.0,0.0,0.0,0.0,0.0,0.0,0,1,0,5,1.0,1.0,1.0,1.0,0.0,0.0,0.0,0.0,68,1.0,2.0,4.0,2.0,0,1,0,0,0,0,1,0,0,3
0.0,0.0,1.0,0.0,0.0,0.0,0.0,0,0.0,0.0,0.0,0.0,0.0,1.0,0,1,0,1,5.0,5.0,5.0,5.0,1.0,1.0,1.0,1.0,61,1.0,1.0,1.0,2.0,0,0,0,0,0,0,0,0,0,1
1.0,1.0,1.0,0.0,0.0,0.0,1.0,0,0.0,0.0,0.0,0.0,0.0,0.0,1,1,0,1,3.0,2.0,1.0,2.0,1.0,1.0,1.0,0.0,35,2.0,2.0,5.0,5.0,1,0,0,0,1,0,0,0,0,2
0.0,0.0,0.0,0.0,0.0,0.0,0.0,0,0.0,0.0,0.0,0.0,0.0,0.0,0,1,0,5,1.0,2.0,1.0,1.0,1.0,0.0,1.0,0.0,52,2.0,1.0,3.0,2.0,1,0,1,0,0,0,0,0,0,3
0.0,0.0,0.0,0.0,0.0,0.0,0.0,0,0.0,0.0,0.0,1.0,0.0,0.0,0,1,0,1,3.0,4.0,1.0,4.0,1.0,1.0,1.0,0.0,44,1.0,1.0,4.0,3.0,0,1,0,0,0,0,0,0,0,2
0.0,0.0,0.0,1.0,0.0,0.0,0.0,0,0.0,0.0,0.0,0.0,0.0,0.0,0,1,0,5,2.0,2.0,5.0,3.0,1.0,1.0,1.0,0.0,55,1.0,2.0,3.0,5.0,0,0,0,0,1,0,0,0,0,2
0.0,1.0,0.0,0.0,0.0,0.0,0.0,1,0.0,0.0,0.0,0.0,0.0,0.0,0,0,0,1,2.0,5.0,4.0,4.0,1.0,1.0,1.0,0.0,69,5.0,4.0,9.0,7.0,1,0,0,0,0,0,1,0,0,2
1.0,1.0,0.0,0.0,0.0,0.0,1.0,0,0.0,0.0,1.0,1.0,1.0,0.0,1,1,0,3,3.0,5.0,1.0,3.0,1.0,1.0,1.0,0.0,39,6.0,3.0,7.0,6.0,1,0,0,0,0,0,1,0,0,2
1.0,1.0,1.0,0.0,0.0,0.0,1.0,0,0.0,1.0,0.0,1.0,0.0,0.0,0,1,0,3,3.0,2.0,1.0,4.0,0.0,1.0,1.0,1.0,21,5.0,2.0,7.0,5.0,1,0,0,0,1,0,0,0,0,1
0.0,0.0,0.0,0.0,0.0,0.0,0.0,0,0.0,0.0,0.0,0.0,0.0,0.0,0,1,0,2,1.0,1.0,3.0,1.0,0.0,0.0,1.0,0.0,64,1.0,3.0,9.0,3.0,0,0,0,0,0,0,1,0,0,3
0.0,0.0,0.0,0.0,0.0,0.0,0.0,0,0.0,0.0,0.0,0.0,0.0,0.0,0,0,0,5,3.0,1.0,3.0,3.0,0.0,0.0,1.0,0.0,48,1.0,1.0,4.0,3.0,1,0,0,0,0,0,0,0,1,3
1.0,1.0,1.0,0.0,0.0,0.0,0.0,0,0.0,0.0,1.0,1.0,0.0,0.0,0,1,0,3,3.0,3.0,3.0,1.0,1.0,1.0,1.0,0.0,30,3.0,2.0,2.0,2.0,0,1,0,0,1,0,0,0,0,3
0.0,0.0,0.0,0.0,0.0,0.0,1.0,0,0.0,0.0,0.0,1.0,0.0,0.0,1,1,0,1,3.0,5.0,1.0,5.0,1.0,1.0,1.0,0.0,25,3.0,2.0,2.0,1.0,0,1,0,0,0,0,0,0,1,1
1.0,0.0,0.0,0.0,0.0,0.0,0.0,1,1.0,0.0,0.0,0.0,0.0,0.0,0,1,1,1,5.0,5.0,4.0,5.0,1.0,1.0,1.0,0.0,63,2.0,2.0,6.0,6.0,1,0,0,0,0,1,0,0,0,3
1.0,0.0,0.0,0.0,0.0,0.0,0.0,0,0.0,0.0,1.0,1.0,0.0,0.0,1,1,1,3,4.0,4.0,2.0,4.0,1.0,1.0,1.0,0.0,32,2.0,3.0,5.0,4.0,1,0,0,0,1,0,0,0,0,1
1.0,0.0,0.0,0.0,0.0,0.0,1.0,0,0.0,0.0,0.0,0.0,0.0,0.0,1,1,0,1,3.0,5.0,1.0,5.0,1.0,1.0,1.0,0.0,25,4.0,2.0,5.0,4.0,1,0,0,0,1,0,0,0,0,2
1.0,1.0,0.0,0.0,0.0,0.0,1.0,0,0.0,1.0,0.0,1.0,0.0,0.0,1,1,1,3,4.0,3.0,3.0,4.0,1.0,1.0,1.0,0.0,38,5.0,3.0,7.0,6.0,1,0,0,0,0,0,0,1,0,3
1.0,1.0,1.0,0.0,0.0,0.0,1.0,0,0.0,0.0,0.0,0.0,0.0,0.0,0,1,1,1,1.0,5.0,5.0,1.0,1.0,1.0,1.0,0.0,32,3.0,1.0,5.0,3.0,1,0,1,0,1,0,0,0,0,2
1.0,0.0,0.0,0.0,0.0,0.0,0.0,0,0.0,0.0,0.0,0.0,0.0,0.0,0,1,0,1,1.0,2.0,1.0,5.0,1.0,1.0,1.0,0.0,57,2.0,2.0,4.0,4.0,0,1,0,0,1,0,0,0,0,1
0.0,0.0,0.0,0.0,0.0,0.0,0.0,0,0.0,0.0,0.0,0.0,0.0,0.0,0,0,0,5,5.0,5.0,1.0,1.0,1.0,1.0,1.0,0.0,63,0.0,1.0,2.0,1.0,1,1,0,0,0,0,0,0,0,3
0.0,0.0,1.0,0.0,0.0,0.0,1.0,0,0.0,0.0,0.0,0.0,0.0,0.0,1,1,1,5,5.0,2.0,5.0,5.0,1.0,0.0,1.0,0.0,39,2.0,1.0,3.0,4.0,1,0,0,0,0,0,1,0,0,1
0.0,0.0,0.0,0.0,0.0,0.0,0.0,0,0.0,0.0,0.0,0.0,0.0,0.0,0,1,0,1,1.0,4.0,3.0,5.0,0.0,0.0,0.0,0.0,70,5.0,4.0,2.0,3.0,1,0,0,0,0,0,1,0,0,1
0.0,0.0,1.0,0.0,0.0,0.0,0.0,0,0.0,0.0,0.0,0.0,0.0,0.0,0,1,0,1,5.0,5.0,1.0,5.0,0.0,1.0,1.0,0.0,21,2.0,1.0,5.0,2.0,1,1,0,0,0,0,0,0,0,1
1.0,1.0,0.0,0.0,0.0,0.0,1.0,0,0.0,0.0,1.0,0.0,0.0,0.0,0,1,1,1,5.0,5.0,1.0,5.0,0.0,0.0,0.0,0.0,27,5.0,3.0,7.0,5.0,1,0,0,0,0,0,0,0,1,1
0.0,0.0,0.0,0.0,0.0,0.0,1.0,0,0.0,0.0,1.0,0.0,0.0,0.0,1,1,0,2,3.0,5.0,5.0,5.0,0.0,1.0,1.0,0.0,31,4.0,5.0,7.0,6.0,1,0,0,0,0,0,1,0,0,1
0.0,0.0,0.0,0.0,0.0,0.0,0.0,0,0.0,0.0,0.0,0.0,0.0,0.0,0,0,0,3,1.0,3.0,4.0,2.0,1.0,1.0,1.0,1.0,41,2.0,1.0,1.0,2.0,0,0,1,0,0,0,0,0,0,1
1.0,0.0,1.0,0.0,0.0,0.0,1.0,0,0.0,1.0,0.0,0.0,0.0,0.0,1,1,0,5,5.0,5.0,4.0,5.0,1.0,1.0,1.0,0.0,41,2.0,2.0,5.0,5.0,0,0,0,0,1,0,0,0,0,2
0.0,0.0,0.0,0.0,0.0,0.0,0.0,0,0.0,0.0,0.0,0.0,0.0,1.0,1,1,0,1,3.0,2.0,1.0,4.0,1.0,0.0,0.0,0.0,70,1.0,1.0,2.0,1.0,1,0,1,0,0,0,0,0,1,3
1.0,1.0,0.0,0.0,0.0,0.0,0.0,1,0.0,0.0,0.0,0.0,0.0,0.0,0,1,0,1,5.0,5.0,5.0,5.0,1.0,1.0,1.0,0.0,57,5.0,3.0,4.0,3.0,0,0,0,1,0,0,1,0,0,2
1.0,1.0,0.0,0.0,0.0,0.0,1.0,0,0.0,0.0,0.0,0.0,0.0,0.0,0,1,1,1,2.0,5.0,1.0,5.0,1.0,1.0,1.0,1.0,28,5.0,2.0,7.0,5.0,0,1,0,0,0,0,0,0,0,1
1.0,0.0,1.0,0.0,0.0,0.0,1.0,0,0.0,0.0,0.0,0.0,0.0,1.0,1,1,0,3,1.0,2.0,1.0,1.0,1.0,1.0,1.0,0.0,53,2.0,1.0,4.0,7.0,0,0,0,0,0,0,0,0,0,2
1.0,1.0,1.0,0.0,0.0,0.0,0.0,0,0.0,0.0,0.0,1.0,0.0,0.0,0,0,0,1,3.0,4.0,3.0,3.0,0.0,0.0,0.0,0.0,19,3.0,3.0,7.0,6.0,1,0,0,0,0,0,0,0,1,3
0.0,0.0,0.0,0.0,0.0,0.0,0.0,0,0.0,0.0,0.0,0.0,0.0,0.0,1,1,0,3,1.0,1.0,1.0,5.0,1.0,0.0,1.0,0.0,28,1.0,1.0,1.0,2.0,1,0,1,0,1,0,0,0,0,3
1.0,1.0,1.0,0.0,0.0,0.0,1.0,0,0.0,0.0,0.0,0.0,0.0,1.0,1,1,1,3,5.0,5.0,1.0,1.0,0.0,1.0,1.0,1.0,48,2.0,2.0,6.0,5.0,0,1,0,0,1,0,0,0,0,2
1.0,1.0,1.0,0.0,0.0,0.0,1.0,0,1.0,0.0,0.0,0.0,0.0,0.0,0,1,1,3,4.0,4.0,2.0,4.0,1.0,1.0,1.0,1.0,42,3.0,2.0,5.0,5.0,1,0,0,0,0,1,0,0,0,2
0.0,0.0,1.0,0.0,0.0,0.0,0.0,0,0.0,0.0,1.0,0.0,0.0,0.0,1,1,0,1,3.0,5.0,5.0,5.0,1.0,1.0,1.0,0.0,28,2.0,1.0,2.0,4.0,0,0,0,0,1,0,0,0,0,2
1.0,0.0,1.0,0.0,0.0,0.0,0.0,0,0.0,1.0,0.0,0.0,1.0,0.0,0,1,0,5,1.0,4.0,1.0,1.0,0.0,1.0,0.0,0.0,60,4.0,2.0,8.0,7.0,1,0,0,0,1,0,0,0,0,3
1.0,0.0,1.0,0.0,0.0,0.0,1.0,0,0.0,0.0,0.0,0.0,0.0,0.0,0,1,0,1,5.0,5.0,1.0,5.0,0.0,0.0,0.0,0.0,18,2.0,2.0,3.0,4.0,0,1,0,0,0,0,0,0,0,1
1.0,1.0,0.0,0.0,0.0,0.0,1.0,1,0.0,0.0,0.0,0.0,0.0,0.0,0,1,1,3,5.0,5.0,5.0,5.0,1.0,1.0,1.0,1.0,70,2.0,1.0,3.0,3.0,1,0,0,0,0,0,0,0,1,1
0.0,0.0,0.0,0.0,0.0,0.0,0.0,0,0.0,1.0,0.0,0.0,0.0,0.0,0,0,0,1,2.0,2.0,1.0,5.0,0.0,1.0,1.0,0.0,55,3.0,3.0,8.0,7.0,0,0,0,0,0,0,1,0,0,2
0.0,0.0,1.0,0.0,0.0,0.0,1.0,0,0.0,0.0,0.0,0.0,0.0,1.0,1,0,0,1,2.0,1.0,1.0,4.0,1.0,0.0,1.0,0.0,50,0.0,2.0,1.0,2.0,0,0,1,0,0,0,1,0,0,2
0.0,0.0,1.0,0.0,0.0,1.0,1.0,0,0.0,0.0,1.0,1.0,1.0,0.0,1,1,1,5,5.0,5.0,1.0,5.0,1.0,1.0,1.0,1.0,27,4.0,2.0,3.0,9.0,1,0,0,0,0,1,0,0,0,1
0.0,0.0,1.0,0.0,0.0,0.0,1.0,0,0.0,1.0,0.0,0.0,0.0,1.0,0,1,0,3,2.0,5.0,4.0,4.0,0.0,0.0,0.0,0.0,20,2.0,1.0,4.0,5.0,1,0,0,0,0,0,0,0,1,2
0.0,0.0,0.0,0.0,0.0,0.0,0.0,0,0.0,0.0,0.0,0.0,0.0,0.0,0,1,0,5,5.0,5.0,3.0,5.0,0.0,0.0,0.0,0.0,51,2.0,2.0,2.0,3.0,0,0,0,0,0,0,0,0,0,3
0.0,0.0,0.0,0.0,0.0,0.0,0.0,0,0.0,0.0,0.0,0.0,0.0,0.0,0,1,0,1,5.0,5.0,1.0,1.0,1.0,1.0,1.0,0.0,64,1.0,2.0,2.0,2.0,1,0,0,0,0,1,0,0,0,3
0.0,0.0,1.0,0.0,0.0,0.0,0.0,0,0.0,0.0,0.0,0.0,0.0,0.0,1,1,0,3,2.0,4.0,3.0,3.0,1.0,1.0,1.0,1.0,43,2.0,4.0,6.0,5.0,1,0,0,0,0,0,1,0,0,3
0.0,0.0,0.0,0.0,0.0,0.0,0.0,0,1.0,0.0,0.0,0.0,0.0,0.0,0,1,0,1,2.0,5.0,1.0,5.0,1.0,0.0,1.0,0.0,58,1.0,2.0,4.0,6.0,0,0,0,0,0,0,0,0,1,1
1.0,0.0,1.0,0.0,0.0,0.0,0.0,0,0.0,0.0,0.0,0.0,0.0,0.0,0,1,0,3,3.0,3.0,1.0,3.0,0.0,0.0,1.0,0.0,19,2.0,5.0,2.0,2.0,1,1,0,0,1,0,0,0,0,3
0.0,0.0,0.0,0.0,0.0,0.0,0.0,0,0.0,0.0,0.0,0.0,0.0,0.0,0,0,0,2,3.0,3.0,4.0,4.0,1.0,1.0,1.0,0.0,43,1.0,3.0,3.0,3.0,0,0,0,0,0,0,1,0,0,2
0.0,0.0,0.0,0.0,0.0,0.0,0.0,0,0.0,1.0,1.0,0.0,0.0,0.0,1,1,0,2,2.0,5.0,1.0,5.0,1.0,1.0,1.0,0.0,31,5.0,2.0,5.0,3.0,1,0,0,0,1,0,0,0,0,2
0.0,0.0,1.0,0.0,0.0,0.0,0.0,0,0.0,0.0,0.0,0.0,0.0,0.0,0,1,0,1,2.0,4.0,1.0,3.0,1.0,1.0,1.0,0.0,52,2.0,2.0,4.0,4.0,1,0,0,0,0,0,0,0,0,2
1.0,0.0,1.0,0.0,0.0,0.0,1.0,0,0.0,0.0,0.0,0.0,1.0,0.0,1,1,1,3,5.0,5.0,1.0,5.0,1.0,1.0,1.0,1.0,24,3.0,3.0,5.0,3.0,0,1,0,0,0,1,0,0,0,1
1.0,1.0,0.0,0.0,0.0,0.0,0.0,0,0.0,1.0,0.0,0.0,0.0,0.0,0,1,0,4,5.0,1.0,1.0,4.0,1.0,1.0,1.0,0.0,63,3.0,1.0,4.0,4.0,1,0,0,0,0,0,0,0,0,1
0.0,0.0,0.0,0.0,0.0,0.0,0.0,0,0.0,0.0,0.0,0.0,0.0,0.0,0,1,0,1,2.0,5.0,2.0,5.0,0.0,0.0,1.0,0.0,37,2.0,1.0,1.0,1.0,0,0,1,0,0,0,0,0,1,2
0.0,0.0,1.0,0.0,0.0,0.0,0.0,0,0.0,0.0,0.0,0.0,0.0,0.0,0,0,0,1,1.0,1.0,1.0,5.0,0.0,0.0,0.0,0.0,28,2.0,1.0,1.0,1.0,0,1,0,0,0,0,0,0,0,1
0.0,0.0,0.0,0.0,0.0,0.0,1.0,0,0.0,0.0,0.0,0.0,0.0,0.0,1,1,0,1,5.0,5.0,1.0,5.0,1.0,1.0,1.0,0.0,26,5.0,2.0,3.0,3.0,0,1,0,0,1,0,0,0,0,2
1.0,1.0,1.0,1.0,0.0,0.0,0.0,0,0.0,1.0,0.0,0.0,0.0,0.0,0,1,0,1,5.0,5.0,1.0,4.0,1.0,1.0,1.0,1.0,39,5.0,2.0,1.0,4.0,0,1,0,0,0,0,1,0,0,3
0.0,0.0,0.0,0.0,0.0,0.0,0.0,0,0.0,0.0,1.0,1.0,0.0,0.0,0,1,0,1,5.0,5.0,1.0,5.0,0.0,1.0,0.0,1.0,26,4.0,2.0,7.0,3.0,0,1,0,0,0,0,0,0,1,2
0.0,0.0,0.0,0.0,0.0,0.0,0.0,0,0.0,0.0,0.0,0.0,0.0,0.0,0,1,0,1,3.0,2.0,2.0,3.0,1.0,1.0,1.0,0.0,50,2.0,2.0,4.0,3.0,0,0,0,0,1,0,0,0,0,3
1.0,1.0,0.0,0.0,0.0,0.0,1.0,0,0.0,0.0,0.0,0.0,0.0,0.0,1,1,1,4,1.0,5.0,4.0,5.0,0.0,0.0,1.0,0.0,39,1.0,1.0,5.0,5.0,1,0,0,0,0,1,0,0,0,2
0.0,0.0,0.0,0.0,0.0,0.0,0.0,0,0.0,0.0,0.0,0.0,0.0,0.0,1,1,0,2,3.0,3.0,1.0,1.0,0.0,0.0,1.0,0.0,59,1.0,3.0,1.0,1.0,0,0,0,0,0,0,1,0,0,1
0.0,0.0,0.0,0.0,0.0,0.0,0.0,0,0.0,0.0,0.0,0.0,0.0,0.0,0,0,0,1,1.0,5.0,5.0,5.0,0.0,1.0,1.0,0.0,65,1.0,2.0,1.0,1.0,0,0,0,0,0,0,0,0,0,3
0.0,0.0,0.0,0.0,0.0,0.0,0.0,0,0.0,0.0,0.0,1.0,1.0,0.0,0,1,0,2,3.0,5.0,2.0,3.0,1.0,1.0,1.0,0.0,31,4.0,3.0,6.0,4.0,0,0,0,0,1,0,0,0,0,2
0.0,0.0,1.0,0.0,0.0,0.0,0.0,0,0.0,0.0,0.0,0.0,0.0,0.0,1,1,0,1,2.0,4.0,1.0,3.0,1.0,1.0,1.0,0.0,34,2.0,2.0,4.0,3.0,0,0,0,0,1,0,0,0,0,2
0.0,0.0,0.0,0.0,0.0,0.0,0.0,0,0.0,0.0,0.0,0.0,0.0,0.0,1,1,0,4,3.0,4.0,1.0,1.0,1.0,0.0,1.0,0.0,56,2.0,1.0,2.0,4.0,1,0,0,0,0,0,0,0,0,3
0.0,0.0,0.0,0.0,0.0,0.0,0.0,0,0.0,0.0,0.0,0.0,0.0,0.0,0,0,0,1,3.0,4.0,1.0,4.0,0.0,0.0,1.0,0.0,44,2.0,1.0,1.0,1.0,0,1,0,0,0,1,0,0,0,3
0.0,0.0,0.0,0.0,0.0,0.0,0.0,0,0.0,1.0,0.0,0.0,0.0,0.0,0,0,0,2,1.0,5.0,1.0,5.0,0.0,1.0,1.0,0.0,54,3.0,1.0,1.0,2.0,1,0,0,0,0,0,0,0,0,1
1.0,1.0,1.0,0.0,0.0,0.0,1.0,0,0.0,1.0,0.0,0.0,0.0,0.0,1,1,1,3,5.0,3.0,5.0,5.0,0.0,1.0,1.0,1.0,38,5.0,3.0,7.0,6.0,1,0,0,0,1,0,0,0,0,2
1.0,1.0,1.0,0.0,0.0,0.0,1.0,0,0.0,0.0,0.0,0.0,0.0,0.0,1,0,1,1,5.0,5.0,3.0,5.0,1.0,1.0,1.0,0.0,31,3.0,1.0,7.0,7.0,1,0,0,0,1,0,0,0,0,1
0.0,0.0,0.0,0.0,0.0,0.0,0.0,0,0.0,0.0,0.0,0.0,0.0,0.0,0,1,0,5,1.0,1.0,1.0,5.0,1.0,0.0,1.0,0.0,51,2.0,1.0,1.0,1.0,0,0,1,0,0,0,0,0,0,3
0.0,1.0,0.0,0.0,0.0,0.0,1.0,0,0.0,0.0,0.0,1.0,0.0,0.0,0,0,1,1,4.0,2.0,2.0,5.0,0.0,1.0,1.0,0.0,34,2.0,2.0,3.0,2.0,1,0,1,0,0,0,0,0,0,1
0.0,0.0,1.0,0.0,0.0,0.0,1.0,0,0.0,0.0,0.0,1.0,1.0,0.0,1,1,0,2,1.0,1.0,5.0,1.0,1.0,1.0,1.0,0.0,24,2.0,1.0,2.0,4.0,1,0,1,0,0,1,0,0,0,2
1.0,0.0,1.0,0.0,0.0,0.0,0.0,0,1.0,0.0,0.0,0.0,0.0,1.0,1,1,0,4,2.0,5.0,2.0,5.0,0.0,0.0,0.0,0.0,55,1.0,2.0,5.0,7.0,0,0,0,0,1,0,0,0,0,3
0.0,0.0,1.0,0.0,0.0,0.0,0.0,0,0.0,0.0,0.0,0.0,0.0,0.0,0,1,0,3,1.0,3.0,2.0,3.0,1.0,1.0,1.0,0.0,52,1.0,1.0,4.0,3.0,0,0,0,0,0,0,0,0,1,2
0.0,0.0,1.0,0.0,0.0,0.0,0.0,0,0.0,0.0,0.0,1.0,0.0,0.0,1,1,0,4,2.0,2.0,5.0,5.0,1.0,1.0,1.0,0.0,28,3.0,2.0,2.0,3.0,0,0,0,0,1,0,0,0,0,2
1.0,1.0,1.0,0.0,0.0,0.0,1.0,0,0.0,0.0,0.0,0.0,0.0,1.0,0,0,0,1,3.0,5.0,1.0,5.0,0.0,1.0,1.0,1.0,22,2.0,2.0,4.0,3.0,1,0,1,0,0,0,1,0,0,2
0.0,0.0,0.0,0.0,0.0,0.0,0.0,0,0.0,0.0,0.0,0.0,1.0,0.0,0,1,0,3,2.0,4.0,4.0,3.0,1.0,0.0,1.0,0.0,66,1.0,2.0,4.0,1.0,0,0,1,0,0,0,1,0,0,2
1.0,1.0,1.0,0.0,0.0,0.0,0.0,1,1.0,0.0,1.0,0.0,0.0,0.0,0,1,0,3,4.0,4.0,1.0,4.0,1.0,1.0,1.0,1.0,49,2.0,3.0,8.0,8.0,1,0,0,0,0,1,0,0,0,1
0.0,0.0,0.0,0.0,0.0,0.0,1.0,0,0.0,1.0,1.0,0.0,0.0,0.0,1,1,0,1,5.0,1.0,1.0,1.0,0.0,0.0,1.0,0.0,38,3.0,1.0,1.0,3.0,0,0,0,0,0,0,0,0,1,3
0.0,0.0,1.0,0.0,0.0,0.0,1.0,0,0.0,0.0,0.0,0.0,0.0,1.0,1,1,1,5,5.0,3.0,1.0,5.0,1.0,1.0,1.0,0.0,35,3.0,2.0,6.0,5.0,0,1,0,0,0,1,0,0,0,2
0.0,0.0,1.0,0.0,0.0,0.0,0.0,0,0.0,0.0,0.0,0.0,0.0,0.0,1,1,0,3,1.0,3.0,5.0,5.0,0.0,1.0,1.0,0.0,60,2.0,3.0,4.0,3.0,0,0,0,0,1,0,0,0,0,3
1.0,1.0,0.0,0.0,0.0,0.0,0.0,0,1.0,0.0,0.0,0.0,0.0,0.0,0,1,0,5,5.0,3.0,1.0,5.0,1.0,1.0,1.0,0.0,70,0.0,3.0,7.0,10.0,1,0,0,0,0,0,1,0,0,1
0.0,0.0,0.0,0.0,0.0,0.0,1.0,0,0.0,0.0,0.0,0.0,0.0,0.0,0,1,0,1,5.0,5.0,1.0,5.0,0.0,1.0,1.0,0.0,21,2.0,1.0,2.0,4.0,0,1,0,0,0,0,0,0,1,2
0.0,0.0,1.0,1.0,0.0,0.0,0.0,0,0.0,0.0,1.0,1.0,0.0,0.0,0,0,0,3,4.0,3.0,2.0,3.0,0.0,1.0,0.0,0.0,18,2.0,2.0,5.0,4.0,0,1,0,0,0,0,1,0,0,2
1.0,0.0,0.0,0.0,0.0,0.0,1.0,0,0.0,0.0,0.0,0.0,0.0,0.0,1,1,0,3,1.0,1.0,1.0,4.0,1.0,0.0,1.0,0.0,32,2.0,3.0,4.0,3.0,1,0,0,0,1,0,0,0,0,2
0.0,0.0,1.0,0.0,0.0,0.0,0.0,0,0.0,0.0,0.0,0.0,0.0,0.0,1,1,0,1,5.0,5.0,1.0,5.0,1.0,0.0,1.0,0.0,23,2.0,2.0,5.0,6.0,0,0,0,0,1,0,0,0,0,2
0.0,0.0,0.0,0.0,0.0,0.0,0.0,0,0.0,0.0,0.0,0.0,0.0,0.0,1,1,0,3,5.0,4.0,5.0,4.0,1.0,1.0,1.0,0.0,59,1.0,2.0,4.0,4.0,1,1,0,0,1,0,0,0,0,3
0.0,0.0,0.0,0.0,0.0,0.0,0.0,0,0.0,0.0,0.0,1.0,0.0,0.0,0,0,0,1,5.0,5.0,1.0,5.0,1.0,1.0,1.0,0.0,44,3.0,2.0,7.0,5.0,0,0,0,0,1,0,0,0,0,2
0.0,0.0,0.0,0.0,0.0,0.0,0.0,0,1.0,0.0,0.0,0.0,0.0,0.0,0,0,0,1,2.0,3.0,3.0,3.0,1.0,0.0,0.0,0.0,60,1.0,3.0,2.0,3.0,0,0,1,0,0,0,0,1,0,1
0.0,1.0,1.0,1.0,1.0,1.0,1.0,0,0.0,0.0,0.0,0.0,0.0,0.0,0,0,0,5,1.0,1.0,5.0,1.0,0.0,0.0,0.0,0.0,40,3.0,1.0,4.0,6.0,1,1,0,0,1,0,0,0,0,3
1.0,0.0,1.0,0.0,0.0,0.0,1.0,0,0.0,0.0,0.0,0.0,0.0,0.0,1,1,0,4,2.0,5.0,1.0,3.0,1.0,0.0,1.0,1.0,47,3.0,5.0,7.0,3.0,1,0,0,0,0,0,1,0,0,2
0.0,0.0,0.0,0.0,0.0,0.0,0.0,0,0.0,1.0,0.0,0.0,0.0,1.0,0,0,0,2,3.0,4.0,1.0,3.0,1.0,1.0,1.0,0.0,38,2.0,1.0,1.0,1.0,0,1,0,0,0,0,0,0,0,3
1.0,1.0,1.0,0.0,0.0,0.0,1.0,0,0.0,1.0,0.0,0.0,0.0,0.0,1,1,1,3,3.0,3.0,3.0,2.0,0.0,1.0,0.0,1.0,23,3.0,3.0,10.0,6.0,1,0,0,0,0,0,0,1,0,2
1.0,0.0,0.0,0.0,0.0,0.0,0.0,1,0.0,0.0,0.0,0.0,0.0,0.0,1,1,1,1,4.0,1.0,3.0,5.0,1.0,1.0,1.0,0.0,70,2.0,4.0,5.0,5.0,1,0,0,0,0,0,1,0,0,1
0.0,0.0,0.0,0.0,0.0,0.0,0.0,0,0.0,0.0,0.0,0.0,0.0,0.0,1,1,0,4,5.0,1.0,5.0,3.0,1.0,1.0,1.0,0.0,32,0.0,2.0,1.0,1.0,0,0,1,0,0,0,1,0,0,3
0.0,0.0,0.0,0.0,0.0,0.0,0.0,0,0.0,0.0,1.0,0.0,0.0,1.0,0,1,0,3,1.0,3.0,2.0,4.0,0.0,0.0,1.0,0.0,58,2.0,1.0,3.0,4.0,1,0,0,0,0,0,0,0,1,3
1.0,1.0,0.0,0.0,0.0,0.0,1.0,0,0.0,0.0,0.0,0.0,0.0,1.0,0,1,0,2,5.0,5.0,1.0,5.0,1.0,1.0,1.0,0.0,59,1.0,1.0,4.0,3.0,1,0,0,0,0,0,0,0,0,1
0.0,0.0,0.0,0.0,0.0,0.0,0.0,0,0.0,0.0,0.0,1.0,0.0,0.0,0,1,0,1,4.0,1.0,1.0,1.0,1.0,1.0,1.0,0.0,50,2.0,1.0,1.0,2.0,0,0,0,0,0,0,0,0,0,2
0.0,0.0,0.0,0.0,0.0,0.0,0.0,0,0.0,0.0,0.0,0.0,0.0,0.0,1,1,0,1,1.0,5.0,5.0,5.0,0.0,0.0,1.0,0.0,52,1.0,2.0,6.0,7.0,0,0,0,0,1,0,0,0,0,1
1.0,0.0,0.0,0.0,0.0,0.0,1.0,0,0.0,0.0,0.0,0.0,0.0,0.0,1,1,0,1,5.0,5.0,1.0,1.0,0.0,0.0,1.0,0.0,43,1.0,3.0,4.0,3.0,1,0,1,0,0,0,0,1,0,2
1.0,1.0,1.0,0.0,0.0,0.0,1.0,0,0.0,0.0,0.0,1.0,0.0,0.0,0,1,1,3,2.0,2.0,3.0,2.0,1.0,1.0,1.0,0.0,28,3.0,2.0,3.0,2.0,1,0,0,1,0,0,0,1,0,3
1.0,1.0,1.0,1.0,0.0,0.0,1.0,0,0.0,0.0,0.0,0.0,0.0,0.0,1,1,0,1,2.0,5.0,1.0,5.0,1.0,0.0,0.0,0.0,24,5.0,4.0,9.0,6.0,0,0,0,0,1,0,0,0,0,1
1.0,1.0,0.0,0.0,0.0,0.0,1.0,0,0.0,0.0,0.0,0.0,0.0,0.0,1,1,0,3,3.0,3.0,1.0,2.0,1.0,1.0,1.0,0.0,38,5.0,3.0,6.0,5.0,0,0,0,0,0,1,0,0,0,2
1.0,1.0,1.0,0.0,0.0,1.0,1.0,0,1.0,0.0,0.0,0.0,0.0,0.0,1,1,0,2,5.0,3.0,2.0,3.0,1.0,1.0,0.0,0.0,20,2.0,2.0,6.0,5.0,0,0,0,0,0,0,0,1,0,3
1.0,1.0,1.0,0.0,0.0,0.0,1.0,0,0.0,0.0,0.0,0.0,0.0,0.0,0,1,1,4,2.0,2.0,3.0,3.0,1.0,1.0,1.0,1.0,25,5.0,3.0,7.0,7.0,1,0,1,0,0,0,0,1,0,2
0.0,0.0,0.0,0.0,0.0,0.0,1.0,0,0.0,0.0,0.0,0.0,0.0,0.0,1,1,0,2,5.0,5.0,3.0,5.0,1.0,1.0,1.0,0.0,28,2.0,2.0,5.0,4.0,0,0,0,0,0,1,0,0,0,2
0.0,0.0,1.0,0.0,0.0,0.0,0.0,0,0.0,0.0,0.0,0.0,0.0,0.0,0,0,0,2,1.0,5.0,1.0,1.0,1.0,0.0,1.0,0.0,40,3.0,3.0,4.0,5.0,0,0,0,0,1,0,0,0,0,3
0.0,0.0,0.0,0.0,0.0,0.0,0.0,0,0.0,1.0,1.0,1.0,1.0,0.0,0,1,1,2,2.0,5.0,4.0,4.0,0.0,0.0,1.0,0.0,51,5.0,1.0,7.0,7.0,1,0,0,0,1,0,0,0,0,1
0.0,0.0,1.0,0.0,0.0,0.0,0.0,0,0.0,0.0,1.0,0.0,0.0,0.0,0,0,0,1,2.0,5.0,1.0,5.0,0.0,0.0,0.0,0.0,29,5.0,2.0,4.0,6.0,1,0,0,0,0,1,0,0,0,1
0.0,0.0,1.0,0.0,0.0,0.0,0.0,0,0.0,1.0,1.0,1.0,0.0,0.0,1,1,0,4,3.0,4.0,2.0,4.0,1.0,1.0,1.0,0.0,32,2.0,2.0,5.0,5.0,0,0,0,0,1,0,0,0,0,2
0.0,0.0,1.0,0.0,0.0,0.0,0.0,0,0.0,0.0,0.0,0.0,0.0,0.0,0,1,0,3,2.0,3.0,2.0,2.0,1.0,0.0,1.0,0.0,40,5.0,3.0,1.0,2.0,1,0,0,0,1,0,0,0,0,3
1.0,0.0,1.0,0.0,0.0,0.0,0.0,0,0.0,1.0,0.0,0.0,0.0,0.0,1,1,0,3,5.0,5.0,1.0,5.0,1.0,1.0,1.0,0.0,28,3.0,3.0,4.0,3.0,0,0,0,0,1,0,0,0,0,2
1.0,1.0,1.0,0.0,0.0,0.0,0.0,0,0.0,0.0,0.0,0.0,0.0,0.0,0,1,0,1,3.0,4.0,3.0,3.0,0.0,0.0,1.0,0.0,34,2.0,2.0,2.0,3.0,0,0,1,0,0,1,0,0,0,3
0.0,0.0,0.0,0.0,0.0,0.0,0.0,0,0.0,0.0,0.0,0.0,0.0,0.0,0,1,0,4,2.0,4.0,2.0,4.0,1.0,0.0,0.0,0.0,37,0.0,1.0,2.0,2.0,0,1,0,0,0,0,1,0,0,1
0.0,0.0,1.0,0.0,0.0,0.0,0.0,0,0.0,0.0,0.0,0.0,0.0,0.0,1,1,0,3,3.0,3.0,3.0,3.0,1.0,1.0,1.0,0.0,61,2.0,1.0,1.0,1.0,0,0,0,0,0,0,1,0,0,2
0.0,0.0,1.0,0.0,0.0,0.0,0.0,0,0.0,0.0,0.0,0.0,0.0,0.0,0,1,0,1,2.0,5.0,1.0,5.0,1.0,1.0,1.0,0.0,30,3.0,1.0,5.0,3.0,1,0,0,0,0,0,0,0,0,3
0.0,0.0,0.0,0.0,0.0,0.0,0.0,0,0.0,0.0,0.0,0.0,0.0,1.0,0,1,0,1,1.0,3.0,1.0,2.0,1.0,0.0,0.0,0.0,69,1.0,1.0,2.0,2.0,0,0,0,0,0,0,0,0,1,3
1.0,1.0,0.0,0.0,0.0,0.0,1.0,0,0.0,0.0,0.0,0.0,0.0,0.0,1,1,1,1,5.0,5.0,1.0,5.0,1.0,1.0,1.0,1.0,41,6.0,3.0,4.0,7.0,1,0,0,0,0,0,1,0,0,2
1.0,0.0,0.0,0.0,0.0,0.0,0.0,1,0.0,0.0,0.0,0.0,0.0,0.0,0,1,1,2,5.0,5.0,1.0,5.0,1.0,1.0,1.0,0.0,63,2.0,3.0,4.0,6.0,1,1,0,0,0,0,1,0,0,3
0.0,0.0,0.0,0.0,0.0,0.0,0.0,0,0.0,0.0,0.0,0.0,0.0,0.0,0,1,0,5,1.0,2.0,1.0,3.0,1.0,0.0,1.0,0.0,51,2.0,1.0,2.0,2.0,0,1,0,0,0,0,0,0,1,2
1.0,1.0,0.0,0.0,0.0,0.0,1.0,0,0.0,0.0,0.0,0.0,0.0,0.0,0,1,1,1,3.0,5.0,1.0,3.0,1.0,1.0,1.0,0.0,63,2.0,2.0,6.0,6.0,0,0,1,0,0,0,0,0,1,1
0.0,0.0,0.0,0.0,0.0,0.0,0.0,0,0.0,0.0,0.0,0.0,0.0,0.0,1,1,0,5,1.0,1.0,1.0,1.0,1.0,0.0,0.0,0.0,34,2.0,1.0,4.0,4.0,0,1,0,0,0,0,0,0,1,3
0.0,0.0,0.0,0.0,0.0,0.0,0.0,0,1.0,0.0,1.0,0.0,0.0,0.0,0,1,0,1,4.0,4.0,1.0,5.0,1.0,1.0,1.0,0.0,63,1.0,2.0,6.0,5.0,1,1,0,0,0,0,0,0,0,1
0.0,0.0,0.0,0.0,0.0,0.0,1.0,0,0.0,0.0,0.0,0.0,0.0,0.0,1,1,0,5,5.0,5.0,1.0,5.0,0.0,0.0,0.0,0.0,52,2.0,2.0,5.0,3.0,0,0,0,0,0,0,0,1,0,3
0.0,0.0,1.0,0.0,0.0,0.0,0.0,0,0.0,0.0,0.0,0.0,0.0,1.0,0,1,0,2,4.0,4.0,4.0,3.0,1.0,0.0,1.0,0.0,64,2.0,1.0,3.0,2.0,1,0,1,0,0,0,0,0,1,1
0.0,0.0,0.0,0.0,0.0,0.0,0.0,0,0.0,0.0,0.0,0.0,0.0,0.0,1,0,0,3,5.0,5.0,1.0,5.0,1.0,1.0,1.0,0.0,57,2.0,2.0,8.0,6.0,1,0,0,0,1,0,0,0,0,1
1.0,1.0,1.0,0.0,0.0,0.0,0.0,0,0.0,1.0,0.0,0.0,0.0,0.0,0,1,0,1,3.0,5.0,1.0,4.0,0.0,1.0,1.0,0.0,21,3.0,1.0,2.0,2.0,1,0,0,0,0,0,0,0,0,1
0.0,0.0,1.0,0.0,0.0,0.0,0.0,0,0.0,0.0,0.0,0.0,0.0,0.0,1,1,0,3,3.0,4.0,4.0,4.0,1.0,1.0,1.0,0.0,21,2.0,1.0,2.0,3.0,1,0,0,1,0,0,1,0,0,2
1.0,0.0,1.0,0.0,0.0,0.0,1.0,0,0.0,0.0,0.0,0.0,0.0,1.0,1,1,1,2,5.0,5.0,1.0,5.0,1.0,1.0,1.0,1.0,28,2.0,2.0,5.0,3.0,0,0,0,0,1,0,0,0,0,1
0.0,0.0,0.0,0.0,0.0,0.0,0.0,0,0.0,0.0,1.0,0.0,0.0,0.0,1,1,0,4,3.0,3.0,2.0,3.0,0.0,1.0,1.0,1.0,22,2.0,2.0,3.0,4.0,0,0,0,1,0,0,0,1,0,2
0.0,0.0,1.0,0.0,0.0,0.0,0.0,0,0.0,0.0,0.0,0.0,0.0,0.0,0,0,0,1,2.0,5.0,5.0,1.0,0.0,0.0,0.0,0.0,58,1.0,2.0,4.0,5.0,0,0,0,0,1,0,0,0,0,3
0.0,0.0,0.0,0.0,0.0,0.0,1.0,0,0.0,0.0,0.0,0.0,0.0,0.0,1,1,0,3,2.0,5.0,1.0,3.0,1.0,0.0,1.0,0.0,34,1.0,1.0,4.0,5.0,1,0,1,0,0,1,0,0,0,3
1.0,1.0,0.0,0.0,0.0,0.0,0.0,0,0.0,1.0,1.0,0.0,0.0,0.0,1,1,1,3,3.0,3.0,2.0,3.0,1.0,1.0,1.0,0.0,40,2.0,1.0,6.0,5.0,1,0,0,0,0,0,0,0,0,1
1.0,0.0,1.0,0.0,0.0,0.0,0.0,0,0.0,0.0,1.0,0.0,0.0,0.0,1,1,0,1,3.0,5.0,1.0,2.0,0.0,0.0,1.0,0.0,47,1.0,3.0,4.0,5.0,0,0,1,0,0,0,1,0,0,3
1.0,1.0,0.0,0.0,0.0,0.0,1.0,0,0.0,0.0,0.0,0.0,0.0,0.0,1,1,1,1,5.0,5.0,1.0,5.0,1.0,1.0,1.0,0.0,59,3.0,4.0,7.0,5.0,1,0,0,0,0,0,0,0,1,2
0.0,0.0,0.0,0.0,0.0,0.0,1.0,0,0.0,0.0,0.0,0.0,0.0,0.0,1,1,0,1,5.0,5.0,1.0,1.0,0.0,0.0,0.0,0.0,64,2.0,1.0,4.0,5.0,1,0,0,0,0,0,0,0,1,3
1.0,0.0,0.0,0.0,0.0,0.0,0.0,0,0.0,0.0,0.0,0.0,0.0,1.0,0,0,0,4,1.0,1.0,1.0,2.0,0.0,0.0,1.0,0.0,25,2.0,1.0,1.0,3.0,0,0,0,0,0,0,0,0,1,3
1.0,1.0,1.0,0.0,0.0,0.0,0.0,0,0.0,1.0,0.0,0.0,0.0,0.0,1,1,1,1,3.0,5.0,1.0,4.0,1.0,0.0,0.0,0.0,50,5.0,4.0,10.0,8.0,0,0,0,0,1,0,0,0,0,1
0.0,0.0,1.0,0.0,0.0,0.0,0.0,0,0.0,0.0,0.0,0.0,0.0,0.0,0,0,0,3,5.0,5.0,1.0,5.0,0.0,1.0,1.0,1.0,26,5.0,3.0,2.0,1.0,0,0,0,0,0,1,0,0,0,2
1.0,1.0,0.0,0.0,0.0,0.0,0.0,0,0.0,1.0,1.0,0.0,0.0,1.0,1,1,0,2,2.0,4.0,1.0,4.0,1.0,1.0,1.0,0.0,30,2.0,1.0,2.0,2.0,1,1,0,0,0,0,0,0,0,3
0.0,0.0,1.0,0.0,0.0,0.0,0.0,0,0.0,1.0,0.0,0.0,0.0,0.0,0,1,0,1,3.0,1.0,5.0,5.0,1.0,1.0,1.0,0.0,40,2.0,2.0,2.0,4.0,0,0,1,0,1,0,0,0,0,3
0.0,0.0,1.0,0.0,0.0,0.0,1.0,0,0.0,0.0,0.0,0.0,0.0,0.0,1,1,0,1,2.0,5.0,1.0,4.0,1.0,1.0,1.0,1.0,24,2.0,1.0,5.0,4.0,1,0,0,0,0,0,0,0,0,2
1.0,1.0,0.0,0.0,0.0,0.0,0.0,1,0.0,0.0,0.0,0.0,0.0,0.0,1,1,1,2,3.0,5.0,1.0,5.0,1.0,1.0,1.0,0.0,60,3.0,3.0,4.0,4.0,0,0,0,0,0,0,1,0,0,2
0.0,0.0,0.0,0.0,0.0,0.0,0.0,0,0.0,0.0,0.0,0.0,0.0,0.0,1,1,0,3,1.0,5.0,5.0,5.0,1.0,1.0,1.0,0.0,23,2.0,1.0,1.0,1.0,1,0,1,0,0,0,0,0,1,2
0.0,0.0,0.0,0.0,0.0,0.0,1.0,0,0.0,0.0,0.0,0.0,0.0,1.0,0,1,0,1,5.0,5.0,1.0,5.0,0.0,1.0,0.0,0.0,19,2.0,1.0,3.0,2.0,0,0,0,1,1,0,0,0,0,3
1.0,1.0,1.0,1.0,0.0,0.0,1.0,0,1.0,0.0,0.0,1.0,1.0,0.0,0,1,1,1,5.0,4.0,1.0,5.0,1.0,1.0,1.0,1.0,18,2.0,3.0,7.0,4.0,1,0,0,0,1,0,0,0,0,1
0.0,0.0,0.0,0.0,0.0,0.0,0.0,0,0.0,0.0,0.0,0.0,0.0,0.0,0,0,0,5,1.0,1.0,1.0,1.0,0.0,0.0,0.0,0.0,64,0.0,2.0,4.0,4.0,1,0,1,0,0,1,0,0,0,3
0.0,0.0,0.0,0.0,0.0,0.0,0.0,0,0.0,0.0,0.0,0.0,0.0,1.0,0,1,0,5,1.0,1.0,1.0,3.0,1.0,0.0,0.0,0.0,24,1.0,2.0,4.0,5.0,0,0,0,0,1,0,0,0,0,2
1.0,1.0,0.0,0.0,0.0,0.0,1.0,0,0.0,0.0,0.0,0.0,0.0,1.0,0,1,0,1,3.0,3.0,3.0,3.0,1.0,1.0,1.0,0.0,55,2.0,2.0,3.0,3.0,1,1,0,0,0,0,1,0,0,3
1.0,1.0,1.0,0.0,0.0,0.0,0.0,0,1.0,0.0,0.0,0.0,0.0,0.0,0,1,0,2,3.0,3.0,3.0,3.0,0.0,1.0,1.0,0.0,48,6.0,2.0,4.0,3.0,1,1,0,0,0,1,0,0,0,2
0.0,0.0,0.0,0.0,0.0,0.0,0.0,0,0.0,0.0,1.0,0.0,0.0,0.0,0,1,0,5,5.0,5.0,1.0,5.0,1.0,1.0,1.0,0.0,47,1.0,1.0,3.0,2.0,1,1,0,0,0,0,0,0,0,3
0.0,0.0,1.0,0.0,0.0,0.0,0.0,0,0.0,1.0,0.0,0.0,0.0,0.0,0,1,0,3,3.0,1.0,5.0,4.0,1.0,0.0,0.0,0.0,51,3.0,1.0,2.0,2.0,1,0,1,0,0,0,0,0,0,1
1.0,0.0,1.0,0.0,0.0,0.0,0.0,0,0.0,0.0,0.0,0.0,0.0,1.0,0,1,0,3,1.0,5.0,1.0,1.0,1.0,1.0,1.0,0.0,41,2.0,1.0,5.0,4.0,0,1,0,0,0,0,0,0,0,3
1.0,1.0,1.0,0.0,0.0,0.0,0.0,0,0.0,1.0,0.0,0.0,0.0,0.0,0,1,1,1,2.0,5.0,1.0,5.0,0.0,0.0,0.0,0.0,24,6.0,3.0,8.0,8.0,0,0,0,0,1,0,0,0,0,2
0.0,0.0,0.0,0.0,0.0,0.0,0.0,0,0.0,0.0,0.0,0.0,0.0,0.0,1,1,0,3,1.0,1.0,5.0,1.0,0.0,1.0,1.0,0.0,24,2.0,1.0,3.0,4.0,0,0,0,0,0,0,0,0,0,3
1.0,0.0,0.0,0.0,0.0,0.0,1.0,0,0.0,0.0,0.0,0.0,0.0,1.0,0,0,0,1,3.0,1.0,2.0,5.0,0.0,0.0,1.0,0.0,35,3.0,1.0,4.0,3.0,0,0,1,0,0,0,0,0,1,2
1.0,1.0,0.0,0.0,0.0,0.0,0.0,0,1.0,1.0,0.0,0.0,0.0,0.0,0,1,1,1,5.0,5.0,1.0,5.0,1.0,1.0,1.0,0.0,60,5.0,3.0,9.0,7.0,1,0,0,0,1,0,0,0,0,1
0.0,0.0,0.0,0.0,0.0,0.0,0.0,0,0.0,0.0,0.0,0.0,0.0,1.0,0,0,0,2,5.0,2.0,2.0,5.0,1.0,1.0,1.0,0.0,54,1.0,1.0,1.0,2.0,1,0,1,0,0,0,0,0,0,2
0.0,0.0,0.0,0.0,0.0,0.0,1.0,1,0.0,0.0,0.0,0.0,0.0,0.0,0,1,1,1,2.0,1.0,3.0,3.0,1.0,1.0,1.0,0.0,26,2.0,1.0,5.0,4.0,1,0,1,0,0,0,0,0,1,2
0.0,0.0,0.0,0.0,0.0,0.0,0.0,0,0.0,0.0,0.0,0.0,0.0,1.0,0,1,0,5,1.0,1.0,1.0,1.0,0.0,0.0,0.0,0.0,61,2.0,1.0,1.0,2.0,0,0,1,0,0,0,0,0,0,2
0.0,0.0,0.0,0.0,0.0,0.0,0.0,0,0.0,0.0,0.0,0.0,0.0,0.0,0,1,0,4,5.0,5.0,2.0,2.0,1.0,1.0,1.0,0.0,63,3.0,2.0,5.0,7.0,1,1,0,0,0,0,0,1,0,3
0.0,0.0,0.0,0.0,0.0,0.0,0.0,0,0.0,0.0,0.0,1.0,0.0,0.0,0,0,0,2,2.0,4.0,1.0,2.0,0.0,1.0,1.0,0.0,33,4.0,2.0,4.0,3.0,0,0,1,0,1,0,0,0,0,2
1.0,1.0,0.0,0.0,0.0,0.0,1.0,0,0.0,0.0,0.0,0.0,0.0,0.0,0,1,0,1,2.0,5.0,1.0,4.0,0.0,0.0,0.0,0.0,28,4.0,5.0,7.0,6.0,1,0,0,0,0,0,1,0,0,1
0.0,0.0,0.0,0.0,0.0,0.0,0.0,0,0.0,0.0,0.0,0.0,0.0,1.0,1,1,0,1,3.0,3.0,3.0,4.0,0.0,0.0,1.0,0.0,40,1.0,2.0,1.0,1.0,0,0,1,0,0,0,0,0,1,2
0.0,0.0,0.0,0.0,0.0,0.0,1.0,0,0.0,1.0,0.0,0.0,0.0,0.0,1,1,0,5,2.0,3.0,1.0,5.0,1.0,1.0,1.0,0.0,60,1.0,3.0,5.0,4.0,1,0,1,0,0,0,0,1,0,3
0.0,0.0,0.0,0.0,0.0,0.0,0.0,0,0.0,0.0,0.0,1.0,1.0,0.0,0,1,0,3,3.0,5.0,1.0,4.0,0.0,1.0,1.0,0.0,62,1.0,1.0,2.0,3.0,1,1,0,0,0,0,0,0,0,2
0.0,0.0,0.0,0.0,0.0,0.0,1.0,0,0.0,1.0,0.0,0.0,0.0,0.0,1,1,1,2,2.0,4.0,2.0,2.0,1.0,1.0,1.0,1.0,52,2.0,3.0,5.0,4.0,1,0,0,0,1,0,0,0,0,2
0.0,0.0,0.0,0.0,0.0,0.0,0.0,0,0.0,0.0,0.0,0.0,0.0,0.0,0,1,0,1,1.0,1.0,1.0,1.0,1.0,0.0,1.0,0.0,54,5.0,3.0,1.0,3.0,1,1,0,0,0,0,0,0,1,3
1.0,1.0,1.0,0.0,0.0,1.0,1.0,0,0.0,1.0,0.0,0.0,0.0,0.0,0,1,1,1,4.0,4.0,3.0,4.0,1.0,0.0,1.0,0.0,34,4.0,1.0,6.0,5.0,1,0,0,0,0,0,0,0,1,1
0.0,0.0,0.0,0.0,0.0,0.0,0.0,0,0.0,0.0,0.0,0.0,0.0,0.0,1,1,0,1,4.0,3.0,4.0,4.0,0.0,0.0,1.0,0.0,18,2.0,1.0,4.0,2.0,0,1,0,0,0,1,0,0,0,2
1.0,1.0,1.0,0.0,0.0,0.0,1.0,0,0.0,0.0,0.0,0.0,0.0,1.0,1,1,0,3,2.0,2.0,2.0,1.0,1.0,1.0,1.0,1.0,42,2.0,3.0,3.0,2.0,1,0,0,0,0,0,0,1,0,2
0.0,0.0,0.0,0.0,0.0,0.0,0.0,0,0.0,0.0,0.0,0.0,0.0,1.0,0,1,0,4,1.0,3.0,3.0,2.0,0.0,0.0,0.0,0.0,67,1.0,1.0,3.0,3.0,1,1,0,0,0,0,0,0,0,3
1.0,1.0,1.0,0.0,0.0,0.0,1.0,0,0.0,0.0,0.0,0.0,0.0,0.0,0,1,0,1,5.0,5.0,1.0,5.0,1.0,0.0,1.0,0.0,49,2.0,4.0,4.0,3.0,0,0,0,0,0,0,0,0,1,3
0.0,0.0,0.0,0.0,0.0,0.0,0.0,0,0.0,1.0,0.0,0.0,1.0,0.0,1,1,0,2,5.0,5.0,1.0,5.0,1.0,1.0,1.0,0.0,52,2.0,3.0,5.0,4.0,1,0,0,0,0,0,1,0,0,2
1.0,1.0,1.0,0.0,0.0,0.0,1.0,0,0.0,0.0,0.0,1.0,0.0,0.0,0,1,0,1,3.0,5.0,1.0,4.0,1.0,1.0,1.0,0.0,30,5.0,1.0,5.0,2.0,1,1,0,0,0,1,0,0,0,1
0.0,0.0,0.0,0.0,0.0,0.0,0.0,0,0.0,0.0,0.0,0.0,0.0,0.0,0,1,0,1,4.0,5.0,2.0,5.0,1.0,1.0,1.0,0.0,35,2.0,1.0,2.0,8.0,0,0,0,0,0,0,0,0,0,3
0.0,0.0,0.0,0.0,0.0,0.0,0.0,0,0.0,0.0,0.0,0.0,0.0,0.0,0,1,0,1,5.0,5.0,1.0,5.0,1.0,1.0,1.0,1.0,50,4.0,3.0,1.0,4.0,0,0,0,0,0,0,1,0,0,2
0.0,0.0,0.0,0.0,0.0,0.0,0.0,0,0.0,0.0,0.0,0.0,0.0,0.0,0,1,0,1,5.0,5.0,1.0,2.0,1.0,1.0,1.0,0.0,44,2.0,2.0,1.0,1.0,1,0,1,0,1,0,0,0,0,3
0.0,0.0,0.0,0.0,0.0,0.0,1.0,0,0.0,0.0,0.0,0.0,0.0,0.0,0,1,0,5,1.0,1.0,1.0,1.0,1.0,0.0,1.0,0.0,32,2.0,1.0,5.0,3.0,1,1,0,0,0,0,0,1,0,1
0.0,0.0,0.0,0.0,0.0,0.0,0.0,0,0.0,0.0,0.0,0.0,0.0,0.0,0,0,0,1,5.0,1.0,1.0,1.0,0.0,0.0,0.0,0.0,18,2.0,2.0,6.0,2.0,1,1,0,0,0,1,0,0,0,3
0.0,0.0,0.0,0.0,0.0,0.0,0.0,0,0.0,0.0,0.0,0.0,0.0,1.0,1,1,0,1,4.0,2.0,4.0,4.0,1.0,0.0,1.0,0.0,40,2.0,2.0,4.0,2.0,1,0,1,0,0,0,0,0,1,1
0.0,0.0,0.0,0.0,0.0,0.0,0.0,0,0.0,0.0,0.0,0.0,0.0,1.0,1,1,0,3,5.0,5.0,1.0,1.0,1.0,1.0,1.0,0.0,56,2.0,1.0,2.0,3.0,0,0,0,1,0,0,0,0,1,3
0.0,0.0,0.0,0.0,0.0,0.0,0.0,0,0.0,0.0,1.0,1.0,0.0,0.0,0,0,0,5,2.0,1.0,1.0,1.0,1.0,1.0,1.0,1.0,41,2.0,2.0,5.0,4.0,0,1,0,0,0,1,0,0,0,3
1.0,1.0,1.0,0.0,0.0,0.0,1.0,0,0.0,1.0,1.0,0.0,0.0,0.0,1,1,0,4,5.0,5.0,1.0,4.0,1.0,1.0,1.0,1.0,43,3.0,3.0,7.0,6.0,1,0,0,0,1,0,0,0,0,2
0.0,0.0,1.0,0.0,0.0,0.0,0.0,0,0.0,0.0,0.0,0.0,0.0,0.0,1,1,0,4,2.0,2.0,4.0,2.0,0.0,1.0,1.0,0.0,23,2.0,1.0,3.0,5.0,0,1,0,0,0,0,0,0,0,3
0.0,0.0,0.0,0.0,0.0,0.0,0.0,0,0.0,0.0,0.0,0.0,0.0,0.0,1,1,0,3,1.0,2.0,1.0,1.0,0.0,0.0,0.0,0.0,69,2.0,4.0,5.0,3.0,1,1,0,0,1,0,0,0,0,3
1.0,1.0,1.0,0.0,0.0,0.0,1.0,0,0.0,0.0,0.0,0.0,0.0,1.0,1,1,0,1,3.0,5.0,1.0,5.0,1.0,1.0,1.0,1.0,22,2.0,2.0,4.0,4.0,0,0,0,0,1,0,0,0,0,2
0.0,0.0,0.0,0.0,0.0,0.0,0.0,0,0.0,0.0,0.0,0.0,0.0,0.0,0,1,0,4,5.0,5.0,5.0,5.0,1.0,1.0,1.0,0.0,55,2.0,1.0,2.0,2.0,1,0,1,0,0,0,0,0,1,2
1.0,0.0,0.0,0.0,0.0,0.0,0.0,0,0.0,0.0,0.0,0.0,0.0,0.0,1,1,0,1,1.0,1.0,1.0,1.0,1.0,0.0,0.0,0.0,63,2.0,2.0,1.0,1.0,1,0,0,0,1,0,0,0,0,2
1.0,0.0,0.0,0.0,0.0,0.0,0.0,0,0.0,0.0,0.0,0.0,0.0,0.0,0,1,0,1,5.0,5.0,1.0,1.0,0.0,0.0,1.0,0.0,61,1.0,2.0,1.0,6.0,0,0,1,0,0,1,0,0,0,3
1.0,0.0,1.0,0.0,0.0,0.0,0.0,0,0.0,0.0,0.0,0.0,0.0,0.0,1,1,0,1,5.0,5.0,1.0,5.0,1.0,1.0,1.0,0.0,30,2.0,2.0,6.0,5.0,0,0,0,0,0,0,0,0,1,2
0.0,0.0,0.0,0.0,0.0,0.0,1.0,0,0.0,1.0,1.0,0.0,0.0,0.0,1,1,0,2,4.0,4.0,2.0,4.0,1.0,1.0,1.0,0.0,46,5.0,3.0,2.0,2.0,0,0,0,0,0,0,0,0,1,3
1.0,1.0,1.0,0.0,0.0,0.0,0.0,0,0.0,0.0,0.0,1.0,0.0,1.0,0,1,0,3,5.0,5.0,5.0,5.0,1.0,1.0,1.0,0.0,35,1.0,2.0,6.0,7.0,0,0,0,0,1,0,0,0,0,3
1.0,1.0,1.0,0.0,0.0,0.0,0.0,0,1.0,0.0,0.0,0.0,0.0,0.0,0,1,0,2,3.0,5.0,1.0,3.0,1.0,0.0,1.0,0.0,62,2.0,3.0,6.0,5.0,1,0,1,0,0,1,0,0,0,1
0.0,0.0,1.0,0.0,0.0,0.0,0.0,0,0.0,0.0,0.0,0.0,0.0,0.0,1,1,0,1,2.0,5.0,1.0,5.0,1.0,0.0,1.0,0.0,22,2.0,2.0,5.0,5.0,0,0,0,0,0,0,1,0,0,2
0.0,1.0,1.0,0.0,0.0,0.0,0.0,1,0.0,0.0,0.0,1.0,1.0,0.0,1,1,1,5,1.0,1.0,1.0,1.0,1.0,0.0,1.0,0.0,58,1.0,2.0,3.0,5.0,0,0,1,0,0,0,1,0,0,3
0.0,0.0,0.0,0.0,0.0,0.0,0.0,0,0.0,0.0,0.0,0.0,0.0,1.0,0,0,0,4,1.0,1.0,1.0,1.0,1.0,0.0,1.0,0.0,54,1.0,2.0,1.0,2.0,1,0,0,0,0,0,1,0,0,3
0.0,0.0,0.0,0.0,0.0,0.0,0.0,0,0.0,0.0,0.0,0.0,0.0,0.0,1,1,0,3,5.0,2.0,3.0,2.0,1.0,1.0,1.0,0.0,49,1.0,1.0,1.0,2.0,1,0,1,0,0,1,0,0,0,3
1.0,1.0,1.0,0.0,0.0,1.0,1.0,0,0.0,0.0,0.0,0.0,0.0,0.0,1,1,0,3,5.0,5.0,1.0,1.0,1.0,0.0,1.0,0.0,21,2.0,1.0,2.0,3.0,1,1,0,0,0,1,0,0,0,3
0.0,0.0,0.0,0.0,0.0,0.0,0.0,0,0.0,0.0,1.0,0.0,0.0,0.0,1,1,0,1,4.0,4.0,5.0,3.0,1.0,1.0,1.0,0.0,40,3.0,3.0,7.0,4.0,1,0,0,0,0,0,0,0,1,2
1.0,1.0,1.0,0.0,0.0,0.0,1.0,0,0.0,0.0,0.0,0.0,0.0,0.0,1,1,0,2,5.0,4.0,1.0,3.0,1.0,0.0,1.0,0.0,23,4.0,2.0,5.0,5.0,1,0,0,0,0,1,0,0,0,3
0.0,0.0,1.0,0.0,0.0,0.0,1.0,0,0.0,0.0,0.0,0.0,0.0,0.0,0,1,1,2,5.0,5.0,1.0,5.0,0.0,1.0,1.0,0.0,22,4.0,2.0,8.0,6.0,0,0,0,0,1,0,0,0,0,2
0.0,0.0,0.0,0.0,0.0,0.0,1.0,1,1.0,0.0,0.0,0.0,0.0,0.0,0,1,0,5,1.0,5.0,5.0,5.0,0.0,1.0,1.0,0.0,53,2.0,2.0,2.0,3.0,1,0,0,0,1,0,0,0,0,3
1.0,1.0,1.0,0.0,0.0,0.0,1.0,0,0.0,0.0,0.0,0.0,0.0,0.0,1,1,0,1,2.0,4.0,1.0,3.0,0.0,1.0,1.0,0.0,33,2.0,3.0,7.0,4.0,0,0,0,0,1,0,0,0,0,3
1.0,1.0,1.0,0.0,0.0,0.0,1.0,0,1.0,0.0,1.0,0.0,0.0,0.0,0,1,0,1,5.0,5.0,3.0,5.0,0.0,1.0,1.0,1.0,30,5.0,2.0,8.0,6.0,1,0,0,0,0,0,0,0,1,2
0.0,0.0,0.0,0.0,0.0,0.0,0.0,0,1.0,0.0,1.0,0.0,0.0,1.0,0,0,0,1,2.0,2.0,1.0,2.0,1.0,1.0,1.0,0.0,48,1.0,1.0,5.0,3.0,1,0,1,0,0,0,0,0,0,1
1.0,1.0,1.0,0.0,0.0,0.0,0.0,0,0.0,1.0,1.0,0.0,0.0,0.0,0,1,1,2,3.0,2.0,4.0,4.0,0.0,1.0,0.0,1.0,41,5.0,3.0,10.0,7.0,1,1,0,0,1,0,0,0,0,2
1.0,1.0,1.0,0.0,0.0,0.0,0.0,0,1.0,0.0,1.0,0.0,0.0,0.0,1,1,0,3,4.0,3.0,1.0,4.0,1.0,1.0,1.0,1.0,34,4.0,2.0,5.0,3.0,0,0,0,0,1,0,0,0,0,1
0.0,0.0,1.0,0.0,0.0,0.0,0.0,0,0.0,0.0,0.0,0.0,0.0,1.0,0,1,0,3,3.0,3.0,3.0,1.0,0.0,0.0,0.0,0.0,59,1.0,1.0,1.0,2.0,0,1,0,0,0,0,1,0,0,2
0.0,0.0,1.0,0.0,0.0,0.0,0.0,0,0.0,0.0,1.0,0.0,0.0,0.0,1,1,0,1,1.0,5.0,1.0,5.0,1.0,1.0,1.0,1.0,34,2.0,2.0,5.0,5.0,0,0,0,0,0,1,0,0,0,2
0.0,0.0,0.0,0.0,0.0,0.0,0.0,0,0.0,1.0,1.0,1.0,1.0,0.0,1,1,0,2,3.0,4.0,2.0,3.0,1.0,1.0,1.0,0.0,58,4.0,2.0,4.0,4.0,0,0,0,0,0,0,1,0,0,2
0.0,0.0,0.0,0.0,0.0,0.0,1.0,0,0.0,0.0,0.0,0.0,0.0,0.0,1,1,0,2,5.0,5.0,1.0,5.0,0.0,1.0,1.0,0.0,44,2.0,2.0,7.0,6.0,0,1,0,0,0,0,0,0,0,3
0.0,0.0,1.0,0.0,0.0,0.0,0.0,0,1.0,0.0,0.0,0.0,0.0,0.0,1,1,0,2,4.0,4.0,1.0,5.0,1.0,1.0,1.0,0.0,40,3.0,1.0,6.0,3.0,0,0,1,0,0,0,0,0,1,1
0.0,0.0,0.0,0.0,0.0,0.0,0.0,0,0.0,0.0,0.0,0.0,0.0,0.0,1,1,0,2,5.0,5.0,1.0,5.0,1.0,0.0,1.0,0.0,39,1.0,2.0,5.0,4.0,1,0,0,0,0,0,0,0,1,2
1.0,0.0,0.0,0.0,0.0,0.0,0.0,1,0.0,0.0,0.0,0.0,0.0,0.0,0,1,0,3,5.0,2.0,5.0,5.0,1.0,1.0,1.0,0.0,50,5.0,2.0,7.0,4.0,1,0,1,0,0,1,0,0,0,2
0.0,0.0,0.0,0.0,0.0,0.0,0.0,0,0.0,0.0,0.0,0.0,0.0,0.0,1,0,0,1,3.0,1.0,5.0,4.0,0.0,1.0,1.0,0.0,18,1.0,2.0,4.0,4.0,0,1,0,0,0,1,0,0,0,2
1.0,1.0,0.0,0.0,0.0,0.0,1.0,0,0.0,0.0,0.0,0.0,0.0,0.0,1,1,1,1,5.0,5.0,5.0,5.0,1.0,1.0,1.0,0.0,37,3.0,3.0,6.0,6.0,1,0,0,0,0,0,0,0,1,1
1.0,1.0,1.0,0.0,0.0,0.0,1.0,0,0.0,0.0,0.0,0.0,0.0,0.0,1,1,1,1,4.0,4.0,1.0,4.0,0.0,1.0,0.0,1.0,31,3.0,3.0,10.0,7.0,1,0,0,0,0,0,1,0,0,1
0.0,0.0,0.0,0.0,0.0,0.0,0.0,0,0.0,0.0,0.0,0.0,0.0,0.0,0,1,0,5,5.0,4.0,5.0,2.0,0.0,1.0,1.0,0.0,40,2.0,3.0,1.0,3.0,1,1,0,0,0,0,1,0,0,1
1.0,1.0,0.0,0.0,0.0,1.0,1.0,0,0.0,0.0,0.0,0.0,0.0,0.0,0,1,1,1,3.0,4.0,3.0,5.0,1.0,1.0,1.0,0.0,37,3.0,2.0,6.0,4.0,1,0,0,0,0,0,0,0,0,2
0.0,0.0,0.0,0.0,0.0,0.0,0.0,0,0.0,0.0,0.0,0.0,0.0,0.0,1,1,0,1,5.0,5.0,1.0,2.0,1.0,0.0,1.0,0.0,28,2.0,2.0,1.0,1.0,0,0,0,1,0,0,0,1,0,3
1.0,0.0,1.0,0.0,0.0,0.0,0.0,0,0.0,0.0,1.0,0.0,0.0,0.0,0,1,1,1,4.0,4.0,5.0,4.0,1.0,1.0,1.0,0.0,57,2.0,3.0,7.0,6.0,0,0,0,0,0,0,0,1,0,1
1.0,0.0,0.0,0.0,0.0,0.0,0.0,1,0.0,0.0,0.0,0.0,0.0,0.0,1,1,1,1,5.0,5.0,5.0,5.0,1.0,0.0,1.0,0.0,70,1.0,3.0,3.0,3.0,0,0,0,0,0,0,0,0,1,3
1.0,1.0,0.0,0.0,0.0,0.0,0.0,0,0.0,1.0,0.0,0.0,0.0,0.0,1,1,1,2,2.0,3.0,4.0,3.0,1.0,1.0,1.0,0.0,67,2.0,3.0,5.0,5.0,1,0,0,0,0,0,1,0,0,2
1.0,1.0,1.0,0.0,0.0,0.0,1.0,1,0.0,1.0,0.0,0.0,0.0,0.0,1,1,1,1,2.0,5.0,1.0,4.0,0.0,1.0,1.0,0.0,31,5.0,2.0,5.0,6.0,1,0,0,0,1,0,0,0,0,1
0.0,0.0,1.0,0.0,0.0,0.0,0.0,0,0.0,0.0,0.0,0.0,0.0,1.0,0,1,0,2,3.0,4.0,3.0,4.0,0.0,1.0,1.0,0.0,41,2.0,1.0,5.0,4.0,1,0,0,0,1,0,0,0,0,2
0.0,1.0,1.0,0.0,0.0,0.0,0.0,0,1.0,0.0,1.0,0.0,1.0,0.0,0,1,0,3,5.0,3.0,1.0,5.0,1.0,1.0,1.0,1.0,36,2.0,2.0,4.0,2.0,1,0,0,0,0,0,1,0,0,2
1.0,1.0,1.0,0.0,0.0,0.0,0.0,0,0.0,0.0,0.0,0.0,0.0,0.0,1,1,0,3,5.0,5.0,1.0,1.0,1.0,0.0,1.0,0.0,50,1.0,3.0,4.0,5.0,0,0,0,0,0,0,1,0,0,2
0.0,0.0,1.0,0.0,0.0,0.0,0.0,0,0.0,0.0,0.0,0.0,0.0,1.0,1,1,0,3,4.0,5.0,1.0,4.0,1.0,1.0,1.0,0.0,40,1.0,1.0,4.0,4.0,1,0,0,0,1,0,0,0,0,3
1.0,1.0,1.0,0.0,0.0,0.0,1.0,0,0.0,0.0,0.0,0.0,0.0,0.0,0,1,1,1,3.0,4.0,1.0,4.0,1.0,0.0,1.0,0.0,51,2.0,2.0,5.0,4.0,1,1,0,0,0,1,0,0,0,1
